WARNING:2026-07-31 11:12:15,097:Current Python version 3.10 is below the recommended 3.11 version. It is recommended to upgrade to Python 3.11 or higher for the best experience.
LANG_RL Log directory: None
INFO 07-31 11:12:18 [__init__.py:44] Available plugins for group vllm.platform_plugins:
INFO 07-31 11:12:18 [__init__.py:46] - hcu -> vllm_hcu:hcu_platform_plugin
INFO 07-31 11:12:18 [__init__.py:49] All plugins in this group will be loaded. Set `VLLM_PLUGINS` to control which plugins to load.
INFO 07-31 11:12:18 [__init__.py:239] Platform plugin hcu is activated
[HCU_ADAPT] Patch has been applied in worker
[INFO|/public/home/xingjl/verl-das/third_party/VeOmni/veomni/ops/__init__.py:71] 07/31/2026 11:12:21 >> ✅ VeOmni attention patches applied.
[INFO|/public/home/xingjl/verl-das/third_party/VeOmni/veomni/__init__.py:25] 07/31/2026 11:12:21 >> 
========== Environment Variables ==========
MODELING_BACKEND=veomni (source=default)
===========================================
2026-07-31 11:12:32,795	INFO worker.py:2015 -- Started a local Ray instance. View the dashboard at [1m[32m127.0.0.1:8266 [39m[22m
[36m(pid=58903)[0m WARNING:2026-07-31 11:12:59,876:Current Python version 3.10 is below the recommended 3.11 version. It is recommended to upgrade to Python 3.11 or higher for the best experience.
ray init kwargs: {'num_cpus': None, 'runtime_env': {'env_vars': {'TOKENIZERS_PARALLELISM': 'true', 'VLLM_LOGGING_LEVEL': 'WARN', 'VLLM_ALLOW_RUNTIME_LORA_UPDATING': 'true', 'CUDA_DEVICE_MAX_CONNECTIONS': '1', 'VLLM_DISABLE_COMPILE_CACHE': '1', 'HCCL_HOST_SOCKET_PORT_RANGE': 'auto', 'HCCL_NPU_SOCKET_PORT_RANGE': 'auto', 'HSA_NO_SCRATCH_RECLAIM': '1', 'TORCH_CPP_LOG_LEVEL': 'fatal', 'GLOG_minloglevel': '3', 'GPU_MAX_HW_QUEUES': '10', 'RAY_ACCEL_ENV_VAR_OVERRIDE_ON_ZERO': '0', 'NCCL_IB_HCA': 'mlx5_2:1,mlx5_3:1,mlx5_4:1,mlx5_5:1,mlx5_6:1,mlx5_7:1,mlx5_8:1,mlx5_9:1', 'ROCSHMEM_MAX_NUM_CONTEXTS': '48', 'ROCSHMEM_HEAP_SIZE': '2684354560', 'ROCSHMEM_GDA_NUM_QPS_DEFAULT_CTX': '288', 'ROCSHMEM_TOPO_FILE_FORCE': '/public/home/xingjl/verl-das/examples/topo/topo.config', 'ROCSHMEM_ALLOWED_IBV_DEVICES': 'mlx5_2,mlx5_3,mlx5_4,mlx5_5,mlx5_6,mlx5_7,mlx5_8,mlx5_9'}, 'working_dir': None}}
[36m(pid=58903)[0m LANG_RL Log directory: None
[36m(pid=58903)[0m [HCU_ADAPT] Patch has been applied in worker
[36m(pid=58903)[0m [INFO|/public/home/xingjl/verl-das/third_party/VeOmni/veomni/ops/__init__.py:71] 07/31/2026 11:13:06 >> ✅ VeOmni attention patches applied.
[36m(pid=58903)[0m [INFO|/public/home/xingjl/verl-das/third_party/VeOmni/veomni/__init__.py:25] 07/31/2026 11:13:06 >> 
[36m(pid=58903)[0m ========== Environment Variables ==========
[36m(pid=58903)[0m MODELING_BACKEND=veomni (source=default)
[36m(pid=58903)[0m ===========================================
[36m(TaskRunner pid=58903)[0m TaskRunner hostname: nmz5, PID: 58903
[36m(TaskRunner pid=58903)[0m {'actor_rollout_ref': {'actor': {'_target_': 'verl.workers.config.FSDPActorConfig',
[36m(TaskRunner pid=58903)[0m                                  'calculate_entropy': False,
[36m(TaskRunner pid=58903)[0m                                  'calculate_sum_pi_squared': False,
[36m(TaskRunner pid=58903)[0m                                  'checkpoint': {'_target_': 'verl.trainer.config.CheckpointConfig',
[36m(TaskRunner pid=58903)[0m                                                 'async_save': False,
[36m(TaskRunner pid=58903)[0m                                                 'load_contents': ['model',
[36m(TaskRunner pid=58903)[0m                                                                   'optimizer',
[36m(TaskRunner pid=58903)[0m                                                                   'extra'],
[36m(TaskRunner pid=58903)[0m                                                 'mbridge_config': {},
[36m(TaskRunner pid=58903)[0m                                                 'save_contents': ['model',
[36m(TaskRunner pid=58903)[0m                                                                   'optimizer',
[36m(TaskRunner pid=58903)[0m                                                                   'extra'],
[36m(TaskRunner pid=58903)[0m                                                 'strict': True},
[36m(TaskRunner pid=58903)[0m                                  'clip_ratio': 0.2,
[36m(TaskRunner pid=58903)[0m                                  'clip_ratio_c': 3.0,
[36m(TaskRunner pid=58903)[0m                                  'clip_ratio_high': 0.2,
[36m(TaskRunner pid=58903)[0m                                  'clip_ratio_low': 0.2,
[36m(TaskRunner pid=58903)[0m                                  'data_loader_seed': 42,
[36m(TaskRunner pid=58903)[0m                                  'entropy_checkpointing': False,
[36m(TaskRunner pid=58903)[0m                                  'entropy_coeff': 0,
[36m(TaskRunner pid=58903)[0m                                  'entropy_from_logits_with_chunking': False,
[36m(TaskRunner pid=58903)[0m                                  'freeze_vision_tower': False,
[36m(TaskRunner pid=58903)[0m                                  'fsdp_config': {'_target_': 'verl.workers.config.FSDPEngineConfig',
[36m(TaskRunner pid=58903)[0m                                                  'dtype': 'bfloat16',
[36m(TaskRunner pid=58903)[0m                                                  'entropy_checkpointing': True,
[36m(TaskRunner pid=58903)[0m                                                  'entropy_from_logits_with_chunking': False,
[36m(TaskRunner pid=58903)[0m                                                  'forward_only': False,
[36m(TaskRunner pid=58903)[0m                                                  'forward_prefetch': False,
[36m(TaskRunner pid=58903)[0m                                                  'fsdp_size': -1,
[36m(TaskRunner pid=58903)[0m                                                  'full_determinism': False,
[36m(TaskRunner pid=58903)[0m                                                  'model_dtype': 'fp32',
[36m(TaskRunner pid=58903)[0m                                                  'offload_policy': False,
[36m(TaskRunner pid=58903)[0m                                                  'optimizer_offload': True,
[36m(TaskRunner pid=58903)[0m                                                  'param_offload': True,
[36m(TaskRunner pid=58903)[0m                                                  'qat': {'_target_': 'verl.workers.config.QATEngineConfig',
[36m(TaskRunner pid=58903)[0m                                                          'activation_observer': 'static_minmax',
[36m(TaskRunner pid=58903)[0m                                                          'enable': False,
[36m(TaskRunner pid=58903)[0m                                                          'group_size': 16,
[36m(TaskRunner pid=58903)[0m                                                          'ignore_patterns': ['lm_head',
[36m(TaskRunner pid=58903)[0m                                                                              'embed_tokens',
[36m(TaskRunner pid=58903)[0m                                                                              're:.*mlp.gate$'],
[36m(TaskRunner pid=58903)[0m                                                          'mode': 'w4a16',
[36m(TaskRunner pid=58903)[0m                                                          'quantization_config_path': None},
[36m(TaskRunner pid=58903)[0m                                                  'reshard_after_forward': True,
[36m(TaskRunner pid=58903)[0m                                                  'seed': 42,
[36m(TaskRunner pid=58903)[0m                                                  'strategy': 'fsdp',
[36m(TaskRunner pid=58903)[0m                                                  'ulysses_sequence_parallel_size': 1,
[36m(TaskRunner pid=58903)[0m                                                  'use_orig_params': False,
[36m(TaskRunner pid=58903)[0m                                                  'use_torch_compile': True,
[36m(TaskRunner pid=58903)[0m                                                  'wrap_policy': {'min_num_params': 0}},
[36m(TaskRunner pid=58903)[0m                                  'grad_clip': 1.0,
[36m(TaskRunner pid=58903)[0m                                  'kl_loss_coef': 0.001,
[36m(TaskRunner pid=58903)[0m                                  'kl_loss_type': 'low_var_kl',
[36m(TaskRunner pid=58903)[0m                                  'loss_agg_mode': 'token-mean',
[36m(TaskRunner pid=58903)[0m                                  'loss_scale_factor': None,
[36m(TaskRunner pid=58903)[0m                                  'optim': {'_target_': 'verl.workers.config.FSDPOptimizerConfig',
[36m(TaskRunner pid=58903)[0m                                            'betas': [0.9, 0.999],
[36m(TaskRunner pid=58903)[0m                                            'clip_grad': 1.0,
[36m(TaskRunner pid=58903)[0m                                            'lr': 1e-06,
[36m(TaskRunner pid=58903)[0m                                            'lr_scheduler_type': 'constant',
[36m(TaskRunner pid=58903)[0m                                            'lr_warmup_steps': -1,
[36m(TaskRunner pid=58903)[0m                                            'lr_warmup_steps_ratio': 0.0,
[36m(TaskRunner pid=58903)[0m                                            'min_lr_ratio': 0.0,
[36m(TaskRunner pid=58903)[0m                                            'num_cycles': 0.5,
[36m(TaskRunner pid=58903)[0m                                            'optimizer': 'AdamW',
[36m(TaskRunner pid=58903)[0m                                            'optimizer_impl': 'torch.optim',
[36m(TaskRunner pid=58903)[0m                                            'override_optimizer_config': None,
[36m(TaskRunner pid=58903)[0m                                            'total_training_steps': -1,
[36m(TaskRunner pid=58903)[0m                                            'warmup_style': None,
[36m(TaskRunner pid=58903)[0m                                            'weight_decay': 0.01,
[36m(TaskRunner pid=58903)[0m                                            'zero_indexed_step': True},
[36m(TaskRunner pid=58903)[0m                                  'policy_loss': {'_target_': 'verl.workers.config.PolicyLossConfig',
[36m(TaskRunner pid=58903)[0m                                                  'clip_cov_lb': 1.0,
[36m(TaskRunner pid=58903)[0m                                                  'clip_cov_ratio': 0.0002,
[36m(TaskRunner pid=58903)[0m                                                  'clip_cov_ub': 5.0,
[36m(TaskRunner pid=58903)[0m                                                  'kl_cov_ratio': 0.0002,
[36m(TaskRunner pid=58903)[0m                                                  'loss_mode': 'vanilla',
[36m(TaskRunner pid=58903)[0m                                                  'ppo_kl_coef': 0.1},
[36m(TaskRunner pid=58903)[0m                                  'ppo_epochs': 1,
[36m(TaskRunner pid=58903)[0m                                  'ppo_max_token_len_per_gpu': 24576,
[36m(TaskRunner pid=58903)[0m                                  'ppo_micro_batch_size': None,
[36m(TaskRunner pid=58903)[0m                                  'ppo_micro_batch_size_per_gpu': 1,
[36m(TaskRunner pid=58903)[0m                                  'ppo_mini_batch_size': 128,
[36m(TaskRunner pid=58903)[0m                                  'profiler': {'_target_': 'verl.utils.profiler.ProfilerConfig',
[36m(TaskRunner pid=58903)[0m                                               'all_ranks': False,
[36m(TaskRunner pid=58903)[0m                                               'enable': False,
[36m(TaskRunner pid=58903)[0m                                               'ranks': [],
[36m(TaskRunner pid=58903)[0m                                               'save_path': 'outputs/profile',
[36m(TaskRunner pid=58903)[0m                                               'tool': None,
[36m(TaskRunner pid=58903)[0m                                               'tool_config': {'npu': {'_target_': 'verl.utils.profiler.config.NPUToolConfig',
[36m(TaskRunner pid=58903)[0m                                                                       'analysis': True,
[36m(TaskRunner pid=58903)[0m                                                                       'contents': [],
[36m(TaskRunner pid=58903)[0m                                                                       'discrete': False,
[36m(TaskRunner pid=58903)[0m                                                                       'level': 'level0'},
[36m(TaskRunner pid=58903)[0m                                                               'nsys': {'_target_': 'verl.utils.profiler.config.NsightToolConfig',
[36m(TaskRunner pid=58903)[0m                                                                        'discrete': False},
[36m(TaskRunner pid=58903)[0m                                                               'precision_debugger': {'_target_': 'verl.utils.profiler.config.PrecisionDebuggerToolConfig',
[36m(TaskRunner pid=58903)[0m                                                                                      'config_path': None,
[36m(TaskRunner pid=58903)[0m                                                                                      'stages': None,
[36m(TaskRunner pid=58903)[0m                                                                                      'steps': None,
[36m(TaskRunner pid=58903)[0m                                                                                      'strict': False},
[36m(TaskRunner pid=58903)[0m                                                               'torch': {'_target_': 'verl.utils.profiler.config.TorchProfilerToolConfig',
[36m(TaskRunner pid=58903)[0m                                                                         'contents': [],
[36m(TaskRunner pid=58903)[0m                                                                         'discrete': False},
[36m(TaskRunner pid=58903)[0m                                                               'torch_memory': {'_target_': 'verl.utils.profiler.config.TorchMemoryToolConfig',
[36m(TaskRunner pid=58903)[0m                                                                                'stack_depth': 32,
[36m(TaskRunner pid=58903)[0m                                                                                'trace_alloc_max_entries': 100000}}},
[36m(TaskRunner pid=58903)[0m                                  'qat': {'activation_observer': 'static_minmax',
[36m(TaskRunner pid=58903)[0m                                          'enable': False,
[36m(TaskRunner pid=58903)[0m                                          'group_size': 16,
[36m(TaskRunner pid=58903)[0m                                          'ignore_patterns': ['lm_head',
[36m(TaskRunner pid=58903)[0m                                                              'embed_tokens',
[36m(TaskRunner pid=58903)[0m                                                              're:.*mlp.gate$'],
[36m(TaskRunner pid=58903)[0m                                          'mode': 'w4a16',
[36m(TaskRunner pid=58903)[0m                                          'quantization_config_path': None},
[36m(TaskRunner pid=58903)[0m                                  'rollout_n': 1,
[36m(TaskRunner pid=58903)[0m                                  'router_replay': {'_target_': 'verl.workers.config.RouterReplayConfig',
[36m(TaskRunner pid=58903)[0m                                                    'mode': 'disabled',
[36m(TaskRunner pid=58903)[0m                                                    'record_file': None,
[36m(TaskRunner pid=58903)[0m                                                    'replay_file': None},
[36m(TaskRunner pid=58903)[0m                                  'shuffle': False,
[36m(TaskRunner pid=58903)[0m                                  'strategy': 'fsdp2',
[36m(TaskRunner pid=58903)[0m                                  'tau_neg': 1.05,
[36m(TaskRunner pid=58903)[0m                                  'tau_pos': 1.0,
[36m(TaskRunner pid=58903)[0m                                  'ulysses_sequence_parallel_size': 1,
[36m(TaskRunner pid=58903)[0m                                  'use_dynamic_bsz': False,
[36m(TaskRunner pid=58903)[0m                                  'use_fused_kernels': False,
[36m(TaskRunner pid=58903)[0m                                  'use_kl_loss': False,
[36m(TaskRunner pid=58903)[0m                                  'use_prefix_grouper': False,
[36m(TaskRunner pid=58903)[0m                                  'use_remove_padding': True,
[36m(TaskRunner pid=58903)[0m                                  'use_torch_compile': False},
[36m(TaskRunner pid=58903)[0m                        'hybrid_engine': True,
[36m(TaskRunner pid=58903)[0m                        'model': {'_target_': 'verl.workers.config.HFModelConfig',
[36m(TaskRunner pid=58903)[0m                                  'custom_chat_template': None,
[36m(TaskRunner pid=58903)[0m                                  'enable_activation_offload': False,
[36m(TaskRunner pid=58903)[0m                                  'enable_gradient_checkpointing': True,
[36m(TaskRunner pid=58903)[0m                                  'exclude_modules': None,
[36m(TaskRunner pid=58903)[0m                                  'external_lib': None,
[36m(TaskRunner pid=58903)[0m                                  'fused_kernel_options': {'impl_backend': 'torch'},
[36m(TaskRunner pid=58903)[0m                                  'hf_config_path': None,
[36m(TaskRunner pid=58903)[0m                                  'lora': {'a2a_experimental': False,
[36m(TaskRunner pid=58903)[0m                                           'adapter_path': None,
[36m(TaskRunner pid=58903)[0m                                           'alpha': 32,
[36m(TaskRunner pid=58903)[0m                                           'dropout': 0.0,
[36m(TaskRunner pid=58903)[0m                                           'dropout_position': 'pre',
[36m(TaskRunner pid=58903)[0m                                           'dtype': None,
[36m(TaskRunner pid=58903)[0m                                           'exclude_modules': [],
[36m(TaskRunner pid=58903)[0m                                           'freeze_language_model': True,
[36m(TaskRunner pid=58903)[0m                                           'freeze_vision_model': True,
[36m(TaskRunner pid=58903)[0m                                           'freeze_vision_projection': True,
[36m(TaskRunner pid=58903)[0m                                           'lora_A_init_method': 'xavier',
[36m(TaskRunner pid=58903)[0m                                           'lora_B_init_method': 'zero',
[36m(TaskRunner pid=58903)[0m                                           'merge': False,
[36m(TaskRunner pid=58903)[0m                                           'rank': 0,
[36m(TaskRunner pid=58903)[0m                                           'target_modules': ['linear_qkv',
[36m(TaskRunner pid=58903)[0m                                                              'linear_proj',
[36m(TaskRunner pid=58903)[0m                                                              'linear_fc1',
[36m(TaskRunner pid=58903)[0m                                                              'linear_fc2'],
[36m(TaskRunner pid=58903)[0m                                           'type': 'lora'},
[36m(TaskRunner pid=58903)[0m                                  'lora_adapter_path': None,
[36m(TaskRunner pid=58903)[0m                                  'lora_alpha': 16,
[36m(TaskRunner pid=58903)[0m                                  'lora_rank': 0,
[36m(TaskRunner pid=58903)[0m                                  'mtp': {'_target_': 'verl.workers.config.MtpConfig',
[36m(TaskRunner pid=58903)[0m                                          'detach_encoder': False,
[36m(TaskRunner pid=58903)[0m                                          'enable': False,
[36m(TaskRunner pid=58903)[0m                                          'enable_rollout': False,
[36m(TaskRunner pid=58903)[0m                                          'enable_train': False,
[36m(TaskRunner pid=58903)[0m                                          'method': 'mtp',
[36m(TaskRunner pid=58903)[0m                                          'mtp_loss_scaling_factor': 0.1,
[36m(TaskRunner pid=58903)[0m                                          'num_speculative_tokens': 1,
[36m(TaskRunner pid=58903)[0m                                          'speculative_algorithm': 'EAGLE',
[36m(TaskRunner pid=58903)[0m                                          'speculative_eagle_topk': 1,
[36m(TaskRunner pid=58903)[0m                                          'speculative_num_draft_tokens': 4,
[36m(TaskRunner pid=58903)[0m                                          'speculative_num_steps': 3},
[36m(TaskRunner pid=58903)[0m                                  'override_config': {},
[36m(TaskRunner pid=58903)[0m                                  'path': '/public/home/xingjl/models/Qwen3.5-4B',
[36m(TaskRunner pid=58903)[0m                                  'target_modules': 'all-linear',
[36m(TaskRunner pid=58903)[0m                                  'tiled_mlp': {'enabled': False,
[36m(TaskRunner pid=58903)[0m                                                'num_shards': 4},
[36m(TaskRunner pid=58903)[0m                                  'tokenizer_path': None,
[36m(TaskRunner pid=58903)[0m                                  'trust_remote_code': False,
[36m(TaskRunner pid=58903)[0m                                  'use_fused_kernels': False,
[36m(TaskRunner pid=58903)[0m                                  'use_liger': False,
[36m(TaskRunner pid=58903)[0m                                  'use_remove_padding': True,
[36m(TaskRunner pid=58903)[0m                                  'use_shm': False},
[36m(TaskRunner pid=58903)[0m                        'nccl_timeout': 600,
[36m(TaskRunner pid=58903)[0m                        'ref': {'_target_': 'verl.workers.config.FSDPActorConfig',
[36m(TaskRunner pid=58903)[0m                                'entropy_checkpointing': False,
[36m(TaskRunner pid=58903)[0m                                'entropy_from_logits_with_chunking': False,
[36m(TaskRunner pid=58903)[0m                                'fsdp_config': {'_target_': 'verl.workers.config.FSDPEngineConfig',
[36m(TaskRunner pid=58903)[0m                                                'dtype': 'bfloat16',
[36m(TaskRunner pid=58903)[0m                                                'entropy_checkpointing': False,
[36m(TaskRunner pid=58903)[0m                                                'entropy_from_logits_with_chunking': False,
[36m(TaskRunner pid=58903)[0m                                                'forward_only': True,
[36m(TaskRunner pid=58903)[0m                                                'forward_prefetch': False,
[36m(TaskRunner pid=58903)[0m                                                'fsdp_size': -1,
[36m(TaskRunner pid=58903)[0m                                                'full_determinism': False,
[36m(TaskRunner pid=58903)[0m                                                'model_dtype': 'fp32',
[36m(TaskRunner pid=58903)[0m                                                'offload_policy': False,
[36m(TaskRunner pid=58903)[0m                                                'optimizer_offload': False,
[36m(TaskRunner pid=58903)[0m                                                'param_offload': True,
[36m(TaskRunner pid=58903)[0m                                                'qat': {'_target_': 'verl.workers.config.QATEngineConfig',
[36m(TaskRunner pid=58903)[0m                                                        'activation_observer': 'static_minmax',
[36m(TaskRunner pid=58903)[0m                                                        'enable': False,
[36m(TaskRunner pid=58903)[0m                                                        'group_size': 16,
[36m(TaskRunner pid=58903)[0m                                                        'ignore_patterns': ['lm_head',
[36m(TaskRunner pid=58903)[0m                                                                            'embed_tokens',
[36m(TaskRunner pid=58903)[0m                                                                            're:.*mlp.gate$'],
[36m(TaskRunner pid=58903)[0m                                                        'mode': 'w4a16',
[36m(TaskRunner pid=58903)[0m                                                        'quantization_config_path': None},
[36m(TaskRunner pid=58903)[0m                                                'reshard_after_forward': True,
[36m(TaskRunner pid=58903)[0m                                                'seed': 42,
[36m(TaskRunner pid=58903)[0m                                                'strategy': 'fsdp',
[36m(TaskRunner pid=58903)[0m                                                'ulysses_sequence_parallel_size': 1,
[36m(TaskRunner pid=58903)[0m                                                'use_orig_params': False,
[36m(TaskRunner pid=58903)[0m                                                'use_torch_compile': True,
[36m(TaskRunner pid=58903)[0m                                                'wrap_policy': {'min_num_params': 0}},
[36m(TaskRunner pid=58903)[0m                                'log_prob_max_token_len_per_gpu': 24576,
[36m(TaskRunner pid=58903)[0m                                'log_prob_micro_batch_size': None,
[36m(TaskRunner pid=58903)[0m                                'log_prob_micro_batch_size_per_gpu': 1,
[36m(TaskRunner pid=58903)[0m                                'log_prob_use_dynamic_bsz': False,
[36m(TaskRunner pid=58903)[0m                                'profiler': {'_target_': 'verl.utils.profiler.ProfilerConfig',
[36m(TaskRunner pid=58903)[0m                                             'all_ranks': False,
[36m(TaskRunner pid=58903)[0m                                             'enable': False,
[36m(TaskRunner pid=58903)[0m                                             'ranks': [],
[36m(TaskRunner pid=58903)[0m                                             'save_path': 'outputs/profile',
[36m(TaskRunner pid=58903)[0m                                             'tool': None,
[36m(TaskRunner pid=58903)[0m                                             'tool_config': {'npu': {'_target_': 'verl.utils.profiler.config.NPUToolConfig',
[36m(TaskRunner pid=58903)[0m                                                                     'analysis': True,
[36m(TaskRunner pid=58903)[0m                                                                     'contents': [],
[36m(TaskRunner pid=58903)[0m                                                                     'discrete': False,
[36m(TaskRunner pid=58903)[0m                                                                     'level': 'level0'},
[36m(TaskRunner pid=58903)[0m                                                             'nsys': {'_target_': 'verl.utils.profiler.config.NsightToolConfig',
[36m(TaskRunner pid=58903)[0m                                                                      'discrete': False},
[36m(TaskRunner pid=58903)[0m                                                             'precision_debugger': {'_target_': 'verl.utils.profiler.config.PrecisionDebuggerToolConfig',
[36m(TaskRunner pid=58903)[0m                                                                                    'config_path': None,
[36m(TaskRunner pid=58903)[0m                                                                                    'stages': None,
[36m(TaskRunner pid=58903)[0m                                                                                    'steps': None,
[36m(TaskRunner pid=58903)[0m                                                                                    'strict': False},
[36m(TaskRunner pid=58903)[0m                                                             'torch': {'_target_': 'verl.utils.profiler.config.TorchProfilerToolConfig',
[36m(TaskRunner pid=58903)[0m                                                                       'contents': [],
[36m(TaskRunner pid=58903)[0m                                                                       'discrete': False},
[36m(TaskRunner pid=58903)[0m                                                             'torch_memory': {'_target_': 'verl.utils.profiler.config.TorchMemoryToolConfig',
[36m(TaskRunner pid=58903)[0m                                                                              'stack_depth': 32,
[36m(TaskRunner pid=58903)[0m                                                                              'trace_alloc_max_entries': 100000}}},
[36m(TaskRunner pid=58903)[0m                                'rollout_n': 1,
[36m(TaskRunner pid=58903)[0m                                'router_replay': {'_target_': 'verl.workers.config.RouterReplayConfig',
[36m(TaskRunner pid=58903)[0m                                                  'mode': 'disabled',
[36m(TaskRunner pid=58903)[0m                                                  'record_file': None,
[36m(TaskRunner pid=58903)[0m                                                  'replay_file': None},
[36m(TaskRunner pid=58903)[0m                                'strategy': 'fsdp2',
[36m(TaskRunner pid=58903)[0m                                'ulysses_sequence_parallel_size': 1,
[36m(TaskRunner pid=58903)[0m                                'use_torch_compile': False},
[36m(TaskRunner pid=58903)[0m                        'rollout': {'_target_': 'verl.workers.config.RolloutConfig',
[36m(TaskRunner pid=58903)[0m                                    'agent': {'_target_': 'verl.workers.config.AgentLoopConfig',
[36m(TaskRunner pid=58903)[0m                                              'agent_loop_config_path': None,
[36m(TaskRunner pid=58903)[0m                                              'custom_async_server': {'_target_': 'verl.workers.config.CustomAsyncServerConfig',
[36m(TaskRunner pid=58903)[0m                                                                      'name': None,
[36m(TaskRunner pid=58903)[0m                                                                      'path': None},
[36m(TaskRunner pid=58903)[0m                                              'default_agent_loop': 'single_turn_agent',
[36m(TaskRunner pid=58903)[0m                                              'num_workers': 8},
[36m(TaskRunner pid=58903)[0m                                    'calculate_log_probs': True,
[36m(TaskRunner pid=58903)[0m                                    'checkpoint_engine': {'_target_': 'verl.workers.config.CheckpointEngineConfig',
[36m(TaskRunner pid=58903)[0m                                                          'backend': 'naive',
[36m(TaskRunner pid=58903)[0m                                                          'custom_backend_module': None,
[36m(TaskRunner pid=58903)[0m                                                          'engine_kwargs': {},
[36m(TaskRunner pid=58903)[0m                                                          'update_weights_bucket_megabytes': 2048},
[36m(TaskRunner pid=58903)[0m                                    'cudagraph_capture_sizes': None,
[36m(TaskRunner pid=58903)[0m                                    'data_parallel_size': 1,
[36m(TaskRunner pid=58903)[0m                                    'disable_log_stats': True,
[36m(TaskRunner pid=58903)[0m                                    'disaggregation': {'bootstrap_port': None,
[36m(TaskRunner pid=58903)[0m                                                       'decode_replicas': 1,
[36m(TaskRunner pid=58903)[0m                                                       'decode_tensor_model_parallel_size': None,
[36m(TaskRunner pid=58903)[0m                                                       'enabled': False,
[36m(TaskRunner pid=58903)[0m                                                       'ib_device': None,
[36m(TaskRunner pid=58903)[0m                                                       'prefill_replicas': 1,
[36m(TaskRunner pid=58903)[0m                                                       'transfer_backend': 'nixl'},
[36m(TaskRunner pid=58903)[0m                                    'do_sample': True,
[36m(TaskRunner pid=58903)[0m                                    'dtype': 'bfloat16',
[36m(TaskRunner pid=58903)[0m                                    'enable_chunked_prefill': True,
[36m(TaskRunner pid=58903)[0m                                    'enable_prefix_caching': True,
[36m(TaskRunner pid=58903)[0m                                    'enable_rollout_routing_replay': False,
[36m(TaskRunner pid=58903)[0m                                    'enable_sleep_mode': True,
[36m(TaskRunner pid=58903)[0m                                    'enforce_eager': False,
[36m(TaskRunner pid=58903)[0m                                    'engine_kwargs': {'sglang': {},
[36m(TaskRunner pid=58903)[0m                                                      'trtllm': {},
[36m(TaskRunner pid=58903)[0m                                                      'vllm': {'mm_processor_cache_gb': 0}},
[36m(TaskRunner pid=58903)[0m                                    'expert_parallel_size': 1,
[36m(TaskRunner pid=58903)[0m                                    'free_cache_engine': True,
[36m(TaskRunner pid=58903)[0m                                    'gpu_memory_utilization': 0.3,
[36m(TaskRunner pid=58903)[0m                                    'ignore_eos': False,
[36m(TaskRunner pid=58903)[0m                                    'layered_summon': False,
[36m(TaskRunner pid=58903)[0m                                    'load_format': 'dummy',
[36m(TaskRunner pid=58903)[0m                                    'log_prob_max_token_len_per_gpu': 24576,
[36m(TaskRunner pid=58903)[0m                                    'log_prob_micro_batch_size': None,
[36m(TaskRunner pid=58903)[0m                                    'log_prob_micro_batch_size_per_gpu': 1,
[36m(TaskRunner pid=58903)[0m                                    'log_prob_use_dynamic_bsz': False,
[36m(TaskRunner pid=58903)[0m                                    'logprobs_mode': 'processed_logprobs',
[36m(TaskRunner pid=58903)[0m                                    'max_model_len': 3073,
[36m(TaskRunner pid=58903)[0m                                    'max_num_batched_tokens': 8192,
[36m(TaskRunner pid=58903)[0m                                    'max_num_seqs': 1024,
[36m(TaskRunner pid=58903)[0m                                    'mode': 'async',
[36m(TaskRunner pid=58903)[0m                                    'mtp': {'_target_': 'verl.workers.config.MtpConfig',
[36m(TaskRunner pid=58903)[0m                                            'detach_encoder': False,
[36m(TaskRunner pid=58903)[0m                                            'enable': False,
[36m(TaskRunner pid=58903)[0m                                            'enable_rollout': False,
[36m(TaskRunner pid=58903)[0m                                            'enable_train': False,
[36m(TaskRunner pid=58903)[0m                                            'method': 'mtp',
[36m(TaskRunner pid=58903)[0m                                            'mtp_loss_scaling_factor': 0.1,
[36m(TaskRunner pid=58903)[0m                                            'num_speculative_tokens': 1,
[36m(TaskRunner pid=58903)[0m                                            'speculative_algorithm': 'EAGLE',
[36m(TaskRunner pid=58903)[0m                                            'speculative_eagle_topk': 1,
[36m(TaskRunner pid=58903)[0m                                            'speculative_num_draft_tokens': 4,
[36m(TaskRunner pid=58903)[0m                                            'speculative_num_steps': 3},
[36m(TaskRunner pid=58903)[0m                                    'multi_stage_wake_up': False,
[36m(TaskRunner pid=58903)[0m                                    'multi_turn': {'_target_': 'verl.workers.config.MultiTurnConfig',
[36m(TaskRunner pid=58903)[0m                                                   'enable': False,
[36m(TaskRunner pid=58903)[0m                                                   'format': 'hermes',
[36m(TaskRunner pid=58903)[0m                                                   'function_tool_path': None,
[36m(TaskRunner pid=58903)[0m                                                   'max_assistant_turns': None,
[36m(TaskRunner pid=58903)[0m                                                   'max_parallel_calls': 1,
[36m(TaskRunner pid=58903)[0m                                                   'max_tool_response_length': 256,
[36m(TaskRunner pid=58903)[0m                                                   'max_user_turns': None,
[36m(TaskRunner pid=58903)[0m                                                   'num_repeat_rollouts': None,
[36m(TaskRunner pid=58903)[0m                                                   'tokenization_sanity_check_mode': 'strict',
[36m(TaskRunner pid=58903)[0m                                                   'tool_config_path': None,
[36m(TaskRunner pid=58903)[0m                                                   'tool_response_truncate_side': 'middle',
[36m(TaskRunner pid=58903)[0m                                                   'use_inference_chat_template': False},
[36m(TaskRunner pid=58903)[0m                                    'n': 1,
[36m(TaskRunner pid=58903)[0m                                    'n_gpus_per_node': 4,
[36m(TaskRunner pid=58903)[0m                                    'name': 'vllm',
[36m(TaskRunner pid=58903)[0m                                    'nnodes': 0,
[36m(TaskRunner pid=58903)[0m                                    'over_sample_rate': 0,
[36m(TaskRunner pid=58903)[0m                                    'pipeline_model_parallel_size': 1,
[36m(TaskRunner pid=58903)[0m                                    'profiler': {'_target_': 'verl.utils.profiler.ProfilerConfig',
[36m(TaskRunner pid=58903)[0m                                                 'all_ranks': False,
[36m(TaskRunner pid=58903)[0m                                                 'enable': False,
[36m(TaskRunner pid=58903)[0m                                                 'ranks': [],
[36m(TaskRunner pid=58903)[0m                                                 'save_path': 'outputs/profile',
[36m(TaskRunner pid=58903)[0m                                                 'tool': None,
[36m(TaskRunner pid=58903)[0m                                                 'tool_config': {'npu': {'_target_': 'verl.utils.profiler.config.NPUToolConfig',
[36m(TaskRunner pid=58903)[0m                                                                         'analysis': True,
[36m(TaskRunner pid=58903)[0m                                                                         'contents': [],
[36m(TaskRunner pid=58903)[0m                                                                         'discrete': False,
[36m(TaskRunner pid=58903)[0m                                                                         'level': 'level0'},
[36m(TaskRunner pid=58903)[0m                                                                 'precision_debugger': {'_target_': 'verl.utils.profiler.config.PrecisionDebuggerToolConfig',
[36m(TaskRunner pid=58903)[0m                                                                                        'config_path': None,
[36m(TaskRunner pid=58903)[0m                                                                                        'stages': None,
[36m(TaskRunner pid=58903)[0m                                                                                        'steps': None,
[36m(TaskRunner pid=58903)[0m                                                                                        'strict': False},
[36m(TaskRunner pid=58903)[0m                                                                 'torch': {'_target_': 'verl.utils.profiler.config.TorchProfilerToolConfig',
[36m(TaskRunner pid=58903)[0m                                                                           'contents': [],
[36m(TaskRunner pid=58903)[0m                                                                           'discrete': False}}},
[36m(TaskRunner pid=58903)[0m                                    'prometheus': {'_target_': 'verl.workers.config.PrometheusConfig',
[36m(TaskRunner pid=58903)[0m                                                   'enable': False,
[36m(TaskRunner pid=58903)[0m                                                   'file': '/tmp/ray/session_latest/metrics/prometheus/prometheus.yml',
[36m(TaskRunner pid=58903)[0m                                                   'port': 9090,
[36m(TaskRunner pid=58903)[0m                                                   'served_model_name': '/public/home/xingjl/models/Qwen3.5-4B'},
[36m(TaskRunner pid=58903)[0m                                    'prompt_length': 1024,
[36m(TaskRunner pid=58903)[0m                                    'qat': {'_target_': 'verl.workers.config.QATEngineConfig',
[36m(TaskRunner pid=58903)[0m                                            'activation_observer': 'static_minmax',
[36m(TaskRunner pid=58903)[0m                                            'enable': False,
[36m(TaskRunner pid=58903)[0m                                            'group_size': 16,
[36m(TaskRunner pid=58903)[0m                                            'ignore_patterns': ['lm_head',
[36m(TaskRunner pid=58903)[0m                                                                'embed_tokens',
[36m(TaskRunner pid=58903)[0m                                                                're:.*mlp.gate$'],
[36m(TaskRunner pid=58903)[0m                                            'mode': 'w4a16',
[36m(TaskRunner pid=58903)[0m                                            'quantization_config_path': None},
[36m(TaskRunner pid=58903)[0m                                    'quantization': None,
[36m(TaskRunner pid=58903)[0m                                    'quantization_config_file': None,
[36m(TaskRunner pid=58903)[0m                                    'response_length': 2048,
[36m(TaskRunner pid=58903)[0m                                    'scheduling_policy': 'fcfs',
[36m(TaskRunner pid=58903)[0m                                    'skip': {'_target_': 'verl.workers.config.SkipConfig',
[36m(TaskRunner pid=58903)[0m                                             'action': 'cache',
[36m(TaskRunner pid=58903)[0m                                             'dump_dir': '~/.verl/rollout_dump',
[36m(TaskRunner pid=58903)[0m                                             'enable': False,
[36m(TaskRunner pid=58903)[0m                                             'max_dump_step': 1},
[36m(TaskRunner pid=58903)[0m                                    'skip_tokenizer_init': True,
[36m(TaskRunner pid=58903)[0m                                    'temperature': 1.0,
[36m(TaskRunner pid=58903)[0m                                    'tensor_model_parallel_size': 2,
[36m(TaskRunner pid=58903)[0m                                    'top_k': -1,
[36m(TaskRunner pid=58903)[0m                                    'top_p': 1,
[36m(TaskRunner pid=58903)[0m                                    'trace': {'_target_': 'verl.workers.config.TraceConfig',
[36m(TaskRunner pid=58903)[0m                                              'backend': None,
[36m(TaskRunner pid=58903)[0m                                              'experiment_name': 'DISTILLATION-Qwen3.5-4B-BASE-FSDP2-vLLM',
[36m(TaskRunner pid=58903)[0m                                              'max_samples_per_step_per_worker': None,
[36m(TaskRunner pid=58903)[0m                                              'project_name': 'DISTILLATION-Qwen3.5-4B-BASE-GEO3K',
[36m(TaskRunner pid=58903)[0m                                              'token2text': False},
[36m(TaskRunner pid=58903)[0m                                    'val_kwargs': {'_target_': 'verl.workers.config.SamplingConfig',
[36m(TaskRunner pid=58903)[0m                                                   'do_sample': False,
[36m(TaskRunner pid=58903)[0m                                                   'n': 1,
[36m(TaskRunner pid=58903)[0m                                                   'temperature': 0,
[36m(TaskRunner pid=58903)[0m                                                   'top_k': -1,
[36m(TaskRunner pid=58903)[0m                                                   'top_p': 1.0}}},
[36m(TaskRunner pid=58903)[0m  'algorithm': {'_target_': 'verl.trainer.config.AlgoConfig',
[36m(TaskRunner pid=58903)[0m                'adv_estimator': 'grpo',
[36m(TaskRunner pid=58903)[0m                'gamma': 1.0,
[36m(TaskRunner pid=58903)[0m                'kl_ctrl': {'_target_': 'verl.trainer.config.KLControlConfig',
[36m(TaskRunner pid=58903)[0m                            'horizon': 10000,
[36m(TaskRunner pid=58903)[0m                            'kl_coef': 0.001,
[36m(TaskRunner pid=58903)[0m                            'target_kl': 0.1,
[36m(TaskRunner pid=58903)[0m                            'type': 'fixed'},
[36m(TaskRunner pid=58903)[0m                'kl_penalty': 'kl',
[36m(TaskRunner pid=58903)[0m                'lam': 1.0,
[36m(TaskRunner pid=58903)[0m                'norm_adv_by_std_in_grpo': True,
[36m(TaskRunner pid=58903)[0m                'pf_ppo': {'reweight_method': 'pow', 'weight_pow': 2.0},
[36m(TaskRunner pid=58903)[0m                'rollout_correction': {'bypass_mode': False,
[36m(TaskRunner pid=58903)[0m                                       'loss_type': 'ppo_clip',
[36m(TaskRunner pid=58903)[0m                                       'rollout_is': None,
[36m(TaskRunner pid=58903)[0m                                       'rollout_is_batch_normalize': False,
[36m(TaskRunner pid=58903)[0m                                       'rollout_is_threshold': 2.0,
[36m(TaskRunner pid=58903)[0m                                       'rollout_rs': None,
[36m(TaskRunner pid=58903)[0m                                       'rollout_rs_threshold': None},
[36m(TaskRunner pid=58903)[0m                'use_kl_in_reward': False,
[36m(TaskRunner pid=58903)[0m                'use_pf_ppo': False},
[36m(TaskRunner pid=58903)[0m  'critic': {'_target_': 'verl.workers.config.FSDPCriticConfig',
[36m(TaskRunner pid=58903)[0m             'checkpoint': {'_target_': 'verl.trainer.config.CheckpointConfig',
[36m(TaskRunner pid=58903)[0m                            'async_save': False,
[36m(TaskRunner pid=58903)[0m                            'load_contents': ['model', 'optimizer', 'extra'],
[36m(TaskRunner pid=58903)[0m                            'mbridge_config': {},
[36m(TaskRunner pid=58903)[0m                            'save_contents': ['model', 'optimizer', 'extra']},
[36m(TaskRunner pid=58903)[0m             'cliprange_value': 0.5,
[36m(TaskRunner pid=58903)[0m             'data_loader_seed': 42,
[36m(TaskRunner pid=58903)[0m             'enable': None,
[36m(TaskRunner pid=58903)[0m             'forward_max_token_len_per_gpu': 32768,
[36m(TaskRunner pid=58903)[0m             'forward_micro_batch_size': None,
[36m(TaskRunner pid=58903)[0m             'forward_micro_batch_size_per_gpu': None,
[36m(TaskRunner pid=58903)[0m             'fsdp': {'_target_': 'verl.workers.config.FSDPEngineConfig',
[36m(TaskRunner pid=58903)[0m                      'dtype': 'bfloat16',
[36m(TaskRunner pid=58903)[0m                      'entropy_checkpointing': False,
[36m(TaskRunner pid=58903)[0m                      'entropy_from_logits_with_chunking': False,
[36m(TaskRunner pid=58903)[0m                      'forward_only': False,
[36m(TaskRunner pid=58903)[0m                      'forward_prefetch': False,
[36m(TaskRunner pid=58903)[0m                      'fsdp_size': -1,
[36m(TaskRunner pid=58903)[0m                      'full_determinism': False,
[36m(TaskRunner pid=58903)[0m                      'model_dtype': 'fp32',
[36m(TaskRunner pid=58903)[0m                      'offload_policy': False,
[36m(TaskRunner pid=58903)[0m                      'optimizer_offload': False,
[36m(TaskRunner pid=58903)[0m                      'param_offload': False,
[36m(TaskRunner pid=58903)[0m                      'qat': {'_target_': 'verl.workers.config.QATEngineConfig',
[36m(TaskRunner pid=58903)[0m                              'activation_observer': 'static_minmax',
[36m(TaskRunner pid=58903)[0m                              'enable': False,
[36m(TaskRunner pid=58903)[0m                              'group_size': 16,
[36m(TaskRunner pid=58903)[0m                              'ignore_patterns': ['lm_head',
[36m(TaskRunner pid=58903)[0m                                                  'embed_tokens',
[36m(TaskRunner pid=58903)[0m                                                  're:.*mlp.gate$'],
[36m(TaskRunner pid=58903)[0m                              'mode': 'w4a16',
[36m(TaskRunner pid=58903)[0m                              'quantization_config_path': None},
[36m(TaskRunner pid=58903)[0m                      'reshard_after_forward': True,
[36m(TaskRunner pid=58903)[0m                      'seed': 42,
[36m(TaskRunner pid=58903)[0m                      'strategy': 'fsdp',
[36m(TaskRunner pid=58903)[0m                      'ulysses_sequence_parallel_size': 1,
[36m(TaskRunner pid=58903)[0m                      'use_orig_params': False,
[36m(TaskRunner pid=58903)[0m                      'use_torch_compile': True,
[36m(TaskRunner pid=58903)[0m                      'wrap_policy': {'min_num_params': 0}},
[36m(TaskRunner pid=58903)[0m             'grad_clip': 1.0,
[36m(TaskRunner pid=58903)[0m             'loss_agg_mode': 'token-mean',
[36m(TaskRunner pid=58903)[0m             'model': {'_target_': 'verl.workers.config.HFModelConfig',
[36m(TaskRunner pid=58903)[0m                       'custom_chat_template': None,
[36m(TaskRunner pid=58903)[0m                       'enable_activation_offload': False,
[36m(TaskRunner pid=58903)[0m                       'enable_gradient_checkpointing': True,
[36m(TaskRunner pid=58903)[0m                       'exclude_modules': None,
[36m(TaskRunner pid=58903)[0m                       'external_lib': None,
[36m(TaskRunner pid=58903)[0m                       'fused_kernel_options': {'impl_backend': 'torch'},
[36m(TaskRunner pid=58903)[0m                       'hf_config_path': None,
[36m(TaskRunner pid=58903)[0m                       'lora': {'a2a_experimental': False,
[36m(TaskRunner pid=58903)[0m                                'adapter_path': None,
[36m(TaskRunner pid=58903)[0m                                'alpha': 32,
[36m(TaskRunner pid=58903)[0m                                'dropout': 0.0,
[36m(TaskRunner pid=58903)[0m                                'dropout_position': 'pre',
[36m(TaskRunner pid=58903)[0m                                'dtype': None,
[36m(TaskRunner pid=58903)[0m                                'exclude_modules': [],
[36m(TaskRunner pid=58903)[0m                                'freeze_language_model': True,
[36m(TaskRunner pid=58903)[0m                                'freeze_vision_model': True,
[36m(TaskRunner pid=58903)[0m                                'freeze_vision_projection': True,
[36m(TaskRunner pid=58903)[0m                                'lora_A_init_method': 'xavier',
[36m(TaskRunner pid=58903)[0m                                'lora_B_init_method': 'zero',
[36m(TaskRunner pid=58903)[0m                                'merge': False,
[36m(TaskRunner pid=58903)[0m                                'rank': 0,
[36m(TaskRunner pid=58903)[0m                                'target_modules': ['linear_qkv',
[36m(TaskRunner pid=58903)[0m                                                   'linear_proj',
[36m(TaskRunner pid=58903)[0m                                                   'linear_fc1',
[36m(TaskRunner pid=58903)[0m                                                   'linear_fc2'],
[36m(TaskRunner pid=58903)[0m                                'type': 'lora'},
[36m(TaskRunner pid=58903)[0m                       'lora_adapter_path': None,
[36m(TaskRunner pid=58903)[0m                       'lora_alpha': 16,
[36m(TaskRunner pid=58903)[0m                       'lora_rank': 0,
[36m(TaskRunner pid=58903)[0m                       'mtp': {'_target_': 'verl.workers.config.MtpConfig',
[36m(TaskRunner pid=58903)[0m                               'detach_encoder': False,
[36m(TaskRunner pid=58903)[0m                               'enable': False,
[36m(TaskRunner pid=58903)[0m                               'enable_rollout': False,
[36m(TaskRunner pid=58903)[0m                               'enable_train': False,
[36m(TaskRunner pid=58903)[0m                               'method': 'mtp',
[36m(TaskRunner pid=58903)[0m                               'mtp_loss_scaling_factor': 0.1,
[36m(TaskRunner pid=58903)[0m                               'num_speculative_tokens': 1,
[36m(TaskRunner pid=58903)[0m                               'speculative_algorithm': 'EAGLE',
[36m(TaskRunner pid=58903)[0m                               'speculative_eagle_topk': 1,
[36m(TaskRunner pid=58903)[0m                               'speculative_num_draft_tokens': 4,
[36m(TaskRunner pid=58903)[0m                               'speculative_num_steps': 3},
[36m(TaskRunner pid=58903)[0m                       'override_config': {},
[36m(TaskRunner pid=58903)[0m                       'path': '~/models/deepseek-llm-7b-chat',
[36m(TaskRunner pid=58903)[0m                       'target_modules': 'all-linear',
[36m(TaskRunner pid=58903)[0m                       'tiled_mlp': {'enabled': False, 'num_shards': 4},
[36m(TaskRunner pid=58903)[0m                       'tokenizer_path': None,
[36m(TaskRunner pid=58903)[0m                       'trust_remote_code': False,
[36m(TaskRunner pid=58903)[0m                       'use_fused_kernels': False,
[36m(TaskRunner pid=58903)[0m                       'use_liger': False,
[36m(TaskRunner pid=58903)[0m                       'use_remove_padding': True,
[36m(TaskRunner pid=58903)[0m                       'use_shm': False},
[36m(TaskRunner pid=58903)[0m             'optim': {'_target_': 'verl.workers.config.FSDPOptimizerConfig',
[36m(TaskRunner pid=58903)[0m                       'betas': [0.9, 0.999],
[36m(TaskRunner pid=58903)[0m                       'clip_grad': 1.0,
[36m(TaskRunner pid=58903)[0m                       'lr': 1e-05,
[36m(TaskRunner pid=58903)[0m                       'lr_scheduler_type': 'constant',
[36m(TaskRunner pid=58903)[0m                       'lr_warmup_steps': -1,
[36m(TaskRunner pid=58903)[0m                       'lr_warmup_steps_ratio': 0.0,
[36m(TaskRunner pid=58903)[0m                       'min_lr_ratio': 0.0,
[36m(TaskRunner pid=58903)[0m                       'num_cycles': 0.5,
[36m(TaskRunner pid=58903)[0m                       'optimizer': 'AdamW',
[36m(TaskRunner pid=58903)[0m                       'optimizer_impl': 'torch.optim',
[36m(TaskRunner pid=58903)[0m                       'override_optimizer_config': None,
[36m(TaskRunner pid=58903)[0m                       'total_training_steps': -1,
[36m(TaskRunner pid=58903)[0m                       'warmup_style': None,
[36m(TaskRunner pid=58903)[0m                       'weight_decay': 0.01,
[36m(TaskRunner pid=58903)[0m                       'zero_indexed_step': True},
[36m(TaskRunner pid=58903)[0m             'ppo_epochs': 1,
[36m(TaskRunner pid=58903)[0m             'ppo_max_token_len_per_gpu': 32768,
[36m(TaskRunner pid=58903)[0m             'ppo_micro_batch_size': None,
[36m(TaskRunner pid=58903)[0m             'ppo_micro_batch_size_per_gpu': None,
[36m(TaskRunner pid=58903)[0m             'ppo_mini_batch_size': 128,
[36m(TaskRunner pid=58903)[0m             'profiler': {'_target_': 'verl.utils.profiler.ProfilerConfig',
[36m(TaskRunner pid=58903)[0m                          'all_ranks': False,
[36m(TaskRunner pid=58903)[0m                          'enable': False,
[36m(TaskRunner pid=58903)[0m                          'ranks': [],
[36m(TaskRunner pid=58903)[0m                          'save_path': 'outputs/profile',
[36m(TaskRunner pid=58903)[0m                          'tool': None,
[36m(TaskRunner pid=58903)[0m                          'tool_config': {'npu': {'_target_': 'verl.utils.profiler.config.NPUToolConfig',
[36m(TaskRunner pid=58903)[0m                                                  'analysis': True,
[36m(TaskRunner pid=58903)[0m                                                  'contents': [],
[36m(TaskRunner pid=58903)[0m                                                  'discrete': False,
[36m(TaskRunner pid=58903)[0m                                                  'level': 'level0'},
[36m(TaskRunner pid=58903)[0m                                          'nsys': {'_target_': 'verl.utils.profiler.config.NsightToolConfig',
[36m(TaskRunner pid=58903)[0m                                                   'discrete': False},
[36m(TaskRunner pid=58903)[0m                                          'precision_debugger': {'_target_': 'verl.utils.profiler.config.PrecisionDebuggerToolConfig',
[36m(TaskRunner pid=58903)[0m                                                                 'config_path': None,
[36m(TaskRunner pid=58903)[0m                                                                 'stages': None,
[36m(TaskRunner pid=58903)[0m                                                                 'steps': None,
[36m(TaskRunner pid=58903)[0m                                                                 'strict': False},
[36m(TaskRunner pid=58903)[0m                                          'torch': {'_target_': 'verl.utils.profiler.config.TorchProfilerToolConfig',
[36m(TaskRunner pid=58903)[0m                                                    'contents': [],
[36m(TaskRunner pid=58903)[0m                                                    'discrete': False},
[36m(TaskRunner pid=58903)[0m                                          'torch_memory': {'_target_': 'verl.utils.profiler.config.TorchMemoryToolConfig',
[36m(TaskRunner pid=58903)[0m                                                           'stack_depth': 32,
[36m(TaskRunner pid=58903)[0m                                                           'trace_alloc_max_entries': 100000}}},
[36m(TaskRunner pid=58903)[0m             'rollout_n': 1,
[36m(TaskRunner pid=58903)[0m             'shuffle': False,
[36m(TaskRunner pid=58903)[0m             'strategy': 'fsdp',
[36m(TaskRunner pid=58903)[0m             'ulysses_sequence_parallel_size': 1,
[36m(TaskRunner pid=58903)[0m             'use_dynamic_bsz': False},
[36m(TaskRunner pid=58903)[0m  'data': {'apply_chat_template_kwargs': {},
[36m(TaskRunner pid=58903)[0m           'audio_key': 'audios',
[36m(TaskRunner pid=58903)[0m           'custom_cls': {'name': None, 'path': None},
[36m(TaskRunner pid=58903)[0m           'dataloader_num_workers': 8,
[36m(TaskRunner pid=58903)[0m           'filter_overlong_prompts': True,
[36m(TaskRunner pid=58903)[0m           'filter_overlong_prompts_workers': 1,
[36m(TaskRunner pid=58903)[0m           'function_tool_path': None,
[36m(TaskRunner pid=58903)[0m           'image_key': 'images',
[36m(TaskRunner pid=58903)[0m           'image_patch_size': 14,
[36m(TaskRunner pid=58903)[0m           'max_prompt_length': 1024,
[36m(TaskRunner pid=58903)[0m           'max_response_length': 2048,
[36m(TaskRunner pid=58903)[0m           'mm_processor_kwargs': {},
[36m(TaskRunner pid=58903)[0m           'prompt_key': 'prompt',
[36m(TaskRunner pid=58903)[0m           'return_full_prompt': False,
[36m(TaskRunner pid=58903)[0m           'return_multi_modal_inputs': True,
[36m(TaskRunner pid=58903)[0m           'return_raw_chat': True,
[36m(TaskRunner pid=58903)[0m           'return_raw_input_ids': False,
[36m(TaskRunner pid=58903)[0m           'reward_fn_key': 'data_source',
[36m(TaskRunner pid=58903)[0m           'seed': None,
[36m(TaskRunner pid=58903)[0m           'shuffle': True,
[36m(TaskRunner pid=58903)[0m           'tokenizer': None,
[36m(TaskRunner pid=58903)[0m           'tool_config_path': None,
[36m(TaskRunner pid=58903)[0m           'train_batch_size': 128,
[36m(TaskRunner pid=58903)[0m           'train_files': '/public/home/xingjl/datasets/after/geo3k/train.parquet',
[36m(TaskRunner pid=58903)[0m           'train_max_samples': -1,
[36m(TaskRunner pid=58903)[0m           'truncation': 'error',
[36m(TaskRunner pid=58903)[0m           'trust_remote_code': False,
[36m(TaskRunner pid=58903)[0m           'use_shm': False,
[36m(TaskRunner pid=58903)[0m           'val_batch_size': None,
[36m(TaskRunner pid=58903)[0m           'val_files': '/public/home/xingjl/datasets/after/geo3k/test.parquet',
[36m(TaskRunner pid=58903)[0m           'val_max_samples': -1,
[36m(TaskRunner pid=58903)[0m           'validation_shuffle': False,
[36m(TaskRunner pid=58903)[0m           'video_key': 'videos'},
[36m(TaskRunner pid=58903)[0m  'distillation': {'_target_': 'verl.workers.config.DistillationConfig',
[36m(TaskRunner pid=58903)[0m                   'distillation_loss': {'_target_': 'verl.workers.config.DistillationLossConfig',
[36m(TaskRunner pid=58903)[0m                                         'clip_ratio': 0.2,
[36m(TaskRunner pid=58903)[0m                                         'clip_ratio_high': 0.2,
[36m(TaskRunner pid=58903)[0m                                         'clip_ratio_low': 0.2,
[36m(TaskRunner pid=58903)[0m                                         'distillation_loss_coef': 1.0,
[36m(TaskRunner pid=58903)[0m                                         'log_prob_min_clamp': -10.0,
[36m(TaskRunner pid=58903)[0m                                         'loss_max_clamp': 10.0,
[36m(TaskRunner pid=58903)[0m                                         'loss_mode': 'k1',
[36m(TaskRunner pid=58903)[0m                                         'policy_loss_mode': 'vanilla',
[36m(TaskRunner pid=58903)[0m                                         'topk': 64,
[36m(TaskRunner pid=58903)[0m                                         'use_policy_gradient': True,
[36m(TaskRunner pid=58903)[0m                                         'use_task_rewards': False},
[36m(TaskRunner pid=58903)[0m                   'enabled': True,
[36m(TaskRunner pid=58903)[0m                   'n_gpus_per_node': 4,
[36m(TaskRunner pid=58903)[0m                   'nnodes': 1,
[36m(TaskRunner pid=58903)[0m                   'teacher_key': 'data_source',
[36m(TaskRunner pid=58903)[0m                   'teacher_models': {'teacher_model': {'_target_': 'verl.workers.config.DistillationTeacherModelConfig',
[36m(TaskRunner pid=58903)[0m                                                        'inference': {'_target_': 'verl.workers.config.RolloutConfig',
[36m(TaskRunner pid=58903)[0m                                                                      'cudagraph_capture_sizes': None,
[36m(TaskRunner pid=58903)[0m                                                                      'data_parallel_size': 1,
[36m(TaskRunner pid=58903)[0m                                                                      'disable_log_stats': True,
[36m(TaskRunner pid=58903)[0m                                                                      'dtype': 'bfloat16',
[36m(TaskRunner pid=58903)[0m                                                                      'enable_chunked_prefill': True,
[36m(TaskRunner pid=58903)[0m                                                                      'enable_prefix_caching': True,
[36m(TaskRunner pid=58903)[0m                                                                      'enable_sleep_mode': True,
[36m(TaskRunner pid=58903)[0m                                                                      'enforce_eager': True,
[36m(TaskRunner pid=58903)[0m                                                                      'engine_kwargs': {},
[36m(TaskRunner pid=58903)[0m                                                                      'expert_parallel_size': 4,
[36m(TaskRunner pid=58903)[0m                                                                      'free_cache_engine': True,
[36m(TaskRunner pid=58903)[0m                                                                      'gpu_memory_utilization': 0.3,
[36m(TaskRunner pid=58903)[0m                                                                      'limit_images': None,
[36m(TaskRunner pid=58903)[0m                                                                      'load_format': 'auto',
[36m(TaskRunner pid=58903)[0m                                                                      'max_model_len': 3073,
[36m(TaskRunner pid=58903)[0m                                                                      'max_num_batched_tokens': 8192,
[36m(TaskRunner pid=58903)[0m                                                                      'max_num_seqs': 1024,
[36m(TaskRunner pid=58903)[0m                                                                      'name': 'vllm',
[36m(TaskRunner pid=58903)[0m                                                                      'prompt_length': 1024,
[36m(TaskRunner pid=58903)[0m                                                                      'response_length': 2048,
[36m(TaskRunner pid=58903)[0m                                                                      'skip_tokenizer_init': True,
[36m(TaskRunner pid=58903)[0m                                                                      'temperature': 1.0,
[36m(TaskRunner pid=58903)[0m                                                                      'tensor_model_parallel_size': 4},
[36m(TaskRunner pid=58903)[0m                                                        'key': None,
[36m(TaskRunner pid=58903)[0m                                                        'model_path': '/public/home/xingjl/models/Qwen3.5-35B-A3B',
[36m(TaskRunner pid=58903)[0m                                                        'num_replicas': 0}}},
[36m(TaskRunner pid=58903)[0m  'global_profiler': {'_target_': 'verl.utils.profiler.ProfilerConfig',
[36m(TaskRunner pid=58903)[0m                      'global_tool_config': {'nsys': {'_target_': 'verl.utils.profiler.config.NsightToolConfig',
[36m(TaskRunner pid=58903)[0m                                                      'controller_nsight_options': {'cuda-graph-trace': 'graph',
[36m(TaskRunner pid=58903)[0m                                                                                    'cuda-memory-usage': 'true',
[36m(TaskRunner pid=58903)[0m                                                                                    'trace': 'cuda,nvtx,cublas,ucx'},
[36m(TaskRunner pid=58903)[0m                                                      'discrete': False,
[36m(TaskRunner pid=58903)[0m                                                      'worker_nsight_options': {'capture-range': 'cudaProfilerApi',
[36m(TaskRunner pid=58903)[0m                                                                                'capture-range-end': None,
[36m(TaskRunner pid=58903)[0m                                                                                'cuda-graph-trace': 'graph',
[36m(TaskRunner pid=58903)[0m                                                                                'cuda-memory-usage': 'true',
[36m(TaskRunner pid=58903)[0m                                                                                'kill': 'none',
[36m(TaskRunner pid=58903)[0m                                                                                'trace': 'cuda,nvtx,cublas,ucx'}},
[36m(TaskRunner pid=58903)[0m                                             'precision_debugger': {'_target_': 'verl.utils.profiler.config.PrecisionDebuggerToolConfig',
[36m(TaskRunner pid=58903)[0m                                                                    'config_path': None,
[36m(TaskRunner pid=58903)[0m                                                                    'stages': None,
[36m(TaskRunner pid=58903)[0m                                                                    'steps': None,
[36m(TaskRunner pid=58903)[0m                                                                    'strict': False},
[36m(TaskRunner pid=58903)[0m                                             'torch_memory': {'context': 'all',
[36m(TaskRunner pid=58903)[0m                                                              'kw_args': {},
[36m(TaskRunner pid=58903)[0m                                                              'stack_depth': 32,
[36m(TaskRunner pid=58903)[0m                                                              'stacks': 'all',
[36m(TaskRunner pid=58903)[0m                                                              'trace_alloc_max_entries': 100000}},
[36m(TaskRunner pid=58903)[0m                      'profile_continuous_steps': False,
[36m(TaskRunner pid=58903)[0m                      'save_path': 'outputs/profile',
[36m(TaskRunner pid=58903)[0m                      'steps': None,
[36m(TaskRunner pid=58903)[0m                      'tool': None},
[36m(TaskRunner pid=58903)[0m  'model_engine': 'dp',
[36m(TaskRunner pid=58903)[0m  'ray_kwargs': {'ray_init': {'num_cpus': None}, 'timeline_json_file': None},
[36m(TaskRunner pid=58903)[0m  'reward': {'_target_': 'verl.workers.config.RewardConfig',
[36m(TaskRunner pid=58903)[0m             'custom_reward_function': {'name': 'compute_score', 'path': None},
[36m(TaskRunner pid=58903)[0m             'num_workers': 8,
[36m(TaskRunner pid=58903)[0m             'reward_manager': {'_target_': 'verl.workers.config.reward.RewardManagerConfig',
[36m(TaskRunner pid=58903)[0m                                'module': {'_target_': 'verl.trainer.config.config.ModuleConfig',
[36m(TaskRunner pid=58903)[0m                                           'name': 'custom_reward_manager',
[36m(TaskRunner pid=58903)[0m                                           'path': None},
[36m(TaskRunner pid=58903)[0m                                'name': 'naive',
[36m(TaskRunner pid=58903)[0m                                'source': 'register'},
[36m(TaskRunner pid=58903)[0m             'reward_model': {'_target_': 'verl.workers.config.RewardModelConfig',
[36m(TaskRunner pid=58903)[0m                              'enable': False,
[36m(TaskRunner pid=58903)[0m                              'enable_resource_pool': False,
[36m(TaskRunner pid=58903)[0m                              'model_path': None,
[36m(TaskRunner pid=58903)[0m                              'n_gpus_per_node': 8,
[36m(TaskRunner pid=58903)[0m                              'nnodes': 0,
[36m(TaskRunner pid=58903)[0m                              'rollout': {'_target_': 'verl.workers.config.RolloutConfig',
[36m(TaskRunner pid=58903)[0m                                          'cudagraph_capture_sizes': None,
[36m(TaskRunner pid=58903)[0m                                          'data_parallel_size': 1,
[36m(TaskRunner pid=58903)[0m                                          'disable_log_stats': True,
[36m(TaskRunner pid=58903)[0m                                          'disaggregation': {'bootstrap_port': None,
[36m(TaskRunner pid=58903)[0m                                                             'decode_replicas': 1,
[36m(TaskRunner pid=58903)[0m                                                             'decode_tensor_model_parallel_size': None,
[36m(TaskRunner pid=58903)[0m                                                             'enabled': False,
[36m(TaskRunner pid=58903)[0m                                                             'ib_device': None,
[36m(TaskRunner pid=58903)[0m                                                             'prefill_replicas': 1,
[36m(TaskRunner pid=58903)[0m                                                             'transfer_backend': 'nixl'},
[36m(TaskRunner pid=58903)[0m                                          'do_sample': True,
[36m(TaskRunner pid=58903)[0m                                          'dtype': 'bfloat16',
[36m(TaskRunner pid=58903)[0m                                          'enable_chunked_prefill': True,
[36m(TaskRunner pid=58903)[0m                                          'enable_prefix_caching': True,
[36m(TaskRunner pid=58903)[0m                                          'enforce_eager': True,
[36m(TaskRunner pid=58903)[0m                                          'engine_kwargs': {},
[36m(TaskRunner pid=58903)[0m                                          'expert_parallel_size': 1,
[36m(TaskRunner pid=58903)[0m                                          'free_cache_engine': True,
[36m(TaskRunner pid=58903)[0m                                          'gpu_memory_utilization': 0.5,
[36m(TaskRunner pid=58903)[0m                                          'ignore_eos': False,
[36m(TaskRunner pid=58903)[0m                                          'layered_summon': False,
[36m(TaskRunner pid=58903)[0m                                          'limit_images': None,
[36m(TaskRunner pid=58903)[0m                                          'load_format': 'auto',
[36m(TaskRunner pid=58903)[0m                                          'max_model_len': None,
[36m(TaskRunner pid=58903)[0m                                          'max_num_batched_tokens': 8192,
[36m(TaskRunner pid=58903)[0m                                          'max_num_seqs': 1024,
[36m(TaskRunner pid=58903)[0m Setting TOKENIZERS_PARALLELISM=false for forked processes.
[36m(TaskRunner pid=58903)[0m WARNING:2026-07-31 11:13:13,839:Setting TOKENIZERS_PARALLELISM=false for forked processes.
[36m(TaskRunner pid=58903)[0m Filtering prompts longer than 1024 tokens (num_proc=1):   0%|          | 0/2101 [00:00<?, ? examples/s]
[36m(TaskRunner pid=58903)[0m Filtering prompts longer than 1024 tokens (num_proc=1):  48%|████▊     | 1000/2101 [00:16<00:18, 58.99 examples/s]
[36m(TaskRunner pid=58903)[0m Filtering prompts longer than 1024 tokens (num_proc=1):  95%|█████████▌| 2000/2101 [00:26<00:01, 79.24 examples/s]
[36m(TaskRunner pid=58903)[0m Filtering prompts longer than 1024 tokens (num_proc=1): 100%|██████████| 2101/2101 [00:27<00:00, 80.72 examples/s]
[36m(TaskRunner pid=58903)[0m Filtering prompts longer than 1024 tokens (num_proc=1): 100%|██████████| 2101/2101 [00:27<00:00, 75.86 examples/s]
[36m(TaskRunner pid=58903)[0m Setting TOKENIZERS_PARALLELISM=false for forked processes.
[36m(TaskRunner pid=58903)[0m WARNING:2026-07-31 11:13:47,687:Setting TOKENIZERS_PARALLELISM=false for forked processes.
[36m(TaskRunner pid=58903)[0m Filtering prompts longer than 1024 tokens (num_proc=1):   0%|          | 0/601 [00:00<?, ? examples/s]
[36m(TaskRunner pid=58903)[0m Filtering prompts longer than 1024 tokens (num_proc=1): 100%|██████████| 601/601 [00:13<00:00, 45.55 examples/s]
[36m(TaskRunner pid=58903)[0m Filtering prompts longer than 1024 tokens (num_proc=1): 100%|██████████| 601/601 [00:13<00:00, 44.92 examples/s]
[36m(pid=61295)[0m WARNING:2026-07-31 11:14:23,298:Current Python version 3.10 is below the recommended 3.11 version. It is recommended to upgrade to Python 3.11 or higher for the best experience.
[36m(WorkerDict pid=61292)[0m Loading weights:   0%|          | 0/723 [00:00<?, ?it/s]
[36m(pid=61293)[0m WARNING:2026-07-31 11:14:23,299:Current Python version 3.10 is below the recommended 3.11 version. It is recommended to upgrade to Python 3.11 or higher for the best experience.[32m [repeated 3x across cluster][0m
[36m(WorkerDict pid=61295)[0m Loading weights:   0%|          | 1/723 [00:00<07:57,  1.51it/s]
[36m(WorkerDict pid=61295)[0m Loading weights:  29%|██▉       | 212/723 [00:00<00:01, 368.31it/s]
[36m(WorkerDict pid=61295)[0m Loading weights: 100%|██████████| 723/723 [00:01<00:00, 372.58it/s]
[36m(TaskRunner pid=58903)[0m                                          'mtp': None,
[36m(TaskRunner pid=58903)[0m                                          'multi_stage_wake_up': False,
[36m(TaskRunner pid=58903)[0m                                          'n': 1,
[36m(TaskRunner pid=58903)[0m                                          'name': '???',
[36m(TaskRunner pid=58903)[0m                                          'pipeline_model_parallel_size': 1,
[36m(TaskRunner pid=58903)[0m                                          'prompt_length': 2048,
[36m(TaskRunner pid=58903)[0m                                          'quantization': None,
[36m(TaskRunner pid=58903)[0m                                          'quantization_config_file': None,
[36m(TaskRunner pid=58903)[0m                                          'response_length': 2048,
[36m(TaskRunner pid=58903)[0m                                          'scheduling_policy': 'fcfs',
[36m(TaskRunner pid=58903)[0m                                          'skip_tokenizer_init': False,
[36m(TaskRunner pid=58903)[0m                                          'temperature': 1.0,
[36m(TaskRunner pid=58903)[0m                                          'tensor_model_parallel_size': 2,
[36m(TaskRunner pid=58903)[0m                                          'top_k': -1,
[36m(TaskRunner pid=58903)[0m                                          'top_p': 1}},
[36m(TaskRunner pid=58903)[0m             'sandbox_fusion': {'_target_': 'verl.workers.config.SandboxFusionConfig',
[36m(TaskRunner pid=58903)[0m                                'max_concurrent': 64,
[36m(TaskRunner pid=58903)[0m                                'memory_limit_mb': 1024,
[36m(TaskRunner pid=58903)[0m                                'url': None}},
[36m(TaskRunner pid=58903)[0m  'trainer': {'balance_batch': True,
[36m(TaskRunner pid=58903)[0m              'critic_warmup': 0,
[36m(TaskRunner pid=58903)[0m              'default_hdfs_dir': None,
[36m(TaskRunner pid=58903)[0m              'default_local_dir': '/public/home/xingjl/verl-das/examples/on_policy_distillation_trainer/ckpts/DISTILLATION-Qwen3.5-4B-BASE-GEO3K/DISTILLATION-Qwen3.5-4B-BASE-FSDP2-vLLM',
[36m(TaskRunner pid=58903)[0m              'del_local_ckpt_after_load': False,
[36m(TaskRunner pid=58903)[0m              'device': 'cuda',
[36m(TaskRunner pid=58903)[0m              'esi_redundant_time': 0,
[36m(TaskRunner pid=58903)[0m              'experiment_name': 'DISTILLATION-Qwen3.5-4B-BASE-FSDP2-vLLM',
[36m(TaskRunner pid=58903)[0m              'log_val_generations': 0,
[36m(TaskRunner pid=58903)[0m              'logger': ['console'],
[36m(TaskRunner pid=58903)[0m              'max_actor_ckpt_to_keep': None,
[36m(TaskRunner pid=58903)[0m              'max_critic_ckpt_to_keep': None,
[36m(TaskRunner pid=58903)[0m              'n_gpus_per_node': 4,
[36m(TaskRunner pid=58903)[0m              'nnodes': 1,
[36m(TaskRunner pid=58903)[0m              'project_name': 'DISTILLATION-Qwen3.5-4B-BASE-GEO3K',
[36m(TaskRunner pid=58903)[0m              'ray_wait_register_center_timeout': 300,
[36m(TaskRunner pid=58903)[0m              'resume_from_path': None,
[36m(TaskRunner pid=58903)[0m              'resume_mode': 'auto',
[36m(TaskRunner pid=58903)[0m              'rollout_data_dir': None,
[36m(TaskRunner pid=58903)[0m              'save_freq': 200,
[36m(TaskRunner pid=58903)[0m              'test_freq': 5,
[36m(TaskRunner pid=58903)[0m              'total_epochs': 15,
[36m(TaskRunner pid=58903)[0m              'total_training_steps': None,
[36m(TaskRunner pid=58903)[0m              'val_before_train': False,
[36m(TaskRunner pid=58903)[0m              'val_only': False,
[36m(TaskRunner pid=58903)[0m              'validation_data_dir': None},
[36m(TaskRunner pid=58903)[0m  'transfer_queue': {'backend': {'MooncakeStore': {'auto_init': False,
[36m(TaskRunner pid=58903)[0m                                                   'device_name': '',
[36m(TaskRunner pid=58903)[0m                                                   'global_segment_size': 4294967296,
[36m(TaskRunner pid=58903)[0m                                                   'local_buffer_size': 1073741824,
[36m(TaskRunner pid=58903)[0m                                                   'local_hostname': 'localhost',
[36m(TaskRunner pid=58903)[0m                                                   'master_server_address': 'localhost:50124',
[36m(TaskRunner pid=58903)[0m                                                   'metadata_server': 'localhost:50123',
[36m(TaskRunner pid=58903)[0m                                                   'protocol': 'tcp'},
[36m(TaskRunner pid=58903)[0m                                 'SimpleStorage': {'num_data_storage_units': 8,
[36m(TaskRunner pid=58903)[0m                                                   'total_storage_size': 100000},
[36m(TaskRunner pid=58903)[0m                                 'storage_backend': 'SimpleStorage'},
[36m(TaskRunner pid=58903)[0m                     'enable': False,
[36m(TaskRunner pid=58903)[0m                     'metrics': {'enabled': False, 'port': 0}}}
[36m(TaskRunner pid=58903)[0m [validate_config] All configuration checks passed successfully!
[36m(TaskRunner pid=58903)[0m Using dataset class: RLHFDataset
[36m(TaskRunner pid=58903)[0m dataset len: 2101
[36m(TaskRunner pid=58903)[0m filter dataset len: 2101
[36m(TaskRunner pid=58903)[0m Using dataset class: RLHFDataset
[36m(TaskRunner pid=58903)[0m dataset len: 601
[36m(TaskRunner pid=58903)[0m filter dataset len: 601
[36m(TaskRunner pid=58903)[0m Size of train dataloader: 16, Size of val dataloader: 1
[36m(TaskRunner pid=58903)[0m Total training steps: 240
[36m(TaskRunner pid=58903)[0m colocated worker base class <class 'verl.single_controller.base.worker.Worker'>
[36m(pid=61293)[0m LANG_RL Log directory: None
[36m(pid=61292)[0m [HCU_ADAPT] Patch has been applied in worker
[36m(pid=61294)[0m LANG_RL Log directory: None[32m [repeated 3x across cluster] (Ray deduplicates logs by default. Set RAY_DEDUP_LOGS=0 to disable log deduplication, or see https://docs.ray.io/en/master/ray-observability/user-guides/configure-logging.html#log-deduplication for more options.)[0m
[36m(WorkerDict pid=61293)[0m [INFO|/public/home/xingjl/verl-das/third_party/VeOmni/veomni/ops/__init__.py:71] 07/31/2026 11:14:31 >> ✅ VeOmni attention patches applied.
[36m(WorkerDict pid=61293)[0m [INFO|/public/home/xingjl/verl-das/third_party/VeOmni/veomni/__init__.py:25] 07/31/2026 11:14:31 >> 
[36m(WorkerDict pid=61293)[0m ========== Environment Variables ==========
[36m(WorkerDict pid=61293)[0m MODELING_BACKEND=veomni (source=default)
[36m(WorkerDict pid=61293)[0m ===========================================
[36m(WorkerDict pid=61293)[0m [Gloo] Rank 1 is connected to 3 peer ranks. Expected number of connected peer ranks is : 3
[36m(WorkerDict pid=61293)[0m Warning: Failed to set NUMA affinity: NVML Shared Library Not Found
[36m(WorkerDict pid=61293)[0m Only support config type of dict_keys(['qwen2', 'llama', 'qwen2_moe', 'qwen2_vl', 'qwen2_5_vl', 'qwen3', 'qwen3_moe', 'qwen3_vl', 'qwen3_vl_moe', 'deepseek_v3', 'minicpmv', 'minicpmo', 'mistral', 'gemma3_text', 'seed_oss', 'apertus', 'glm4v', 'gpt_oss', 'mimo']), but got qwen3_5. MFU will always be zero.
[36m(WorkerDict pid=61295)[0m Monkey patch Qwen3_5ForConditionalGeneration model forward
[36m(WorkerDict pid=61295)[0m Monkey patch _flash_attention_forward in transformers.integrations.flash_attention
[36m(WorkerDict pid=61295)[0m Skipping monkey patch for Qwen3_5ForConditionalGeneration as use_fused_kernels is False or fused_kernels_backend is torch
[36m(WorkerDict pid=61292)[0m Qwen3_5ForConditionalGeneration contains 4.54B parameters
[36m(WorkerDict pid=61292)[0m Before FSDP, memory allocated (GB): 0.00, memory reserved (GB): 0.00, device memory used/total (GB): 9.72/143.98
[36m(WorkerDict pid=61292)[0m After FSDP, memory allocated (GB): 4.24, memory reserved (GB): 7.16, device memory used/total (GB): 17.75/143.98
[36m(WorkerDict pid=61295)[0m Loading weights:   0%|          | 0/723 [00:00<?, ?it/s][32m [repeated 3x across cluster][0m
[36m(pid=62921)[0m WARNING:2026-07-31 11:15:11,571:Current Python version 3.10 is below the recommended 3.11 version. It is recommended to upgrade to Python 3.11 or higher for the best experience.
[36m(WorkerDict pid=61293)[0m Loading weights:  87%|████████▋ | 626/723 [00:02<00:00, 460.84it/s][32m [repeated 22x across cluster][0m
[36m(WorkerDict pid=61293)[0m Loading weights: 100%|██████████| 723/723 [00:02<00:00, 333.11it/s][32m [repeated 3x across cluster][0m
[36m(pid=62924)[0m WARNING:2026-07-31 11:15:11,745:Current Python version 3.10 is below the recommended 3.11 version. It is recommended to upgrade to Python 3.11 or higher for the best experience.
[36m(pid=65112)[0m WARNING:2026-07-31 11:15:46,243:Current Python version 3.10 is below the recommended 3.11 version. It is recommended to upgrade to Python 3.11 or higher for the best experience.[32m [repeated 11x across cluster][0m
[36m(WorkerDict pid=61292)[0m Total steps: 240, num_warmup_steps: 0
[36m(WorkerDict pid=61294)[0m [INFO|/public/home/xingjl/verl-das/third_party/VeOmni/veomni/ops/__init__.py:71] 07/31/2026 11:14:31 >> ✅ VeOmni attention patches applied.[32m [repeated 3x across cluster][0m
[36m(WorkerDict pid=61294)[0m [INFO|/public/home/xingjl/verl-das/third_party/VeOmni/veomni/__init__.py:25] 07/31/2026 11:14:31 >> [32m [repeated 3x across cluster][0m
[36m(WorkerDict pid=61294)[0m ========== Environment Variables ==========[32m [repeated 3x across cluster][0m
[36m(WorkerDict pid=61294)[0m MODELING_BACKEND=veomni (source=default)[32m [repeated 3x across cluster][0m
[36m(WorkerDict pid=61294)[0m ===========================================[32m [repeated 3x across cluster][0m
[36m(WorkerDict pid=61294)[0m [Gloo] Rank 2 is connected to 3 peer ranks. Expected number of connected peer ranks is : 3[32m [repeated 3x across cluster][0m
[36m(WorkerDict pid=61294)[0m Warning: Failed to set NUMA affinity: NVML Shared Library Not Found[32m [repeated 3x across cluster][0m
[36m(WorkerDict pid=61294)[0m Only support config type of dict_keys(['qwen2', 'llama', 'qwen2_moe', 'qwen2_vl', 'qwen2_5_vl', 'qwen3', 'qwen3_moe', 'qwen3_vl', 'qwen3_vl_moe', 'deepseek_v3', 'minicpmv', 'minicpmo', 'mistral', 'gemma3_text', 'seed_oss', 'apertus', 'glm4v', 'gpt_oss', 'mimo']), but got qwen3_5. MFU will always be zero.[32m [repeated 3x across cluster][0m
[36m(WorkerDict pid=61294)[0m Monkey patch Qwen3_5ForConditionalGeneration model forward[32m [repeated 3x across cluster][0m
[36m(WorkerDict pid=61294)[0m Monkey patch _flash_attention_forward in transformers.integrations.flash_attention[32m [repeated 3x across cluster][0m
[36m(WorkerDict pid=61294)[0m Skipping monkey patch for Qwen3_5ForConditionalGeneration as use_fused_kernels is False or fused_kernels_backend is torch[32m [repeated 3x across cluster][0m
[36m(pid=62921)[0m LANG_RL Log directory: None
[36m(WorkerDict pid=61294)[0m [Gloo] Rank 0 is connected to 0 peer ranks. Expected number of connected peer ranks is : 0[32m [repeated 12x across cluster][0m
[36m(pid=62921)[0m [HCU_ADAPT] Patch has been applied in worker
[36m(pid=63485)[0m LANG_RL Log directory: None[32m [repeated 11x across cluster][0m
[36m(CheckpointEngineWorker pid=63357)[0m [Gloo] Rank 0 is connected to 3 peer ranks. Expected number of connected peer ranks is : 3
[36m(pid=63357)[0m [HCU_ADAPT] Patch has been applied in worker[32m [repeated 8x across cluster][0m
[36m(pid=65112)[0m LANG_RL Log directory: None
[36m(CheckpointEngineWorker pid=63485)[0m [Gloo] Rank 3 is connected to 3 peer ranks. Expected number of connected peer ranks is : 3[32m [repeated 3x across cluster][0m
[36m(pid=65112)[0m [HCU_ADAPT] Patch has been applied in worker
[36m(vLLMHttpServer pid=65112)[0m ['serve',
[36m(vLLMHttpServer pid=65112)[0m  '/public/home/xingjl/models/Qwen3.5-35B-A3B',
[36m(vLLMHttpServer pid=65112)[0m  '--dtype',
[36m(vLLMHttpServer pid=65112)[0m  'bfloat16',
[36m(vLLMHttpServer pid=65112)[0m  '--load_format',
[36m(vLLMHttpServer pid=65112)[0m  'auto',
[36m(vLLMHttpServer pid=65112)[0m  '--distributed_executor_backend',
[36m(vLLMHttpServer pid=65112)[0m  'mp',
[36m(vLLMHttpServer pid=65112)[0m  '--worker_extension_cls',
[36m(vLLMHttpServer pid=65112)[0m  'verl.workers.rollout.vllm_rollout.utils.vLLMColocateWorkerExtension',
[36m(vLLMHttpServer pid=65112)[0m  '--max_model_len',
[36m(vLLMHttpServer pid=65112)[0m  '3073',
[36m(vLLMHttpServer pid=65112)[0m  '--max_num_seqs',
[36m(vLLMHttpServer pid=65112)[0m  '1024',
[36m(vLLMHttpServer pid=65112)[0m  '--enable_chunked_prefill',
[36m(vLLMHttpServer pid=65112)[0m  '--max_num_batched_tokens',
[36m(vLLMHttpServer pid=65112)[0m  '8192',
[36m(vLLMHttpServer pid=65112)[0m  '--enable_prefix_caching',
[36m(vLLMHttpServer pid=65112)[0m  '--enable_sleep_mode',
[36m(vLLMHttpServer pid=65112)[0m  '--logprobs_mode',
[36m(vLLMHttpServer pid=65112)[0m  'processed_logprobs',
[36m(vLLMHttpServer pid=65112)[0m  '--enforce_eager',
[36m(vLLMHttpServer pid=65112)[0m  '--gpu_memory_utilization',
[36m(vLLMHttpServer pid=65112)[0m  '0.3',
[36m(vLLMHttpServer pid=65112)[0m  '--disable_log_stats',
[36m(vLLMHttpServer pid=65112)[0m  '--tensor_parallel_size',
[36m(vLLMHttpServer pid=65112)[0m  '4',
[36m(vLLMHttpServer pid=65112)[0m  '--seed',
[36m(vLLMHttpServer pid=65112)[0m  '0',
[36m(vLLMHttpServer pid=65112)[0m  '--override_generation_config',
[36m(vLLMHttpServer pid=65112)[0m  '{"temperature": 1.0, "top_k": -1, "top_p": 1.0, "repetition_penalty": 1.0, '
[36m(vLLMHttpServer pid=65112)[0m  '"max_new_tokens": 1}',
[36m(vLLMHttpServer pid=65112)[0m  '--hf_overrides',
[36m(vLLMHttpServer pid=65112)[0m  '{}',
[36m(vLLMHttpServer pid=65112)[0m  '--scheduling_policy',
[36m(vLLMHttpServer pid=65112)[0m  'fcfs',
[36m(vLLMHttpServer pid=65112)[0m  '--compilation_config',
[36m(vLLMHttpServer pid=65112)[0m  '{"cudagraph_mode": "FULL_AND_PIECEWISE"}',
[36m(vLLMHttpServer pid=65112)[0m  '--enable_expert_parallel']
[36m(vLLMHttpServer pid=65112)[0m WARNING 07-31 11:15:54 [registry.py:911] Model architecture DeepseekV3ForCausalLM is already registered, and will be overwritten by the new model class vllm_hcu.models.deepseek_v2:DeepseekV3ForCausalLM.
[36m(vLLMHttpServer pid=65112)[0m WARNING 07-31 11:15:54 [registry.py:911] Model architecture DeepseekV32ForCausalLM is already registered, and will be overwritten by the new model class vllm_hcu.models.deepseek_v2:DeepseekV3ForCausalLM.
[36m(vLLMHttpServer pid=65112)[0m WARNING 07-31 11:15:54 [registry.py:911] Model architecture DeepSeekMTPModel is already registered, and will be overwritten by the new model class vllm_hcu.models.deepseek_mtp:DeepSeekMTP.
[36m(vLLMHttpServer pid=65112)[0m WARNING 07-31 11:15:54 [registry.py:911] Model architecture GlmMoeDsaForCausalLM is already registered, and will be overwritten by the new model class vllm_hcu.models.deepseek_v2:GlmMoeDsaForCausalLM.
[36m(vLLMHttpServer pid=65112)[0m WARNING 07-31 11:15:54 [registry.py:911] Model architecture Glm4MoeForCausalLM is already registered, and will be overwritten by the new model class vllm_hcu.models.glm4_moe:Glm4MoeForCausalLM.
[36m(vLLMHttpServer pid=65112)[0m WARNING 07-31 11:15:54 [config.py:387] Mamba cache mode is set to 'align' for Qwen3_5MoeForConditionalGeneration by default when prefix caching is enabled
[36m(vLLMHttpServer pid=65112)[0m WARNING 07-31 11:15:54 [vllm.py:810] Enforce eager set, disabling torch.compile and CUDAGraphs. This is equivalent to setting -cc.mode=none -cc.cudagraph_mode=none
[36m(vLLMHttpServer pid=65112)[0m WARNING 07-31 11:15:54 [vllm.py:821] Inductor compilation was disabled by user settings, optimizations settings that are only active during inductor compilation will be ignored.
[36m(vLLMHttpServer pid=65112)[0m WARNING 07-31 11:16:03 [system_utils.py:152] We must use the `spawn` multiprocessing start method. Overriding VLLM_WORKER_MULTIPROC_METHOD to 'spawn'. See https://docs.vllm.ai/en/latest/usage/troubleshooting.html#python-multiprocessing for more information. Reasons: In a Ray actor and can only be spawned; CUDA is initialized
[36m(vLLMHttpServer pid=65112)[0m (EngineCore pid=66008) WARNING 07-31 11:16:22 [registry.py:911] Model architecture DeepseekV3ForCausalLM is already registered, and will be overwritten by the new model class vllm_hcu.models.deepseek_v2:DeepseekV3ForCausalLM.
[36m(vLLMHttpServer pid=65112)[0m (EngineCore pid=66008) WARNING 07-31 11:16:22 [registry.py:911] Model architecture DeepseekV32ForCausalLM is already registered, and will be overwritten by the new model class vllm_hcu.models.deepseek_v2:DeepseekV3ForCausalLM.
[36m(vLLMHttpServer pid=65112)[0m (EngineCore pid=66008) WARNING 07-31 11:16:22 [registry.py:911] Model architecture DeepSeekMTPModel is already registered, and will be overwritten by the new model class vllm_hcu.models.deepseek_mtp:DeepSeekMTP.
[36m(vLLMHttpServer pid=65112)[0m WARNING:2026-07-31 11:16:51,427:Current Python version 3.10 is below the recommended 3.11 version. It is recommended to upgrade to Python 3.11 or higher for the best experience.
[36m(vLLMHttpServer pid=65112)[0m WARNING:2026-07-31 11:16:51,703:Current Python version 3.10 is below the recommended 3.11 version. It is recommended to upgrade to Python 3.11 or higher for the best experience.
[36m(vLLMHttpServer pid=65112)[0m WARNING:2026-07-31 11:16:51,711:Current Python version 3.10 is below the recommended 3.11 version. It is recommended to upgrade to Python 3.11 or higher for the best experience.
[36m(vLLMHttpServer pid=65112)[0m WARNING:2026-07-31 11:16:52,297:Current Python version 3.10 is below the recommended 3.11 version. It is recommended to upgrade to Python 3.11 or higher for the best experience.
[36m(vLLMHttpServer pid=65112)[0m (EngineCore pid=66008) WARNING 07-31 11:16:22 [registry.py:911] Model architecture GlmMoeDsaForCausalLM is already registered, and will be overwritten by the new model class vllm_hcu.models.deepseek_v2:GlmMoeDsaForCausalLM.
[36m(vLLMHttpServer pid=65112)[0m (EngineCore pid=66008) WARNING 07-31 11:16:22 [registry.py:911] Model architecture Glm4MoeForCausalLM is already registered, and will be overwritten by the new model class vllm_hcu.models.glm4_moe:Glm4MoeForCausalLM.
[36m(vLLMHttpServer pid=65112)[0m WARNING 07-31 11:16:46 [registry.py:911] Model architecture DeepseekV3ForCausalLM is already registered, and will be overwritten by the new model class vllm_hcu.models.deepseek_v2:DeepseekV3ForCausalLM.
[36m(vLLMHttpServer pid=65112)[0m WARNING 07-31 11:16:46 [registry.py:911] Model architecture DeepseekV32ForCausalLM is already registered, and will be overwritten by the new model class vllm_hcu.models.deepseek_v2:DeepseekV3ForCausalLM.
[36m(vLLMHttpServer pid=65112)[0m WARNING 07-31 11:16:46 [registry.py:911] Model architecture DeepSeekMTPModel is already registered, and will be overwritten by the new model class vllm_hcu.models.deepseek_mtp:DeepSeekMTP.
[36m(vLLMHttpServer pid=65112)[0m WARNING 07-31 11:16:46 [registry.py:911] Model architecture GlmMoeDsaForCausalLM is already registered, and will be overwritten by the new model class vllm_hcu.models.deepseek_v2:GlmMoeDsaForCausalLM.
[36m(vLLMHttpServer pid=65112)[0m WARNING 07-31 11:16:46 [registry.py:911] Model architecture Glm4MoeForCausalLM is already registered, and will be overwritten by the new model class vllm_hcu.models.glm4_moe:Glm4MoeForCausalLM.
[36m(vLLMHttpServer pid=65112)[0m WARNING 07-31 11:16:46 [registry.py:911] Model architecture DeepseekV3ForCausalLM is already registered, and will be overwritten by the new model class vllm_hcu.models.deepseek_v2:DeepseekV3ForCausalLM.
[36m(vLLMHttpServer pid=65112)[0m WARNING 07-31 11:16:46 [registry.py:911] Model architecture DeepseekV32ForCausalLM is already registered, and will be overwritten by the new model class vllm_hcu.models.deepseek_v2:DeepseekV3ForCausalLM.
[36m(vLLMHttpServer pid=65112)[0m WARNING 07-31 11:16:46 [registry.py:911] Model architecture DeepSeekMTPModel is already registered, and will be overwritten by the new model class vllm_hcu.models.deepseek_mtp:DeepSeekMTP.
[36m(vLLMHttpServer pid=65112)[0m WARNING 07-31 11:16:46 [registry.py:911] Model architecture GlmMoeDsaForCausalLM is already registered, and will be overwritten by the new model class vllm_hcu.models.deepseek_v2:GlmMoeDsaForCausalLM.
[36m(vLLMHttpServer pid=65112)[0m WARNING 07-31 11:16:46 [registry.py:911] Model architecture Glm4MoeForCausalLM is already registered, and will be overwritten by the new model class vllm_hcu.models.glm4_moe:Glm4MoeForCausalLM.
[36m(vLLMHttpServer pid=65112)[0m WARNING 07-31 11:16:46 [registry.py:911] Model architecture DeepseekV3ForCausalLM is already registered, and will be overwritten by the new model class vllm_hcu.models.deepseek_v2:DeepseekV3ForCausalLM.
[36m(vLLMHttpServer pid=65112)[0m WARNING 07-31 11:16:46 [registry.py:911] Model architecture DeepseekV32ForCausalLM is already registered, and will be overwritten by the new model class vllm_hcu.models.deepseek_v2:DeepseekV3ForCausalLM.
[36m(vLLMHttpServer pid=65112)[0m WARNING 07-31 11:16:46 [registry.py:911] Model architecture DeepSeekMTPModel is already registered, and will be overwritten by the new model class vllm_hcu.models.deepseek_mtp:DeepSeekMTP.
[36m(vLLMHttpServer pid=65112)[0m WARNING 07-31 11:16:46 [registry.py:911] Model architecture GlmMoeDsaForCausalLM is already registered, and will be overwritten by the new model class vllm_hcu.models.deepseek_v2:GlmMoeDsaForCausalLM.
[36m(vLLMHttpServer pid=65112)[0m WARNING 07-31 11:16:46 [registry.py:911] Model architecture Glm4MoeForCausalLM is already registered, and will be overwritten by the new model class vllm_hcu.models.glm4_moe:Glm4MoeForCausalLM.
[36m(vLLMHttpServer pid=65112)[0m WARNING 07-31 11:16:47 [registry.py:911] Model architecture DeepseekV3ForCausalLM is already registered, and will be overwritten by the new model class vllm_hcu.models.deepseek_v2:DeepseekV3ForCausalLM.
[36m(vLLMHttpServer pid=65112)[0m WARNING 07-31 11:16:47 [registry.py:911] Model architecture DeepseekV32ForCausalLM is already registered, and will be overwritten by the new model class vllm_hcu.models.deepseek_v2:DeepseekV3ForCausalLM.
[36m(vLLMHttpServer pid=65112)[0m WARNING 07-31 11:16:47 [registry.py:911] Model architecture DeepSeekMTPModel is already registered, and will be overwritten by the new model class vllm_hcu.models.deepseek_mtp:DeepSeekMTP.
[36m(vLLMHttpServer pid=65112)[0m WARNING 07-31 11:16:47 [registry.py:911] Model architecture GlmMoeDsaForCausalLM is already registered, and will be overwritten by the new model class vllm_hcu.models.deepseek_v2:GlmMoeDsaForCausalLM.
[36m(vLLMHttpServer pid=65112)[0m WARNING 07-31 11:16:47 [registry.py:911] Model architecture Glm4MoeForCausalLM is already registered, and will be overwritten by the new model class vllm_hcu.models.glm4_moe:Glm4MoeForCausalLM.
[36m(vLLMHttpServer pid=65112)[0m LANG_RL Log directory: None
[36m(vLLMHttpServer pid=65112)[0m [HCU_ADAPT] Patch has been applied in worker
[36m(vLLMHttpServer pid=65112)[0m LANG_RL Log directory: None
[36m(vLLMHttpServer pid=65112)[0m [HCU_ADAPT] Patch has been applied in worker
[36m(vLLMHttpServer pid=65112)[0m LANG_RL Log directory: None
[36m(vLLMHttpServer pid=65112)[0m [HCU_ADAPT] Patch has been applied in worker
[36m(vLLMHttpServer pid=65112)[0m LANG_RL Log directory: None
[36m(vLLMHttpServer pid=65112)[0m [HCU_ADAPT] Patch has been applied in worker
[36m(vLLMHttpServer pid=65112)[0m (Worker_TP2_EP2 pid=66472) WARNING 07-31 11:17:06 [activation.py:643] [ROCm] PyTorch's native GELU with tanh approximation is unstable. Falling back to GELU(approximate='none').
[36m(vLLMHttpServer pid=65112)[0m (Worker_TP3_EP3 pid=66473) WARNING 07-31 11:17:06 [activation.py:643] [ROCm] PyTorch's native GELU with tanh approximation is unstable. Falling back to GELU(approximate='none').
[36m(vLLMHttpServer pid=65112)[0m (Worker_TP2_EP2 pid=66472) ###################self.global_num_experts:256, self.logical_num_experts:256 self.moe_parallel_config:FusedMoEParallelConfig(tp_size=1, pcp_size=1, dp_size=1, ep_size=4, tp_rank=0, pcp_rank=0, dp_rank=0, ep_rank=2, sp_size=1, use_ep=True, all2all_backend='allgather_reducescatter', enable_eplb=False)
[36m(vLLMHttpServer pid=65112)[0m (Worker_TP2_EP2 pid=66472) WARNING 07-31 11:17:06 [compilation.py:1136] Op 'quant_fp8' not present in model, enabling with '+quant_fp8' has no effect
[36m(vLLMHttpServer pid=65112)[0m (Worker_TP2_EP2 pid=66472) WARNING 07-31 11:17:06 [compilation.py:1136] Op 'grouped_topk' not present in model, enabling with '+grouped_topk' has no effect
[36m(vLLMHttpServer pid=65112)[0m (Worker_TP2_EP2 pid=66472) WARNING 07-31 11:17:06 [compilation.py:1136] Op 'sparse_attn_indexer' not present in model, enabling with '+sparse_attn_indexer' has no effect
[36m(vLLMHttpServer pid=65112)[0m (Worker_TP3_EP3 pid=66473) ###################self.global_num_experts:256, self.logical_num_experts:256 self.moe_parallel_config:FusedMoEParallelConfig(tp_size=1, pcp_size=1, dp_size=1, ep_size=4, tp_rank=0, pcp_rank=0, dp_rank=0, ep_rank=3, sp_size=1, use_ep=True, all2all_backend='allgather_reducescatter', enable_eplb=False)
[36m(vLLMHttpServer pid=65112)[0m (Worker_TP3_EP3 pid=66473) WARNING 07-31 11:17:06 [compilation.py:1136] Op 'quant_fp8' not present in model, enabling with '+quant_fp8' has no effect
[36m(vLLMHttpServer pid=65112)[0m (Worker_TP3_EP3 pid=66473) WARNING 07-31 11:17:06 [compilation.py:1136] Op 'grouped_topk' not present in model, enabling with '+grouped_topk' has no effect
[36m(vLLMHttpServer pid=65112)[0m (Worker_TP3_EP3 pid=66473) WARNING 07-31 11:17:06 [compilation.py:1136] Op 'sparse_attn_indexer' not present in model, enabling with '+sparse_attn_indexer' has no effect
[36m(vLLMHttpServer pid=65112)[0m (Worker_TP0_EP0 pid=66470) Loading safetensors checkpoint shards:   0% Completed | 0/14 [00:00<?, ?it/s]
[36m(vLLMHttpServer pid=65112)[0m (Worker_TP0_EP0 pid=66470) Loading safetensors checkpoint shards:   7% Completed | 1/14 [00:02<00:37,  2.92s/it]
[36m(vLLMHttpServer pid=65112)[0m (Worker_TP0_EP0 pid=66470) Loading safetensors checkpoint shards:  14% Completed | 2/14 [00:03<00:17,  1.44s/it]
[36m(vLLMHttpServer pid=65112)[0m (Worker_TP0_EP0 pid=66470) Loading safetensors checkpoint shards:  21% Completed | 3/14 [00:03<00:10,  1.03it/s]
[36m(vLLMHttpServer pid=65112)[0m (Worker_TP0_EP0 pid=66470) Loading safetensors checkpoint shards:  29% Completed | 4/14 [00:04<00:07,  1.30it/s]
[36m(vLLMHttpServer pid=65112)[0m (Worker_TP0_EP0 pid=66470) Loading safetensors checkpoint shards:  36% Completed | 5/14 [00:04<00:06,  1.49it/s]
[36m(vLLMHttpServer pid=65112)[0m (Worker_TP0_EP0 pid=66470) Loading safetensors checkpoint shards:  43% Completed | 6/14 [00:05<00:05,  1.58it/s]
[36m(vLLMHttpServer pid=65112)[0m (Worker_TP0_EP0 pid=66470) Loading safetensors checkpoint shards:  50% Completed | 7/14 [00:05<00:04,  1.62it/s]
[36m(vLLMHttpServer pid=65112)[0m (Worker_TP0_EP0 pid=66470) Loading safetensors checkpoint shards:  57% Completed | 8/14 [00:06<00:03,  1.73it/s]
[36m(vLLMHttpServer pid=65112)[0m (Worker_TP0_EP0 pid=66470) Loading safetensors checkpoint shards:  64% Completed | 9/14 [00:06<00:02,  1.89it/s]
[36m(vLLMHttpServer pid=65112)[0m (Worker_TP0_EP0 pid=66470) Loading safetensors checkpoint shards:  71% Completed | 10/14 [00:07<00:02,  1.96it/s]
[36m(vLLMHttpServer pid=65112)[0m (Worker_TP0_EP0 pid=66470) Loading safetensors checkpoint shards:  79% Completed | 11/14 [00:07<00:01,  2.03it/s]
[36m(vLLMHttpServer pid=65112)[0m (Worker_TP0_EP0 pid=66470) Loading safetensors checkpoint shards:  86% Completed | 12/14 [00:08<00:00,  2.10it/s]
[36m(vLLMHttpServer pid=65112)[0m (Worker_TP0_EP0 pid=66470) Loading safetensors checkpoint shards:  93% Completed | 13/14 [00:09<00:00,  1.12it/s]
[36m(vLLMHttpServer pid=65112)[0m (Worker_TP0_EP0 pid=66470) Loading safetensors checkpoint shards: 100% Completed | 14/14 [00:10<00:00,  1.35it/s]
[36m(vLLMHttpServer pid=65112)[0m (Worker_TP0_EP0 pid=66470) Loading safetensors checkpoint shards: 100% Completed | 14/14 [00:10<00:00,  1.35it/s]
[36m(vLLMHttpServer pid=65112)[0m (Worker_TP0_EP0 pid=66470) 
[36m(pid=74214)[0m WARNING:2026-07-31 11:18:24,207:Current Python version 3.10 is below the recommended 3.11 version. It is recommended to upgrade to Python 3.11 or higher for the best experience.
[36m(vLLMHttpServer pid=65112)[0m (Worker_TP0_EP0 pid=66470) WARNING 07-31 11:17:07 [activation.py:643] [ROCm] PyTorch's native GELU with tanh approximation is unstable. Falling back to GELU(approximate='none').
[36m(vLLMHttpServer pid=65112)[0m (Worker_TP1_EP1 pid=66471) WARNING 07-31 11:17:07 [activation.py:643] [ROCm] PyTorch's native GELU with tanh approximation is unstable. Falling back to GELU(approximate='none').
[36m(vLLMHttpServer pid=65112)[0m (Worker_TP0_EP0 pid=66470) ###################self.global_num_experts:256, self.logical_num_experts:256 self.moe_parallel_config:FusedMoEParallelConfig(tp_size=1, pcp_size=1, dp_size=1, ep_size=4, tp_rank=0, pcp_rank=0, dp_rank=0, ep_rank=0, sp_size=1, use_ep=True, all2all_backend='allgather_reducescatter', enable_eplb=False)
[36m(vLLMHttpServer pid=65112)[0m (Worker_TP0_EP0 pid=66470) WARNING 07-31 11:17:07 [compilation.py:1136] Op 'quant_fp8' not present in model, enabling with '+quant_fp8' has no effect
[36m(vLLMHttpServer pid=65112)[0m (Worker_TP0_EP0 pid=66470) WARNING 07-31 11:17:07 [compilation.py:1136] Op 'grouped_topk' not present in model, enabling with '+grouped_topk' has no effect
[36m(vLLMHttpServer pid=65112)[0m (Worker_TP0_EP0 pid=66470) WARNING 07-31 11:17:07 [compilation.py:1136] Op 'sparse_attn_indexer' not present in model, enabling with '+sparse_attn_indexer' has no effect
[36m(vLLMHttpServer pid=65112)[0m (Worker_TP1_EP1 pid=66471) ###################self.global_num_experts:256, self.logical_num_experts:256 self.moe_parallel_config:FusedMoEParallelConfig(tp_size=1, pcp_size=1, dp_size=1, ep_size=4, tp_rank=0, pcp_rank=0, dp_rank=0, ep_rank=1, sp_size=1, use_ep=True, all2all_backend='allgather_reducescatter', enable_eplb=False)
[36m(vLLMHttpServer pid=65112)[0m (Worker_TP1_EP1 pid=66471) WARNING 07-31 11:17:07 [compilation.py:1136] Op 'quant_fp8' not present in model, enabling with '+quant_fp8' has no effect
[36m(vLLMHttpServer pid=65112)[0m (Worker_TP1_EP1 pid=66471) WARNING 07-31 11:17:07 [compilation.py:1136] Op 'grouped_topk' not present in model, enabling with '+grouped_topk' has no effect
[36m(vLLMHttpServer pid=65112)[0m (Worker_TP1_EP1 pid=66471) WARNING 07-31 11:17:07 [compilation.py:1136] Op 'sparse_attn_indexer' not present in model, enabling with '+sparse_attn_indexer' has no effect
[36m(vLLMHttpServer pid=65112)[0m [aiter] hipModuleLoad: /usr/local/lib/python3.10/dist-packages/aiter_meta/hsa/gfx938/w16a16/bf16/stage1/shuffle/Cijk_Alik_Bljk_B16_MT32x32x128_SN_K1_SB3_SWMNK2_2_1_moe1.co GetFunction: B16_MT32x32x128_SN_K1_PGR4_WG16_16_2_moe1 Success
[36m(vLLMHttpServer pid=65112)[0m [aiter] hipModuleLoad: /usr/local/lib/python3.10/dist-packages/aiter_meta/hsa/gfx938/w16a16/bf16/stage1/shuffle/Cijk_Alik_Bljk_B16_MT32x32x128_SN_K1_SB3_SWMNK2_2_1_moe1.co GetFunction: B16_MT32x32x128_SN_K1_PGR4_WG16_16_2_moe1 Success
[36m(vLLMHttpServer pid=65112)[0m [aiter] hipModuleLoad: /usr/local/lib/python3.10/dist-packages/aiter_meta/hsa/gfx938/w16a16/bf16/stage1/shuffle/Cijk_Alik_Bljk_B16_MT32x32x128_SN_K1_SB3_SWMNK2_2_1_moe1.co GetFunction: B16_MT32x32x128_SN_K1_PGR4_WG16_16_2_moe1 Success
[36m(vLLMHttpServer pid=65112)[0m [aiter] hipModuleLoad: /usr/local/lib/python3.10/dist-packages/aiter_meta/hsa/gfx938/w16a16/bf16/stage1/shuffle/Cijk_Alik_Bljk_B16_MT32x32x128_SN_K1_SB3_SWMNK2_2_1_moe1.co GetFunction: B16_MT32x32x128_SN_K1_PGR4_WG16_16_2_moe1 Success
[36m(vLLMHttpServer pid=65112)[0m [aiter] hipModuleLoad: /usr/local/lib/python3.10/dist-packages/aiter_meta/hsa/gfx938/w16a16/bf16/stage2/shuffle/Cijk_Alik_Bljk_B16_MT256x32x64_SN_K1_SB3_SWMNK4_1_1_moe2.co GetFunction: B16_MT256x32x64_SN_K1_SB3_SWMNK4_1_1_moe2 Success
[36m(vLLMHttpServer pid=65112)[0m [aiter] hipModuleLoad: /usr/local/lib/python3.10/dist-packages/aiter_meta/hsa/gfx938/w16a16/bf16/stage2/shuffle/Cijk_Alik_Bljk_B16_MT256x32x64_SN_K1_SB3_SWMNK4_1_1_moe2.co GetFunction: B16_MT256x32x64_SN_K1_SB3_SWMNK4_1_1_moe2 Success
[36m(vLLMHttpServer pid=65112)[0m [aiter] hipModuleLoad: /usr/local/lib/python3.10/dist-packages/aiter_meta/hsa/gfx938/w16a16/bf16/stage2/shuffle/Cijk_Alik_Bljk_B16_MT256x32x64_SN_K1_SB3_SWMNK4_1_1_moe2.co GetFunction: B16_MT256x32x64_SN_K1_SB3_SWMNK4_1_1_moe2 Success
[36m(vLLMHttpServer pid=65112)[0m [aiter] hipModuleLoad: /usr/local/lib/python3.10/dist-packages/aiter_meta/hsa/gfx938/w16a16/bf16/stage2/shuffle/Cijk_Alik_Bljk_B16_MT256x32x64_SN_K1_SB3_SWMNK4_1_1_moe2.co GetFunction: B16_MT256x32x64_SN_K1_SB3_SWMNK4_1_1_moe2 Success
[36m(vLLMHttpServer pid=65112)[0m (EngineCore pid=66008) WARNING 07-31 11:17:51 [vllm.py:810] Enforce eager set, disabling torch.compile and CUDAGraphs. This is equivalent to setting -cc.mode=none -cc.cudagraph_mode=none
[36m(vLLMHttpServer pid=65112)[0m (EngineCore pid=66008) WARNING 07-31 11:17:51 [vllm.py:821] Inductor compilation was disabled by user settings, optimizations settings that are only active during inductor compilation will be ignored.
[36m(vLLMHttpServer pid=65112)[0m WARNING 07-31 11:17:51 [api_router.py:30] LoRA dynamic loading & unloading is enabled in the API server. This should ONLY be used for local development!
[36m(vLLMHttpServer pid=65112)[0m WARNING 07-31 11:17:51 [model.py:1379] Default vLLM sampling parameters have been overridden by the model's `generation_config.json`: `{'repetition_penalty': 1.0, 'temperature': 1.0, 'top_k': -1, 'top_p': 1.0, 'max_tokens': 1}`. If this is not intended, please relaunch vLLM instance with `--generation-config vllm`.
[36m(pid=74214)[0m LANG_RL Log directory: None
[36m(GlobalRequestLoadBalancer pid=74211)[0m [HCU_ADAPT] Patch has been applied in worker
[36m(pid=74215)[0m LANG_RL Log directory: None[32m [repeated 2x across cluster][0m
[36m(vLLMHttpServer pid=74214)[0m ['serve',
[36m(vLLMHttpServer pid=74214)[0m  '/public/home/xingjl/models/Qwen3.5-4B',
[36m(vLLMHttpServer pid=74214)[0m  '--dtype',
[36m(vLLMHttpServer pid=74214)[0m  'bfloat16',
[36m(vLLMHttpServer pid=74214)[0m  '--load_format',
[36m(vLLMHttpServer pid=74214)[0m  'dummy',
[36m(vLLMHttpServer pid=74214)[0m  '--distributed_executor_backend',
[36m(vLLMHttpServer pid=74214)[0m  'mp',
[36m(vLLMHttpServer pid=74214)[0m  '--worker_extension_cls',
[36m(vLLMHttpServer pid=74214)[0m  'verl.workers.rollout.vllm_rollout.utils.vLLMColocateWorkerExtension',
[36m(vLLMHttpServer pid=74214)[0m  '--max_model_len',
[36m(vLLMHttpServer pid=74214)[0m  '3073',
[36m(vLLMHttpServer pid=74214)[0m  '--max_num_seqs',
[36m(vLLMHttpServer pid=74214)[0m  '1024',
[36m(vLLMHttpServer pid=74214)[0m  '--enable_chunked_prefill',
[36m(vLLMHttpServer pid=74214)[0m  '--max_num_batched_tokens',
[36m(vLLMHttpServer pid=74214)[0m  '8192',
[36m(vLLMHttpServer pid=74214)[0m  '--enable_prefix_caching',
[36m(vLLMHttpServer pid=74214)[0m  '--enable_sleep_mode',
[36m(vLLMHttpServer pid=74214)[0m  '--logprobs_mode',
[36m(vLLMHttpServer pid=74214)[0m  'processed_logprobs',
[36m(vLLMHttpServer pid=74214)[0m  '--gpu_memory_utilization',
[36m(vLLMHttpServer pid=74214)[0m  '0.3',
[36m(vLLMHttpServer pid=74214)[0m  '--disable_log_stats',
[36m(vLLMHttpServer pid=74214)[0m  '--tensor_parallel_size',
[36m(vLLMHttpServer pid=74214)[0m  '2',
[36m(vLLMHttpServer pid=74214)[0m  '--seed',
[36m(vLLMHttpServer pid=74214)[0m  '0',
[36m(vLLMHttpServer pid=74214)[0m  '--override_generation_config',
[36m(vLLMHttpServer pid=74214)[0m  '{"temperature": 1.0, "top_k": -1, "top_p": 1, "repetition_penalty": 1.0, '
[36m(vLLMHttpServer pid=74214)[0m  '"max_new_tokens": 2048}',
[36m(vLLMHttpServer pid=74214)[0m  '--hf_overrides',
[36m(vLLMHttpServer pid=74214)[0m  '{}',
[36m(vLLMHttpServer pid=74214)[0m  '--scheduling_policy',
[36m(vLLMHttpServer pid=74214)[0m  'fcfs',
[36m(vLLMHttpServer pid=74214)[0m  '--compilation_config',
[36m(vLLMHttpServer pid=74214)[0m  '{"cudagraph_mode": "FULL_AND_PIECEWISE"}',
[36m(vLLMHttpServer pid=74214)[0m  '--mm_processor_cache_gb',
[36m(vLLMHttpServer pid=74214)[0m  '0']
[36m(vLLMHttpServer pid=74214)[0m WARNING:2026-07-31 11:19:59,333:Current Python version 3.10 is below the recommended 3.11 version. It is recommended to upgrade to Python 3.11 or higher for the best experience.[32m [repeated 4x across cluster][0m
[36m(vLLMHttpServer pid=74214)[0m WARNING 07-31 11:18:31 [registry.py:911] Model architecture DeepseekV3ForCausalLM is already registered, and will be overwritten by the new model class vllm_hcu.models.deepseek_v2:DeepseekV3ForCausalLM.
[36m(vLLMHttpServer pid=74214)[0m WARNING 07-31 11:18:31 [registry.py:911] Model architecture DeepseekV32ForCausalLM is already registered, and will be overwritten by the new model class vllm_hcu.models.deepseek_v2:DeepseekV3ForCausalLM.
[36m(vLLMHttpServer pid=74214)[0m WARNING 07-31 11:18:31 [registry.py:911] Model architecture DeepSeekMTPModel is already registered, and will be overwritten by the new model class vllm_hcu.models.deepseek_mtp:DeepSeekMTP.
[36m(vLLMHttpServer pid=74214)[0m WARNING 07-31 11:18:31 [registry.py:911] Model architecture GlmMoeDsaForCausalLM is already registered, and will be overwritten by the new model class vllm_hcu.models.deepseek_v2:GlmMoeDsaForCausalLM.
[36m(vLLMHttpServer pid=74214)[0m WARNING 07-31 11:18:31 [registry.py:911] Model architecture Glm4MoeForCausalLM is already registered, and will be overwritten by the new model class vllm_hcu.models.glm4_moe:Glm4MoeForCausalLM.
[36m(vLLMHttpServer pid=74214)[0m WARNING 07-31 11:19:00 [config.py:387] Mamba cache mode is set to 'align' for Qwen3_5ForConditionalGeneration by default when prefix caching is enabled
[36m(pid=74215)[0m [HCU_ADAPT] Patch has been applied in worker[32m [repeated 2x across cluster][0m
[36m(vLLMHttpServer pid=74215)[0m WARNING 07-31 11:18:32 [registry.py:911] Model architecture Glm4MoeForCausalLM is already registered, and will be overwritten by the new model class vllm_hcu.models.glm4_moe:Glm4MoeForCausalLM.[32m [repeated 3x across cluster][0m
[36m(vLLMHttpServer pid=74215)[0m WARNING 07-31 11:18:32 [registry.py:911] Model architecture DeepSeekMTPModel is already registered, and will be overwritten by the new model class vllm_hcu.models.deepseek_mtp:DeepSeekMTP.
[36m(vLLMHttpServer pid=74215)[0m WARNING 07-31 11:18:32 [registry.py:911] Model architecture GlmMoeDsaForCausalLM is already registered, and will be overwritten by the new model class vllm_hcu.models.deepseek_v2:GlmMoeDsaForCausalLM.
[36m(vLLMHttpServer pid=74214)[0m WARNING 07-31 11:19:09 [system_utils.py:152] We must use the `spawn` multiprocessing start method. Overriding VLLM_WORKER_MULTIPROC_METHOD to 'spawn'. See https://docs.vllm.ai/en/latest/usage/troubleshooting.html#python-multiprocessing for more information. Reasons: In a Ray actor and can only be spawned; CUDA is initialized
[36m(vLLMHttpServer pid=74215)[0m WARNING 07-31 11:19:01 [config.py:387] Mamba cache mode is set to 'align' for Qwen3_5ForConditionalGeneration by default when prefix caching is enabled
[36m(vLLMHttpServer pid=74214)[0m (EngineCore pid=76095) WARNING 07-31 11:19:29 [registry.py:911] Model architecture DeepseekV3ForCausalLM is already registered, and will be overwritten by the new model class vllm_hcu.models.deepseek_v2:DeepseekV3ForCausalLM.
[36m(vLLMHttpServer pid=74214)[0m (EngineCore pid=76095) WARNING 07-31 11:19:29 [registry.py:911] Model architecture DeepseekV32ForCausalLM is already registered, and will be overwritten by the new model class vllm_hcu.models.deepseek_v2:DeepseekV3ForCausalLM.
[36m(vLLMHttpServer pid=74214)[0m (EngineCore pid=76095) WARNING 07-31 11:19:29 [registry.py:911] Model architecture DeepSeekMTPModel is already registered, and will be overwritten by the new model class vllm_hcu.models.deepseek_mtp:DeepSeekMTP.
[36m(vLLMHttpServer pid=74214)[0m (EngineCore pid=76095) WARNING 07-31 11:19:29 [registry.py:911] Model architecture GlmMoeDsaForCausalLM is already registered, and will be overwritten by the new model class vllm_hcu.models.deepseek_v2:GlmMoeDsaForCausalLM.
[36m(vLLMHttpServer pid=74214)[0m (EngineCore pid=76095) WARNING 07-31 11:19:29 [registry.py:911] Model architecture Glm4MoeForCausalLM is already registered, and will be overwritten by the new model class vllm_hcu.models.glm4_moe:Glm4MoeForCausalLM.
[36m(vLLMHttpServer pid=74215)[0m WARNING 07-31 11:19:09 [system_utils.py:152] We must use the `spawn` multiprocessing start method. Overriding VLLM_WORKER_MULTIPROC_METHOD to 'spawn'. See https://docs.vllm.ai/en/latest/usage/troubleshooting.html#python-multiprocessing for more information. Reasons: In a Ray actor and can only be spawned; CUDA is initialized
[36m(vLLMHttpServer pid=74214)[0m WARNING 07-31 11:19:53 [registry.py:911] Model architecture DeepseekV3ForCausalLM is already registered, and will be overwritten by the new model class vllm_hcu.models.deepseek_v2:DeepseekV3ForCausalLM.
[36m(vLLMHttpServer pid=74214)[0m WARNING 07-31 11:19:53 [registry.py:911] Model architecture DeepseekV32ForCausalLM is already registered, and will be overwritten by the new model class vllm_hcu.models.deepseek_v2:DeepseekV3ForCausalLM.
[36m(vLLMHttpServer pid=74214)[0m WARNING 07-31 11:19:53 [registry.py:911] Model architecture DeepSeekMTPModel is already registered, and will be overwritten by the new model class vllm_hcu.models.deepseek_mtp:DeepSeekMTP.
[36m(vLLMHttpServer pid=74214)[0m WARNING 07-31 11:19:53 [registry.py:911] Model architecture GlmMoeDsaForCausalLM is already registered, and will be overwritten by the new model class vllm_hcu.models.deepseek_v2:GlmMoeDsaForCausalLM.
[36m(vLLMHttpServer pid=74214)[0m WARNING 07-31 11:19:53 [registry.py:911] Model architecture Glm4MoeForCausalLM is already registered, and will be overwritten by the new model class vllm_hcu.models.glm4_moe:Glm4MoeForCausalLM.
[36m(vLLMHttpServer pid=74215)[0m (EngineCore pid=76103) WARNING 07-31 11:19:30 [registry.py:911] Model architecture Glm4MoeForCausalLM is already registered, and will be overwritten by the new model class vllm_hcu.models.glm4_moe:Glm4MoeForCausalLM.[32m [repeated 3x across cluster][0m
[36m(vLLMHttpServer pid=74215)[0m (EngineCore pid=76103) WARNING 07-31 11:19:30 [registry.py:911] Model architecture DeepSeekMTPModel is already registered, and will be overwritten by the new model class vllm_hcu.models.deepseek_mtp:DeepSeekMTP.
[36m(vLLMHttpServer pid=74215)[0m (EngineCore pid=76103) WARNING 07-31 11:19:30 [registry.py:911] Model architecture GlmMoeDsaForCausalLM is already registered, and will be overwritten by the new model class vllm_hcu.models.deepseek_v2:GlmMoeDsaForCausalLM.
[36m(vLLMHttpServer pid=74214)[0m WARNING 07-31 11:19:53 [registry.py:911] Model architecture DeepseekV3ForCausalLM is already registered, and will be overwritten by the new model class vllm_hcu.models.deepseek_v2:DeepseekV3ForCausalLM.
[36m(vLLMHttpServer pid=74214)[0m WARNING 07-31 11:19:53 [registry.py:911] Model architecture DeepseekV32ForCausalLM is already registered, and will be overwritten by the new model class vllm_hcu.models.deepseek_v2:DeepseekV3ForCausalLM.
[36m(vLLMHttpServer pid=74214)[0m WARNING 07-31 11:19:53 [registry.py:911] Model architecture DeepSeekMTPModel is already registered, and will be overwritten by the new model class vllm_hcu.models.deepseek_mtp:DeepSeekMTP.
[36m(vLLMHttpServer pid=74214)[0m WARNING 07-31 11:19:53 [registry.py:911] Model architecture GlmMoeDsaForCausalLM is already registered, and will be overwritten by the new model class vllm_hcu.models.deepseek_v2:GlmMoeDsaForCausalLM.
[36m(vLLMHttpServer pid=74214)[0m WARNING 07-31 11:19:53 [registry.py:911] Model architecture Glm4MoeForCausalLM is already registered, and will be overwritten by the new model class vllm_hcu.models.glm4_moe:Glm4MoeForCausalLM.
[36m(vLLMHttpServer pid=74214)[0m LANG_RL Log directory: None
[36m(vLLMHttpServer pid=74214)[0m [HCU_ADAPT] Patch has been applied in worker
[36m(vLLMHttpServer pid=74214)[0m LANG_RL Log directory: None
[36m(vLLMHttpServer pid=74214)[0m [HCU_ADAPT] Patch has been applied in worker
[36m(vLLMHttpServer pid=74215)[0m WARNING 07-31 11:19:54 [registry.py:911] Model architecture Glm4MoeForCausalLM is already registered, and will be overwritten by the new model class vllm_hcu.models.glm4_moe:Glm4MoeForCausalLM.[32m [repeated 6x across cluster][0m
[36m(vLLMHttpServer pid=74215)[0m (Worker_TP0 pid=76665) Capturing CUDA graphs (mixed prefill-decode, PIECEWISE):   0%|          | 0/51 [00:00<?, ?it/s]
[36m(vLLMHttpServer pid=74215)[0m WARNING:2026-07-31 11:20:00,001:Current Python version 3.10 is below the recommended 3.11 version. It is recommended to upgrade to Python 3.11 or higher for the best experience.[32m [repeated 2x across cluster][0m
[36m(vLLMHttpServer pid=74214)[0m Capturing CUDA graphs (mixed prefill-decode, PIECEWISE):   2%|▏         | 1/51 [00:00<00:24,  2.03it/s]
[36m(vLLMHttpServer pid=74215)[0m Capturing CUDA graphs (mixed prefill-decode, PIECEWISE):  96%|█████████▌| 49/51 [00:02<00:00, 25.27it/s]
[36m(vLLMHttpServer pid=74215)[0m (Worker_TP0 pid=76665) Capturing CUDA graphs (decode, FULL):   0%|          | 0/51 [00:00<?, ?it/s]
[36m(vLLMHttpServer pid=74215)[0m Capturing CUDA graphs (decode, FULL):   2%|▏         | 1/51 [00:02<02:23,  2.87s/it]
[36m(vLLMHttpServer pid=74214)[0m (Worker_TP0 pid=76659) Capturing CUDA graphs (mixed prefill-decode, PIECEWISE):   0%|          | 0/51 [00:00<?, ?it/s]
[36m(vLLMHttpServer pid=74214)[0m Capturing CUDA graphs (mixed prefill-decode, PIECEWISE):  90%|█████████ | 46/51 [00:02<00:00, 24.11it/s][32m [repeated 31x across cluster][0m
[36m(vLLMHttpServer pid=74214)[0m Capturing CUDA graphs (mixed prefill-decode, PIECEWISE): 100%|██████████| 51/51 [00:02<00:00, 19.29it/s][32m [repeated 3x across cluster][0m
[36m(vLLMHttpServer pid=74214)[0m (Worker_TP0 pid=76659) Capturing CUDA graphs (decode, FULL):   0%|          | 0/51 [00:00<?, ?it/s]
[36m(vLLMHttpServer pid=74214)[0m Capturing CUDA graphs (decode, FULL):  82%|████████▏ | 42/51 [00:09<00:02,  3.03it/s][32m [repeated 32x across cluster][0m
[36m(vLLMHttpServer pid=74214)[0m Capturing CUDA graphs (decode, FULL):  94%|█████████▍| 48/51 [00:09<00:00,  5.41it/s]
[36m(vLLMHttpServer pid=74214)[0m Capturing CUDA graphs (decode, FULL): 100%|██████████| 51/51 [00:11<00:00,  3.31it/s]Capturing CUDA graphs (decode, FULL): 100%|██████████| 51/51 [00:11<00:00,  4.51it/s]
[36m(TaskRunner pid=58903)[0m Training Progress:   0%|          | 0/240 [00:00<?, ?it/s]
[36m(vLLMHttpServer pid=74215)[0m Capturing CUDA graphs (decode, FULL):  88%|████████▊ | 45/51 [00:09<00:01,  4.00it/s][32m [repeated 3x across cluster][0m
[36m(vLLMHttpServer pid=74215)[0m Capturing CUDA graphs (decode, FULL):  94%|█████████▍| 48/51 [00:09<00:00,  5.31it/s]
[36m(vLLMHttpServer pid=74215)[0m Capturing CUDA graphs (decode, FULL): 100%|██████████| 51/51 [00:11<00:00,  3.27it/s]Capturing CUDA graphs (decode, FULL): 100%|██████████| 51/51 [00:11<00:00,  4.46it/s]
[36m(GlobalRequestLoadBalancer pid=121552)[0m WARNING:2026-07-31 11:24:33,962:Current Python version 3.10 is below the recommended 3.11 version. It is recommended to upgrade to Python 3.11 or higher for the best experience.
[36m(TaskRunner pid=58903)[0m W0731 11:27:03.002000 58903 lib/python3.10/dist-packages/torch/fx/_symbolic_trace.py:53] is_fx_tracing will return true for both fx.symbolic_trace and torch.export. Please use is_fx_tracing_symbolic_tracing() for specifically fx.symbolic_trace or torch.compiler.is_compiling() for specifically torch.export/compile.
[36m(pid=121560)[0m WARNING:2026-07-31 11:24:36,580:Current Python version 3.10 is below the recommended 3.11 version. It is recommended to upgrade to Python 3.11 or higher for the best experience.[32m [repeated 8x across cluster][0m
[36m(TaskRunner pid=58903)[0m Training Progress:   0%|          | 1/240 [06:51<27:18:39, 411.38s/it]
[36m(WorkerDict pid=61293)[0m [rank1]:W0731 11:27:05.469000 61293 lib/python3.10/dist-packages/torch/fx/_symbolic_trace.py:53] is_fx_tracing will return true for both fx.symbolic_trace and torch.export. Please use is_fx_tracing_symbolic_tracing() for specifically fx.symbolic_trace or torch.compiler.is_compiling() for specifically torch.export/compile.[32m [repeated 4x across cluster][0m
[36m(vLLMHttpServer pid=74215)[0m WARNING 07-31 11:19:54 [registry.py:911] Model architecture DeepSeekMTPModel is already registered, and will be overwritten by the new model class vllm_hcu.models.deepseek_mtp:DeepSeekMTP.[32m [repeated 2x across cluster][0m
[36m(vLLMHttpServer pid=74215)[0m WARNING 07-31 11:19:54 [registry.py:911] Model architecture GlmMoeDsaForCausalLM is already registered, and will be overwritten by the new model class vllm_hcu.models.deepseek_v2:GlmMoeDsaForCausalLM.[32m [repeated 2x across cluster][0m
[36m(vLLMHttpServer pid=74215)[0m (Worker_TP0 pid=76665) WARNING 07-31 11:20:13 [activation.py:643] [ROCm] PyTorch's native GELU with tanh approximation is unstable. Falling back to GELU(approximate='none').
[36m(vLLMHttpServer pid=74215)[0m LANG_RL Log directory: None[32m [repeated 2x across cluster][0m
[36m(vLLMHttpServer pid=74215)[0m [HCU_ADAPT] Patch has been applied in worker[32m [repeated 2x across cluster][0m
[36m(vLLMHttpServer pid=74215)[0m (Worker_TP0 pid=76665) WARNING 07-31 11:20:13 [compilation.py:1136] Op 'rms_norm' not present in model, enabling with '+rms_norm' has no effect
[36m(vLLMHttpServer pid=74215)[0m (Worker_TP0 pid=76665) WARNING 07-31 11:20:13 [compilation.py:1136] Op 'quant_fp8' not present in model, enabling with '+quant_fp8' has no effect
[36m(vLLMHttpServer pid=74215)[0m (Worker_TP0 pid=76665) WARNING 07-31 11:20:13 [compilation.py:1136] Op 'grouped_topk' not present in model, enabling with '+grouped_topk' has no effect
[36m(vLLMHttpServer pid=74215)[0m (Worker_TP0 pid=76665) WARNING 07-31 11:20:13 [compilation.py:1136] Op 'sparse_attn_indexer' not present in model, enabling with '+sparse_attn_indexer' has no effect
[36m(vLLMHttpServer pid=74215)[0m WARNING 07-31 11:24:01 [api_router.py:30] LoRA dynamic loading & unloading is enabled in the API server. This should ONLY be used for local development!
[36m(vLLMHttpServer pid=74215)[0m WARNING 07-31 11:24:01 [model.py:1379] Default vLLM sampling parameters have been overridden by the model's `generation_config.json`: `{'repetition_penalty': 1.0, 'temperature': 1.0, 'top_k': -1, 'top_p': 1, 'max_tokens': 2048}`. If this is not intended, please relaunch vLLM instance with `--generation-config vllm`.
[36m(vLLMHttpServer pid=74214)[0m (Worker_TP1 pid=76660) WARNING 07-31 11:20:13 [activation.py:643] [ROCm] PyTorch's native GELU with tanh approximation is unstable. Falling back to GELU(approximate='none').[32m [repeated 3x across cluster][0m
[36m(vLLMHttpServer pid=74214)[0m (Worker_TP1 pid=76660) WARNING 07-31 11:20:13 [compilation.py:1136] Op 'rms_norm' not present in model, enabling with '+rms_norm' has no effect[32m [repeated 3x across cluster][0m
[36m(vLLMHttpServer pid=74214)[0m (Worker_TP1 pid=76660) WARNING 07-31 11:20:13 [compilation.py:1136] Op 'quant_fp8' not present in model, enabling with '+quant_fp8' has no effect[32m [repeated 3x across cluster][0m
[36m(vLLMHttpServer pid=74214)[0m (Worker_TP1 pid=76660) WARNING 07-31 11:20:13 [compilation.py:1136] Op 'grouped_topk' not present in model, enabling with '+grouped_topk' has no effect[32m [repeated 3x across cluster][0m
[36m(vLLMHttpServer pid=74214)[0m (Worker_TP1 pid=76660) WARNING 07-31 11:20:13 [compilation.py:1136] Op 'sparse_attn_indexer' not present in model, enabling with '+sparse_attn_indexer' has no effect[32m [repeated 3x across cluster][0m
[36m(TaskRunner pid=58903)[0m LLMServerManager: ['10.16.1.5:36905', '10.16.1.5:40713']
[36m(vLLMHttpServer pid=74214)[0m WARNING 07-31 11:24:01 [api_router.py:30] LoRA dynamic loading & unloading is enabled in the API server. This should ONLY be used for local development!
[36m(vLLMHttpServer pid=74214)[0m WARNING 07-31 11:24:01 [model.py:1379] Default vLLM sampling parameters have been overridden by the model's `generation_config.json`: `{'repetition_penalty': 1.0, 'temperature': 1.0, 'top_k': -1, 'top_p': 1, 'max_tokens': 2048}`. If this is not intended, please relaunch vLLM instance with `--generation-config vllm`.
[36m(TaskRunner pid=58903)[0m Checkpoint tracker file does not exist: /public/home/xingjl/verl-das/examples/on_policy_distillation_trainer/ckpts/DISTILLATION-Qwen3.5-4B-BASE-GEO3K/DISTILLATION-Qwen3.5-4B-BASE-FSDP2-vLLM/latest_checkpointed_iteration.txt
[36m(TaskRunner pid=58903)[0m Training from scratch
[36m(vLLMHttpServer pid=74214)[0m (EngineCore pid=76095) WARNING 07-31 11:24:13 [scheduler.py:2541] reset_connector called but no KV connector is configured.
[36m(vLLMHttpServer pid=74215)[0m (EngineCore pid=76103) WARNING 07-31 11:24:19 [scheduler.py:2541] reset_connector called but no KV connector is configured.[32m [repeated 4x across cluster][0m
[36m(GlobalRequestLoadBalancer pid=121552)[0m LANG_RL Log directory: None
[36m(vLLMHttpServer pid=74214)[0m (EngineCore pid=76095) WARNING 07-31 11:24:19 [scheduler.py:2541] reset_connector called but no KV connector is configured.
[36m(GlobalRequestLoadBalancer pid=121552)[0m [HCU_ADAPT] Patch has been applied in worker
[36m(pid=121560)[0m LANG_RL Log directory: None[32m [repeated 8x across cluster][0m
[36m(AgentLoopWorker pid=121553)[0m Using dataset class: RLHFDataset
[36m(vLLMHttpServer pid=74214)[0m WARNING 07-31 11:24:42 [input_processor.py:227] Passing raw prompts to InputProcessor is deprecated and will be removed in v0.18. You should instead pass the outputs of Renderer.render_cmpl() or Renderer.render_chat().
[36m(pid=121554)[0m [HCU_ADAPT] Patch has been applied in worker[32m [repeated 8x across cluster][0m
[36m(AgentLoopWorker pid=121554)[0m Using dataset class: RLHFDataset[32m [repeated 7x across cluster][0m
[36m(vLLMHttpServer pid=65112)[0m WARNING 07-31 11:25:38 [input_processor.py:227] Passing raw prompts to InputProcessor is deprecated and will be removed in v0.18. You should instead pass the outputs of Renderer.render_cmpl() or Renderer.render_chat().[32m [repeated 2x across cluster][0m
[36m(WorkerDict pid=61293)[0m 2026-07-31 11:28:26  [TileLang:tilelang.jit.kernel:INFO] (kernel.py:132): TileLang begins to compile kernel `kernel` with `out_idx=None`
[36m(WorkerDict pid=61294)[0m 2026-07-31 11:28:44  [TileLang:tilelang.jit.kernel:INFO] (kernel.py:140): TileLang completes to compile kernel `kernel`
[36m(WorkerDict pid=61294)[0m 2026-07-31 11:28:26  [TileLang:tilelang.jit.kernel:INFO] (kernel.py:132): TileLang begins to compile kernel `kernel` with `out_idx=None`[32m [repeated 3x across cluster][0m
[36m(vLLMHttpServer pid=74214)[0m (EngineCore pid=76095) WARNING 07-31 11:31:05 [scheduler.py:2541] reset_connector called but no KV connector is configured.
[36m(WorkerDict pid=61293)[0m 2026-07-31 11:28:45  [TileLang:tilelang.jit.kernel:INFO] (kernel.py:140): TileLang completes to compile kernel `kernel`[32m [repeated 3x across cluster][0m
[36m(vLLMHttpServer pid=74215)[0m (EngineCore pid=76103) WARNING 07-31 11:31:10 [scheduler.py:2541] reset_connector called but no KV connector is configured.[32m [repeated 4x across cluster][0m
[36m(TaskRunner pid=58903)[0m Training Progress:   1%|          | 2/240 [09:32<17:27:30, 264.08s/it]
[36m(TaskRunner pid=58903)[0m step:1 - global_seqlen/min:68081 - global_seqlen/max:70970 - global_seqlen/minmax_diff:2889 - global_seqlen/balanced_min:68912 - global_seqlen/balanced_max:68928 - global_seqlen/mean:68920.25 - actor/entropy:0.3137907385826111 - perf/mfu/actor_infer:0.0 - training/rollout_probs_diff_valid:1 - training/rollout_probs_diff_max:0.2971322536468506 - training/rollout_probs_diff_mean:0.0036116193514317274 - training/rollout_probs_diff_std:0.008648025803267956 - training/rollout_actor_probs_pearson_corr:0.9993993043899536 - rollout_corr/training_ppl:1.3710469007492065 - rollout_corr/training_log_ppl:0.30981311202049255 - rollout_corr/kl:0.00045587049680761993 - rollout_corr/k3_kl:0.00047882614308036864 - rollout_corr/rollout_ppl:1.370412826538086 - rollout_corr/rollout_log_ppl:0.30937448143959045 - rollout_corr/log_ppl_diff:0.00043865834595635533 - rollout_corr/log_ppl_abs_diff:0.0006244995747692883 - rollout_corr/log_ppl_diff_max:0.0027677416801452637 - rollout_corr/log_ppl_diff_min:-0.002073511481285095 - rollout_corr/ppl_ratio:1.000438928604126 - rollout_corr/chi2_token:0.001020669937133789 - rollout_corr/chi2_seq:0.8029303550720215 - actor/pg_clipfrac:np.float64(0.0) - actor/ppo_kl:np.float64(9.089228058201115e-06) - actor/pg_clipfrac_lower:np.float64(0.0) - actor/pg_loss:np.float64(-0.06326146982610226) - actor/distillation/abs_loss:np.float64(0.20313292666105554) - actor/distillation/loss_min:np.float64(-6.117587089538574) - actor/distillation/loss_max:np.float64(14.5479154586792) - actor/distillation/pg_clipfrac:np.float64(7.331868800974917e-05) - actor/distillation/ppo_kl:np.float64(9.089228058201115e-06) - actor/distillation/pg_clipfrac_lower:np.float64(0.0) - actor/distillation/loss:np.float64(0.20595085390959866) - actor/loss:np.float64(0.20595085620880127) - actor/grad_norm:np.float64(11.281363487243652) - actor/lr:np.float64(1e-06) - actor/perf/max_memory_allocated_gb:np.float64(21.21542978286743) - actor/perf/max_memory_reserved_gb:np.float64(22.20703125) - actor/perf/cpu_memory_used_gb:np.float64(313.2708511352539) - perf/mfu/actor:np.float64(0.0) - training/global_step:1 - training/epoch:0 - critic/score/mean:0.09843750298023224 - critic/score/max:0.8999999761581421 - critic/score/min:0.0 - critic/rewards/mean:0.09843750298023224 - critic/rewards/max:0.8999999761581421 - critic/rewards/min:0.0 - critic/advantages/mean:0.06325943022966385 - critic/advantages/max:0.8999991416931152 - critic/advantages/min:0.0 - critic/returns/mean:0.06325943022966385 - critic/returns/max:0.8999991416931152 - critic/returns/min:0.0 - response_length/mean:1956.5625 - response_length/max:2048.0 - response_length/min:595.0 - response_length/clip_ratio:0.875 - response_length_non_aborted/mean:1956.5625 - response_length_non_aborted/max:2048.0 - response_length_non_aborted/min:595.0 - response_length_non_aborted/clip_ratio:0.875 - response/aborted_ratio:0.0 - prompt_length/mean:197.1953125 - prompt_length/max:595.0 - prompt_length/min:121.0 - prompt_length/clip_ratio:0.0 - num_turns/min:np.int32(2) - num_turns/max:np.int32(2) - num_turns/mean:np.float64(2.0) - timing_s/start_profile:0.00040960696060210466 - timing_s/agent_loop/num_preempted/min:np.int64(-1) - timing_s/agent_loop/num_preempted/max:np.int64(-1) - timing_s/agent_loop/num_preempted/mean:np.float64(-1.0) - timing_s/agent_loop/generate_sequences/min:np.float64(56.343037398997694) - timing_s/agent_loop/generate_sequences/max:np.float64(92.6496789130615) - timing_s/agent_loop/generate_sequences/mean:np.float64(88.22182779654577) - timing_s/agent_loop/tool_calls/min:np.float64(0.0) - timing_s/agent_loop/tool_calls/max:np.float64(0.0) - timing_s/agent_loop/tool_calls/mean:np.float64(0.0) - timing_s/agent_loop/compute_score/min:np.float64(0.013195162056945264) - timing_s/agent_loop/compute_score/max:np.float64(0.2745572840794921) - timing_s/agent_loop/compute_score/mean:np.float64(0.08875454039207398) - timing_s/agent_loop/slowest/generate_sequences:np.float64(92.59043267602101) - timing_s/agent_loop/slowest/tool_calls:np.float64(0.0) - timing_s/agent_loop/slowest/compute_score:np.float64(0.1622899220092222) - timing_s/agent_loop/slowest/num_preempted:np.int64(-1) - timing_s/agent_loop/slowest/prompt_length:321 - timing_s/agent_loop/slowest/response_length:2048 - timing_s/gen:161.9850271330215 - timing_s/reward:3.5541015677154064e-05 - timing_s/old_log_prob:65.68543803296052 - timing_s/adv:0.02872524200938642 - timing_s/update_actor:176.89496861607768 - timing_s/update_weights:5.4088754339609295 - timing_s/step:410.0364502350567 - timing_s/stop_profile:6.766198202967644e-05 - timing_per_token_ms/gen:0.6468017374741315 - timing_per_token_ms/adv:0.00010419739484906983 - timing_per_token_ms/update_actor:0.6416654343827746 - perf/total_num_tokens:275681 - perf/time_per_step:410.0364502350567 - perf/throughput:84.0416138132243
[36m(vLLMHttpServer pid=74214)[0m (EngineCore pid=76095) WARNING 07-31 11:33:47 [scheduler.py:2541] reset_connector called but no KV connector is configured.[32m [repeated 2x across cluster][0m
[36m(TaskRunner pid=58903)[0m Training Progress:   1%|▏         | 3/240 [12:06<14:04:29, 213.80s/it]
[36m(TaskRunner pid=58903)[0m step:2 - global_seqlen/min:65571 - global_seqlen/max:69541 - global_seqlen/minmax_diff:3970 - global_seqlen/balanced_min:67822 - global_seqlen/balanced_max:67843 - global_seqlen/mean:67832.5 - actor/entropy:0.2959839999675751 - perf/mfu/actor_infer:0.0 - training/rollout_probs_diff_valid:1 - training/rollout_probs_diff_max:0.4485727548599243 - training/rollout_probs_diff_mean:0.00339137832634151 - training/rollout_probs_diff_std:0.008496245369315147 - training/rollout_actor_probs_pearson_corr:0.9993987083435059 - rollout_corr/training_ppl:1.3412442207336426 - rollout_corr/training_log_ppl:0.2887786626815796 - rollout_corr/kl:0.0003247565764468163 - rollout_corr/k3_kl:0.0004240944981575012 - rollout_corr/rollout_ppl:1.3407986164093018 - rollout_corr/rollout_log_ppl:0.28845489025115967 - rollout_corr/log_ppl_diff:0.000323797226883471 - rollout_corr/log_ppl_abs_diff:0.0006282610120251775 - rollout_corr/log_ppl_diff_max:0.0025541186332702637 - rollout_corr/log_ppl_diff_min:-0.0014297515153884888 - rollout_corr/ppl_ratio:1.0003242492675781 - rollout_corr/chi2_token:0.0010660886764526367 - rollout_corr/chi2_seq:6.754880905151367 - actor/pg_clipfrac:np.float64(2.527072956581833e-05) - actor/ppo_kl:np.float64(2.2223232008400373e-05) - actor/pg_clipfrac_lower:np.float64(0.0) - actor/pg_loss:np.float64(-0.08374153659678996) - actor/distillation/abs_loss:np.float64(0.192722073988989) - actor/distillation/loss_min:np.float64(-6.090038776397705) - actor/distillation/loss_max:np.float64(13.487366676330566) - actor/distillation/pg_clipfrac:np.float64(6.956991501283483e-05) - actor/distillation/ppo_kl:np.float64(2.2223232008400373e-05) - actor/distillation/pg_clipfrac_lower:np.float64(0.0) - actor/distillation/loss:np.float64(0.10675441863713786) - actor/loss:np.float64(0.10675442218780518) - actor/grad_norm:np.float64(1.757082462310791) - actor/lr:np.float64(1e-06) - actor/perf/max_memory_allocated_gb:np.float64(22.037362575531006) - actor/perf/max_memory_reserved_gb:np.float64(27.7734375) - actor/perf/cpu_memory_used_gb:np.float64(385.99374771118164) - perf/mfu/actor:np.float64(0.0) - training/global_step:2 - training/epoch:0 - critic/score/mean:0.12656250596046448 - critic/score/max:0.8999999761581421 - critic/score/min:0.0 - critic/rewards/mean:0.12656250596046448 - critic/rewards/max:0.8999999761581421 - critic/rewards/min:0.0 - critic/advantages/mean:0.08373937010765076 - critic/advantages/max:0.8999991416931152 - critic/advantages/min:0.0 - critic/returns/mean:0.08373937010765076 - critic/returns/max:0.8999991416931152 - critic/returns/min:0.0 - response_length/mean:1919.0390625 - response_length/max:2048.0 - response_length/min:630.0 - response_length/clip_ratio:0.8359375 - response_length_non_aborted/mean:1919.0390625 - response_length_non_aborted/max:2048.0 - response_length_non_aborted/min:630.0 - response_length_non_aborted/clip_ratio:0.8359375 - response/aborted_ratio:0.0 - prompt_length/mean:200.7265625 - prompt_length/max:517.0 - prompt_length/min:127.0 - prompt_length/clip_ratio:0.0 - num_turns/min:np.int32(2) - num_turns/max:np.int32(2) - num_turns/mean:np.float64(2.0) - timing_s/start_profile:8.944596629589796e-05 - timing_s/agent_loop/num_preempted/min:np.int64(-1) - timing_s/agent_loop/num_preempted/max:np.int64(-1) - timing_s/agent_loop/num_preempted/mean:np.float64(-1.0) - timing_s/agent_loop/generate_sequences/min:np.float64(15.820635590003803) - timing_s/agent_loop/generate_sequences/max:np.float64(50.952763060922734) - timing_s/agent_loop/generate_sequences/mean:np.float64(47.25612481048029) - timing_s/agent_loop/tool_calls/min:np.float64(0.0) - timing_s/agent_loop/tool_calls/max:np.float64(0.0) - timing_s/agent_loop/tool_calls/mean:np.float64(0.0) - timing_s/agent_loop/compute_score/min:np.float64(0.011383773991838098) - timing_s/agent_loop/compute_score/max:np.float64(0.21775179204996675) - timing_s/agent_loop/compute_score/mean:np.float64(0.07638422103718767) - timing_s/agent_loop/slowest/generate_sequences:np.float64(50.77514857298229) - timing_s/agent_loop/slowest/tool_calls:np.float64(0.0) - timing_s/agent_loop/slowest/compute_score:np.float64(0.21775179204996675) - timing_s/agent_loop/slowest/num_preempted:np.int64(-1) - timing_s/agent_loop/slowest/prompt_length:212 - timing_s/agent_loop/slowest/response_length:2048 - timing_s/gen:81.82146709202789 - timing_s/reward:2.739101182669401e-05 - timing_s/old_log_prob:20.420904246042483 - timing_s/adv:0.012749586021527648 - timing_s/update_actor:54.56540252594277 - timing_s/update_weights:4.115301782032475 - timing_s/step:160.9574752189219 - timing_s/stop_profile:6.785406731069088e-05 - timing_per_token_ms/gen:0.3330991141075159 - timing_per_token_ms/adv:4.69892235341748e-05 - timing_per_token_ms/update_actor:0.20110346266886364 - perf/total_num_tokens:271330 - perf/time_per_step:160.9574752189219 - perf/throughput:210.71559400313495
[36m(vLLMHttpServer pid=74214)[0m (EngineCore pid=76095) WARNING 07-31 11:36:22 [scheduler.py:2541] reset_connector called but no KV connector is configured.[32m [repeated 6x across cluster][0m
[36m(TaskRunner pid=58903)[0m Training Progress:   2%|▏         | 4/240 [14:36<12:22:29, 188.77s/it]
[36m(TaskRunner pid=58903)[0m step:3 - global_seqlen/min:64700 - global_seqlen/max:69351 - global_seqlen/minmax_diff:4651 - global_seqlen/balanced_min:66320 - global_seqlen/balanced_max:66342 - global_seqlen/mean:66334.25 - actor/entropy:0.2871457636356354 - perf/mfu/actor_infer:0.0 - training/rollout_probs_diff_valid:1 - training/rollout_probs_diff_max:0.16185566782951355 - training/rollout_probs_diff_mean:0.003305932506918907 - training/rollout_probs_diff_std:0.008272847160696983 - training/rollout_actor_probs_pearson_corr:0.9994142055511475 - rollout_corr/training_ppl:1.3215852975845337 - rollout_corr/training_log_ppl:0.2738257646560669 - rollout_corr/kl:0.0004410086548887193 - rollout_corr/k3_kl:0.00040195800829678774 - rollout_corr/rollout_ppl:1.3210194110870361 - rollout_corr/rollout_log_ppl:0.27340659499168396 - rollout_corr/log_ppl_diff:0.0004191681509837508 - rollout_corr/log_ppl_abs_diff:0.0006185278762131929 - rollout_corr/log_ppl_diff_max:0.0018095970153808594 - rollout_corr/log_ppl_diff_min:-0.001644924283027649 - rollout_corr/ppl_ratio:1.0004194974899292 - rollout_corr/chi2_token:0.0007315874099731445 - rollout_corr/chi2_seq:1.5760865211486816 - actor/pg_clipfrac:np.float64(7.636852387804538e-06) - actor/ppo_kl:np.float64(1.682339279795997e-05) - actor/pg_clipfrac_lower:np.float64(0.0) - actor/pg_loss:np.float64(-0.13576677488163114) - actor/distillation/abs_loss:np.float64(0.18686187360435724) - actor/distillation/loss_min:np.float64(-5.491152286529541) - actor/distillation/loss_max:np.float64(12.462367057800293) - actor/distillation/pg_clipfrac:np.float64(6.103515625e-05) - actor/distillation/ppo_kl:np.float64(1.682339279795997e-05) - actor/distillation/pg_clipfrac_lower:np.float64(0.0) - actor/distillation/loss:np.float64(0.10644605825655162) - actor/loss:np.float64(0.10644605755805969) - actor/grad_norm:np.float64(1.7919015884399414) - actor/lr:np.float64(1e-06) - actor/perf/max_memory_allocated_gb:np.float64(22.876303672790527) - actor/perf/max_memory_reserved_gb:np.float64(31.337890625) - actor/perf/cpu_memory_used_gb:np.float64(382.7299003601074) - perf/mfu/actor:np.float64(0.0) - training/global_step:3 - training/epoch:0 - critic/score/mean:0.20390625298023224 - critic/score/max:0.8999999761581421 - critic/score/min:0.0 - critic/rewards/mean:0.20390625298023224 - critic/rewards/max:0.8999999761581421 - critic/rewards/min:0.0 - critic/advantages/mean:0.13577601313591003 - critic/advantages/max:0.8999991416931152 - critic/advantages/min:0.0 - critic/returns/mean:0.13577601313591003 - critic/returns/max:0.8999991416931152 - critic/returns/min:0.0 - response_length/mean:1865.421875 - response_length/max:2048.0 - response_length/min:678.0 - response_length/clip_ratio:0.7734375 - response_length_non_aborted/mean:1865.421875 - response_length_non_aborted/max:2048.0 - response_length_non_aborted/min:678.0 - response_length_non_aborted/clip_ratio:0.7734375 - response/aborted_ratio:0.0 - prompt_length/mean:207.5234375 - prompt_length/max:772.0 - prompt_length/min:121.0 - prompt_length/clip_ratio:0.0 - num_turns/min:np.int32(2) - num_turns/max:np.int32(2) - num_turns/mean:np.float64(2.0) - timing_s/start_profile:0.00014199200086295605 - timing_s/agent_loop/num_preempted/min:np.int64(-1) - timing_s/agent_loop/num_preempted/max:np.int64(-1) - timing_s/agent_loop/num_preempted/mean:np.float64(-1.0) - timing_s/agent_loop/generate_sequences/min:np.float64(16.64670455805026) - timing_s/agent_loop/generate_sequences/max:np.float64(50.215969093027525) - timing_s/agent_loop/generate_sequences/mean:np.float64(45.31608880789554) - timing_s/agent_loop/tool_calls/min:np.float64(0.0) - timing_s/agent_loop/tool_calls/max:np.float64(0.0) - timing_s/agent_loop/tool_calls/mean:np.float64(0.0) - timing_s/agent_loop/compute_score/min:np.float64(0.011145788943395019) - timing_s/agent_loop/compute_score/max:np.float64(0.23282216407824308) - timing_s/agent_loop/compute_score/mean:np.float64(0.07022478350609163) - timing_s/agent_loop/slowest/generate_sequences:np.float64(50.06987075100187) - timing_s/agent_loop/slowest/tool_calls:np.float64(0.0) - timing_s/agent_loop/slowest/compute_score:np.float64(0.23282216407824308) - timing_s/agent_loop/slowest/num_preempted:np.int64(-1) - timing_s/agent_loop/slowest/prompt_length:161 - timing_s/agent_loop/slowest/response_length:2048 - timing_s/gen:76.96531235601287 - timing_s/reward:3.549002576619387e-05 - timing_s/old_log_prob:20.202768781920895 - timing_s/adv:0.01178547996096313 - timing_s/update_actor:52.539491689996794 - timing_s/update_weights:3.91748041997198 - timing_s/step:153.66945500706788 - timing_s/stop_profile:7.083197124302387e-05 - timing_per_token_ms/gen:0.3223353981422302 - timing_per_token_ms/adv:4.441702424073209e-05 - timing_per_token_ms/update_actor:0.19801042331072105 - perf/total_num_tokens:265337 - perf/time_per_step:153.66945500706788 - perf/throughput:215.83420725006482
[36m(vLLMHttpServer pid=74215)[0m (EngineCore pid=76103) WARNING 07-31 11:38:51 [scheduler.py:2541] reset_connector called but no KV connector is configured.[32m [repeated 6x across cluster][0m
[36m(TaskRunner pid=58903)[0m Training Progress:   2%|▏         | 5/240 [19:30<14:47:05, 226.49s/it]
[36m(TaskRunner pid=58903)[0m step:4 - global_seqlen/min:63520 - global_seqlen/max:69406 - global_seqlen/minmax_diff:5886 - global_seqlen/balanced_min:66138 - global_seqlen/balanced_max:66153 - global_seqlen/mean:66145.5 - actor/entropy:0.2838611602783203 - perf/mfu/actor_infer:0.0 - training/rollout_probs_diff_valid:1 - training/rollout_probs_diff_max:0.20599311590194702 - training/rollout_probs_diff_mean:0.003221323015168309 - training/rollout_probs_diff_std:0.008117555640637875 - training/rollout_actor_probs_pearson_corr:0.9994364976882935 - rollout_corr/training_ppl:1.32317054271698 - rollout_corr/training_log_ppl:0.2755398750305176 - rollout_corr/kl:0.00046320012188516557 - rollout_corr/k3_kl:0.00038175060763023794 - rollout_corr/rollout_ppl:1.3225702047348022 - rollout_corr/rollout_log_ppl:0.2750959098339081 - rollout_corr/log_ppl_diff:0.00044395041186362505 - rollout_corr/log_ppl_abs_diff:0.0006213611923158169 - rollout_corr/log_ppl_diff_max:0.002007991075515747 - rollout_corr/log_ppl_diff_min:-0.001058340072631836 - rollout_corr/ppl_ratio:1.0004442930221558 - rollout_corr/chi2_token:0.0005980730056762695 - rollout_corr/chi2_seq:1.3342280387878418 - actor/pg_clipfrac:np.float64(2.0551967281789985e-05) - actor/ppo_kl:np.float64(1.738103554771442e-05) - actor/pg_clipfrac_lower:np.float64(0.0) - actor/pg_loss:np.float64(-0.1737082782201469) - actor/distillation/abs_loss:np.float64(0.18636881856946275) - actor/distillation/loss_min:np.float64(-5.169162750244141) - actor/distillation/loss_max:np.float64(17.56158447265625) - actor/distillation/pg_clipfrac:np.float64(6.718189115417772e-05) - actor/distillation/ppo_kl:np.float64(1.738103554771442e-05) - actor/distillation/pg_clipfrac_lower:np.float64(0.0) - actor/distillation/loss:np.float64(0.1048555542511167) - actor/loss:np.float64(0.10485555231571198) - actor/grad_norm:np.float64(1.6568471193313599) - actor/lr:np.float64(1e-06) - actor/perf/max_memory_allocated_gb:np.float64(22.876303672790527) - actor/perf/max_memory_reserved_gb:np.float64(31.337890625) - actor/perf/cpu_memory_used_gb:np.float64(381.42926025390625) - perf/mfu/actor:np.float64(0.0) - training/global_step:4 - training/epoch:0 - critic/score/mean:0.23906251788139343 - critic/score/max:0.8999999761581421 - critic/score/min:0.0 - critic/rewards/mean:0.23906251788139343 - critic/rewards/max:0.8999999761581421 - critic/rewards/min:0.0 - critic/advantages/mean:0.17371004819869995 - critic/advantages/max:0.8999991416931152 - critic/advantages/min:0.0 - critic/returns/mean:0.17371004819869995 - critic/returns/max:0.8999991416931152 - critic/returns/min:0.0 - response_length/mean:1863.71875 - response_length/max:2048.0 - response_length/min:919.0 - response_length/clip_ratio:0.734375 - response_length_non_aborted/mean:1863.71875 - response_length_non_aborted/max:2048.0 - response_length_non_aborted/min:919.0 - response_length_non_aborted/clip_ratio:0.734375 - response/aborted_ratio:0.0 - prompt_length/mean:203.328125 - prompt_length/max:600.0 - prompt_length/min:121.0 - prompt_length/clip_ratio:0.0 - num_turns/min:np.int32(2) - num_turns/max:np.int32(2) - num_turns/mean:np.float64(2.0) - timing_s/start_profile:7.449300028383732e-05 - timing_s/agent_loop/num_preempted/min:np.int64(-1) - timing_s/agent_loop/num_preempted/max:np.int64(-1) - timing_s/agent_loop/num_preempted/mean:np.float64(-1.0) - timing_s/agent_loop/generate_sequences/min:np.float64(22.30804675607942) - timing_s/agent_loop/generate_sequences/max:np.float64(49.87115978600923) - timing_s/agent_loop/generate_sequences/mean:np.float64(45.09286789167709) - timing_s/agent_loop/tool_calls/min:np.float64(0.0) - timing_s/agent_loop/tool_calls/max:np.float64(0.0) - timing_s/agent_loop/tool_calls/mean:np.float64(0.0) - timing_s/agent_loop/compute_score/min:np.float64(0.01198611396830529) - timing_s/agent_loop/compute_score/max:np.float64(0.19431122299283743) - timing_s/agent_loop/compute_score/mean:np.float64(0.057039592947148776) - timing_s/agent_loop/slowest/generate_sequences:np.float64(49.735163082019426) - timing_s/agent_loop/slowest/tool_calls:np.float64(0.0) - timing_s/agent_loop/slowest/compute_score:np.float64(0.19431122299283743) - timing_s/agent_loop/slowest/num_preempted:np.int64(-1) - timing_s/agent_loop/slowest/prompt_length:322 - timing_s/agent_loop/slowest/response_length:2048 - timing_s/gen:74.61360570497345 - timing_s/reward:2.806296106427908e-05 - timing_s/old_log_prob:20.157728718942963 - timing_s/adv:0.01066142600029707 - timing_s/update_actor:50.96553157304879 - timing_s/update_weights:4.624319292022847 - timing_s/step:150.3941852550488 - timing_s/stop_profile:6.991601549088955e-05 - timing_per_token_ms/gen:0.3127718678422402 - timing_per_token_ms/adv:4.029535645016316e-05 - timing_per_token_ms/update_actor:0.19262660185896543 - perf/total_num_tokens:264582 - perf/time_per_step:150.3941852550488 - perf/throughput:219.9071057429046
[36m(vLLMHttpServer pid=74214)[0m (EngineCore pid=76095) WARNING 07-31 11:41:28 [scheduler.py:2541] reset_connector called but no KV connector is configured.[32m [repeated 6x across cluster][0m
[36m(TaskRunner pid=58903)[0m test_gen_batch meta info: {'eos_token_id': 248046, 'pad_token_id': 248044, 'recompute_log_prob': False, 'do_sample': False, 'validate': True, 'global_steps': 5}
[36m(vLLMHttpServer pid=74214)[0m (EngineCore pid=76095) WARNING 07-31 11:41:32 [scheduler.py:2541] reset_connector called but no KV connector is configured.[32m [repeated 5x across cluster][0m
[36m(TaskRunner pid=58903)[0m validation generation end
