WARNING:2026-07-31 10:58:17,057:Current Python version 3.10 is below the recommended 3.11 version. It is recommended to upgrade to Python 3.11 or higher for the best experience.
LANG_RL Log directory: None
INFO 07-31 10:58:20 [__init__.py:44] Available plugins for group vllm.platform_plugins:
INFO 07-31 10:58:20 [__init__.py:46] - hcu -> vllm_hcu:hcu_platform_plugin
INFO 07-31 10:58:20 [__init__.py:49] All plugins in this group will be loaded. Set `VLLM_PLUGINS` to control which plugins to load.
INFO 07-31 10:58:20 [__init__.py:239] Platform plugin hcu is activated
[HCU_ADAPT] Patch has been applied in worker
2026-07-31 10:58:33,934	INFO worker.py:2015 -- Started a local Ray instance. View the dashboard at [1m[32m127.0.0.1:8266 [39m[22m
[36m(pid=30469)[0m WARNING:2026-07-31 10:59:00,690:Current Python version 3.10 is below the recommended 3.11 version. It is recommended to upgrade to Python 3.11 or higher for the best experience.
ray init kwargs: {'num_cpus': None, 'runtime_env': {'env_vars': {'TOKENIZERS_PARALLELISM': 'true', 'VLLM_LOGGING_LEVEL': 'WARN', 'VLLM_ALLOW_RUNTIME_LORA_UPDATING': 'true', 'CUDA_DEVICE_MAX_CONNECTIONS': '1', 'VLLM_DISABLE_COMPILE_CACHE': '1', 'HCCL_HOST_SOCKET_PORT_RANGE': 'auto', 'HCCL_NPU_SOCKET_PORT_RANGE': 'auto', 'HSA_NO_SCRATCH_RECLAIM': '1', 'TORCH_CPP_LOG_LEVEL': 'fatal', 'GLOG_minloglevel': '3', 'GPU_MAX_HW_QUEUES': '10', 'RAY_ACCEL_ENV_VAR_OVERRIDE_ON_ZERO': '0', 'NCCL_IB_HCA': 'mlx5_2:1,mlx5_3:1,mlx5_4:1,mlx5_5:1,mlx5_6:1,mlx5_7:1,mlx5_8:1,mlx5_9:1', 'ROCSHMEM_MAX_NUM_CONTEXTS': '48', 'ROCSHMEM_HEAP_SIZE': '2684354560', 'ROCSHMEM_GDA_NUM_QPS_DEFAULT_CTX': '288', 'ROCSHMEM_TOPO_FILE_FORCE': '/public/home/xingjl/verl-das/examples/topo/topo.config', 'ROCSHMEM_ALLOWED_IBV_DEVICES': 'mlx5_2,mlx5_3,mlx5_4,mlx5_5,mlx5_6,mlx5_7,mlx5_8,mlx5_9'}, 'working_dir': None}}
[36m(pid=30469)[0m LANG_RL Log directory: None
[36m(pid=30469)[0m [HCU_ADAPT] Patch has been applied in worker
[36m(TaskRunner pid=30469)[0m TaskRunner hostname: nmz5, PID: 30469
[36m(TaskRunner pid=30469)[0m {'actor_rollout_ref': {'actor': {'_target_': 'verl.workers.config.FSDPActorConfig',
[36m(TaskRunner pid=30469)[0m                                  'calculate_entropy': False,
[36m(TaskRunner pid=30469)[0m                                  'calculate_sum_pi_squared': False,
[36m(TaskRunner pid=30469)[0m                                  'checkpoint': {'_target_': 'verl.trainer.config.CheckpointConfig',
[36m(TaskRunner pid=30469)[0m                                                 'async_save': False,
[36m(TaskRunner pid=30469)[0m                                                 'load_contents': ['model',
[36m(TaskRunner pid=30469)[0m                                                                   'optimizer',
[36m(TaskRunner pid=30469)[0m                                                                   'extra'],
[36m(TaskRunner pid=30469)[0m                                                 'mbridge_config': {},
[36m(TaskRunner pid=30469)[0m                                                 'save_contents': ['model',
[36m(TaskRunner pid=30469)[0m                                                                   'optimizer',
[36m(TaskRunner pid=30469)[0m                                                                   'extra'],
[36m(TaskRunner pid=30469)[0m                                                 'strict': True},
[36m(TaskRunner pid=30469)[0m                                  'clip_ratio': 0.2,
[36m(TaskRunner pid=30469)[0m                                  'clip_ratio_c': 3.0,
[36m(TaskRunner pid=30469)[0m                                  'clip_ratio_high': 0.2,
[36m(TaskRunner pid=30469)[0m                                  'clip_ratio_low': 0.2,
[36m(TaskRunner pid=30469)[0m                                  'data_loader_seed': 42,
[36m(TaskRunner pid=30469)[0m                                  'entropy_checkpointing': False,
[36m(TaskRunner pid=30469)[0m                                  'entropy_coeff': 0,
[36m(TaskRunner pid=30469)[0m                                  'entropy_from_logits_with_chunking': False,
[36m(TaskRunner pid=30469)[0m                                  'freeze_vision_tower': False,
[36m(TaskRunner pid=30469)[0m                                  'fsdp_config': {'_target_': 'verl.workers.config.FSDPEngineConfig',
[36m(TaskRunner pid=30469)[0m                                                  'dtype': 'bfloat16',
[36m(TaskRunner pid=30469)[0m                                                  'entropy_checkpointing': True,
[36m(TaskRunner pid=30469)[0m                                                  'entropy_from_logits_with_chunking': False,
[36m(TaskRunner pid=30469)[0m                                                  'forward_only': False,
[36m(TaskRunner pid=30469)[0m                                                  'forward_prefetch': False,
[36m(TaskRunner pid=30469)[0m                                                  'fsdp_size': -1,
[36m(TaskRunner pid=30469)[0m                                                  'full_determinism': False,
[36m(TaskRunner pid=30469)[0m                                                  'model_dtype': 'fp32',
[36m(TaskRunner pid=30469)[0m                                                  'offload_policy': False,
[36m(TaskRunner pid=30469)[0m                                                  'optimizer_offload': True,
[36m(TaskRunner pid=30469)[0m                                                  'param_offload': True,
[36m(TaskRunner pid=30469)[0m                                                  'qat': {'_target_': 'verl.workers.config.QATEngineConfig',
[36m(TaskRunner pid=30469)[0m                                                          'activation_observer': 'static_minmax',
[36m(TaskRunner pid=30469)[0m                                                          'enable': False,
[36m(TaskRunner pid=30469)[0m                                                          'group_size': 16,
[36m(TaskRunner pid=30469)[0m                                                          'ignore_patterns': ['lm_head',
[36m(TaskRunner pid=30469)[0m                                                                              'embed_tokens',
[36m(TaskRunner pid=30469)[0m                                                                              're:.*mlp.gate$'],
[36m(TaskRunner pid=30469)[0m                                                          'mode': 'w4a16',
[36m(TaskRunner pid=30469)[0m                                                          'quantization_config_path': None},
[36m(TaskRunner pid=30469)[0m                                                  'reshard_after_forward': True,
[36m(TaskRunner pid=30469)[0m                                                  'seed': 42,
[36m(TaskRunner pid=30469)[0m                                                  'strategy': 'fsdp',
[36m(TaskRunner pid=30469)[0m                                                  'ulysses_sequence_parallel_size': 1,
[36m(TaskRunner pid=30469)[0m                                                  'use_orig_params': False,
[36m(TaskRunner pid=30469)[0m                                                  'use_torch_compile': True,
[36m(TaskRunner pid=30469)[0m                                                  'wrap_policy': {'min_num_params': 0}},
[36m(TaskRunner pid=30469)[0m                                  'grad_clip': 1.0,
[36m(TaskRunner pid=30469)[0m                                  'kl_loss_coef': 0.001,
[36m(TaskRunner pid=30469)[0m                                  'kl_loss_type': 'low_var_kl',
[36m(TaskRunner pid=30469)[0m                                  'loss_agg_mode': 'token-mean',
[36m(TaskRunner pid=30469)[0m                                  'loss_scale_factor': None,
[36m(TaskRunner pid=30469)[0m                                  'optim': {'_target_': 'verl.workers.config.FSDPOptimizerConfig',
[36m(TaskRunner pid=30469)[0m                                            'betas': [0.9, 0.999],
[36m(TaskRunner pid=30469)[0m                                            'clip_grad': 1.0,
[36m(TaskRunner pid=30469)[0m                                            'lr': 1e-06,
[36m(TaskRunner pid=30469)[0m                                            'lr_scheduler_type': 'constant',
[36m(TaskRunner pid=30469)[0m                                            'lr_warmup_steps': -1,
[36m(TaskRunner pid=30469)[0m                                            'lr_warmup_steps_ratio': 0.0,
[36m(TaskRunner pid=30469)[0m                                            'min_lr_ratio': 0.0,
[36m(TaskRunner pid=30469)[0m                                            'num_cycles': 0.5,
[36m(TaskRunner pid=30469)[0m                                            'optimizer': 'AdamW',
[36m(TaskRunner pid=30469)[0m                                            'optimizer_impl': 'torch.optim',
[36m(TaskRunner pid=30469)[0m                                            'override_optimizer_config': None,
[36m(TaskRunner pid=30469)[0m                                            'total_training_steps': -1,
[36m(TaskRunner pid=30469)[0m                                            'warmup_style': None,
[36m(TaskRunner pid=30469)[0m                                            'weight_decay': 0.01,
[36m(TaskRunner pid=30469)[0m                                            'zero_indexed_step': True},
[36m(TaskRunner pid=30469)[0m                                  'policy_loss': {'_target_': 'verl.workers.config.PolicyLossConfig',
[36m(TaskRunner pid=30469)[0m                                                  'clip_cov_lb': 1.0,
[36m(TaskRunner pid=30469)[0m                                                  'clip_cov_ratio': 0.0002,
[36m(TaskRunner pid=30469)[0m                                                  'clip_cov_ub': 5.0,
[36m(TaskRunner pid=30469)[0m                                                  'kl_cov_ratio': 0.0002,
[36m(TaskRunner pid=30469)[0m                                                  'loss_mode': 'vanilla',
[36m(TaskRunner pid=30469)[0m                                                  'ppo_kl_coef': 0.1},
[36m(TaskRunner pid=30469)[0m                                  'ppo_epochs': 1,
[36m(TaskRunner pid=30469)[0m                                  'ppo_max_token_len_per_gpu': 24576,
[36m(TaskRunner pid=30469)[0m                                  'ppo_micro_batch_size': None,
[36m(TaskRunner pid=30469)[0m                                  'ppo_micro_batch_size_per_gpu': 1,
[36m(TaskRunner pid=30469)[0m                                  'ppo_mini_batch_size': 128,
[36m(TaskRunner pid=30469)[0m                                  'profiler': {'_target_': 'verl.utils.profiler.ProfilerConfig',
[36m(TaskRunner pid=30469)[0m                                               'all_ranks': False,
[36m(TaskRunner pid=30469)[0m                                               'enable': False,
[36m(TaskRunner pid=30469)[0m                                               'ranks': [],
[36m(TaskRunner pid=30469)[0m                                               'save_path': 'outputs/profile',
[36m(TaskRunner pid=30469)[0m                                               'tool': None,
[36m(TaskRunner pid=30469)[0m                                               'tool_config': {'npu': {'_target_': 'verl.utils.profiler.config.NPUToolConfig',
[36m(TaskRunner pid=30469)[0m                                                                       'analysis': True,
[36m(TaskRunner pid=30469)[0m                                                                       'contents': [],
[36m(TaskRunner pid=30469)[0m                                                                       'discrete': False,
[36m(TaskRunner pid=30469)[0m                                                                       'level': 'level0'},
[36m(TaskRunner pid=30469)[0m                                                               'nsys': {'_target_': 'verl.utils.profiler.config.NsightToolConfig',
[36m(TaskRunner pid=30469)[0m                                                                        'discrete': False},
[36m(TaskRunner pid=30469)[0m                                                               'precision_debugger': {'_target_': 'verl.utils.profiler.config.PrecisionDebuggerToolConfig',
[36m(TaskRunner pid=30469)[0m                                                                                      'config_path': None,
[36m(TaskRunner pid=30469)[0m                                                                                      'stages': None,
[36m(TaskRunner pid=30469)[0m                                                                                      'steps': None,
[36m(TaskRunner pid=30469)[0m                                                                                      'strict': False},
[36m(TaskRunner pid=30469)[0m                                                               'torch': {'_target_': 'verl.utils.profiler.config.TorchProfilerToolConfig',
[36m(TaskRunner pid=30469)[0m                                                                         'contents': [],
[36m(TaskRunner pid=30469)[0m                                                                         'discrete': False},
[36m(TaskRunner pid=30469)[0m                                                               'torch_memory': {'_target_': 'verl.utils.profiler.config.TorchMemoryToolConfig',
[36m(TaskRunner pid=30469)[0m                                                                                'stack_depth': 32,
[36m(TaskRunner pid=30469)[0m                                                                                'trace_alloc_max_entries': 100000}}},
[36m(TaskRunner pid=30469)[0m                                  'qat': {'activation_observer': 'static_minmax',
[36m(TaskRunner pid=30469)[0m                                          'enable': False,
[36m(TaskRunner pid=30469)[0m                                          'group_size': 16,
[36m(TaskRunner pid=30469)[0m                                          'ignore_patterns': ['lm_head',
[36m(TaskRunner pid=30469)[0m                                                              'embed_tokens',
[36m(TaskRunner pid=30469)[0m                                                              're:.*mlp.gate$'],
[36m(TaskRunner pid=30469)[0m                                          'mode': 'w4a16',
[36m(TaskRunner pid=30469)[0m                                          'quantization_config_path': None},
[36m(TaskRunner pid=30469)[0m                                  'rollout_n': 1,
[36m(TaskRunner pid=30469)[0m                                  'router_replay': {'_target_': 'verl.workers.config.RouterReplayConfig',
[36m(TaskRunner pid=30469)[0m                                                    'mode': 'disabled',
[36m(TaskRunner pid=30469)[0m                                                    'record_file': None,
[36m(TaskRunner pid=30469)[0m                                                    'replay_file': None},
[36m(TaskRunner pid=30469)[0m                                  'shuffle': False,
[36m(TaskRunner pid=30469)[0m                                  'strategy': 'fsdp2',
[36m(TaskRunner pid=30469)[0m                                  'tau_neg': 1.05,
[36m(TaskRunner pid=30469)[0m                                  'tau_pos': 1.0,
[36m(TaskRunner pid=30469)[0m                                  'ulysses_sequence_parallel_size': 1,
[36m(TaskRunner pid=30469)[0m                                  'use_dynamic_bsz': False,
[36m(TaskRunner pid=30469)[0m                                  'use_fused_kernels': False,
[36m(TaskRunner pid=30469)[0m                                  'use_kl_loss': False,
[36m(TaskRunner pid=30469)[0m                                  'use_prefix_grouper': False,
[36m(TaskRunner pid=30469)[0m                                  'use_remove_padding': True,
[36m(TaskRunner pid=30469)[0m                                  'use_torch_compile': False},
[36m(TaskRunner pid=30469)[0m                        'hybrid_engine': True,
[36m(TaskRunner pid=30469)[0m                        'model': {'_target_': 'verl.workers.config.HFModelConfig',
[36m(TaskRunner pid=30469)[0m                                  'custom_chat_template': None,
[36m(TaskRunner pid=30469)[0m                                  'enable_activation_offload': False,
[36m(TaskRunner pid=30469)[0m                                  'enable_gradient_checkpointing': True,
[36m(TaskRunner pid=30469)[0m                                  'exclude_modules': None,
[36m(TaskRunner pid=30469)[0m                                  'external_lib': None,
[36m(TaskRunner pid=30469)[0m                                  'fused_kernel_options': {'impl_backend': 'torch'},
[36m(TaskRunner pid=30469)[0m                                  'hf_config_path': None,
[36m(TaskRunner pid=30469)[0m                                  'lora': {'a2a_experimental': False,
[36m(TaskRunner pid=30469)[0m                                           'adapter_path': None,
[36m(TaskRunner pid=30469)[0m                                           'alpha': 32,
[36m(TaskRunner pid=30469)[0m                                           'dropout': 0.0,
[36m(TaskRunner pid=30469)[0m                                           'dropout_position': 'pre',
[36m(TaskRunner pid=30469)[0m                                           'dtype': None,
[36m(TaskRunner pid=30469)[0m                                           'exclude_modules': [],
[36m(TaskRunner pid=30469)[0m                                           'freeze_language_model': True,
[36m(TaskRunner pid=30469)[0m                                           'freeze_vision_model': True,
[36m(TaskRunner pid=30469)[0m                                           'freeze_vision_projection': True,
[36m(TaskRunner pid=30469)[0m                                           'lora_A_init_method': 'xavier',
[36m(TaskRunner pid=30469)[0m                                           'lora_B_init_method': 'zero',
[36m(TaskRunner pid=30469)[0m                                           'merge': False,
[36m(TaskRunner pid=30469)[0m                                           'rank': 0,
[36m(TaskRunner pid=30469)[0m                                           'target_modules': ['linear_qkv',
[36m(TaskRunner pid=30469)[0m                                                              'linear_proj',
[36m(TaskRunner pid=30469)[0m                                                              'linear_fc1',
[36m(TaskRunner pid=30469)[0m                                                              'linear_fc2'],
[36m(TaskRunner pid=30469)[0m                                           'type': 'lora'},
[36m(TaskRunner pid=30469)[0m                                  'lora_adapter_path': None,
[36m(TaskRunner pid=30469)[0m                                  'lora_alpha': 16,
[36m(TaskRunner pid=30469)[0m                                  'lora_rank': 0,
[36m(TaskRunner pid=30469)[0m                                  'mtp': {'_target_': 'verl.workers.config.MtpConfig',
[36m(TaskRunner pid=30469)[0m                                          'detach_encoder': False,
[36m(TaskRunner pid=30469)[0m                                          'enable': False,
[36m(TaskRunner pid=30469)[0m                                          'enable_rollout': False,
[36m(TaskRunner pid=30469)[0m                                          'enable_train': False,
[36m(TaskRunner pid=30469)[0m                                          'method': 'mtp',
[36m(TaskRunner pid=30469)[0m                                          'mtp_loss_scaling_factor': 0.1,
[36m(TaskRunner pid=30469)[0m                                          'num_speculative_tokens': 1,
[36m(TaskRunner pid=30469)[0m                                          'speculative_algorithm': 'EAGLE',
[36m(TaskRunner pid=30469)[0m                                          'speculative_eagle_topk': 1,
[36m(TaskRunner pid=30469)[0m                                          'speculative_num_draft_tokens': 4,
[36m(TaskRunner pid=30469)[0m                                          'speculative_num_steps': 3},
[36m(TaskRunner pid=30469)[0m                                  'override_config': {},
[36m(TaskRunner pid=30469)[0m                                  'path': '/public/home/xingjl/models/Qwen3.5-4B',
[36m(TaskRunner pid=30469)[0m                                  'target_modules': 'all-linear',
[36m(TaskRunner pid=30469)[0m                                  'tiled_mlp': {'enabled': False,
[36m(TaskRunner pid=30469)[0m                                                'num_shards': 4},
[36m(TaskRunner pid=30469)[0m                                  'tokenizer_path': None,
[36m(TaskRunner pid=30469)[0m                                  'trust_remote_code': False,
[36m(TaskRunner pid=30469)[0m                                  'use_fused_kernels': False,
[36m(TaskRunner pid=30469)[0m                                  'use_liger': False,
[36m(TaskRunner pid=30469)[0m                                  'use_remove_padding': True,
[36m(TaskRunner pid=30469)[0m                                  'use_shm': False},
[36m(TaskRunner pid=30469)[0m                        'nccl_timeout': 600,
[36m(TaskRunner pid=30469)[0m                        'ref': {'_target_': 'verl.workers.config.FSDPActorConfig',
[36m(TaskRunner pid=30469)[0m                                'entropy_checkpointing': False,
[36m(TaskRunner pid=30469)[0m                                'entropy_from_logits_with_chunking': False,
[36m(TaskRunner pid=30469)[0m                                'fsdp_config': {'_target_': 'verl.workers.config.FSDPEngineConfig',
[36m(TaskRunner pid=30469)[0m                                                'dtype': 'bfloat16',
[36m(TaskRunner pid=30469)[0m                                                'entropy_checkpointing': False,
[36m(TaskRunner pid=30469)[0m                                                'entropy_from_logits_with_chunking': False,
[36m(TaskRunner pid=30469)[0m                                                'forward_only': True,
[36m(TaskRunner pid=30469)[0m                                                'forward_prefetch': False,
[36m(TaskRunner pid=30469)[0m                                                'fsdp_size': -1,
[36m(TaskRunner pid=30469)[0m                                                'full_determinism': False,
[36m(TaskRunner pid=30469)[0m                                                'model_dtype': 'fp32',
[36m(TaskRunner pid=30469)[0m                                                'offload_policy': False,
[36m(TaskRunner pid=30469)[0m                                                'optimizer_offload': False,
[36m(TaskRunner pid=30469)[0m                                                'param_offload': True,
[36m(TaskRunner pid=30469)[0m                                                'qat': {'_target_': 'verl.workers.config.QATEngineConfig',
[36m(TaskRunner pid=30469)[0m                                                        'activation_observer': 'static_minmax',
[36m(TaskRunner pid=30469)[0m                                                        'enable': False,
[36m(TaskRunner pid=30469)[0m                                                        'group_size': 16,
[36m(TaskRunner pid=30469)[0m                                                        'ignore_patterns': ['lm_head',
[36m(TaskRunner pid=30469)[0m                                                                            'embed_tokens',
[36m(TaskRunner pid=30469)[0m                                                                            're:.*mlp.gate$'],
[36m(TaskRunner pid=30469)[0m                                                        'mode': 'w4a16',
[36m(TaskRunner pid=30469)[0m                                                        'quantization_config_path': None},
[36m(TaskRunner pid=30469)[0m                                                'reshard_after_forward': True,
[36m(TaskRunner pid=30469)[0m                                                'seed': 42,
[36m(TaskRunner pid=30469)[0m                                                'strategy': 'fsdp',
[36m(TaskRunner pid=30469)[0m                                                'ulysses_sequence_parallel_size': 1,
[36m(TaskRunner pid=30469)[0m                                                'use_orig_params': False,
[36m(TaskRunner pid=30469)[0m                                                'use_torch_compile': True,
[36m(TaskRunner pid=30469)[0m                                                'wrap_policy': {'min_num_params': 0}},
[36m(TaskRunner pid=30469)[0m                                'log_prob_max_token_len_per_gpu': 24576,
[36m(TaskRunner pid=30469)[0m                                'log_prob_micro_batch_size': None,
[36m(TaskRunner pid=30469)[0m                                'log_prob_micro_batch_size_per_gpu': 1,
[36m(TaskRunner pid=30469)[0m                                'log_prob_use_dynamic_bsz': False,
[36m(TaskRunner pid=30469)[0m                                'profiler': {'_target_': 'verl.utils.profiler.ProfilerConfig',
[36m(TaskRunner pid=30469)[0m                                             'all_ranks': False,
[36m(TaskRunner pid=30469)[0m                                             'enable': False,
[36m(TaskRunner pid=30469)[0m                                             'ranks': [],
[36m(TaskRunner pid=30469)[0m                                             'save_path': 'outputs/profile',
[36m(TaskRunner pid=30469)[0m                                             'tool': None,
[36m(TaskRunner pid=30469)[0m                                             'tool_config': {'npu': {'_target_': 'verl.utils.profiler.config.NPUToolConfig',
[36m(TaskRunner pid=30469)[0m                                                                     'analysis': True,
[36m(TaskRunner pid=30469)[0m                                                                     'contents': [],
[36m(TaskRunner pid=30469)[0m                                                                     'discrete': False,
[36m(TaskRunner pid=30469)[0m                                                                     'level': 'level0'},
[36m(TaskRunner pid=30469)[0m                                                             'nsys': {'_target_': 'verl.utils.profiler.config.NsightToolConfig',
[36m(TaskRunner pid=30469)[0m                                                                      'discrete': False},
[36m(TaskRunner pid=30469)[0m                                                             'precision_debugger': {'_target_': 'verl.utils.profiler.config.PrecisionDebuggerToolConfig',
[36m(TaskRunner pid=30469)[0m                                                                                    'config_path': None,
[36m(TaskRunner pid=30469)[0m                                                                                    'stages': None,
[36m(TaskRunner pid=30469)[0m                                                                                    'steps': None,
[36m(TaskRunner pid=30469)[0m                                                                                    'strict': False},
[36m(TaskRunner pid=30469)[0m                                                             'torch': {'_target_': 'verl.utils.profiler.config.TorchProfilerToolConfig',
[36m(TaskRunner pid=30469)[0m                                                                       'contents': [],
[36m(TaskRunner pid=30469)[0m                                                                       'discrete': False},
[36m(TaskRunner pid=30469)[0m                                                             'torch_memory': {'_target_': 'verl.utils.profiler.config.TorchMemoryToolConfig',
[36m(TaskRunner pid=30469)[0m                                                                              'stack_depth': 32,
[36m(TaskRunner pid=30469)[0m                                                                              'trace_alloc_max_entries': 100000}}},
[36m(TaskRunner pid=30469)[0m                                'rollout_n': 1,
[36m(TaskRunner pid=30469)[0m                                'router_replay': {'_target_': 'verl.workers.config.RouterReplayConfig',
[36m(TaskRunner pid=30469)[0m                                                  'mode': 'disabled',
[36m(TaskRunner pid=30469)[0m                                                  'record_file': None,
[36m(TaskRunner pid=30469)[0m                                                  'replay_file': None},
[36m(TaskRunner pid=30469)[0m                                'strategy': 'fsdp2',
[36m(TaskRunner pid=30469)[0m                                'ulysses_sequence_parallel_size': 1,
[36m(TaskRunner pid=30469)[0m                                'use_torch_compile': False},
[36m(TaskRunner pid=30469)[0m                        'rollout': {'_target_': 'verl.workers.config.RolloutConfig',
[36m(TaskRunner pid=30469)[0m                                    'agent': {'_target_': 'verl.workers.config.AgentLoopConfig',
[36m(TaskRunner pid=30469)[0m                                              'agent_loop_config_path': None,
[36m(TaskRunner pid=30469)[0m                                              'custom_async_server': {'_target_': 'verl.workers.config.CustomAsyncServerConfig',
[36m(TaskRunner pid=30469)[0m                                                                      'name': None,
[36m(TaskRunner pid=30469)[0m                                                                      'path': None},
[36m(TaskRunner pid=30469)[0m                                              'default_agent_loop': 'single_turn_agent',
[36m(TaskRunner pid=30469)[0m                                              'num_workers': 8},
[36m(TaskRunner pid=30469)[0m                                    'calculate_log_probs': True,
[36m(TaskRunner pid=30469)[0m                                    'checkpoint_engine': {'_target_': 'verl.workers.config.CheckpointEngineConfig',
[36m(TaskRunner pid=30469)[0m                                                          'backend': 'naive',
[36m(TaskRunner pid=30469)[0m                                                          'custom_backend_module': None,
[36m(TaskRunner pid=30469)[0m                                                          'engine_kwargs': {},
[36m(TaskRunner pid=30469)[0m                                                          'update_weights_bucket_megabytes': 2048},
[36m(TaskRunner pid=30469)[0m                                    'cudagraph_capture_sizes': None,
[36m(TaskRunner pid=30469)[0m                                    'data_parallel_size': 1,
[36m(TaskRunner pid=30469)[0m                                    'disable_log_stats': True,
[36m(TaskRunner pid=30469)[0m                                    'disaggregation': {'bootstrap_port': None,
[36m(TaskRunner pid=30469)[0m                                                       'decode_replicas': 1,
[36m(TaskRunner pid=30469)[0m                                                       'decode_tensor_model_parallel_size': None,
[36m(TaskRunner pid=30469)[0m                                                       'enabled': False,
[36m(TaskRunner pid=30469)[0m                                                       'ib_device': None,
[36m(TaskRunner pid=30469)[0m                                                       'prefill_replicas': 1,
[36m(TaskRunner pid=30469)[0m                                                       'transfer_backend': 'nixl'},
[36m(TaskRunner pid=30469)[0m                                    'do_sample': True,
[36m(TaskRunner pid=30469)[0m                                    'dtype': 'bfloat16',
[36m(TaskRunner pid=30469)[0m                                    'enable_chunked_prefill': True,
[36m(TaskRunner pid=30469)[0m                                    'enable_prefix_caching': True,
[36m(TaskRunner pid=30469)[0m                                    'enable_rollout_routing_replay': False,
[36m(TaskRunner pid=30469)[0m                                    'enable_sleep_mode': True,
[36m(TaskRunner pid=30469)[0m                                    'enforce_eager': False,
[36m(TaskRunner pid=30469)[0m                                    'engine_kwargs': {'sglang': {},
[36m(TaskRunner pid=30469)[0m                                                      'trtllm': {},
[36m(TaskRunner pid=30469)[0m                                                      'vllm': {'mm_processor_cache_gb': 0}},
[36m(TaskRunner pid=30469)[0m                                    'expert_parallel_size': 1,
[36m(TaskRunner pid=30469)[0m                                    'free_cache_engine': True,
[36m(TaskRunner pid=30469)[0m                                    'gpu_memory_utilization': 0.3,
[36m(TaskRunner pid=30469)[0m                                    'ignore_eos': False,
[36m(TaskRunner pid=30469)[0m                                    'layered_summon': False,
[36m(TaskRunner pid=30469)[0m                                    'load_format': 'dummy',
[36m(TaskRunner pid=30469)[0m                                    'log_prob_max_token_len_per_gpu': 24576,
[36m(TaskRunner pid=30469)[0m                                    'log_prob_micro_batch_size': None,
[36m(TaskRunner pid=30469)[0m                                    'log_prob_micro_batch_size_per_gpu': 1,
[36m(TaskRunner pid=30469)[0m                                    'log_prob_use_dynamic_bsz': False,
[36m(TaskRunner pid=30469)[0m                                    'logprobs_mode': 'processed_logprobs',
[36m(TaskRunner pid=30469)[0m                                    'max_model_len': 3073,
[36m(TaskRunner pid=30469)[0m                                    'max_num_batched_tokens': 8192,
[36m(TaskRunner pid=30469)[0m                                    'max_num_seqs': 1024,
[36m(TaskRunner pid=30469)[0m                                    'mode': 'async',
[36m(TaskRunner pid=30469)[0m                                    'mtp': {'_target_': 'verl.workers.config.MtpConfig',
[36m(TaskRunner pid=30469)[0m                                            'detach_encoder': False,
[36m(TaskRunner pid=30469)[0m                                            'enable': False,
[36m(TaskRunner pid=30469)[0m                                            'enable_rollout': False,
[36m(TaskRunner pid=30469)[0m                                            'enable_train': False,
[36m(TaskRunner pid=30469)[0m                                            'method': 'mtp',
[36m(TaskRunner pid=30469)[0m                                            'mtp_loss_scaling_factor': 0.1,
[36m(TaskRunner pid=30469)[0m                                            'num_speculative_tokens': 1,
[36m(TaskRunner pid=30469)[0m                                            'speculative_algorithm': 'EAGLE',
[36m(TaskRunner pid=30469)[0m                                            'speculative_eagle_topk': 1,
[36m(TaskRunner pid=30469)[0m                                            'speculative_num_draft_tokens': 4,
[36m(TaskRunner pid=30469)[0m                                            'speculative_num_steps': 3},
[36m(TaskRunner pid=30469)[0m                                    'multi_stage_wake_up': False,
[36m(TaskRunner pid=30469)[0m                                    'multi_turn': {'_target_': 'verl.workers.config.MultiTurnConfig',
[36m(TaskRunner pid=30469)[0m                                                   'enable': False,
[36m(TaskRunner pid=30469)[0m                                                   'format': 'hermes',
[36m(TaskRunner pid=30469)[0m                                                   'function_tool_path': None,
[36m(TaskRunner pid=30469)[0m                                                   'max_assistant_turns': None,
[36m(TaskRunner pid=30469)[0m                                                   'max_parallel_calls': 1,
[36m(TaskRunner pid=30469)[0m                                                   'max_tool_response_length': 256,
[36m(TaskRunner pid=30469)[0m                                                   'max_user_turns': None,
[36m(TaskRunner pid=30469)[0m                                                   'num_repeat_rollouts': None,
[36m(TaskRunner pid=30469)[0m                                                   'tokenization_sanity_check_mode': 'strict',
[36m(TaskRunner pid=30469)[0m                                                   'tool_config_path': None,
[36m(TaskRunner pid=30469)[0m                                                   'tool_response_truncate_side': 'middle',
[36m(TaskRunner pid=30469)[0m                                                   'use_inference_chat_template': False},
[36m(TaskRunner pid=30469)[0m                                    'n': 1,
[36m(TaskRunner pid=30469)[0m                                    'n_gpus_per_node': 4,
[36m(TaskRunner pid=30469)[0m                                    'name': 'vllm',
[36m(TaskRunner pid=30469)[0m                                    'nnodes': 0,
[36m(TaskRunner pid=30469)[0m                                    'over_sample_rate': 0,
[36m(TaskRunner pid=30469)[0m                                    'pipeline_model_parallel_size': 1,
[36m(TaskRunner pid=30469)[0m                                    'profiler': {'_target_': 'verl.utils.profiler.ProfilerConfig',
[36m(TaskRunner pid=30469)[0m                                                 'all_ranks': False,
[36m(TaskRunner pid=30469)[0m                                                 'enable': False,
[36m(TaskRunner pid=30469)[0m                                                 'ranks': [],
[36m(TaskRunner pid=30469)[0m                                                 'save_path': 'outputs/profile',
[36m(TaskRunner pid=30469)[0m                                                 'tool': None,
[36m(TaskRunner pid=30469)[0m                                                 'tool_config': {'npu': {'_target_': 'verl.utils.profiler.config.NPUToolConfig',
[36m(TaskRunner pid=30469)[0m                                                                         'analysis': True,
[36m(TaskRunner pid=30469)[0m                                                                         'contents': [],
[36m(TaskRunner pid=30469)[0m                                                                         'discrete': False,
[36m(TaskRunner pid=30469)[0m                                                                         'level': 'level0'},
[36m(TaskRunner pid=30469)[0m                                                                 'precision_debugger': {'_target_': 'verl.utils.profiler.config.PrecisionDebuggerToolConfig',
[36m(TaskRunner pid=30469)[0m                                                                                        'config_path': None,
[36m(TaskRunner pid=30469)[0m                                                                                        'stages': None,
[36m(TaskRunner pid=30469)[0m                                                                                        'steps': None,
[36m(TaskRunner pid=30469)[0m                                                                                        'strict': False},
[36m(TaskRunner pid=30469)[0m                                                                 'torch': {'_target_': 'verl.utils.profiler.config.TorchProfilerToolConfig',
[36m(TaskRunner pid=30469)[0m                                                                           'contents': [],
[36m(TaskRunner pid=30469)[0m                                                                           'discrete': False}}},
[36m(TaskRunner pid=30469)[0m                                    'prometheus': {'_target_': 'verl.workers.config.PrometheusConfig',
[36m(TaskRunner pid=30469)[0m                                                   'enable': False,
[36m(TaskRunner pid=30469)[0m                                                   'file': '/tmp/ray/session_latest/metrics/prometheus/prometheus.yml',
[36m(TaskRunner pid=30469)[0m                                                   'port': 9090,
[36m(TaskRunner pid=30469)[0m                                                   'served_model_name': '/public/home/xingjl/models/Qwen3.5-4B'},
[36m(TaskRunner pid=30469)[0m                                    'prompt_length': 1024,
[36m(TaskRunner pid=30469)[0m                                    'qat': {'_target_': 'verl.workers.config.QATEngineConfig',
[36m(TaskRunner pid=30469)[0m                                            'activation_observer': 'static_minmax',
[36m(TaskRunner pid=30469)[0m                                            'enable': False,
[36m(TaskRunner pid=30469)[0m                                            'group_size': 16,
[36m(TaskRunner pid=30469)[0m                                            'ignore_patterns': ['lm_head',
[36m(TaskRunner pid=30469)[0m                                                                'embed_tokens',
[36m(TaskRunner pid=30469)[0m                                                                're:.*mlp.gate$'],
[36m(TaskRunner pid=30469)[0m                                            'mode': 'w4a16',
[36m(TaskRunner pid=30469)[0m                                            'quantization_config_path': None},
[36m(TaskRunner pid=30469)[0m                                    'quantization': None,
[36m(TaskRunner pid=30469)[0m                                    'quantization_config_file': None,
[36m(TaskRunner pid=30469)[0m                                    'response_length': 2048,
[36m(TaskRunner pid=30469)[0m                                    'scheduling_policy': 'fcfs',
[36m(TaskRunner pid=30469)[0m                                    'skip': {'_target_': 'verl.workers.config.SkipConfig',
[36m(TaskRunner pid=30469)[0m                                             'action': 'cache',
[36m(TaskRunner pid=30469)[0m                                             'dump_dir': '~/.verl/rollout_dump',
[36m(TaskRunner pid=30469)[0m                                             'enable': False,
[36m(TaskRunner pid=30469)[0m                                             'max_dump_step': 1},
[36m(TaskRunner pid=30469)[0m                                    'skip_tokenizer_init': True,
[36m(TaskRunner pid=30469)[0m                                    'temperature': 1.0,
[36m(TaskRunner pid=30469)[0m                                    'tensor_model_parallel_size': 2,
[36m(TaskRunner pid=30469)[0m                                    'top_k': -1,
[36m(TaskRunner pid=30469)[0m                                    'top_p': 1,
[36m(TaskRunner pid=30469)[0m                                    'trace': {'_target_': 'verl.workers.config.TraceConfig',
[36m(TaskRunner pid=30469)[0m                                              'backend': None,
[36m(TaskRunner pid=30469)[0m                                              'experiment_name': 'DISTILLATION-Qwen3.5-4B-BASE-FSDP2-vLLM',
[36m(TaskRunner pid=30469)[0m                                              'max_samples_per_step_per_worker': None,
[36m(TaskRunner pid=30469)[0m                                              'project_name': 'DISTILLATION-Qwen3.5-4B-BASE-GEO3K',
[36m(TaskRunner pid=30469)[0m                                              'token2text': False},
[36m(TaskRunner pid=30469)[0m                                    'val_kwargs': {'_target_': 'verl.workers.config.SamplingConfig',
[36m(TaskRunner pid=30469)[0m                                                   'do_sample': False,
[36m(TaskRunner pid=30469)[0m                                                   'n': 1,
[36m(TaskRunner pid=30469)[0m                                                   'temperature': 0,
[36m(TaskRunner pid=30469)[0m                                                   'top_k': -1,
[36m(TaskRunner pid=30469)[0m                                                   'top_p': 1.0}}},
[36m(TaskRunner pid=30469)[0m  'algorithm': {'_target_': 'verl.trainer.config.AlgoConfig',
[36m(TaskRunner pid=30469)[0m                'adv_estimator': 'grpo',
[36m(TaskRunner pid=30469)[0m                'gamma': 1.0,
[36m(TaskRunner pid=30469)[0m                'kl_ctrl': {'_target_': 'verl.trainer.config.KLControlConfig',
[36m(TaskRunner pid=30469)[0m                            'horizon': 10000,
[36m(TaskRunner pid=30469)[0m                            'kl_coef': 0.001,
[36m(TaskRunner pid=30469)[0m                            'target_kl': 0.1,
[36m(TaskRunner pid=30469)[0m                            'type': 'fixed'},
[36m(TaskRunner pid=30469)[0m                'kl_penalty': 'kl',
[36m(TaskRunner pid=30469)[0m                'lam': 1.0,
[36m(TaskRunner pid=30469)[0m                'norm_adv_by_std_in_grpo': True,
[36m(TaskRunner pid=30469)[0m                'pf_ppo': {'reweight_method': 'pow', 'weight_pow': 2.0},
[36m(TaskRunner pid=30469)[0m                'rollout_correction': {'bypass_mode': False,
[36m(TaskRunner pid=30469)[0m                                       'loss_type': 'ppo_clip',
[36m(TaskRunner pid=30469)[0m                                       'rollout_is': None,
[36m(TaskRunner pid=30469)[0m                                       'rollout_is_batch_normalize': False,
[36m(TaskRunner pid=30469)[0m                                       'rollout_is_threshold': 2.0,
[36m(TaskRunner pid=30469)[0m                                       'rollout_rs': None,
[36m(TaskRunner pid=30469)[0m                                       'rollout_rs_threshold': None},
[36m(TaskRunner pid=30469)[0m                'use_kl_in_reward': False,
[36m(TaskRunner pid=30469)[0m                'use_pf_ppo': False},
[36m(TaskRunner pid=30469)[0m  'critic': {'_target_': 'verl.workers.config.FSDPCriticConfig',
[36m(TaskRunner pid=30469)[0m             'checkpoint': {'_target_': 'verl.trainer.config.CheckpointConfig',
[36m(TaskRunner pid=30469)[0m                            'async_save': False,
[36m(TaskRunner pid=30469)[0m                            'load_contents': ['model', 'optimizer', 'extra'],
[36m(TaskRunner pid=30469)[0m                            'mbridge_config': {},
[36m(TaskRunner pid=30469)[0m                            'save_contents': ['model', 'optimizer', 'extra']},
[36m(TaskRunner pid=30469)[0m             'cliprange_value': 0.5,
[36m(TaskRunner pid=30469)[0m             'data_loader_seed': 42,
[36m(TaskRunner pid=30469)[0m             'enable': None,
[36m(TaskRunner pid=30469)[0m             'forward_max_token_len_per_gpu': 32768,
[36m(TaskRunner pid=30469)[0m             'forward_micro_batch_size': None,
[36m(TaskRunner pid=30469)[0m             'forward_micro_batch_size_per_gpu': None,
[36m(TaskRunner pid=30469)[0m             'fsdp': {'_target_': 'verl.workers.config.FSDPEngineConfig',
[36m(TaskRunner pid=30469)[0m                      'dtype': 'bfloat16',
[36m(TaskRunner pid=30469)[0m                      'entropy_checkpointing': False,
[36m(TaskRunner pid=30469)[0m                      'entropy_from_logits_with_chunking': False,
[36m(TaskRunner pid=30469)[0m                      'forward_only': False,
[36m(TaskRunner pid=30469)[0m                      'forward_prefetch': False,
[36m(TaskRunner pid=30469)[0m                      'fsdp_size': -1,
[36m(TaskRunner pid=30469)[0m                      'full_determinism': False,
[36m(TaskRunner pid=30469)[0m                      'model_dtype': 'fp32',
[36m(TaskRunner pid=30469)[0m                      'offload_policy': False,
[36m(TaskRunner pid=30469)[0m                      'optimizer_offload': False,
[36m(TaskRunner pid=30469)[0m                      'param_offload': False,
[36m(TaskRunner pid=30469)[0m                      'qat': {'_target_': 'verl.workers.config.QATEngineConfig',
[36m(TaskRunner pid=30469)[0m                              'activation_observer': 'static_minmax',
[36m(TaskRunner pid=30469)[0m                              'enable': False,
[36m(TaskRunner pid=30469)[0m                              'group_size': 16,
[36m(TaskRunner pid=30469)[0m                              'ignore_patterns': ['lm_head',
[36m(TaskRunner pid=30469)[0m                                                  'embed_tokens',
[36m(TaskRunner pid=30469)[0m                                                  're:.*mlp.gate$'],
[36m(TaskRunner pid=30469)[0m                              'mode': 'w4a16',
[36m(TaskRunner pid=30469)[0m                              'quantization_config_path': None},
[36m(TaskRunner pid=30469)[0m                      'reshard_after_forward': True,
[36m(TaskRunner pid=30469)[0m                      'seed': 42,
[36m(TaskRunner pid=30469)[0m                      'strategy': 'fsdp',
[36m(TaskRunner pid=30469)[0m                      'ulysses_sequence_parallel_size': 1,
[36m(TaskRunner pid=30469)[0m                      'use_orig_params': False,
[36m(TaskRunner pid=30469)[0m                      'use_torch_compile': True,
[36m(TaskRunner pid=30469)[0m                      'wrap_policy': {'min_num_params': 0}},
[36m(TaskRunner pid=30469)[0m             'grad_clip': 1.0,
[36m(TaskRunner pid=30469)[0m             'loss_agg_mode': 'token-mean',
[36m(TaskRunner pid=30469)[0m             'model': {'_target_': 'verl.workers.config.HFModelConfig',
[36m(TaskRunner pid=30469)[0m                       'custom_chat_template': None,
[36m(TaskRunner pid=30469)[0m                       'enable_activation_offload': False,
[36m(TaskRunner pid=30469)[0m                       'enable_gradient_checkpointing': True,
[36m(TaskRunner pid=30469)[0m                       'exclude_modules': None,
[36m(TaskRunner pid=30469)[0m                       'external_lib': None,
[36m(TaskRunner pid=30469)[0m                       'fused_kernel_options': {'impl_backend': 'torch'},
[36m(TaskRunner pid=30469)[0m                       'hf_config_path': None,
[36m(TaskRunner pid=30469)[0m                       'lora': {'a2a_experimental': False,
[36m(TaskRunner pid=30469)[0m                                'adapter_path': None,
[36m(TaskRunner pid=30469)[0m                                'alpha': 32,
[36m(TaskRunner pid=30469)[0m                                'dropout': 0.0,
[36m(TaskRunner pid=30469)[0m                                'dropout_position': 'pre',
[36m(TaskRunner pid=30469)[0m                                'dtype': None,
[36m(TaskRunner pid=30469)[0m                                'exclude_modules': [],
[36m(TaskRunner pid=30469)[0m                                'freeze_language_model': True,
[36m(TaskRunner pid=30469)[0m                                'freeze_vision_model': True,
[36m(TaskRunner pid=30469)[0m                                'freeze_vision_projection': True,
[36m(TaskRunner pid=30469)[0m                                'lora_A_init_method': 'xavier',
[36m(TaskRunner pid=30469)[0m                                'lora_B_init_method': 'zero',
[36m(TaskRunner pid=30469)[0m                                'merge': False,
[36m(TaskRunner pid=30469)[0m                                'rank': 0,
[36m(TaskRunner pid=30469)[0m                                'target_modules': ['linear_qkv',
[36m(TaskRunner pid=30469)[0m                                                   'linear_proj',
[36m(TaskRunner pid=30469)[0m                                                   'linear_fc1',
[36m(TaskRunner pid=30469)[0m                                                   'linear_fc2'],
[36m(TaskRunner pid=30469)[0m                                'type': 'lora'},
[36m(TaskRunner pid=30469)[0m                       'lora_adapter_path': None,
[36m(TaskRunner pid=30469)[0m                       'lora_alpha': 16,
[36m(TaskRunner pid=30469)[0m                       'lora_rank': 0,
[36m(TaskRunner pid=30469)[0m                       'mtp': {'_target_': 'verl.workers.config.MtpConfig',
[36m(TaskRunner pid=30469)[0m                               'detach_encoder': False,
[36m(TaskRunner pid=30469)[0m                               'enable': False,
[36m(TaskRunner pid=30469)[0m                               'enable_rollout': False,
[36m(TaskRunner pid=30469)[0m                               'enable_train': False,
[36m(TaskRunner pid=30469)[0m                               'method': 'mtp',
[36m(TaskRunner pid=30469)[0m                               'mtp_loss_scaling_factor': 0.1,
[36m(TaskRunner pid=30469)[0m                               'num_speculative_tokens': 1,
[36m(TaskRunner pid=30469)[0m                               'speculative_algorithm': 'EAGLE',
[36m(TaskRunner pid=30469)[0m                               'speculative_eagle_topk': 1,
[36m(TaskRunner pid=30469)[0m                               'speculative_num_draft_tokens': 4,
[36m(TaskRunner pid=30469)[0m                               'speculative_num_steps': 3},
[36m(TaskRunner pid=30469)[0m                       'override_config': {},
[36m(TaskRunner pid=30469)[0m                       'path': '~/models/deepseek-llm-7b-chat',
[36m(TaskRunner pid=30469)[0m                       'target_modules': 'all-linear',
[36m(TaskRunner pid=30469)[0m                       'tiled_mlp': {'enabled': False, 'num_shards': 4},
[36m(TaskRunner pid=30469)[0m                       'tokenizer_path': None,
[36m(TaskRunner pid=30469)[0m                       'trust_remote_code': False,
[36m(TaskRunner pid=30469)[0m                       'use_fused_kernels': False,
[36m(TaskRunner pid=30469)[0m                       'use_liger': False,
[36m(TaskRunner pid=30469)[0m                       'use_remove_padding': True,
[36m(TaskRunner pid=30469)[0m                       'use_shm': False},
[36m(TaskRunner pid=30469)[0m             'optim': {'_target_': 'verl.workers.config.FSDPOptimizerConfig',
[36m(TaskRunner pid=30469)[0m                       'betas': [0.9, 0.999],
[36m(TaskRunner pid=30469)[0m                       'clip_grad': 1.0,
[36m(TaskRunner pid=30469)[0m                       'lr': 1e-05,
[36m(TaskRunner pid=30469)[0m                       'lr_scheduler_type': 'constant',
[36m(TaskRunner pid=30469)[0m                       'lr_warmup_steps': -1,
[36m(TaskRunner pid=30469)[0m                       'lr_warmup_steps_ratio': 0.0,
[36m(TaskRunner pid=30469)[0m                       'min_lr_ratio': 0.0,
[36m(TaskRunner pid=30469)[0m                       'num_cycles': 0.5,
[36m(TaskRunner pid=30469)[0m                       'optimizer': 'AdamW',
[36m(TaskRunner pid=30469)[0m                       'optimizer_impl': 'torch.optim',
[36m(TaskRunner pid=30469)[0m                       'override_optimizer_config': None,
[36m(TaskRunner pid=30469)[0m                       'total_training_steps': -1,
[36m(TaskRunner pid=30469)[0m                       'warmup_style': None,
[36m(TaskRunner pid=30469)[0m                       'weight_decay': 0.01,
[36m(TaskRunner pid=30469)[0m                       'zero_indexed_step': True},
[36m(TaskRunner pid=30469)[0m             'ppo_epochs': 1,
[36m(TaskRunner pid=30469)[0m             'ppo_max_token_len_per_gpu': 32768,
[36m(TaskRunner pid=30469)[0m             'ppo_micro_batch_size': None,
[36m(TaskRunner pid=30469)[0m             'ppo_micro_batch_size_per_gpu': None,
[36m(TaskRunner pid=30469)[0m             'ppo_mini_batch_size': 128,
[36m(TaskRunner pid=30469)[0m             'profiler': {'_target_': 'verl.utils.profiler.ProfilerConfig',
[36m(TaskRunner pid=30469)[0m                          'all_ranks': False,
[36m(TaskRunner pid=30469)[0m                          'enable': False,
[36m(TaskRunner pid=30469)[0m                          'ranks': [],
[36m(TaskRunner pid=30469)[0m                          'save_path': 'outputs/profile',
[36m(TaskRunner pid=30469)[0m                          'tool': None,
[36m(TaskRunner pid=30469)[0m                          'tool_config': {'npu': {'_target_': 'verl.utils.profiler.config.NPUToolConfig',
[36m(TaskRunner pid=30469)[0m                                                  'analysis': True,
[36m(TaskRunner pid=30469)[0m                                                  'contents': [],
[36m(TaskRunner pid=30469)[0m                                                  'discrete': False,
[36m(TaskRunner pid=30469)[0m                                                  'level': 'level0'},
[36m(TaskRunner pid=30469)[0m                                          'nsys': {'_target_': 'verl.utils.profiler.config.NsightToolConfig',
[36m(TaskRunner pid=30469)[0m                                                   'discrete': False},
[36m(TaskRunner pid=30469)[0m                                          'precision_debugger': {'_target_': 'verl.utils.profiler.config.PrecisionDebuggerToolConfig',
[36m(TaskRunner pid=30469)[0m                                                                 'config_path': None,
[36m(TaskRunner pid=30469)[0m                                                                 'stages': None,
[36m(TaskRunner pid=30469)[0m                                                                 'steps': None,
[36m(TaskRunner pid=30469)[0m                                                                 'strict': False},
[36m(TaskRunner pid=30469)[0m                                          'torch': {'_target_': 'verl.utils.profiler.config.TorchProfilerToolConfig',
[36m(TaskRunner pid=30469)[0m                                                    'contents': [],
[36m(TaskRunner pid=30469)[0m                                                    'discrete': False},
[36m(TaskRunner pid=30469)[0m                                          'torch_memory': {'_target_': 'verl.utils.profiler.config.TorchMemoryToolConfig',
[36m(TaskRunner pid=30469)[0m                                                           'stack_depth': 32,
[36m(TaskRunner pid=30469)[0m                                                           'trace_alloc_max_entries': 100000}}},
[36m(TaskRunner pid=30469)[0m             'rollout_n': 1,
[36m(TaskRunner pid=30469)[0m             'shuffle': False,
[36m(TaskRunner pid=30469)[0m             'strategy': 'fsdp',
[36m(TaskRunner pid=30469)[0m             'ulysses_sequence_parallel_size': 1,
[36m(TaskRunner pid=30469)[0m             'use_dynamic_bsz': False},
[36m(TaskRunner pid=30469)[0m  'data': {'apply_chat_template_kwargs': {},
[36m(TaskRunner pid=30469)[0m           'audio_key': 'audios',
[36m(TaskRunner pid=30469)[0m           'custom_cls': {'name': None, 'path': None},
[36m(TaskRunner pid=30469)[0m           'dataloader_num_workers': 8,
[36m(TaskRunner pid=30469)[0m           'filter_overlong_prompts': True,
[36m(TaskRunner pid=30469)[0m           'filter_overlong_prompts_workers': 1,
[36m(TaskRunner pid=30469)[0m           'function_tool_path': None,
[36m(TaskRunner pid=30469)[0m           'image_key': 'images',
[36m(TaskRunner pid=30469)[0m           'image_patch_size': 14,
[36m(TaskRunner pid=30469)[0m           'max_prompt_length': 1024,
[36m(TaskRunner pid=30469)[0m           'max_response_length': 2048,
[36m(TaskRunner pid=30469)[0m           'mm_processor_kwargs': {},
[36m(TaskRunner pid=30469)[0m           'prompt_key': 'prompt',
[36m(TaskRunner pid=30469)[0m           'return_full_prompt': False,
[36m(TaskRunner pid=30469)[0m           'return_multi_modal_inputs': True,
[36m(TaskRunner pid=30469)[0m           'return_raw_chat': True,
[36m(TaskRunner pid=30469)[0m           'return_raw_input_ids': False,
[36m(TaskRunner pid=30469)[0m           'reward_fn_key': 'data_source',
[36m(TaskRunner pid=30469)[0m           'seed': None,
[36m(TaskRunner pid=30469)[0m           'shuffle': True,
[36m(TaskRunner pid=30469)[0m           'tokenizer': None,
[36m(TaskRunner pid=30469)[0m           'tool_config_path': None,
[36m(TaskRunner pid=30469)[0m           'train_batch_size': 128,
[36m(TaskRunner pid=30469)[0m           'train_files': '/public/home/xingjl/datasets/after/geo3k/train.parquet',
[36m(TaskRunner pid=30469)[0m           'train_max_samples': -1,
[36m(TaskRunner pid=30469)[0m           'truncation': 'error',
[36m(TaskRunner pid=30469)[0m           'trust_remote_code': False,
[36m(TaskRunner pid=30469)[0m           'use_shm': False,
[36m(TaskRunner pid=30469)[0m           'val_batch_size': None,
[36m(TaskRunner pid=30469)[0m           'val_files': '/public/home/xingjl/datasets/after/geo3k/test.parquet',
[36m(TaskRunner pid=30469)[0m           'val_max_samples': -1,
[36m(TaskRunner pid=30469)[0m           'validation_shuffle': False,
[36m(TaskRunner pid=30469)[0m           'video_key': 'videos'},
[36m(TaskRunner pid=30469)[0m  'distillation': {'_target_': 'verl.workers.config.DistillationConfig',
[36m(TaskRunner pid=30469)[0m                   'distillation_loss': {'_target_': 'verl.workers.config.DistillationLossConfig',
[36m(TaskRunner pid=30469)[0m                                         'clip_ratio': 0.2,
[36m(TaskRunner pid=30469)[0m                                         'clip_ratio_high': 0.2,
[36m(TaskRunner pid=30469)[0m                                         'clip_ratio_low': 0.2,
[36m(TaskRunner pid=30469)[0m                                         'distillation_loss_coef': 1.0,
[36m(TaskRunner pid=30469)[0m                                         'log_prob_min_clamp': -10.0,
[36m(TaskRunner pid=30469)[0m                                         'loss_max_clamp': 10.0,
[36m(TaskRunner pid=30469)[0m                                         'loss_mode': 'k1',
[36m(TaskRunner pid=30469)[0m                                         'policy_loss_mode': 'vanilla',
[36m(TaskRunner pid=30469)[0m                                         'topk': 64,
[36m(TaskRunner pid=30469)[0m                                         'use_policy_gradient': True,
[36m(TaskRunner pid=30469)[0m                                         'use_task_rewards': False},
[36m(TaskRunner pid=30469)[0m                   'enabled': True,
[36m(TaskRunner pid=30469)[0m                   'n_gpus_per_node': 4,
[36m(TaskRunner pid=30469)[0m                   'nnodes': 1,
[36m(TaskRunner pid=30469)[0m                   'teacher_key': 'data_source',
[36m(TaskRunner pid=30469)[0m                   'teacher_models': {'teacher_model': {'_target_': 'verl.workers.config.DistillationTeacherModelConfig',
[36m(TaskRunner pid=30469)[0m                                                        'inference': {'_target_': 'verl.workers.config.RolloutConfig',
[36m(TaskRunner pid=30469)[0m                                                                      'cudagraph_capture_sizes': None,
[36m(TaskRunner pid=30469)[0m                                                                      'data_parallel_size': 1,
[36m(TaskRunner pid=30469)[0m                                                                      'disable_log_stats': True,
[36m(TaskRunner pid=30469)[0m                                                                      'dtype': 'bfloat16',
[36m(TaskRunner pid=30469)[0m                                                                      'enable_chunked_prefill': True,
[36m(TaskRunner pid=30469)[0m                                                                      'enable_prefix_caching': True,
[36m(TaskRunner pid=30469)[0m                                                                      'enable_sleep_mode': True,
[36m(TaskRunner pid=30469)[0m                                                                      'enforce_eager': True,
[36m(TaskRunner pid=30469)[0m                                                                      'engine_kwargs': {},
[36m(TaskRunner pid=30469)[0m                                                                      'expert_parallel_size': 4,
[36m(TaskRunner pid=30469)[0m                                                                      'free_cache_engine': True,
[36m(TaskRunner pid=30469)[0m                                                                      'gpu_memory_utilization': 0.3,
[36m(TaskRunner pid=30469)[0m                                                                      'limit_images': None,
[36m(TaskRunner pid=30469)[0m                                                                      'load_format': 'auto',
[36m(TaskRunner pid=30469)[0m                                                                      'max_model_len': 3073,
[36m(TaskRunner pid=30469)[0m                                                                      'max_num_batched_tokens': 8192,
[36m(TaskRunner pid=30469)[0m                                                                      'max_num_seqs': 1024,
[36m(TaskRunner pid=30469)[0m                                                                      'name': 'vllm',
[36m(TaskRunner pid=30469)[0m                                                                      'prompt_length': 1024,
[36m(TaskRunner pid=30469)[0m                                                                      'response_length': 2048,
[36m(TaskRunner pid=30469)[0m                                                                      'skip_tokenizer_init': True,
[36m(TaskRunner pid=30469)[0m                                                                      'temperature': 1.0,
[36m(TaskRunner pid=30469)[0m                                                                      'tensor_model_parallel_size': 4},
[36m(TaskRunner pid=30469)[0m                                                        'key': None,
[36m(TaskRunner pid=30469)[0m                                                        'model_path': '/public/home/xingjl/models/Qwen3.5-35B-A3B',
[36m(TaskRunner pid=30469)[0m                                                        'num_replicas': 0}}},
[36m(TaskRunner pid=30469)[0m  'global_profiler': {'_target_': 'verl.utils.profiler.ProfilerConfig',
[36m(TaskRunner pid=30469)[0m                      'global_tool_config': {'nsys': {'_target_': 'verl.utils.profiler.config.NsightToolConfig',
[36m(TaskRunner pid=30469)[0m                                                      'controller_nsight_options': {'cuda-graph-trace': 'graph',
[36m(TaskRunner pid=30469)[0m                                                                                    'cuda-memory-usage': 'true',
[36m(TaskRunner pid=30469)[0m                                                                                    'trace': 'cuda,nvtx,cublas,ucx'},
[36m(TaskRunner pid=30469)[0m                                                      'discrete': False,
[36m(TaskRunner pid=30469)[0m                                                      'worker_nsight_options': {'capture-range': 'cudaProfilerApi',
[36m(TaskRunner pid=30469)[0m                                                                                'capture-range-end': None,
[36m(TaskRunner pid=30469)[0m                                                                                'cuda-graph-trace': 'graph',
[36m(TaskRunner pid=30469)[0m                                                                                'cuda-memory-usage': 'true',
[36m(TaskRunner pid=30469)[0m                                                                                'kill': 'none',
[36m(TaskRunner pid=30469)[0m                                                                                'trace': 'cuda,nvtx,cublas,ucx'}},
[36m(TaskRunner pid=30469)[0m                                             'precision_debugger': {'_target_': 'verl.utils.profiler.config.PrecisionDebuggerToolConfig',
[36m(TaskRunner pid=30469)[0m                                                                    'config_path': None,
[36m(TaskRunner pid=30469)[0m                                                                    'stages': None,
[36m(TaskRunner pid=30469)[0m                                                                    'steps': None,
[36m(TaskRunner pid=30469)[0m                                                                    'strict': False},
[36m(TaskRunner pid=30469)[0m                                             'torch_memory': {'context': 'all',
[36m(TaskRunner pid=30469)[0m                                                              'kw_args': {},
[36m(TaskRunner pid=30469)[0m                                                              'stack_depth': 32,
[36m(TaskRunner pid=30469)[0m                                                              'stacks': 'all',
[36m(TaskRunner pid=30469)[0m                                                              'trace_alloc_max_entries': 100000}},
[36m(TaskRunner pid=30469)[0m                      'profile_continuous_steps': False,
[36m(TaskRunner pid=30469)[0m                      'save_path': 'outputs/profile',
[36m(TaskRunner pid=30469)[0m                      'steps': None,
[36m(TaskRunner pid=30469)[0m                      'tool': None},
[36m(TaskRunner pid=30469)[0m  'model_engine': 'dp',
[36m(TaskRunner pid=30469)[0m  'ray_kwargs': {'ray_init': {'num_cpus': None}, 'timeline_json_file': None},
[36m(TaskRunner pid=30469)[0m  'reward': {'_target_': 'verl.workers.config.RewardConfig',
[36m(TaskRunner pid=30469)[0m             'custom_reward_function': {'name': 'compute_score', 'path': None},
[36m(TaskRunner pid=30469)[0m             'num_workers': 8,
[36m(TaskRunner pid=30469)[0m             'reward_manager': {'_target_': 'verl.workers.config.reward.RewardManagerConfig',
[36m(TaskRunner pid=30469)[0m                                'module': {'_target_': 'verl.trainer.config.config.ModuleConfig',
[36m(TaskRunner pid=30469)[0m                                           'name': 'custom_reward_manager',
[36m(TaskRunner pid=30469)[0m                                           'path': None},
[36m(TaskRunner pid=30469)[0m                                'name': 'naive',
[36m(TaskRunner pid=30469)[0m                                'source': 'register'},
[36m(TaskRunner pid=30469)[0m             'reward_model': {'_target_': 'verl.workers.config.RewardModelConfig',
[36m(TaskRunner pid=30469)[0m                              'enable': False,
[36m(TaskRunner pid=30469)[0m                              'enable_resource_pool': False,
[36m(TaskRunner pid=30469)[0m                              'model_path': None,
[36m(TaskRunner pid=30469)[0m                              'n_gpus_per_node': 8,
[36m(TaskRunner pid=30469)[0m                              'nnodes': 0,
[36m(TaskRunner pid=30469)[0m                              'rollout': {'_target_': 'verl.workers.config.RolloutConfig',
[36m(TaskRunner pid=30469)[0m                                          'cudagraph_capture_sizes': None,
[36m(TaskRunner pid=30469)[0m                                          'data_parallel_size': 1,
[36m(TaskRunner pid=30469)[0m                                          'disable_log_stats': True,
[36m(TaskRunner pid=30469)[0m                                          'disaggregation': {'bootstrap_port': None,
[36m(TaskRunner pid=30469)[0m                                                             'decode_replicas': 1,
[36m(TaskRunner pid=30469)[0m                                                             'decode_tensor_model_parallel_size': None,
[36m(TaskRunner pid=30469)[0m                                                             'enabled': False,
[36m(TaskRunner pid=30469)[0m                                                             'ib_device': None,
[36m(TaskRunner pid=30469)[0m                                                             'prefill_replicas': 1,
[36m(TaskRunner pid=30469)[0m                                                             'transfer_backend': 'nixl'},
[36m(TaskRunner pid=30469)[0m                                          'do_sample': True,
[36m(TaskRunner pid=30469)[0m                                          'dtype': 'bfloat16',
[36m(TaskRunner pid=30469)[0m                                          'enable_chunked_prefill': True,
[36m(TaskRunner pid=30469)[0m                                          'enable_prefix_caching': True,
[36m(TaskRunner pid=30469)[0m                                          'enforce_eager': True,
[36m(TaskRunner pid=30469)[0m                                          'engine_kwargs': {},
[36m(TaskRunner pid=30469)[0m                                          'expert_parallel_size': 1,
[36m(TaskRunner pid=30469)[0m                                          'free_cache_engine': True,
[36m(TaskRunner pid=30469)[0m                                          'gpu_memory_utilization': 0.5,
[36m(TaskRunner pid=30469)[0m                                          'ignore_eos': False,
[36m(TaskRunner pid=30469)[0m                                          'layered_summon': False,
[36m(TaskRunner pid=30469)[0m                                          'limit_images': None,
[36m(TaskRunner pid=30469)[0m                                          'load_format': 'auto',
[36m(TaskRunner pid=30469)[0m                                          'max_model_len': None,
[36m(TaskRunner pid=30469)[0m                                          'max_num_batched_tokens': 8192,
[36m(TaskRunner pid=30469)[0m                                          'max_num_seqs': 1024,
[36m(TaskRunner pid=30469)[0m                                          'mtp': None,
[36m(TaskRunner pid=30469)[0m Setting TOKENIZERS_PARALLELISM=false for forked processes.
[36m(TaskRunner pid=30469)[0m WARNING:2026-07-31 10:59:14,738:Setting TOKENIZERS_PARALLELISM=false for forked processes.
[36m(TaskRunner pid=30469)[0m Filtering prompts longer than 1024 tokens (num_proc=1):   0%|          | 0/2101 [00:00<?, ? examples/s]
[36m(TaskRunner pid=30469)[0m Filtering prompts longer than 1024 tokens (num_proc=1):  48%|████▊     | 1000/2101 [00:16<00:18, 59.34 examples/s]
[36m(TaskRunner pid=30469)[0m Filtering prompts longer than 1024 tokens (num_proc=1):  95%|█████████▌| 2000/2101 [00:26<00:01, 79.84 examples/s]
[36m(TaskRunner pid=30469)[0m Filtering prompts longer than 1024 tokens (num_proc=1): 100%|██████████| 2101/2101 [00:27<00:00, 81.14 examples/s]
[36m(TaskRunner pid=30469)[0m Filtering prompts longer than 1024 tokens (num_proc=1): 100%|██████████| 2101/2101 [00:27<00:00, 76.29 examples/s]
[36m(TaskRunner pid=30469)[0m Setting TOKENIZERS_PARALLELISM=false for forked processes.
[36m(TaskRunner pid=30469)[0m WARNING:2026-07-31 10:59:48,527:Setting TOKENIZERS_PARALLELISM=false for forked processes.
[36m(TaskRunner pid=30469)[0m Filtering prompts longer than 1024 tokens (num_proc=1):   0%|          | 0/601 [00:00<?, ? examples/s]
[36m(TaskRunner pid=30469)[0m Filtering prompts longer than 1024 tokens (num_proc=1): 100%|██████████| 601/601 [00:13<00:00, 45.46 examples/s]
[36m(TaskRunner pid=30469)[0m Filtering prompts longer than 1024 tokens (num_proc=1): 100%|██████████| 601/601 [00:13<00:00, 44.82 examples/s]
[36m(pid=32862)[0m WARNING:2026-07-31 11:00:23,986:Current Python version 3.10 is below the recommended 3.11 version. It is recommended to upgrade to Python 3.11 or higher for the best experience.
[36m(WorkerDict pid=32862)[0m Loading weights:   0%|          | 0/723 [00:00<?, ?it/s]
[36m(pid=32865)[0m WARNING:2026-07-31 11:00:23,986:Current Python version 3.10 is below the recommended 3.11 version. It is recommended to upgrade to Python 3.11 or higher for the best experience.[32m [repeated 3x across cluster][0m
[36m(WorkerDict pid=32865)[0m Loading weights:   0%|          | 1/723 [00:00<08:09,  1.48it/s]
[36m(WorkerDict pid=32865)[0m Loading weights:  33%|███▎      | 240/723 [00:00<00:01, 415.90it/s]
[36m(WorkerDict pid=32865)[0m Loading weights:  98%|█████████▊| 710/723 [00:01<00:00, 800.48it/s]Loading weights: 100%|██████████| 723/723 [00:01<00:00, 519.60it/s]
[36m(TaskRunner pid=30469)[0m                                          'multi_stage_wake_up': False,
[36m(TaskRunner pid=30469)[0m                                          'n': 1,
[36m(TaskRunner pid=30469)[0m                                          'name': '???',
[36m(TaskRunner pid=30469)[0m                                          'pipeline_model_parallel_size': 1,
[36m(TaskRunner pid=30469)[0m                                          'prompt_length': 2048,
[36m(TaskRunner pid=30469)[0m                                          'quantization': None,
[36m(TaskRunner pid=30469)[0m                                          'quantization_config_file': None,
[36m(TaskRunner pid=30469)[0m                                          'response_length': 2048,
[36m(TaskRunner pid=30469)[0m                                          'scheduling_policy': 'fcfs',
[36m(TaskRunner pid=30469)[0m                                          'skip_tokenizer_init': False,
[36m(TaskRunner pid=30469)[0m                                          'temperature': 1.0,
[36m(TaskRunner pid=30469)[0m                                          'tensor_model_parallel_size': 2,
[36m(TaskRunner pid=30469)[0m                                          'top_k': -1,
[36m(TaskRunner pid=30469)[0m                                          'top_p': 1}},
[36m(TaskRunner pid=30469)[0m             'sandbox_fusion': {'_target_': 'verl.workers.config.SandboxFusionConfig',
[36m(TaskRunner pid=30469)[0m                                'max_concurrent': 64,
[36m(TaskRunner pid=30469)[0m                                'memory_limit_mb': 1024,
[36m(TaskRunner pid=30469)[0m                                'url': None}},
[36m(TaskRunner pid=30469)[0m  'trainer': {'balance_batch': True,
[36m(TaskRunner pid=30469)[0m              'critic_warmup': 0,
[36m(TaskRunner pid=30469)[0m              'default_hdfs_dir': None,
[36m(TaskRunner pid=30469)[0m              'default_local_dir': '/public/home/xingjl/verl-das/examples/on_policy_distillation_trainer/ckpts/DISTILLATION-Qwen3.5-4B-BASE-GEO3K/DISTILLATION-Qwen3.5-4B-BASE-FSDP2-vLLM',
[36m(TaskRunner pid=30469)[0m              'del_local_ckpt_after_load': False,
[36m(TaskRunner pid=30469)[0m              'device': 'cuda',
[36m(TaskRunner pid=30469)[0m              'esi_redundant_time': 0,
[36m(TaskRunner pid=30469)[0m              'experiment_name': 'DISTILLATION-Qwen3.5-4B-BASE-FSDP2-vLLM',
[36m(TaskRunner pid=30469)[0m              'log_val_generations': 0,
[36m(TaskRunner pid=30469)[0m              'logger': ['console'],
[36m(TaskRunner pid=30469)[0m              'max_actor_ckpt_to_keep': None,
[36m(TaskRunner pid=30469)[0m              'max_critic_ckpt_to_keep': None,
[36m(TaskRunner pid=30469)[0m              'n_gpus_per_node': 4,
[36m(TaskRunner pid=30469)[0m              'nnodes': 1,
[36m(TaskRunner pid=30469)[0m              'project_name': 'DISTILLATION-Qwen3.5-4B-BASE-GEO3K',
[36m(TaskRunner pid=30469)[0m              'ray_wait_register_center_timeout': 300,
[36m(TaskRunner pid=30469)[0m              'resume_from_path': None,
[36m(TaskRunner pid=30469)[0m              'resume_mode': 'auto',
[36m(TaskRunner pid=30469)[0m              'rollout_data_dir': None,
[36m(TaskRunner pid=30469)[0m              'save_freq': 200,
[36m(TaskRunner pid=30469)[0m              'test_freq': 5,
[36m(TaskRunner pid=30469)[0m              'total_epochs': 15,
[36m(TaskRunner pid=30469)[0m              'total_training_steps': None,
[36m(TaskRunner pid=30469)[0m              'val_before_train': False,
[36m(TaskRunner pid=30469)[0m              'val_only': False,
[36m(TaskRunner pid=30469)[0m              'validation_data_dir': None},
[36m(TaskRunner pid=30469)[0m  'transfer_queue': {'backend': {'MooncakeStore': {'auto_init': False,
[36m(TaskRunner pid=30469)[0m                                                   'device_name': '',
[36m(TaskRunner pid=30469)[0m                                                   'global_segment_size': 4294967296,
[36m(TaskRunner pid=30469)[0m                                                   'local_buffer_size': 1073741824,
[36m(TaskRunner pid=30469)[0m                                                   'local_hostname': 'localhost',
[36m(TaskRunner pid=30469)[0m                                                   'master_server_address': 'localhost:50124',
[36m(TaskRunner pid=30469)[0m                                                   'metadata_server': 'localhost:50123',
[36m(TaskRunner pid=30469)[0m                                                   'protocol': 'tcp'},
[36m(TaskRunner pid=30469)[0m                                 'SimpleStorage': {'num_data_storage_units': 8,
[36m(TaskRunner pid=30469)[0m                                                   'total_storage_size': 100000},
[36m(TaskRunner pid=30469)[0m                                 'storage_backend': 'SimpleStorage'},
[36m(TaskRunner pid=30469)[0m                     'enable': False,
[36m(TaskRunner pid=30469)[0m                     'metrics': {'enabled': False, 'port': 0}}}
[36m(TaskRunner pid=30469)[0m [validate_config] All configuration checks passed successfully!
[36m(TaskRunner pid=30469)[0m Using dataset class: RLHFDataset
[36m(TaskRunner pid=30469)[0m dataset len: 2101
[36m(TaskRunner pid=30469)[0m filter dataset len: 2101
[36m(TaskRunner pid=30469)[0m Using dataset class: RLHFDataset
[36m(TaskRunner pid=30469)[0m dataset len: 601
[36m(TaskRunner pid=30469)[0m filter dataset len: 601
[36m(TaskRunner pid=30469)[0m Size of train dataloader: 16, Size of val dataloader: 1
[36m(TaskRunner pid=30469)[0m Total training steps: 240
[36m(TaskRunner pid=30469)[0m colocated worker base class <class 'verl.single_controller.base.worker.Worker'>
[36m(pid=32862)[0m LANG_RL Log directory: None
[36m(pid=32862)[0m [HCU_ADAPT] Patch has been applied in worker
[36m(pid=32864)[0m LANG_RL Log directory: None[32m [repeated 3x across cluster] (Ray deduplicates logs by default. Set RAY_DEDUP_LOGS=0 to disable log deduplication, or see https://docs.ray.io/en/master/ray-observability/user-guides/configure-logging.html#log-deduplication for more options.)[0m
[36m(WorkerDict pid=32862)[0m [Gloo] Rank 0 is connected to 3 peer ranks. Expected number of connected peer ranks is : 3
[36m(WorkerDict pid=32862)[0m Warning: Failed to set NUMA affinity: NVML Shared Library Not Found
[36m(WorkerDict pid=32862)[0m Only support config type of dict_keys(['qwen2', 'llama', 'qwen2_moe', 'qwen2_vl', 'qwen2_5_vl', 'qwen3', 'qwen3_moe', 'qwen3_vl', 'qwen3_vl_moe', 'deepseek_v3', 'minicpmv', 'minicpmo', 'mistral', 'gemma3_text', 'seed_oss', 'apertus', 'glm4v', 'gpt_oss', 'mimo']), but got qwen3_5. MFU will always be zero.
[36m(WorkerDict pid=32865)[0m Monkey patch Qwen3_5ForConditionalGeneration model forward
[36m(WorkerDict pid=32865)[0m Monkey patch _flash_attention_forward in transformers.integrations.flash_attention
[36m(WorkerDict pid=32865)[0m Skipping monkey patch for Qwen3_5ForConditionalGeneration as use_fused_kernels is False or fused_kernels_backend is torch
[36m(WorkerDict pid=32862)[0m Qwen3_5ForConditionalGeneration contains 4.54B parameters
[36m(WorkerDict pid=32862)[0m Before FSDP, memory allocated (GB): 0.00, memory reserved (GB): 0.00, device memory used/total (GB): 0.56/143.98
[36m(WorkerDict pid=32862)[0m After FSDP, memory allocated (GB): 4.24, memory reserved (GB): 7.16, device memory used/total (GB): 8.68/143.98
[36m(WorkerDict pid=32862)[0m Total steps: 240, num_warmup_steps: 0
[36m(WorkerDict pid=32864)[0m [Gloo] Rank 2 is connected to 3 peer ranks. Expected number of connected peer ranks is : 3[32m [repeated 3x across cluster][0m
[36m(WorkerDict pid=32864)[0m Warning: Failed to set NUMA affinity: NVML Shared Library Not Found[32m [repeated 3x across cluster][0m
[36m(WorkerDict pid=32865)[0m Loading weights:   0%|          | 0/723 [00:00<?, ?it/s][32m [repeated 3x across cluster][0m
[36m(pid=34313)[0m WARNING:2026-07-31 11:01:06,330:Current Python version 3.10 is below the recommended 3.11 version. It is recommended to upgrade to Python 3.11 or higher for the best experience.
[36m(WorkerDict pid=32864)[0m Loading weights:  81%|████████▏ | 588/723 [00:02<00:00, 410.06it/s][32m [repeated 20x across cluster][0m
[36m(WorkerDict pid=32864)[0m Loading weights:  99%|█████████▉| 716/723 [00:02<00:00, 535.29it/s]Loading weights: 100%|██████████| 723/723 [00:02<00:00, 329.29it/s][32m [repeated 3x across cluster][0m
[36m(pid=34311)[0m WARNING:2026-07-31 11:01:06,394:Current Python version 3.10 is below the recommended 3.11 version. It is recommended to upgrade to Python 3.11 or higher for the best experience.
[36m(pid=36528)[0m WARNING:2026-07-31 11:01:40,147:Current Python version 3.10 is below the recommended 3.11 version. It is recommended to upgrade to Python 3.11 or higher for the best experience.[32m [repeated 11x across cluster][0m
[36m(WorkerDict pid=32864)[0m Only support config type of dict_keys(['qwen2', 'llama', 'qwen2_moe', 'qwen2_vl', 'qwen2_5_vl', 'qwen3', 'qwen3_moe', 'qwen3_vl', 'qwen3_vl_moe', 'deepseek_v3', 'minicpmv', 'minicpmo', 'mistral', 'gemma3_text', 'seed_oss', 'apertus', 'glm4v', 'gpt_oss', 'mimo']), but got qwen3_5. MFU will always be zero.[32m [repeated 3x across cluster][0m
[36m(WorkerDict pid=32864)[0m Monkey patch Qwen3_5ForConditionalGeneration model forward[32m [repeated 3x across cluster][0m
[36m(WorkerDict pid=32864)[0m Monkey patch _flash_attention_forward in transformers.integrations.flash_attention[32m [repeated 3x across cluster][0m
[36m(WorkerDict pid=32864)[0m Skipping monkey patch for Qwen3_5ForConditionalGeneration as use_fused_kernels is False or fused_kernels_backend is torch[32m [repeated 3x across cluster][0m
[36m(pid=34313)[0m LANG_RL Log directory: None
[36m(WorkerDict pid=32864)[0m [Gloo] Rank 0 is connected to 0 peer ranks. Expected number of connected peer ranks is : 0[32m [repeated 12x across cluster][0m
[36m(pid=34309)[0m [HCU_ADAPT] Patch has been applied in worker
[36m(pid=34864)[0m LANG_RL Log directory: None[32m [repeated 11x across cluster][0m
[36m(CheckpointEngineWorker pid=34745)[0m [Gloo] Rank 0 is connected to 3 peer ranks. Expected number of connected peer ranks is : 3
[36m(pid=34745)[0m [HCU_ADAPT] Patch has been applied in worker[32m [repeated 8x across cluster][0m
[36m(pid=36528)[0m LANG_RL Log directory: None
[36m(CheckpointEngineWorker pid=34864)[0m [Gloo] Rank 3 is connected to 3 peer ranks. Expected number of connected peer ranks is : 3[32m [repeated 3x across cluster][0m
[36m(pid=36528)[0m [HCU_ADAPT] Patch has been applied in worker
[36m(vLLMHttpServer pid=36528)[0m ['serve',
[36m(vLLMHttpServer pid=36528)[0m  '/public/home/xingjl/models/Qwen3.5-35B-A3B',
[36m(vLLMHttpServer pid=36528)[0m  '--dtype',
[36m(vLLMHttpServer pid=36528)[0m  'bfloat16',
[36m(vLLMHttpServer pid=36528)[0m  '--load_format',
[36m(vLLMHttpServer pid=36528)[0m  'auto',
[36m(vLLMHttpServer pid=36528)[0m  '--distributed_executor_backend',
[36m(vLLMHttpServer pid=36528)[0m  'mp',
[36m(vLLMHttpServer pid=36528)[0m  '--worker_extension_cls',
[36m(vLLMHttpServer pid=36528)[0m  'verl.workers.rollout.vllm_rollout.utils.vLLMColocateWorkerExtension',
[36m(vLLMHttpServer pid=36528)[0m  '--max_model_len',
[36m(vLLMHttpServer pid=36528)[0m  '3073',
[36m(vLLMHttpServer pid=36528)[0m  '--max_num_seqs',
[36m(vLLMHttpServer pid=36528)[0m  '1024',
[36m(vLLMHttpServer pid=36528)[0m  '--enable_chunked_prefill',
[36m(vLLMHttpServer pid=36528)[0m  '--max_num_batched_tokens',
[36m(vLLMHttpServer pid=36528)[0m  '8192',
[36m(vLLMHttpServer pid=36528)[0m  '--enable_prefix_caching',
[36m(vLLMHttpServer pid=36528)[0m  '--enable_sleep_mode',
[36m(vLLMHttpServer pid=36528)[0m  '--logprobs_mode',
[36m(vLLMHttpServer pid=36528)[0m  'processed_logprobs',
[36m(vLLMHttpServer pid=36528)[0m  '--enforce_eager',
[36m(vLLMHttpServer pid=36528)[0m  '--gpu_memory_utilization',
[36m(vLLMHttpServer pid=36528)[0m  '0.3',
[36m(vLLMHttpServer pid=36528)[0m  '--disable_log_stats',
[36m(vLLMHttpServer pid=36528)[0m  '--tensor_parallel_size',
[36m(vLLMHttpServer pid=36528)[0m  '4',
[36m(vLLMHttpServer pid=36528)[0m  '--seed',
[36m(vLLMHttpServer pid=36528)[0m  '0',
[36m(vLLMHttpServer pid=36528)[0m  '--override_generation_config',
[36m(vLLMHttpServer pid=36528)[0m  '{"temperature": 1.0, "top_k": -1, "top_p": 1.0, "repetition_penalty": 1.0, '
[36m(vLLMHttpServer pid=36528)[0m  '"max_new_tokens": 1}',
[36m(vLLMHttpServer pid=36528)[0m  '--hf_overrides',
[36m(vLLMHttpServer pid=36528)[0m  '{}',
[36m(vLLMHttpServer pid=36528)[0m  '--scheduling_policy',
[36m(vLLMHttpServer pid=36528)[0m  'fcfs',
[36m(vLLMHttpServer pid=36528)[0m  '--compilation_config',
[36m(vLLMHttpServer pid=36528)[0m  '{"cudagraph_mode": "FULL_AND_PIECEWISE"}',
[36m(vLLMHttpServer pid=36528)[0m  '--enable_expert_parallel']
[36m(vLLMHttpServer pid=36528)[0m WARNING 07-31 11:01:47 [registry.py:911] Model architecture DeepseekV3ForCausalLM is already registered, and will be overwritten by the new model class vllm_hcu.models.deepseek_v2:DeepseekV3ForCausalLM.
[36m(vLLMHttpServer pid=36528)[0m WARNING 07-31 11:01:47 [registry.py:911] Model architecture DeepseekV32ForCausalLM is already registered, and will be overwritten by the new model class vllm_hcu.models.deepseek_v2:DeepseekV3ForCausalLM.
[36m(vLLMHttpServer pid=36528)[0m WARNING 07-31 11:01:47 [registry.py:911] Model architecture DeepSeekMTPModel is already registered, and will be overwritten by the new model class vllm_hcu.models.deepseek_mtp:DeepSeekMTP.
[36m(vLLMHttpServer pid=36528)[0m WARNING 07-31 11:01:47 [registry.py:911] Model architecture GlmMoeDsaForCausalLM is already registered, and will be overwritten by the new model class vllm_hcu.models.deepseek_v2:GlmMoeDsaForCausalLM.
[36m(vLLMHttpServer pid=36528)[0m WARNING 07-31 11:01:47 [registry.py:911] Model architecture Glm4MoeForCausalLM is already registered, and will be overwritten by the new model class vllm_hcu.models.glm4_moe:Glm4MoeForCausalLM.
[36m(vLLMHttpServer pid=36528)[0m WARNING 07-31 11:02:15 [config.py:387] Mamba cache mode is set to 'align' for Qwen3_5MoeForConditionalGeneration by default when prefix caching is enabled
[36m(vLLMHttpServer pid=36528)[0m WARNING 07-31 11:02:15 [vllm.py:810] Enforce eager set, disabling torch.compile and CUDAGraphs. This is equivalent to setting -cc.mode=none -cc.cudagraph_mode=none
[36m(vLLMHttpServer pid=36528)[0m WARNING 07-31 11:02:15 [vllm.py:821] Inductor compilation was disabled by user settings, optimizations settings that are only active during inductor compilation will be ignored.
[36m(vLLMHttpServer pid=36528)[0m WARNING 07-31 11:02:23 [system_utils.py:152] We must use the `spawn` multiprocessing start method. Overriding VLLM_WORKER_MULTIPROC_METHOD to 'spawn'. See https://docs.vllm.ai/en/latest/usage/troubleshooting.html#python-multiprocessing for more information. Reasons: In a Ray actor and can only be spawned; CUDA is initialized
[36m(vLLMHttpServer pid=36528)[0m (EngineCore pid=38025) WARNING 07-31 11:02:43 [registry.py:911] Model architecture DeepseekV3ForCausalLM is already registered, and will be overwritten by the new model class vllm_hcu.models.deepseek_v2:DeepseekV3ForCausalLM.
[36m(vLLMHttpServer pid=36528)[0m (EngineCore pid=38025) WARNING 07-31 11:02:43 [registry.py:911] Model architecture DeepseekV32ForCausalLM is already registered, and will be overwritten by the new model class vllm_hcu.models.deepseek_v2:DeepseekV3ForCausalLM.
[36m(vLLMHttpServer pid=36528)[0m (EngineCore pid=38025) WARNING 07-31 11:02:43 [registry.py:911] Model architecture DeepSeekMTPModel is already registered, and will be overwritten by the new model class vllm_hcu.models.deepseek_mtp:DeepSeekMTP.
[36m(vLLMHttpServer pid=36528)[0m (EngineCore pid=38025) WARNING 07-31 11:02:43 [registry.py:911] Model architecture GlmMoeDsaForCausalLM is already registered, and will be overwritten by the new model class vllm_hcu.models.deepseek_v2:GlmMoeDsaForCausalLM.
[36m(vLLMHttpServer pid=36528)[0m (EngineCore pid=38025) WARNING 07-31 11:02:43 [registry.py:911] Model architecture Glm4MoeForCausalLM is already registered, and will be overwritten by the new model class vllm_hcu.models.glm4_moe:Glm4MoeForCausalLM.
[36m(vLLMHttpServer pid=36528)[0m WARNING 07-31 11:03:07 [registry.py:911] Model architecture DeepseekV3ForCausalLM is already registered, and will be overwritten by the new model class vllm_hcu.models.deepseek_v2:DeepseekV3ForCausalLM.
[36m(vLLMHttpServer pid=36528)[0m WARNING 07-31 11:03:07 [registry.py:911] Model architecture DeepseekV32ForCausalLM is already registered, and will be overwritten by the new model class vllm_hcu.models.deepseek_v2:DeepseekV3ForCausalLM.
[36m(vLLMHttpServer pid=36528)[0m WARNING 07-31 11:03:07 [registry.py:911] Model architecture DeepSeekMTPModel is already registered, and will be overwritten by the new model class vllm_hcu.models.deepseek_mtp:DeepSeekMTP.
[36m(vLLMHttpServer pid=36528)[0m WARNING:2026-07-31 11:03:20,503:Current Python version 3.10 is below the recommended 3.11 version. It is recommended to upgrade to Python 3.11 or higher for the best experience.[32m [repeated 4x across cluster][0m
[36m(vLLMHttpServer pid=36528)[0m (Worker_TP0_EP0 pid=38491) Loading safetensors checkpoint shards:   0% Completed | 0/14 [00:00<?, ?it/s]
[36m(vLLMHttpServer pid=36528)[0m (Worker_TP0_EP0 pid=38491) Loading safetensors checkpoint shards:   7% Completed | 1/14 [00:04<01:03,  4.88s/it]
[36m(vLLMHttpServer pid=36528)[0m (Worker_TP0_EP0 pid=38491) Loading safetensors checkpoint shards:  14% Completed | 2/14 [00:11<01:09,  5.80s/it]
[36m(vLLMHttpServer pid=36528)[0m (Worker_TP0_EP0 pid=38491) Loading safetensors checkpoint shards:  21% Completed | 3/14 [00:16<01:01,  5.61s/it]
[36m(vLLMHttpServer pid=36528)[0m (Worker_TP0_EP0 pid=38491) Loading safetensors checkpoint shards:  29% Completed | 4/14 [00:21<00:52,  5.26s/it]
[36m(vLLMHttpServer pid=36528)[0m (Worker_TP0_EP0 pid=38491) Loading safetensors checkpoint shards:  36% Completed | 5/14 [00:25<00:43,  4.85s/it]
[36m(vLLMHttpServer pid=36528)[0m (Worker_TP0_EP0 pid=38491) Loading safetensors checkpoint shards:  43% Completed | 6/14 [00:31<00:42,  5.36s/it]
[36m(vLLMHttpServer pid=36528)[0m (Worker_TP0_EP0 pid=38491) Loading safetensors checkpoint shards:  50% Completed | 7/14 [00:38<00:39,  5.70s/it]
[36m(vLLMHttpServer pid=36528)[0m (Worker_TP0_EP0 pid=38491) Loading safetensors checkpoint shards:  57% Completed | 8/14 [00:44<00:34,  5.79s/it]
[36m(vLLMHttpServer pid=36528)[0m (Worker_TP0_EP0 pid=38491) Loading safetensors checkpoint shards:  64% Completed | 9/14 [00:52<00:32,  6.46s/it]
[36m(vLLMHttpServer pid=36528)[0m (Worker_TP0_EP0 pid=38491) Loading safetensors checkpoint shards:  71% Completed | 10/14 [00:59<00:26,  6.67s/it]
[36m(vLLMHttpServer pid=36528)[0m (Worker_TP0_EP0 pid=38491) Loading safetensors checkpoint shards:  79% Completed | 11/14 [01:06<00:20,  6.84s/it]
[36m(vLLMHttpServer pid=36528)[0m (Worker_TP0_EP0 pid=38491) Loading safetensors checkpoint shards:  86% Completed | 12/14 [01:11<00:12,  6.36s/it]
[36m(vLLMHttpServer pid=36528)[0m (Worker_TP0_EP0 pid=38491) Loading safetensors checkpoint shards:  93% Completed | 13/14 [01:21<00:07,  7.49s/it]
[36m(vLLMHttpServer pid=36528)[0m (Worker_TP0_EP0 pid=38491) Loading safetensors checkpoint shards: 100% Completed | 14/14 [01:24<00:00,  6.08s/it]
[36m(vLLMHttpServer pid=36528)[0m (Worker_TP0_EP0 pid=38491) Loading safetensors checkpoint shards: 100% Completed | 14/14 [01:24<00:00,  6.05s/it]
[36m(vLLMHttpServer pid=36528)[0m (Worker_TP0_EP0 pid=38491) 
[36m(vLLMHttpServer pid=36528)[0m Could not open /var/log/hylog/.
[36m(vLLMHttpServer pid=36528)[0m (Worker_TP2_EP2 pid=38493) WARNING:2026-07-31 11:05:16,913:Skip set_expected_m because required values are invalid: num_tokens=8192, num_dispatchers=None, topk=8, global_num_experts=256
[36m(vLLMHttpServer pid=36528)[0m (Worker_TP3_EP3 pid=38494) WARNING:2026-07-31 11:05:16,913:Skip set_expected_m because required values are invalid: num_tokens=8192, num_dispatchers=None, topk=8, global_num_experts=256
[36m(vLLMHttpServer pid=36528)[0m (Worker_TP1_EP1 pid=38492) WARNING:2026-07-31 11:05:16,913:Skip set_expected_m because required values are invalid: num_tokens=8192, num_dispatchers=None, topk=8, global_num_experts=256
[36m(vLLMHttpServer pid=36528)[0m (Worker_TP0_EP0 pid=38491) WARNING:2026-07-31 11:05:16,925:Skip set_expected_m because required values are invalid: num_tokens=8192, num_dispatchers=None, topk=8, global_num_experts=256
[36m(vLLMHttpServer pid=36528)[0m Callback: Queue 0x7fcf48200000 aborting with error : HSA_STATUS_ERROR_EXCEPTION: An HSAIL operation resulted in a hardware exception. code: 0x1016Callback: Queue 0x7f140d000000 aborting with error : HSA_STATUS_ERROR_EXCEPTION: An HSAIL operation resulted in a hardware exception. code: 0x1016Callback: Queue 0x7fc0ad600000 aborting with error : HSA_STATUS_ERROR_EXCEPTION: An HSAIL operation resulted in a hardware exception. code: 0x1016
[36m(vLLMHttpServer pid=36528)[0m >>>>>>>> KERNEL VMFault !!!! <<<<<<
[36m(vLLMHttpServer pid=36528)[0m 
[36m(vLLMHttpServer pid=36528)[0m Callback: Queue 0x7fdc4c200000 aborting with error : HSA_STATUS_ERROR_EXCEPTION: An HSAIL operation resulted in a hardware exception. code: 0x1016
[36m(vLLMHttpServer pid=36528)[0m >>>>>>>> KERNEL VMFault !!!! <<<<<<
[36m(vLLMHttpServer pid=36528)[0m 
[36m(vLLMHttpServer pid=36528)[0m 
[36m(vLLMHttpServer pid=36528)[0m >>>>>>>> KERNEL VMFault !!!! <<<<<<
[36m(vLLMHttpServer pid=36528)[0m 
[36m(vLLMHttpServer pid=36528)[0m >>>>>>>> PID: 38494, SIGNAL: 0 !!!! <<<<<<
[36m(vLLMHttpServer pid=36528)[0m >>>>>>>> PID: 38491, SIGNAL: 0 !!!! <<<<<<
[36m(vLLMHttpServer pid=36528)[0m 
[36m(vLLMHttpServer pid=36528)[0m >>>>>>>> KERNEL VMFault !!!! <<<<<<
[36m(vLLMHttpServer pid=36528)[0m 
[36m(vLLMHttpServer pid=36528)[0m >>>>>>>> PID: 38493, SIGNAL: 0 !!!! <<<<<<
[36m(vLLMHttpServer pid=36528)[0m 
[36m(vLLMHttpServer pid=36528)[0m >>>>>>>> FOR DEVICE 0x55677d00b1b0 <<<<<<
[36m(vLLMHttpServer pid=36528)[0m 
[36m(vLLMHttpServer pid=36528)[0m 
[36m(vLLMHttpServer pid=36528)[0m >>>>>>>> FOR DEVICE 0x564c28280420 <<<<<<
[36m(vLLMHttpServer pid=36528)[0m 
[36m(vLLMHttpServer pid=36528)[0m 
[36m(vLLMHttpServer pid=36528)[0m >>>>>>>> FOR DEVICE 0x55677d00c060 <<<<<<
[36m(vLLMHttpServer pid=36528)[0m 
[36m(vLLMHttpServer pid=36528)[0m >>>>>>>> PID: 38492, SIGNAL: 0 !!!! <<<<<<
[36m(vLLMHttpServer pid=36528)[0m 
[36m(vLLMHttpServer pid=36528)[0m >>>>>>>> FOR DEVICE 0x5578610c9c80 <<<<<<
[36m(vLLMHttpServer pid=36528)[0m 
[36m(vLLMHttpServer pid=36528)[0m 
[36m(vLLMHttpServer pid=36528)[0m >>>>>>>> FOR DEVICE 0x55677d00cf10 <<<<<<
[36m(vLLMHttpServer pid=36528)[0m 
[36m(vLLMHttpServer pid=36528)[0m 
[36m(vLLMHttpServer pid=36528)[0m ===========================================================================================
[36m(vLLMHttpServer pid=36528)[0m 
[36m(vLLMHttpServer pid=36528)[0m >>>>>>>> FOR DEVICE 0x559d5ae35aa0 <<<<<<
[36m(vLLMHttpServer pid=36528)[0m 
[36m(vLLMHttpServer pid=36528)[0m 
[36m(vLLMHttpServer pid=36528)[0m >>>>>>>> FOR DEVICE 0x557860e940e0 <<<<<<
[36m(vLLMHttpServer pid=36528)[0m 
[36m(vLLMHttpServer pid=36528)[0m 
[36m(vLLMHttpServer pid=36528)[0m >>>>>>>> FOR DEVICE 0x55677d00ddc0 <<<<<<
[36m(vLLMHttpServer pid=36528)[0m 
[36m(vLLMHttpServer pid=36528)[0m =========> HOSTQUEUE <0x564c69aaa1c0>: VMFault HSA QUEUE ANALYSIS <=========
[36m(vLLMHttpServer pid=36528)[0m 
[36m(vLLMHttpServer pid=36528)[0m >>>>>>>> FOR DEVICE 0x557861ab4ec0 <<<<<<
[36m(vLLMHttpServer pid=36528)[0m 
[36m(vLLMHttpServer pid=36528)[0m 
[36m(vLLMHttpServer pid=36528)[0m >>>>>>>> FOR DEVICE 0x559d5ac00e90 <<<<<<
[36m(vLLMHttpServer pid=36528)[0m 
[36m(vLLMHttpServer pid=36528)[0m 
[36m(vLLMHttpServer pid=36528)[0m ===========================================================================================
[36m(vLLMHttpServer pid=36528)[0m HOSTQUEUE <0x564c69aaa1c0>: base_address 0x7fcee0200000
[36m(vLLMHttpServer pid=36528)[0m 
[36m(vLLMHttpServer pid=36528)[0m ===========================================================================================
[36m(vLLMHttpServer pid=36528)[0m 
[36m(vLLMHttpServer pid=36528)[0m ===========================================================================================
[36m(vLLMHttpServer pid=36528)[0m =========> HOSTQUEUE <0x5567b4fef890>: VMFault HSA QUEUE ANALYSIS <=========
[36m(vLLMHttpServer pid=36528)[0m HOSTQUEUE <0x564c69aaa1c0>: hsa queue id 6, stream id 185
[36m(vLLMHttpServer pid=36528)[0m =========> HOSTQUEUE <0x5578a28e3a50>: VMFault HSA QUEUE ANALYSIS <=========
[36m(vLLMHttpServer pid=36528)[0m =========> HOSTQUEUE <0x559da9b84de0>: VMFault HSA QUEUE ANALYSIS <=========
[36m(vLLMHttpServer pid=36528)[0m HOSTQUEUE <0x5567b4fef890>: base_address 0x7f13e0200000
[36m(vLLMHttpServer pid=36528)[0m HOSTQUEUE <0x564c69aaa1c0>: get hsa queue W/R ptr: write index: 242, read index: 242
[36m(vLLMHttpServer pid=36528)[0m HOSTQUEUE <0x5578a28e3a50>: base_address 0x7fc078200000
[36m(vLLMHttpServer pid=36528)[0m HOSTQUEUE <0x559da9b84de0>: base_address 0x7fdbe4200000
[36m(vLLMHttpServer pid=36528)[0m HOSTQUEUE <0x5567b4fef890>: hsa queue id 5, stream id 120
[36m(vLLMHttpServer pid=36528)[0m HOSTQUEUE <0x564c69aaa1c0>: all command executed
[36m(vLLMHttpServer pid=36528)[0m HOSTQUEUE <0x5578a28e3a50>: hsa queue id 6, stream id 185
[36m(vLLMHttpServer pid=36528)[0m HOSTQUEUE <0x559da9b84de0>: hsa queue id 6, stream id 185
[36m(vLLMHttpServer pid=36528)[0m HOSTQUEUE <0x5567b4fef890>: get hsa queue W/R ptr: write index: 328, read index: 328
[36m(vLLMHttpServer pid=36528)[0m HOSTQUEUE <0x559da9b84de0>: get hsa queue W/R ptr: write index: 242, read index: 242
[36m(vLLMHttpServer pid=36528)[0m 
[36m(vLLMHttpServer pid=36528)[0m ===========================================================================================
[36m(vLLMHttpServer pid=36528)[0m HOSTQUEUE <0x5578a28e3a50>: get hsa queue W/R ptr: write index: 242, read index: 242
[36m(vLLMHttpServer pid=36528)[0m HOSTQUEUE <0x5567b4fef890>: all command executed
[36m(vLLMHttpServer pid=36528)[0m HOSTQUEUE <0x559da9b84de0>: all command executed
[36m(vLLMHttpServer pid=36528)[0m =========> HOSTQUEUE <0x564c69a87690>: VMFault HSA QUEUE ANALYSIS <=========
[36m(vLLMHttpServer pid=36528)[0m HOSTQUEUE <0x5578a28e3a50>: all command executed
[36m(vLLMHttpServer pid=36528)[0m 
[36m(vLLMHttpServer pid=36528)[0m ===========================================================================================
[36m(vLLMHttpServer pid=36528)[0m 
[36m(vLLMHttpServer pid=36528)[0m ===========================================================================================
[36m(vLLMHttpServer pid=36528)[0m HOSTQUEUE <0x564c69a87690>: base_address 0x7fcee8400000
[36m(vLLMHttpServer pid=36528)[0m 
[36m(vLLMHttpServer pid=36528)[0m ===========================================================================================
[36m(vLLMHttpServer pid=36528)[0m =========> HOSTQUEUE <0x5567b4fef440>: VMFault HSA QUEUE ANALYSIS <=========
[36m(vLLMHttpServer pid=36528)[0m =========> HOSTQUEUE <0x559d9c65e770>: VMFault HSA QUEUE ANALYSIS <=========
[36m(vLLMHttpServer pid=36528)[0m HOSTQUEUE <0x564c69a87690>: hsa queue id 5, stream id 120
[36m(vLLMHttpServer pid=36528)[0m =========> HOSTQUEUE <0x5578a28f23f0>: VMFault HSA QUEUE ANALYSIS <=========
[36m(vLLMHttpServer pid=36528)[0m HOSTQUEUE <0x564c69a87690>: get hsa queue W/R ptr: write index: 328, read index: 328
[36m(vLLMHttpServer pid=36528)[0m HOSTQUEUE <0x564c69a87690>: all command executed
[36m(vLLMHttpServer pid=36528)[0m 
[36m(vLLMHttpServer pid=36528)[0m ===========================================================================================
[36m(vLLMHttpServer pid=36528)[0m =========> HOSTQUEUE <0x564c69a93170>: VMFault HSA QUEUE ANALYSIS <=========
[36m(vLLMHttpServer pid=36528)[0m HOSTQUEUE <0x5578a28f23f0>: base_address 0x7fc038400000
[36m(vLLMHttpServer pid=36528)[0m HOSTQUEUE <0x5578a28f23f0>: hsa queue id 7, stream id 234
[36m(vLLMHttpServer pid=36528)[0m HOSTQUEUE <0x5578a28f23f0>: get hsa queue W/R ptr: write index: 96, read index: 96
[36m(vLLMHttpServer pid=36528)[0m HOSTQUEUE <0x5578a28f23f0>: all command executed
[36m(vLLMHttpServer pid=36528)[0m 
[36m(vLLMHttpServer pid=36528)[0m ===========================================================================================
[36m(vLLMHttpServer pid=36528)[0m =========> HOSTQUEUE <0x5578afd96370>: VMFault HSA QUEUE ANALYSIS <=========
[36m(vLLMHttpServer pid=36528)[0m HOSTQUEUE <0x5578afd96370>: base_address 0x7fc0e9c00000
[36m(vLLMHttpServer pid=36528)[0m HOSTQUEUE <0x5578afd96370>: hsa queue id 3, stream id 68
[36m(vLLMHttpServer pid=36528)[0m HOSTQUEUE <0x5578afd96370>: get hsa queue W/R ptr: write index: 242, read index: 242
[36m(vLLMHttpServer pid=36528)[0m HOSTQUEUE <0x5578afd96370>: all command executed
[36m(vLLMHttpServer pid=36528)[0m 
[36m(vLLMHttpServer pid=36528)[0m ===========================================================================================
[36m(vLLMHttpServer pid=36528)[0m =========> HOSTQUEUE <0x5578b2ff17b0>: VMFault HSA QUEUE ANALYSIS <=========
[36m(vLLMHttpServer pid=36528)[0m HOSTQUEUE <0x5578b2ff17b0>: base_address 0x7fc0f1c00000
[36m(vLLMHttpServer pid=36528)[0m HOSTQUEUE <0x5578b2ff17b0>: hsa queue id 2, stream id 3
[36m(vLLMHttpServer pid=36528)[0m HOSTQUEUE <0x5578b2ff17b0>: get hsa queue W/R ptr: write index: 328, read index: 328
[36m(vLLMHttpServer pid=36528)[0m HOSTQUEUE <0x5578b2ff17b0>: all command executed
[36m(vLLMHttpServer pid=36528)[0m 
[36m(vLLMHttpServer pid=36528)[0m ===========================================================================================
[36m(vLLMHttpServer pid=36528)[0m =========> HOSTQUEUE <0x5578a28f2840>: VMFault HSA QUEUE ANALYSIS <=========
[36m(vLLMHttpServer pid=36528)[0m HOSTQUEUE <0x5578a28f2840>: base_address 0x7fc080400000
[36m(vLLMHttpServer pid=36528)[0m HOSTQUEUE <0x5578a28f2840>: hsa queue id 5, stream id 120
[36m(vLLMHttpServer pid=36528)[0m HOSTQUEUE <0x5578a28f2840>: get hsa queue W/R ptr: write index: 328, read index: 328
[36m(vLLMHttpServer pid=36528)[0m HOSTQUEUE <0x5578a28f2840>: all command executed
[36m(vLLMHttpServer pid=36528)[0m 
[36m(vLLMHttpServer pid=36528)[0m ===========================================================================================
[36m(vLLMHttpServer pid=36528)[0m =========> HOSTQUEUE <0x5578b2ff1360>: VMFault HSA QUEUE ANALYSIS <=========
[36m(vLLMHttpServer pid=36528)[0m HOSTQUEUE <0x5567b4fef440>: base_address 0x7f1398400000
[36m(vLLMHttpServer pid=36528)[0m HOSTQUEUE <0x5567b4fef440>: hsa queue id 7, stream id 234
[36m(vLLMHttpServer pid=36528)[0m HOSTQUEUE <0x564c69a93170>: base_address 0x7fce65e00000
[36m(vLLMHttpServer pid=36528)[0m HOSTQUEUE <0x5567b4fef440>: get hsa queue W/R ptr: write index: 96, read index: 96
[36m(vLLMHttpServer pid=36528)[0m HOSTQUEUE <0x564c69a93170>: hsa queue id 7, stream id 234
[36m(vLLMHttpServer pid=36528)[0m HOSTQUEUE <0x5567b4fef440>: all command executed
[36m(vLLMHttpServer pid=36528)[0m HOSTQUEUE <0x564c69a93170>: get hsa queue W/R ptr: write index: 96, read index: 96
[36m(vLLMHttpServer pid=36528)[0m 
[36m(vLLMHttpServer pid=36528)[0m ===========================================================================================
[36m(vLLMHttpServer pid=36528)[0m HOSTQUEUE <0x564c69a93170>: all command executed
[36m(vLLMHttpServer pid=36528)[0m HOSTQUEUE <0x559d9c65e770>: base_address 0x7fdbd0200000
[36m(vLLMHttpServer pid=36528)[0m =========> HOSTQUEUE <0x5567c7950650>: VMFault HSA QUEUE ANALYSIS <=========
[36m(vLLMHttpServer pid=36528)[0m 
[36m(vLLMHttpServer pid=36528)[0m ===========================================================================================
[36m(vLLMHttpServer pid=36528)[0m HOSTQUEUE <0x559d9c65e770>: hsa queue id 7, stream id 234
[36m(vLLMHttpServer pid=36528)[0m HOSTQUEUE <0x5567c7950650>: base_address 0x7f1449600000
[36m(vLLMHttpServer pid=36528)[0m =========> HOSTQUEUE <0x564c79ffd640>: VMFault HSA QUEUE ANALYSIS <=========
[36m(vLLMHttpServer pid=36528)[0m HOSTQUEUE <0x559d9c65e770>: get hsa queue W/R ptr: write index: 96, read index: 96
[36m(vLLMHttpServer pid=36528)[0m HOSTQUEUE <0x5567c7950650>: hsa queue id 3, stream id 68
[36m(vLLMHttpServer pid=36528)[0m HOSTQUEUE <0x564c79ffd640>: base_address 0x7fcf48200000
[36m(vLLMHttpServer pid=36528)[0m HOSTQUEUE <0x559d9c65e770>: all command executed
[36m(vLLMHttpServer pid=36528)[0m HOSTQUEUE <0x5567c7950650>: get hsa queue W/R ptr: write index: 242, read index: 242
[36m(vLLMHttpServer pid=36528)[0m HOSTQUEUE <0x564c79ffd640>: hsa queue id 4, stream id 117
[36m(vLLMHttpServer pid=36528)[0m 
[36m(vLLMHttpServer pid=36528)[0m ===========================================================================================
[36m(vLLMHttpServer pid=36528)[0m HOSTQUEUE <0x5567c7950650>: all command executed
[36m(vLLMHttpServer pid=36528)[0m HOSTQUEUE <0x564c79ffd640>: get hsa queue W/R ptr: write index: 84484, read index: 84462
[36m(vLLMHttpServer pid=36528)[0m =========> HOSTQUEUE <0x559da7f873d0>: VMFault HSA QUEUE ANALYSIS <=========
[36m(vLLMHttpServer pid=36528)[0m 
[36m(vLLMHttpServer pid=36528)[0m ===========================================================================================
[36m(vLLMHttpServer pid=36528)[0m 
[36m(vLLMHttpServer pid=36528)[0m HOSTQUEUE <0x564c79ffd640>: >>>>>>>> DUMP AQL 0x7fd060802000 PACKET WITH INDEX 84462 <<<<<<<<<
[36m(vLLMHttpServer pid=36528)[0m HOSTQUEUE <0x559da7f873d0>: base_address 0x7fdc4c600000
[36m(vLLMHttpServer pid=36528)[0m =========> HOSTQUEUE <0x5567c794f060>: VMFault HSA QUEUE ANALYSIS <=========
[36m(vLLMHttpServer pid=36528)[0m HOSTQUEUE <0x564c79ffd640>: >>>>>>>> MATCH KERNEL COMMAND <<<<<<<<<
[36m(vLLMHttpServer pid=36528)[0m HOSTQUEUE <0x559da7f873d0>: hsa queue id 3, stream id 68
[36m(vLLMHttpServer pid=36528)[0m HOSTQUEUE <0x5567c794f060>: base_address 0x7f1478200000
[36m(vLLMHttpServer pid=36528)[0m HOSTQUEUE <0x564c79ffd640>: header: 0xb02
[36m(vLLMHttpServer pid=36528)[0m HOSTQUEUE <0x559da7f873d0>: get hsa queue W/R ptr: write index: 242, read index: 242
[36m(vLLMHttpServer pid=36528)[0m HOSTQUEUE <0x5567c794f060>: hsa queue id 2, stream id 3
[36m(vLLMHttpServer pid=36528)[0m HOSTQUEUE <0x564c79ffd640>: setup: 3
[36m(vLLMHttpServer pid=36528)[0m HOSTQUEUE <0x559da7f873d0>: all command executed
[36m(vLLMHttpServer pid=36528)[0m HOSTQUEUE <0x5567c794f060>: get hsa queue W/R ptr: write index: 328, read index: 328
[36m(vLLMHttpServer pid=36528)[0m HOSTQUEUE <0x564c79ffd640>: workgroup: x:128, y:1, z:1
[36m(vLLMHttpServer pid=36528)[0m 
[36m(vLLMHttpServer pid=36528)[0m ===========================================================================================
[36m(vLLMHttpServer pid=36528)[0m HOSTQUEUE <0x5567c794f060>: all command executed
[36m(vLLMHttpServer pid=36528)[0m HOSTQUEUE <0x564c79ffd640>: grid: x:256, y:1, z:1
[36m(vLLMHttpServer pid=36528)[0m =========> HOSTQUEUE <0x559da99a3360>: VMFault HSA QUEUE ANALYSIS <=========
[36m(vLLMHttpServer pid=36528)[0m 
[36m(vLLMHttpServer pid=36528)[0m ===========================================================================================
[36m(vLLMHttpServer pid=36528)[0m HOSTQUEUE <0x564c79ffd640>: group_segment_size: 0
[36m(vLLMHttpServer pid=36528)[0m HOSTQUEUE <0x559da99a3360>: base_address 0x7fdc68200000
[36m(vLLMHttpServer pid=36528)[0m =========> HOSTQUEUE <0x5567b5004490>: VMFault HSA QUEUE ANALYSIS <=========
[36m(vLLMHttpServer pid=36528)[0m HOSTQUEUE <0x564c79ffd640>: private_segment_size: 0
[36m(vLLMHttpServer pid=36528)[0m HOSTQUEUE <0x559da99a3360>: hsa queue id 2, stream id 3
[36m(vLLMHttpServer pid=36528)[0m HOSTQUEUE <0x5567b5004490>: base_address 0x7f13d0200000
[36m(vLLMHttpServer pid=36528)[0m HOSTQUEUE <0x564c79ffd640>: completion_signal: 0x0
[36m(vLLMHttpServer pid=36528)[0m HOSTQUEUE <0x559da99a3360>: get hsa queue W/R ptr: write index: 328, read index: 328
[36m(vLLMHttpServer pid=36528)[0m HOSTQUEUE <0x5567b5004490>: hsa queue id 6, stream id 185
[36m(vLLMHttpServer pid=36528)[0m HOSTQUEUE <0x564c79ffd640>: kernel_object: 0x7f8e2da43d80
[36m(vLLMHttpServer pid=36528)[0m HOSTQUEUE <0x559da99a3360>: all command executed
[36m(vLLMHttpServer pid=36528)[0m HOSTQUEUE <0x5567b5004490>: get hsa queue W/R ptr: write index: 242, read index: 242
[36m(vLLMHttpServer pid=36528)[0m HOSTQUEUE <0x564c79ffd640>: device id: 0
[36m(vLLMHttpServer pid=36528)[0m 
[36m(vLLMHttpServer pid=36528)[0m ===========================================================================================
[36m(vLLMHttpServer pid=36528)[0m HOSTQUEUE <0x5567b5004490>: all command executed
[36m(vLLMHttpServer pid=36528)[0m =========> HOSTQUEUE <0x559da99a2f10>: VMFault HSA QUEUE ANALYSIS <=========
[36m(vLLMHttpServer pid=36528)[0m 
[36m(vLLMHttpServer pid=36528)[0m ===========================================================================================
[36m(vLLMHttpServer pid=36528)[0m =========> HOSTQUEUE <0x5567c794ec10>: VMFault HSA QUEUE ANALYSIS <=========
[36m(vLLMHttpServer pid=36528)[0m 
[36m(vLLMHttpServer pid=36528)[0m HOSTQUEUE <0x564c79ffd640>: >>>>>>>> FIND MATCH KERNEL DETAILS <<<<<<<<<
[36m(vLLMHttpServer pid=36528)[0m HOSTQUEUE <0x564c79ffd640>: kernel name: _ZN2at6native24index_elementwise_kernelILi128ELi4EZNS0_16gpu_index_kernelIZNS0_17index_kernel_implINS0_10OpaqueTypeILi4EEEEEvRNS_18TensorIteratorBaseEN3c108ArrayRefIlEESA_EUlPcPKclE_EEvS7_SA_SA_RKT_bEUliE_EEvlT1_
[36m(vLLMHttpServer pid=36528)[0m HOSTQUEUE <0x564c79ffd640>: >>>>>>>> DUMP KERNEL ARGS: size: 816 <<<<<<<<<
[36m(vLLMHttpServer pid=36528)[0m 
[36m(vLLMHttpServer pid=36528)[0m fe 02 00 00 00 00 00 00 01 00 00 00 fe 02 00 00 
[36m(vLLMHttpServer pid=36528)[0m a8 7b 39 56 0a 00 00 00 00 00 00 00 00 00 00 00 
[36m(vLLMHttpServer pid=36528)[0m 00 00 00 00 00 00 00 00 00 00 00 00 00 00 00 00 
[36m(vLLMHttpServer pid=36528)[0m 00 00 00 00 00 00 00 00 00 00 00 00 00 00 00 00 
[36m(vLLMHttpServer pid=36528)[0m 00 00 00 00 00 00 00 00 00 00 00 00 00 00 00 00 
[36m(vLLMHttpServer pid=36528)[0m 00 00 00 00 00 00 00 00 00 00 00 00 00 00 00 00 
[36m(vLLMHttpServer pid=36528)[0m 00 00 00 00 00 00 00 00 00 00 00 00 00 00 00 00 
[36m(vLLMHttpServer pid=36528)[0m 00 00 00 00 00 00 00 00 00 00 00 00 00 00 00 00 
[36m(vLLMHttpServer pid=36528)[0m 00 00 00 00 00 00 00 00 00 00 00 00 00 00 00 00 
[36m(vLLMHttpServer pid=36528)[0m 00 00 00 00 00 00 00 00 00 00 00 00 00 00 00 00 
[36m(vLLMHttpServer pid=36528)[0m 00 00 00 00 00 00 00 00 00 00 00 00 00 00 00 00 
[36m(vLLMHttpServer pid=36528)[0m 00 00 00 00 00 00 00 00 00 00 00 00 00 00 00 00 
[36m(vLLMHttpServer pid=36528)[0m 00 00 00 00 00 00 00 00 00 00 00 00 04 00 00 00 
[36m(vLLMHttpServer pid=36528)[0m 00 00 00 00 08 00 00 00 00 00 00 00 00 00 00 00 
[36m(vLLMHttpServer pid=36528)[0m 00 00 00 00 00 00 00 00 00 00 00 00 00 00 00 00 
[36m(vLLMHttpServer pid=36528)[0m 00 00 00 00 00 00 00 00 00 00 00 00 00 00 00 00 
[36m(vLLMHttpServer pid=36528)[0m 00 00 00 00 00 00 00 00 00 00 00 00 00 00 00 00 
[36m(vLLMHttpServer pid=36528)[0m 00 00 00 00 00 00 00 00 00 00 00 00 00 00 00 00 
[36m(vLLMHttpServer pid=36528)[0m 00 00 00 00 00 00 00 00 00 00 00 00 00 00 00 00 
[36m(vLLMHttpServer pid=36528)[0m 00 00 00 00 00 00 00 00 00 00 00 00 00 00 00 00 
[36m(vLLMHttpServer pid=36528)[0m 00 00 00 00 00 00 00 00 00 00 00 00 00 00 00 00 
[36m(vLLMHttpServer pid=36528)[0m 00 00 00 00 00 00 00 00 00 00 00 00 00 00 00 00 
[36m(vLLMHttpServer pid=36528)[0m 00 00 00 00 00 00 00 00 00 00 00 00 00 00 00 00 
[36m(vLLMHttpServer pid=36528)[0m 00 00 00 00 00 00 00 00 00 00 00 00 00 00 00 00 
[36m(vLLMHttpServer pid=36528)[0m 00 00 00 00 00 00 00 00 00 00 00 00 fc 7f 00 00 
[36m(vLLMHttpServer pid=36528)[0m 00 8a de ea ce 7f 00 00 00 fc 7f 3d 8e 7f 00 00 
[36m(vLLMHttpServer pid=36528)[0m 01 00 00 00 00 00 00 00 00 26 df ea ce 7f 00 00 
[36m(vLLMHttpServer pid=36528)[0m 00 00 00 00 00 00 00 00 00 00 00 00 00 00 00 00 
[36m(vLLMHttpServer pid=36528)[0m 00 00 00 00 00 00 00 00 00 00 00 00 00 00 00 00 
[36m(vLLMHttpServer pid=36528)[0m 00 00 00 00 00 00 00 00 00 00 00 00 00 00 00 00 
[36m(vLLMHttpServer pid=36528)[0m 00 00 00 00 00 00 00 00 00 00 00 00 00 00 00 00 
[36m(vLLMHttpServer pid=36528)[0m 00 00 00 00 00 00 00 00 00 00 00 00 00 00 00 00 
[36m(vLLMHttpServer pid=36528)[0m 00 00 00 00 00 00 00 00 00 00 00 00 00 00 00 00 
[36m(vLLMHttpServer pid=36528)[0m 00 00 00 00 00 00 00 00 00 00 00 00 00 00 00 00 
[36m(vLLMHttpServer pid=36528)[0m 00 00 00 00 00 00 00 00 00 01 00 00 00 00 00 00 
[36m(vLLMHttpServer pid=36528)[0m 00 00 00 00 00 00 00 00 00 00 00 00 00 00 00 00 
[36m(vLLMHttpServer pid=36528)[0m 00 00 00 00 00 00 00 00 00 00 00 00 00 00 00 00 
[36m(vLLMHttpServer pid=36528)[0m 00 00 00 00 00 00 00 00 00 00 00 00 00 00 00 00 
[36m(vLLMHttpServer pid=36528)[0m 00 00 00 00 00 00 00 00 00 00 00 00 00 00 00 00 
[36m(vLLMHttpServer pid=36528)[0m 00 00 00 00 00 00 00 00 00 00 00 00 00 00 00 00 
[36m(vLLMHttpServer pid=36528)[0m 00 00 00 00 00 00 00 00 00 00 00 00 00 00 00 00 
[36m(vLLMHttpServer pid=36528)[0m 00 00 00 00 00 00 00 00 00 00 00 00 00 00 00 00 
[36m(vLLMHttpServer pid=36528)[0m 00 00 00 00 00 00 00 00 04 00 00 00 00 00 00 00 
[36m(vLLMHttpServer pid=36528)[0m 00 00 00 00 00 00 00 00 00 00 00 00 00 00 00 00 
[36m(vLLMHttpServer pid=36528)[0m 00 00 00 00 00 00 00 00 00 00 00 00 00 00 00 00 
[36m(vLLMHttpServer pid=36528)[0m 00 00 00 00 00 00 00 00 00 00 00 00 00 00 00 00 
[36m(vLLMHttpServer pid=36528)[0m 00 00 00 00 00 00 00 00 00 00 00 00 00 00 00 00 
[36m(vLLMHttpServer pid=36528)[0m 00 00 00 00 00 00 00 00 00 00 00 00 00 00 00 00 
[36m(vLLMHttpServer pid=36528)[0m 00 00 00 00 00 00 00 00 00 00 00 00 00 00 00 00 
[36m(vLLMHttpServer pid=36528)[0m 00 00 00 00 00 00 00 00 00 00 00 00 00 00 00 00 
[36m(vLLMHttpServer pid=36528)[0m 00 00 00 00 00 00 00 00 01 00 00 00 01 00 03 01 
[36m(vLLMHttpServer pid=36528)[0m 
[36m(vLLMHttpServer pid=36528)[0m HOSTQUEUE <0x564c79ffd640>: >>>>>>>> DUMP KERNEL ARGS PTR INFO <<<<<<<<<
[36m(vLLMHttpServer pid=36528)[0m HOSTQUEUE <0x564c79ffd640>: ptr arg index: 50, ptr: 0x7fceeade8a00
[36m(vLLMHttpServer pid=36528)[0m HOSTQUEUE <0x564c79ffd640>: origin ptr: 0x7fceeac00000, size byte: 2097152
[36m(vLLMHttpServer pid=36528)[0m HOSTQUEUE <0x564c79ffd640>: ptr arg index: 51, ptr: 0x7f8e3d7ffc00
[36m(vLLMHttpServer pid=36528)[0m HOSTQUEUE <0x564c79ffd640>: origin ptr: 0x7f8e3d600000, size byte: 2097152
[36m(vLLMHttpServer pid=36528)[0m HOSTQUEUE <0x564c79ffd640>: ptr arg index: 53, ptr: 0x7fceeadf2600
[36m(vLLMHttpServer pid=36528)[0m HOSTQUEUE <0x564c79ffd640>: origin ptr: 0x7fceeac00000, size byte: 2097152
[36m(vLLMHttpServer pid=36528)[0m 
[36m(vLLMHttpServer pid=36528)[0m HOSTQUEUE <0x564c79ffd640>: >>>>>>>> DUMP AQL 0x7fd060802000 PACKET WITH INDEX 84463 <<<<<<<<<
[36m(vLLMHttpServer pid=36528)[0m HOSTQUEUE <0x564c79ffd640>: >>>>>>>> MATCH KERNEL COMMAND <<<<<<<<<
[36m(vLLMHttpServer pid=36528)[0m HOSTQUEUE <0x564c79ffd640>: header: 0xb02
[36m(vLLMHttpServer pid=36528)[0m HOSTQUEUE <0x564c79ffd640>: setup: 3
[36m(vLLMHttpServer pid=36528)[0m HOSTQUEUE <0x564c79ffd640>: workgroup: x:512, y:1, z:1
[36m(vLLMHttpServer pid=36528)[0m HOSTQUEUE <0x564c79ffd640>: grid: x:3137536, y:1, z:1
[36m(vLLMHttpServer pid=36528)[0m HOSTQUEUE <0x564c79ffd640>: group_segment_size: 32768
[36m(vLLMHttpServer pid=36528)[0m HOSTQUEUE <0x564c79ffd640>: private_segment_size: 0
[36m(vLLMHttpServer pid=36528)[0m HOSTQUEUE <0x564c79ffd640>: completion_signal: 0x0
[36m(vLLMHttpServer pid=36528)[0m HOSTQUEUE <0x564c79ffd640>: kernel_object: 0x7fcf4b734d40
[36m(vLLMHttpServer pid=36528)[0m HOSTQUEUE <0x564c79ffd640>: device id: 0
[36m(vLLMHttpServer pid=36528)[0m HOSTQUEUE <0x559da99a2f10>: base_address 0x7f9738200000
[36m(vLLMHttpServer pid=36528)[0m HOSTQUEUE <0x559da99a2f10>: hsa queue id 8, stream id 235
[36m(vLLMHttpServer pid=36528)[0m HOSTQUEUE <0x559da99a2f10>: get hsa queue W/R ptr: write index: 0, read index: 0
[36m(vLLMHttpServer pid=36528)[0m HOSTQUEUE <0x559da99a2f10>: all command executed
[36m(vLLMHttpServer pid=36528)[0m 
[36m(vLLMHttpServer pid=36528)[0m ===========================================================================================
[36m(vLLMHttpServer pid=36528)[0m =========> HOSTQUEUE <0x559d9c67aa00>: VMFault HSA QUEUE ANALYSIS <=========
[36m(vLLMHttpServer pid=36528)[0m HOSTQUEUE <0x559d9c67aa00>: base_address 0x7fdbe4600000
[36m(vLLMHttpServer pid=36528)[0m HOSTQUEUE <0x559d9c67aa00>: hsa queue id 5, stream id 120
[36m(vLLMHttpServer pid=36528)[0m HOSTQUEUE <0x559d9c67aa00>: get hsa queue W/R ptr: write index: 328, read index: 328
[36m(vLLMHttpServer pid=36528)[0m HOSTQUEUE <0x559d9c67aa00>: all command executed
[36m(vLLMHttpServer pid=36528)[0m 
[36m(vLLMHttpServer pid=36528)[0m ===========================================================================================
[36m(vLLMHttpServer pid=36528)[0m HOSTQUEUE <0x5567c794ec10>: base_address 0x7ecf34200000
[36m(vLLMHttpServer pid=36528)[0m =========> HOSTQUEUE <0x559dacd2a9c0>: VMFault HSA QUEUE ANALYSIS <=========
[36m(vLLMHttpServer pid=36528)[0m HOSTQUEUE <0x5567c794ec10>: hsa queue id 8, stream id 235
[36m(vLLMHttpServer pid=36528)[0m HOSTQUEUE <0x559dacd2a9c0>: base_address 0x7fdc4c200000
[36m(vLLMHttpServer pid=36528)[0m HOSTQUEUE <0x5567c794ec10>: get hsa queue W/R ptr: write index: 0, read index: 0
[36m(vLLMHttpServer pid=36528)[0m HOSTQUEUE <0x559dacd2a9c0>: hsa queue id 4, stream id 117
[36m(vLLMHttpServer pid=36528)[0m HOSTQUEUE <0x5567c794ec10>: all command executed
[36m(vLLMHttpServer pid=36528)[0m HOSTQUEUE <0x559dacd2a9c0>: get hsa queue W/R ptr: write index: 84432, read index: 84410
[36m(vLLMHttpServer pid=36528)[0m 
[36m(vLLMHttpServer pid=36528)[0m ===========================================================================================
[36m(vLLMHttpServer pid=36528)[0m 
[36m(vLLMHttpServer pid=36528)[0m HOSTQUEUE <0x559dacd2a9c0>: >>>>>>>> DUMP AQL 0x7fdc94378000 PACKET WITH INDEX 84410 <<<<<<<<<
[36m(vLLMHttpServer pid=36528)[0m =========> HOSTQUEUE <0x5567c798de30>: VMFault HSA QUEUE ANALYSIS <=========
[36m(vLLMHttpServer pid=36528)[0m HOSTQUEUE <0x559dacd2a9c0>: >>>>>>>> MATCH KERNEL COMMAND <<<<<<<<<
[36m(vLLMHttpServer pid=36528)[0m HOSTQUEUE <0x5567c798de30>: base_address 0x7f140d000000
[36m(vLLMHttpServer pid=36528)[0m HOSTQUEUE <0x559dacd2a9c0>: header: 0xb02
[36m(vLLMHttpServer pid=36528)[0m HOSTQUEUE <0x5567c798de30>: hsa queue id 4, stream id 117
[36m(vLLMHttpServer pid=36528)[0m HOSTQUEUE <0x559dacd2a9c0>: setup: 3
[36m(vLLMHttpServer pid=36528)[0m HOSTQUEUE <0x5567c798de30>: get hsa queue W/R ptr: write index: 84264, read index: 84242
[36m(vLLMHttpServer pid=36528)[0m HOSTQUEUE <0x559dacd2a9c0>: workgroup: x:128, y:1, z:1
[36m(vLLMHttpServer pid=36528)[0m 
[36m(vLLMHttpServer pid=36528)[0m HOSTQUEUE <0x5567c798de30>: >>>>>>>> DUMP AQL 0x7f149015e000 PACKET WITH INDEX 84242 <<<<<<<<<
[36m(vLLMHttpServer pid=36528)[0m HOSTQUEUE <0x559dacd2a9c0>: grid: x:256, y:1, z:1
[36m(vLLMHttpServer pid=36528)[0m HOSTQUEUE <0x5567c798de30>: >>>>>>>> MATCH KERNEL COMMAND <<<<<<<<<
[36m(vLLMHttpServer pid=36528)[0m HOSTQUEUE <0x559dacd2a9c0>: group_segment_size: 0
[36m(vLLMHttpServer pid=36528)[0m HOSTQUEUE <0x5567c798de30>: header: 0xb02
[36m(vLLMHttpServer pid=36528)[0m HOSTQUEUE <0x559dacd2a9c0>: private_segment_size: 0
[36m(vLLMHttpServer pid=36528)[0m HOSTQUEUE <0x5567c798de30>: setup: 3
[36m(vLLMHttpServer pid=36528)[0m HOSTQUEUE <0x559dacd2a9c0>: completion_signal: 0x0
[36m(vLLMHttpServer pid=36528)[0m HOSTQUEUE <0x5567c798de30>: workgroup: x:128, y:1, z:1
[36m(vLLMHttpServer pid=36528)[0m HOSTQUEUE <0x559dacd2a9c0>: kernel_object: 0x7f9b2ee43d80
[36m(vLLMHttpServer pid=36528)[0m HOSTQUEUE <0x5567c798de30>: grid: x:256, y:1, z:1
[36m(vLLMHttpServer pid=36528)[0m HOSTQUEUE <0x559dacd2a9c0>: device id: 1
[36m(vLLMHttpServer pid=36528)[0m HOSTQUEUE <0x5567c798de30>: group_segment_size: 0
[36m(vLLMHttpServer pid=36528)[0m HOSTQUEUE <0x5567c798de30>: private_segment_size: 0
[36m(vLLMHttpServer pid=36528)[0m HOSTQUEUE <0x5567c798de30>: completion_signal: 0x0
[36m(vLLMHttpServer pid=36528)[0m HOSTQUEUE <0x5567c798de30>: kernel_object: 0x7ed32c043d80
[36m(vLLMHttpServer pid=36528)[0m HOSTQUEUE <0x5567c798de30>: device id: 3
[36m(vLLMHttpServer pid=36528)[0m HOSTQUEUE <0x5578b2ff1360>: base_address 0x7f7bfc200000
[36m(vLLMHttpServer pid=36528)[0m HOSTQUEUE <0x5578b2ff1360>: hsa queue id 8, stream id 235
[36m(vLLMHttpServer pid=36528)[0m HOSTQUEUE <0x5578b2ff1360>: get hsa queue W/R ptr: write index: 0, read index: 0
[36m(vLLMHttpServer pid=36528)[0m HOSTQUEUE <0x5578b2ff1360>: all command executed
[36m(vLLMHttpServer pid=36528)[0m 
[36m(vLLMHttpServer pid=36528)[0m ===========================================================================================
[36m(vLLMHttpServer pid=36528)[0m =========> HOSTQUEUE <0x5578b2e755b0>: VMFault HSA QUEUE ANALYSIS <=========
[36m(vLLMHttpServer pid=36528)[0m HOSTQUEUE <0x5578b2e755b0>: base_address 0x7fc0ad600000
[36m(vLLMHttpServer pid=36528)[0m HOSTQUEUE <0x5578b2e755b0>: hsa queue id 4, stream id 117
[36m(vLLMHttpServer pid=36528)[0m HOSTQUEUE <0x5578b2e755b0>: get hsa queue W/R ptr: write index: 84029, read index: 84007
[36m(vLLMHttpServer pid=36528)[0m 
[36m(vLLMHttpServer pid=36528)[0m HOSTQUEUE <0x5578b2e755b0>: >>>>>>>> DUMP AQL 0x7fc1ed20f000 PACKET WITH INDEX 84007 <<<<<<<<<
[36m(vLLMHttpServer pid=36528)[0m HOSTQUEUE <0x5578b2e755b0>: >>>>>>>> MATCH KERNEL COMMAND <<<<<<<<<
[36m(vLLMHttpServer pid=36528)[0m HOSTQUEUE <0x5578b2e755b0>: header: 0xb02
[36m(vLLMHttpServer pid=36528)[0m HOSTQUEUE <0x5578b2e755b0>: setup: 3
[36m(vLLMHttpServer pid=36528)[0m HOSTQUEUE <0x5578b2e755b0>: workgroup: x:128, y:1, z:1
[36m(vLLMHttpServer pid=36528)[0m HOSTQUEUE <0x5578b2e755b0>: grid: x:256, y:1, z:1
[36m(vLLMHttpServer pid=36528)[0m HOSTQUEUE <0x5578b2e755b0>: group_segment_size: 0
[36m(vLLMHttpServer pid=36528)[0m HOSTQUEUE <0x5578b2e755b0>: private_segment_size: 0
[36m(vLLMHttpServer pid=36528)[0m HOSTQUEUE <0x5578b2e755b0>: completion_signal: 0x0
[36m(vLLMHttpServer pid=36528)[0m HOSTQUEUE <0x5578b2e755b0>: kernel_object: 0x7f7fcc643d80
[36m(vLLMHttpServer pid=36528)[0m HOSTQUEUE <0x5578b2e755b0>: device id: 2
[36m(vLLMHttpServer pid=36528)[0m 
[36m(vLLMHttpServer pid=36528)[0m HOSTQUEUE <0x564c79ffd640>: >>>>>>>> FIND MATCH KERNEL DETAILS <<<<<<<<<
[36m(vLLMHttpServer pid=36528)[0m HOSTQUEUE <0x564c79ffd640>: kernel name: fused_moe_kernel
[36m(vLLMHttpServer pid=36528)[0m HOSTQUEUE <0x564c79ffd640>: >>>>>>>> DUMP KERNEL ARGS: size: 128 <<<<<<<<<
[36m(vLLMHttpServer pid=36528)[0m 
[36m(vLLMHttpServer pid=36528)[0m 00 00 c0 d5 89 7f 00 00 00 00 60 9c 92 7f 00 00 
[36m(vLLMHttpServer pid=36528)[0m 00 00 80 9a 89 7f 00 00 00 00 60 cf 8a 7f 00 00 
[36m(vLLMHttpServer pid=36528)[0m 00 8a de ea ce 7f 00 00 00 de df ea ce 7f 00 00 
[36m(vLLMHttpServer pid=36528)[0m 00 04 00 00 00 08 00 00 00 7f 01 00 00 00 01 00 
[36m(vLLMHttpServer pid=36528)[0m 00 08 00 00 00 00 22 00 80 08 00 00 00 04 00 00 
[36m(vLLMHttpServer pid=36528)[0m 00 00 00 00 00 00 00 00 00 00 00 00 00 00 00 00 
[36m(vLLMHttpServer pid=36528)[0m 00 00 00 00 00 00 00 00 00 00 00 00 00 00 00 00 
[36m(vLLMHttpServer pid=36528)[0m 00 00 
[36m(vLLMHttpServer pid=36528)[0m HOSTQUEUE <0x5567c798de30>: >>>>>>>> FIND MATCH KERNEL DETAILS <<<<<<<<<
[36m(vLLMHttpServer pid=36528)[0m 00 
[36m(vLLMHttpServer pid=36528)[0m HOSTQUEUE <0x559dacd2a9c0>: >>>>>>>> FIND MATCH KERNEL DETAILS <<<<<<<<<
[36m(vLLMHttpServer pid=36528)[0m HOSTQUEUE <0x5567c798de30>: kernel name: _ZN2at6native24index_elementwise_kernelILi128ELi4EZNS0_16gpu_index_kernelIZNS0_17index_kernel_implINS0_10OpaqueTypeILi4EEEEEvRNS_18TensorIteratorBaseEN3c108ArrayRefIlEESA_EUlPcPKclE_EEvS7_SA_SA_RKT_bEUliE_EEvlT1_
[36m(vLLMHttpServer pid=36528)[0m 00 HOSTQUEUE <0x559dacd2a9c0>: kernel name: _ZN2at6native24index_elementwise_kernelILi128ELi4EZNS0_16gpu_index_kernelIZNS0_17index_kernel_implINS0_10OpaqueTypeILi4EEEEEvRNS_18TensorIteratorBaseEN3c108ArrayRefIlEESA_EUlPcPKclE_EEvS7_SA_SA_RKT_bEUliE_EEvlT1_
[36m(vLLMHttpServer pid=36528)[0m HOSTQUEUE <0x5567c798de30>: >>>>>>>> DUMP KERNEL ARGS: size: 816 <<<<<<<<<
[36m(vLLMHttpServer pid=36528)[0m 00 HOSTQUEUE <0x559dacd2a9c0>: >>>>>>>> DUMP KERNEL ARGS: size: 816 <<<<<<<<<
[36m(vLLMHttpServer pid=36528)[0m 
[36m(vLLMHttpServer pid=36528)[0m 00 
[36m(vLLMHttpServer pid=36528)[0m fe 00 fe 02 00 02 00 00 00 00 00 00 00 00 00 00 00 00 00 00 00 00 00 00 01 00 01 00 00 00 00 
[36m(vLLMHttpServer pid=36528)[0m 
[36m(vLLMHttpServer pid=36528)[0m 00 00 HOSTQUEUE <0x564c79ffd640>: >>>>>>>> DUMP KERNEL ARGS PTR INFO <<<<<<<<<
[36m(vLLMHttpServer pid=36528)[0m 00 fe fe 02 HOSTQUEUE <0x564c79ffd640>: ptr arg index: 0, ptr: 0x7f89d5c00000
[36m(vLLMHttpServer pid=36528)[0m 02 00 HOSTQUEUE <0x564c79ffd640>: origin ptr: 0x7f89d3c00000, size byte: 603979776
[36m(vLLMHttpServer pid=36528)[0m 00 00 00 HOSTQUEUE <0x564c79ffd640>: ptr arg index: 1, ptr: 0x7f929c600000
[36m(vLLMHttpServer pid=36528)[0m 
[36m(vLLMHttpServer pid=36528)[0m 
[36m(vLLMHttpServer pid=36528)[0m HOSTQUEUE <0x564c79ffd640>: origin ptr: 0x7f929c600000, size byte: 268435456
[36m(vLLMHttpServer pid=36528)[0m a8 a8 HOSTQUEUE <0x564c79ffd640>: ptr arg index: 2, ptr: 0x7f899a800000
[36m(vLLMHttpServer pid=36528)[0m 7b 7b HOSTQUEUE <0x564c79ffd640>: origin ptr: 0x7f898a800000, size byte: 536870912
[36m(vLLMHttpServer pid=36528)[0m 39 39 HOSTQUEUE <0x564c79ffd640>: ptr arg index: 3, ptr: 0x7f8acf600000
[36m(vLLMHttpServer pid=36528)[0m 56 56 HOSTQUEUE <0x564c79ffd640>: origin ptr: 0x7f8acf600000, size byte: 2097152
[36m(vLLMHttpServer pid=36528)[0m 0a 0a HOSTQUEUE <0x564c79ffd640>: ptr arg index: 4, ptr: 0x7fceeade8a00
[36m(vLLMHttpServer pid=36528)[0m 00 00 HOSTQUEUE <0x564c79ffd640>: origin ptr: 0x7fceeac00000, size byte: 2097152
[36m(vLLMHttpServer pid=36528)[0m 00 00 HOSTQUEUE <0x564c79ffd640>: ptr arg index: 5, ptr: 0x7fceeadfde00
[36m(vLLMHttpServer pid=36528)[0m 00 00 HOSTQUEUE <0x564c79ffd640>: origin ptr: 0x7fceeac00000, size byte: 2097152
[36m(vLLMHttpServer pid=36528)[0m 00 00 00 00 00 
[36m(vLLMHttpServer pid=36528)[0m HOSTQUEUE <0x564c79ffd640>: >>>>>>>> DUMP AQL 0x7fd060802000 PACKET WITH INDEX 84464 <<<<<<<<<
[36m(vLLMHttpServer pid=36528)[0m 00 00 HOSTQUEUE <0x564c79ffd640>: >>>>>>>> MATCH KERNEL COMMAND <<<<<<<<<
[36m(vLLMHttpServer pid=36528)[0m 00 00 HOSTQUEUE <0x564c79ffd640>: header: 0xb02
[36m(vLLMHttpServer pid=36528)[0m 00 00 HOSTQUEUE <0x564c79ffd640>: setup: 3
[36m(vLLMHttpServer pid=36528)[0m 00 00 HOSTQUEUE <0x564c79ffd640>: workgroup: x:64, y:1, z:1
[36m(vLLMHttpServer pid=36528)[0m 00 00 HOSTQUEUE <0x564c79ffd640>: grid: x:4194304, y:1, z:1
[36m(vLLMHttpServer pid=36528)[0m 00 
[36m(vLLMHttpServer pid=36528)[0m HOSTQUEUE <0x564c79ffd640>: group_segment_size: 0
[36m(vLLMHttpServer pid=36528)[0m 
[36m(vLLMHttpServer pid=36528)[0m 00 HOSTQUEUE <0x564c79ffd640>: private_segment_size: 0
[36m(vLLMHttpServer pid=36528)[0m 00 00 HOSTQUEUE <0x564c79ffd640>: completion_signal: 0x0
[36m(vLLMHttpServer pid=36528)[0m 00 00 HOSTQUEUE <0x564c79ffd640>: kernel_object: 0x7fcf4909e480
[36m(vLLMHttpServer pid=36528)[0m 00 00 HOSTQUEUE <0x564c79ffd640>: device id: 0
[36m(vLLMHttpServer pid=36528)[0m 00 00 00 00 00 00 00 00 00 00 00 00 00 00 00 00 00 00 00 00 00 00 00 00 00 
[36m(vLLMHttpServer pid=36528)[0m 
[36m(vLLMHttpServer pid=36528)[0m 00 00 00 00 00 00 00 00 00 00 00 00 00 00 00 00 00 00 00 00 00 00 00 00 00 00 00 00 00 00 00 00 
[36m(vLLMHttpServer pid=36528)[0m 
[36m(vLLMHttpServer pid=36528)[0m 00 00 00 00 00 00 00 00 00 00 00 00 00 00 00 00 00 00 00 00 00 00 00 00 00 00 00 00 00 00 00 00 
[36m(vLLMHttpServer pid=36528)[0m 
[36m(vLLMHttpServer pid=36528)[0m 00 00 00 00 00 00 00 00 00 00 00 00 00 00 00 00 00 00 00 00 00 00 00 00 00 00 00 00 00 00 00 00 
[36m(vLLMHttpServer pid=36528)[0m 
[36m(vLLMHttpServer pid=36528)[0m 00 00 00 00 00 00 00 00 00 00 00 00 00 00 00 00 00 00 00 00 00 00 00 00 00 00 00 00 00 00 00 00 
[36m(vLLMHttpServer pid=36528)[0m 
[36m(vLLMHttpServer pid=36528)[0m 00 00 00 00 00 00 00 00 00 00 00 00 00 00 00 00 00 00 00 00 00 00 00 00 00 00 00 00 00 00 00 00 
[36m(vLLMHttpServer pid=36528)[0m 
[36m(vLLMHttpServer pid=36528)[0m 00 00 00 00 00 00 00 00 00 00 00 00 00 00 00 00 00 00 00 00 00 00 00 00 00 00 00 00 00 00 00 00 
[36m(vLLMHttpServer pid=36528)[0m 
[36m(vLLMHttpServer pid=36528)[0m 00 00 00 00 00 00 00 00 00 00 00 00 00 00 00 00 00 00 00 00 00 00 00 00 00 00 00 00 00 00 00 00 
[36m(vLLMHttpServer pid=36528)[0m 
[36m(vLLMHttpServer pid=36528)[0m 00 00 00 00 00 00 00 00 00 00 00 00 00 00 00 00 00 00 00 00 00 00 00 00 00 00 00 00 00 00 00 00 
[36m(vLLMHttpServer pid=36528)[0m 
[36m(vLLMHttpServer pid=36528)[0m 00 00 00 00 00 00 00 00 00 00 00 00 00 00 00 00 00 00 00 00 00 00 00 00 00 00 00 00 00 00 00 00 
[36m(vLLMHttpServer pid=36528)[0m 
[36m(vLLMHttpServer pid=36528)[0m 00 00 00 00 00 00 00 00 00 00 00 00 00 00 00 00 00 00 00 00 00 00 00 00 04 04 00 00 00 00 00 00 
[36m(vLLMHttpServer pid=36528)[0m 
[36m(vLLMHttpServer pid=36528)[0m 00 00 00 00 00 00 00 00 08 08 00 00 00 00 00 00 00 00 00 00 00 00 00 00 00 00 00 00 00 00 00 00 
[36m(vLLMHttpServer pid=36528)[0m 
[36m(vLLMHttpServer pid=36528)[0m 00 00 00 00 00 00 00 00 00 00 00 00 00 00 00 00 00 00 00 00 00 00 00 00 00 00 00 00 00 00 00 00 
[36m(vLLMHttpServer pid=36528)[0m 
[36m(vLLMHttpServer pid=36528)[0m 00 00 00 00 00 00 00 00 00 00 00 00 00 00 00 00 00 00 00 00 00 00 00 00 00 00 00 00 00 00 00 00 
[36m(vLLMHttpServer pid=36528)[0m 
[36m(vLLMHttpServer pid=36528)[0m 00 00 00 00 00 00 00 00 00 00 00 00 00 00 00 00 00 00 00 00 00 00 00 00 00 00 00 00 00 00 00 00 
[36m(vLLMHttpServer pid=36528)[0m 
[36m(vLLMHttpServer pid=36528)[0m 00 00 00 00 00 00 00 00 00 00 00 00 00 00 00 00 00 00 00 00 00 00 00 00 00 00 00 00 00 00 00 00 
[36m(vLLMHttpServer pid=36528)[0m 
[36m(vLLMHttpServer pid=36528)[0m 00 00 00 00 00 00 00 00 00 00 00 00 00 00 00 00 00 00 00 00 00 00 00 00 00 00 00 00 00 00 00 00 
[36m(vLLMHttpServer pid=36528)[0m 
[36m(vLLMHttpServer pid=36528)[0m 00 00 00 00 00 00 00 00 00 00 00 00 00 00 00 00 00 00 00 00 00 00 00 00 00 00 00 00 00 00 00 00 
[36m(vLLMHttpServer pid=36528)[0m 
[36m(vLLMHttpServer pid=36528)[0m 00 00 00 00 00 00 00 00 00 00 00 00 00 00 00 00 00 00 00 00 00 00 00 00 00 00 00 00 00 00 00 00 
[36m(vLLMHttpServer pid=36528)[0m 
[36m(vLLMHttpServer pid=36528)[0m 00 00 00 00 00 00 00 00 00 00 00 00 00 00 00 00 00 00 00 00 00 00 00 00 00 00 00 00 00 00 00 00 
[36m(vLLMHttpServer pid=36528)[0m 
[36m(vLLMHttpServer pid=36528)[0m 00 00 00 00 00 00 00 00 00 00 00 00 00 00 00 00 00 00 00 00 00 00 00 00 00 00 00 00 00 00 00 00 
[36m(vLLMHttpServer pid=36528)[0m 
[36m(vLLMHttpServer pid=36528)[0m 00 00 00 00 00 00 00 00 00 00 00 00 00 00 00 00 00 00 00 00 00 00 00 00 00 00 00 00 00 00 00 00 
[36m(vLLMHttpServer pid=36528)[0m 
[36m(vLLMHttpServer pid=36528)[0m 00 00 00 00 00 00 00 00 00 00 00 00 00 00 00 00 00 00 00 00 00 00 00 00 ff fd 7f 7f 00 00 00 00 
[36m(vLLMHttpServer pid=36528)[0m 
[36m(vLLMHttpServer pid=36528)[0m 00 00 8a 8a be be e4 e7 13 db 7f 7f 00 00 00 00 00 00 fc fc 9f 7f 3c 3f d3 9b 7e 7f 00 00 00 00 
[36m(vLLMHttpServer pid=36528)[0m 
[36m(vLLMHttpServer pid=36528)[0m 01 01 00 00 00 00 00 00 00 00 00 00 00 00 00 00 00 00 26 26 bf bf e4 e7 13 db 7f 7f 00 00 00 00 
[36m(vLLMHttpServer pid=36528)[0m 
[36m(vLLMHttpServer pid=36528)[0m 00 00 00 00 00 00 00 00 00 00 00 00 00 00 00 00 00 00 00 00 00 00 00 00 00 00 00 00 00 00 00 00 
[36m(vLLMHttpServer pid=36528)[0m 
[36m(vLLMHttpServer pid=36528)[0m 00 00 00 00 00 00 00 00 00 00 00 00 00 00 00 00 00 00 00 00 00 00 00 00 00 00 00 00 00 00 00 00 
[36m(vLLMHttpServer pid=36528)[0m 
[36m(vLLMHttpServer pid=36528)[0m 00 00 00 00 00 00 00 00 00 00 00 00 00 00 00 00 00 00 00 00 00 00 00 00 00 00 00 00 00 00 00 00 
[36m(vLLMHttpServer pid=36528)[0m 
[36m(vLLMHttpServer pid=36528)[0m 00 00 00 00 00 00 00 00 00 00 00 00 00 00 00 00 00 00 00 00 00 00 00 00 00 00 00 00 00 00 00 00 
[36m(vLLMHttpServer pid=36528)[0m 
[36m(vLLMHttpServer pid=36528)[0m 00 00 00 00 00 00 00 00 00 00 00 00 00 00 00 00 00 00 00 00 00 00 00 00 00 00 00 00 00 00 
[36m(vLLMHttpServer pid=36528)[0m 00 00 00 00 
[36m(vLLMHttpServer pid=36528)[0m 00 00 00 00 00 00 00 00 00 00 00 00 00 00 00 00 00 00 00 00 00 00 00 00 00 00 00 00 
[36m(vLLMHttpServer pid=36528)[0m 00 00 00 00 
[36m(vLLMHttpServer pid=36528)[0m 00 00 00 00 00 00 00 00 00 00 00 00 00 00 00 00 00 00 00 00 00 00 00 00 00 00 00 00 
[36m(vLLMHttpServer pid=36528)[0m 00 00 00 00 
[36m(vLLMHttpServer pid=36528)[0m 00 00 00 00 00 00 00 00 00 00 00 00 00 00 01 00 00 00 00 01 00 00 00 00 00 00 00 00 
[36m(vLLMHttpServer pid=36528)[0m 00 00 00 00 
[36m(vLLMHttpServer pid=36528)[0m 00 00 00 00 00 00 00 00 00 00 00 00 00 00 00 00 00 00 00 00 00 00 00 00 00 00 00 00 
[36m(vLLMHttpServer pid=36528)[0m 00 00 00 00 
[36m(vLLMHttpServer pid=36528)[0m 00 00 00 00 00 00 00 00 00 00 00 00 00 00 00 00 00 00 00 00 00 00 00 00 00 00 00 00 
[36m(vLLMHttpServer pid=36528)[0m 00 00 00 00 
[36m(vLLMHttpServer pid=36528)[0m 00 00 00 00 00 00 00 00 00 00 00 00 00 00 00 00 00 00 00 00 00 00 00 00 00 00 00 00 
[36m(vLLMHttpServer pid=36528)[0m 00 00 00 00 
[36m(vLLMHttpServer pid=36528)[0m 00 00 00 00 00 00 00 00 00 00 00 00 00 00 00 00 00 00 00 00 00 00 00 00 00 00 00 00 
[36m(vLLMHttpServer pid=36528)[0m 00 00 00 00 
[36m(vLLMHttpServer pid=36528)[0m 00 00 00 00 00 00 00 00 00 00 00 00 00 00 00 00 00 00 00 00 00 00 00 00 00 00 00 00 
[36m(vLLMHttpServer pid=36528)[0m 00 00 00 00 
[36m(vLLMHttpServer pid=36528)[0m 00 00 00 00 00 00 00 00 00 00 00 00 00 00 00 00 00 00 00 00 00 00 00 00 00 00 00 00 
[36m(vLLMHttpServer pid=36528)[0m 00 00 00 00 
[36m(vLLMHttpServer pid=36528)[0m 00 00 00 00 00 00 00 00 00 00 00 00 00 00 00 00 00 00 00 00 00 00 00 00 00 00 00 00 
[36m(vLLMHttpServer pid=36528)[0m 00 00 00 00 
[36m(vLLMHttpServer pid=36528)[0m 00 00 00 00 00 00 00 00 00 00 00 00 04 00 00 00 00 04 00 00 00 00 00 00 00 00 00 00 
[36m(vLLMHttpServer pid=36528)[0m 00 00 00 00 
[36m(vLLMHttpServer pid=36528)[0m 00 00 00 00 00 00 00 00 00 00 00 00 00 00 00 00 00 00 00 00 00 00 00 00 00 00 00 00 
[36m(vLLMHttpServer pid=36528)[0m 00 00 00 00 
[36m(vLLMHttpServer pid=36528)[0m 00 00 00 00 00 00 00 00 00 00 00 00 00 00 00 00 00 00 00 00 00 00 00 00 00 00 00 00 
[36m(vLLMHttpServer pid=36528)[0m 00 00 00 00 
[36m(vLLMHttpServer pid=36528)[0m 00 00 00 00 00 00 00 00 00 00 00 00 00 00 00 00 00 00 00 00 00 00 00 00 00 00 00 00 
[36m(vLLMHttpServer pid=36528)[0m 00 00 00 00 
[36m(vLLMHttpServer pid=36528)[0m 00 00 00 00 00 00 00 00 00 00 00 00 00 00 00 00 00 00 00 00 00 00 00 00 00 00 00 00 
[36m(vLLMHttpServer pid=36528)[0m 00 00 00 00 
[36m(vLLMHttpServer pid=36528)[0m 00 00 00 00 00 00 00 00 00 00 00 00 00 00 00 00 00 00 00 00 00 00 00 00 00 00 00 00 
[36m(vLLMHttpServer pid=36528)[0m 00 00 00 00 
[36m(vLLMHttpServer pid=36528)[0m 00 00 00 00 00 00 00 00 00 00 00 00 00 00 00 00 00 00 00 00 00 00 00 00 00 00 00 00 
[36m(vLLMHttpServer pid=36528)[0m 00 00 00 00 
[36m(vLLMHttpServer pid=36528)[0m 00 00 00 00 00 00 00 00 00 00 00 00 00 00 00 00 00 00 00 00 00 00 00 00 00 00 00 00 
[36m(vLLMHttpServer pid=36528)[0m 00 00 00 00 
[36m(vLLMHttpServer pid=36528)[0m 00 00 00 00 00 00 00 00 00 00 00 00 01 
[36m(vLLMHttpServer pid=36528)[0m 00 
[36m(vLLMHttpServer pid=36528)[0m 00 
[36m(vLLMHttpServer pid=36528)[0m 00 00 01 00 00 01 00 00 00 03 01 01 00 
[36m(vLLMHttpServer pid=36528)[0m 
[36m(vLLMHttpServer pid=36528)[0m 03 HOSTQUEUE <0x5567c798de30>: >>>>>>>> DUMP KERNEL ARGS PTR INFO <<<<<<<<<
[36m(vLLMHttpServer pid=36528)[0m 01 
[36m(vLLMHttpServer pid=36528)[0m 
[36m(vLLMHttpServer pid=36528)[0m HOSTQUEUE <0x559dacd2a9c0>: >>>>>>>> DUMP KERNEL ARGS PTR INFO <<<<<<<<<
[36m(vLLMHttpServer pid=36528)[0m HOSTQUEUE <0x5567c798de30>: ptr arg index: 50, ptr: 0x7f13e4be8a00
[36m(vLLMHttpServer pid=36528)[0m HOSTQUEUE <0x5567c798de30>: origin ptr: 0x7f13e4a00000, size byte: 2097152
[36m(vLLMHttpServer pid=36528)[0m HOSTQUEUE <0x5567c798de30>: ptr arg index: 51, ptr: 0x7ed33c9ffc00
[36m(vLLMHttpServer pid=36528)[0m HOSTQUEUE <0x559dacd2a9c0>: ptr arg index: 50, ptr: 0x7fdbe7be8a00
[36m(vLLMHttpServer pid=36528)[0m HOSTQUEUE <0x5567c798de30>: origin ptr: 0x7ed33c800000, size byte: 2097152
[36m(vLLMHttpServer pid=36528)[0m HOSTQUEUE <0x559dacd2a9c0>: origin ptr: 0x7fdbe7a00000, size byte: 2097152
[36m(vLLMHttpServer pid=36528)[0m HOSTQUEUE <0x5567c798de30>: ptr arg index: 53, ptr: 0x7f13e4bf2600
[36m(vLLMHttpServer pid=36528)[0m HOSTQUEUE <0x559dacd2a9c0>: ptr arg index: 51, ptr: 0x7f9b3f7ffc00
[36m(vLLMHttpServer pid=36528)[0m HOSTQUEUE <0x5567c798de30>: origin ptr: 0x7f13e4a00000, size byte: 2097152
[36m(vLLMHttpServer pid=36528)[0m HOSTQUEUE <0x559dacd2a9c0>: origin ptr: 0x7f9b3f600000, size byte: 2097152
[36m(vLLMHttpServer pid=36528)[0m HOSTQUEUE <0x559dacd2a9c0>: ptr arg index: 53, ptr: 0x7fdbe7bf2600
[36m(vLLMHttpServer pid=36528)[0m HOSTQUEUE <0x559dacd2a9c0>: origin ptr: 0x7fdbe7a00000, size byte: 2097152
[36m(vLLMHttpServer pid=36528)[0m 
[36m(vLLMHttpServer pid=36528)[0m HOSTQUEUE <0x5567c798de30>: >>>>>>>> DUMP AQL 0x7f149015e000 PACKET WITH INDEX 84243 <<<<<<<<<
[36m(vLLMHttpServer pid=36528)[0m HOSTQUEUE <0x5567c798de30>: >>>>>>>> MATCH KERNEL COMMAND <<<<<<<<<
[36m(vLLMHttpServer pid=36528)[0m HOSTQUEUE <0x5567c798de30>: header: 0xb02
[36m(vLLMHttpServer pid=36528)[0m HOSTQUEUE <0x5567c798de30>: setup: 3
[36m(vLLMHttpServer pid=36528)[0m 
[36m(vLLMHttpServer pid=36528)[0m HOSTQUEUE <0x559dacd2a9c0>: >>>>>>>> DUMP AQL 0x7fdc94378000 PACKET WITH INDEX 84411 <<<<<<<<<
[36m(vLLMHttpServer pid=36528)[0m HOSTQUEUE <0x5567c798de30>: workgroup: x:512, y:1, z:1
[36m(vLLMHttpServer pid=36528)[0m HOSTQUEUE <0x559dacd2a9c0>: >>>>>>>> MATCH KERNEL COMMAND <<<<<<<<<
[36m(vLLMHttpServer pid=36528)[0m HOSTQUEUE <0x5567c798de30>: grid: x:3137536, y:1, z:1
[36m(vLLMHttpServer pid=36528)[0m HOSTQUEUE <0x559dacd2a9c0>: header: 0xb02
[36m(vLLMHttpServer pid=36528)[0m HOSTQUEUE <0x5567c798de30>: group_segment_size: 32768
[36m(vLLMHttpServer pid=36528)[0m HOSTQUEUE <0x559dacd2a9c0>: setup: 3
[36m(vLLMHttpServer pid=36528)[0m HOSTQUEUE <0x5567c798de30>: private_segment_size: 0
[36m(vLLMHttpServer pid=36528)[0m HOSTQUEUE <0x559dacd2a9c0>: workgroup: x:512, y:1, z:1
[36m(vLLMHttpServer pid=36528)[0m HOSTQUEUE <0x5567c798de30>: completion_signal: 0x0
[36m(vLLMHttpServer pid=36528)[0m HOSTQUEUE <0x559dacd2a9c0>: grid: x:3137536, y:1, z:1
[36m(vLLMHttpServer pid=36528)[0m HOSTQUEUE <0x5567c798de30>: kernel_object: 0x7f1451448d40
[36m(vLLMHttpServer pid=36528)[0m HOSTQUEUE <0x559dacd2a9c0>: group_segment_size: 32768
[36m(vLLMHttpServer pid=36528)[0m HOSTQUEUE <0x5567c798de30>: device id: 3
[36m(vLLMHttpServer pid=36528)[0m HOSTQUEUE <0x559dacd2a9c0>: private_segment_size: 0
[36m(vLLMHttpServer pid=36528)[0m HOSTQUEUE <0x559dacd2a9c0>: completion_signal: 0x0
[36m(vLLMHttpServer pid=36528)[0m HOSTQUEUE <0x559dacd2a9c0>: kernel_object: 0x7fdc4c75cd40
[36m(vLLMHttpServer pid=36528)[0m HOSTQUEUE <0x559dacd2a9c0>: device id: 1
[36m(vLLMHttpServer pid=36528)[0m 
[36m(vLLMHttpServer pid=36528)[0m HOSTQUEUE <0x564c79ffd640>: >>>>>>>> FIND MATCH KERNEL DETAILS <<<<<<<<<
[36m(vLLMHttpServer pid=36528)[0m HOSTQUEUE <0x564c79ffd640>: kernel name: _ZN4vllm18act_and_mul_kernelIN3c108BFloat16E15__hip_bfloat162XadL_ZNS_11silu_kernelIS2_EET_RKS5_EEXadL_ZNS_18packed_silu_kernelIS3_EES5_S7_EELb1ELb1ELb0EEEvPS5_PS6_i
[36m(vLLMHttpServer pid=36528)[0m HOSTQUEUE <0x564c79ffd640>: >>>>>>>> DUMP KERNEL ARGS: size: 280 <<<<<<<<<
[36m(vLLMHttpServer pid=36528)[0m 
[36m(vLLMHttpServer pid=36528)[0m 00 00 80 8a 89 7f 00 00 00 00 80 9a 89 7f 00 00 
[36m(vLLMHttpServer pid=36528)[0m 00 02 00 00 00 00 00 00 00 00 01 00 01 00 00 00 
[36m(vLLMHttpServer pid=36528)[0m 01 00 00 00 40 00 01 00 01 00 00 00 00 00 00 00 
[36m(vLLMHttpServer pid=36528)[0m 00 00 00 00 00 00 00 00 00 00 00 00 00 00 00 00 
[36m(vLLMHttpServer pid=36528)[0m 00 00 00 00 00 00 00 00 00 00 00 00 00 00 00 00 
[36m(vLLMHttpServer pid=36528)[0m 00 00 00 00 00 00 00 00 03 00 00 00 00 00 00 00 
[36m(vLLMHttpServer pid=36528)[0m 00 00 00 00 00 00 00 00 03 00 00 00 00 00 00 00 
[36m(vLLMHttpServer pid=36528)[0m 00 80 b6 01 30 02 00 00 01 00 00 00 00 00 00 00 
[36m(vLLMHttpServer pid=36528)[0m 00 40 dd ea ce 7f 00 00 00 7a dc ea ce 7f 00 00 
[36m(vLLMHttpServer pid=36528)[0m 00 fc dc ea ce 7f 00 00 00 46 de ea ce 7f 00 00 
[36m(vLLMHttpServer pid=36528)[0m 00 86 dd ea ce 7f 00 00 00 06 de ea ce 7f 00 00 
[36m(vLLMHttpServer pid=36528)[0m 00 84 dd ea ce 7f 00 00 00 fe dc ea ce 7f 00 00 
[36m(vLLMHttpServer pid=36528)[0m 00 82 dd ea ce 7f 00 00 10 00 00 00 00 00 00 00 
[36m(vLLMHttpServer pid=36528)[0m 00 00 00 00 00 00 00 00 00 00 00 00 00 00 00 00 
[36m(vLLMHttpServer pid=36528)[0m 00 80 b6 01 30 02 00 00 01 00 00 00 00 00 00 00 
[36m(vLLMHttpServer pid=36528)[0m 00 80 b6 01 30 02 00 00 01 00 00 00 00 00 00 00 
[36m(vLLMHttpServer pid=36528)[0m 00 40 dd ea ce 7f 00 00 00 7a dc ea ce 7f 00 00 
[36m(vLLMHttpServer pid=36528)[0m 00 fc dc ea ce 7f 00 00 
[36m(vLLMHttpServer pid=36528)[0m 
[36m(vLLMHttpServer pid=36528)[0m HOSTQUEUE <0x564c79ffd640>: >>>>>>>> DUMP KERNEL ARGS PTR INFO <<<<<<<<<
[36m(vLLMHttpServer pid=36528)[0m HOSTQUEUE <0x564c79ffd640>: ptr arg index: 0, ptr: 0x7f898a800000
[36m(vLLMHttpServer pid=36528)[0m HOSTQUEUE <0x564c79ffd640>: origin ptr: 0x7f898a800000, size byte: 536870912
[36m(vLLMHttpServer pid=36528)[0m HOSTQUEUE <0x564c79ffd640>: ptr arg index: 1, ptr: 0x7f899a800000
[36m(vLLMHttpServer pid=36528)[0m HOSTQUEUE <0x564c79ffd640>: origin ptr: 0x7f898a800000, size byte: 536870912
[36m(vLLMHttpServer pid=36528)[0m HOSTQUEUE <0x564c79ffd640>: ptr arg index: 16, ptr: 0x7fceeadd4000
[36m(vLLMHttpServer pid=36528)[0m HOSTQUEUE <0x564c79ffd640>: origin ptr: 0x7fceeac00000, size byte: 2097152
[36m(vLLMHttpServer pid=36528)[0m HOSTQUEUE <0x564c79ffd640>: ptr arg index: 17, ptr: 0x7fceeadc7a00
[36m(vLLMHttpServer pid=36528)[0m HOSTQUEUE <0x564c79ffd640>: origin ptr: 0x7fceeac00000, size byte: 2097152
[36m(vLLMHttpServer pid=36528)[0m HOSTQUEUE <0x564c79ffd640>: ptr arg index: 18, ptr: 0x7fceeadcfc00
[36m(vLLMHttpServer pid=36528)[0m HOSTQUEUE <0x564c79ffd640>: origin ptr: 0x7fceeac00000, size byte: 2097152
[36m(vLLMHttpServer pid=36528)[0m HOSTQUEUE <0x564c79ffd640>: ptr arg index: 19, ptr: 0x7fceeade4600
[36m(vLLMHttpServer pid=36528)[0m HOSTQUEUE <0x564c79ffd640>: origin ptr: 0x7fceeac00000, size byte: 2097152
[36m(vLLMHttpServer pid=36528)[0m HOSTQUEUE <0x564c79ffd640>: ptr arg index: 20, ptr: 0x7fceeadd8600
[36m(vLLMHttpServer pid=36528)[0m HOSTQUEUE <0x564c79ffd640>: origin ptr: 0x7fceeac00000, size byte: 2097152
[36m(vLLMHttpServer pid=36528)[0m HOSTQUEUE <0x564c79ffd640>: ptr arg index: 21, ptr: 0x7fceeade0600
[36m(vLLMHttpServer pid=36528)[0m HOSTQUEUE <0x564c79ffd640>: origin ptr: 0x7fceeac00000, size byte: 2097152
[36m(vLLMHttpServer pid=36528)[0m HOSTQUEUE <0x564c79ffd640>: ptr arg index: 22, ptr: 0x7fceeadd8400
[36m(vLLMHttpServer pid=36528)[0m HOSTQUEUE <0x564c79ffd640>: origin ptr: 0x7fceeac00000, size byte: 2097152
[36m(vLLMHttpServer pid=36528)[0m HOSTQUEUE <0x564c79ffd640>: ptr arg index: 23, ptr: 0x7fceeadcfe00
[36m(vLLMHttpServer pid=36528)[0m HOSTQUEUE <0x564c79ffd640>: origin ptr: 0x7fceeac00000, size byte: 2097152
[36m(vLLMHttpServer pid=36528)[0m HOSTQUEUE <0x564c79ffd640>: ptr arg index: 24, ptr: 0x7fceeadd8200
[36m(vLLMHttpServer pid=36528)[0m HOSTQUEUE <0x564c79ffd640>: origin ptr: 0x7fceeac00000, size byte: 2097152
[36m(vLLMHttpServer pid=36528)[0m HOSTQUEUE <0x564c79ffd640>: ptr arg index: 32, ptr: 0x7fceeadd4000
[36m(vLLMHttpServer pid=36528)[0m HOSTQUEUE <0x564c79ffd640>: origin ptr: 0x7fceeac00000, size byte: 2097152
[36m(vLLMHttpServer pid=36528)[0m HOSTQUEUE <0x564c79ffd640>: ptr arg index: 33, ptr: 0x7fceeadc7a00
[36m(vLLMHttpServer pid=36528)[0m HOSTQUEUE <0x564c79ffd640>: origin ptr: 0x7fceeac00000, size byte: 2097152
[36m(vLLMHttpServer pid=36528)[0m HOSTQUEUE <0x564c79ffd640>: ptr arg index: 34, ptr: 0x7fceeadcfc00
[36m(vLLMHttpServer pid=36528)[0m HOSTQUEUE <0x564c79ffd640>: origin ptr: 0x7fceeac00000, size byte: 2097152
[36m(vLLMHttpServer pid=36528)[0m 
[36m(vLLMHttpServer pid=36528)[0m HOSTQUEUE <0x564c79ffd640>: >>>>>>>> DUMP AQL 0x7fd060802000 PACKET WITH INDEX 84465 <<<<<<<<<
[36m(vLLMHttpServer pid=36528)[0m HOSTQUEUE <0x564c79ffd640>: >>>>>>>> MATCH KERNEL COMMAND <<<<<<<<<
[36m(vLLMHttpServer pid=36528)[0m HOSTQUEUE <0x564c79ffd640>: header: 0xb02
[36m(vLLMHttpServer pid=36528)[0m HOSTQUEUE <0x564c79ffd640>: setup: 3
[36m(vLLMHttpServer pid=36528)[0m HOSTQUEUE <0x564c79ffd640>: workgroup: x:512, y:1, z:1
[36m(vLLMHttpServer pid=36528)[0m HOSTQUEUE <0x564c79ffd640>: grid: x:6275072, y:1, z:1
[36m(vLLMHttpServer pid=36528)[0m HOSTQUEUE <0x564c79ffd640>: group_segment_size: 32768
[36m(vLLMHttpServer pid=36528)[0m HOSTQUEUE <0x564c79ffd640>: private_segment_size: 0
[36m(vLLMHttpServer pid=36528)[0m HOSTQUEUE <0x564c79ffd640>: completion_signal: 0x0
[36m(vLLMHttpServer pid=36528)[0m HOSTQUEUE <0x564c79ffd640>: kernel_object: 0x7fcf4b720dc0
[36m(vLLMHttpServer pid=36528)[0m HOSTQUEUE <0x564c79ffd640>: device id: 0
[36m(vLLMHttpServer pid=36528)[0m 
[36m(vLLMHttpServer pid=36528)[0m HOSTQUEUE <0x5578b2e755b0>: >>>>>>>> FIND MATCH KERNEL DETAILS <<<<<<<<<
[36m(vLLMHttpServer pid=36528)[0m HOSTQUEUE <0x5578b2e755b0>: kernel name: _ZN2at6native24index_elementwise_kernelILi128ELi4EZNS0_16gpu_index_kernelIZNS0_17index_kernel_implINS0_10OpaqueTypeILi4EEEEEvRNS_18TensorIteratorBaseEN3c108ArrayRefIlEESA_EUlPcPKclE_EEvS7_SA_SA_RKT_bEUliE_EEvlT1_
[36m(vLLMHttpServer pid=36528)[0m HOSTQUEUE <0x5578b2e755b0>: >>>>>>>> DUMP KERNEL ARGS: size: 816 <<<<<<<<<
[36m(vLLMHttpServer pid=36528)[0m 
[36m(vLLMHttpServer pid=36528)[0m fe 02 00 00 00 00 00 00 01 00 00 00 fe 02 00 00 
[36m(vLLMHttpServer pid=36528)[0m a8 7b 39 56 0a 00 00 00 00 00 00 00 00 00 00 00 
[36m(vLLMHttpServer pid=36528)[0m 00 00 00 00 00 00 00 00 00 00 00 00 00 00 00 00 
[36m(vLLMHttpServer pid=36528)[0m 00 00 00 00 00 00 00 00 00 00 00 00 00 00 00 00 
[36m(vLLMHttpServer pid=36528)[0m 00 00 00 00 00 00 00 00 00 00 00 00 00 00 00 00 
[36m(vLLMHttpServer pid=36528)[0m 00 00 00 00 00 00 00 00 00 00 00 00 00 00 00 00 
[36m(vLLMHttpServer pid=36528)[0m 00 00 00 00 00 00 00 00 00 00 00 00 00 00 00 00 
[36m(vLLMHttpServer pid=36528)[0m 00 00 00 00 00 00 00 00 00 00 00 00 00 00 00 00 
[36m(vLLMHttpServer pid=36528)[0m 00 00 00 00 00 00 00 00 00 00 00 00 00 00 00 00 
[36m(vLLMHttpServer pid=36528)[0m 00 00 00 00 00 00 00 00 00 00 00 00 00 00 00 00 
[36m(vLLMHttpServer pid=36528)[0m 00 00 00 00 00 00 00 00 00 00 00 00 00 00 00 00 
[36m(vLLMHttpServer pid=36528)[0m 00 00 00 00 00 00 00 00 00 00 00 00 00 00 00 00 
[36m(vLLMHttpServer pid=36528)[0m 00 00 00 00 00 00 00 00 00 00 00 00 04 00 00 00 
[36m(vLLMHttpServer pid=36528)[0m 00 00 00 00 08 00 00 00 00 00 00 00 00 00 00 00 
[36m(vLLMHttpServer pid=36528)[0m 00 00 00 00 00 00 00 00 00 00 00 00 00 00 00 00 
[36m(vLLMHttpServer pid=36528)[0m 00 00 00 00 00 00 00 00 00 00 00 00 00 00 00 00 
[36m(vLLMHttpServer pid=36528)[0m 00 00 00 00 00 00 00 00 00 00 00 00 00 00 00 00 
[36m(vLLMHttpServer pid=36528)[0m 00 00 00 00 00 00 00 00 00 00 00 00 00 00 00 00 
[36m(vLLMHttpServer pid=36528)[0m 00 00 00 00 00 00 00 00 00 00 00 00 00 00 00 00 
[36m(vLLMHttpServer pid=36528)[0m 00 00 00 00 00 00 00 00 00 00 00 00 00 00 00 00 
[36m(vLLMHttpServer pid=36528)[0m 00 00 00 00 00 00 00 00 00 00 00 00 00 00 00 00 
[36m(vLLMHttpServer pid=36528)[0m 00 00 00 00 00 00 00 00 00 00 00 00 00 00 00 00 
[36m(vLLMHttpServer pid=36528)[0m 00 00 00 00 00 00 00 00 00 00 00 00 00 00 00 00 
[36m(vLLMHttpServer pid=36528)[0m 00 00 00 00 00 00 00 00 00 00 00 00 00 00 00 00 
[36m(vLLMHttpServer pid=36528)[0m 00 00 00 00 00 00 00 00 00 00 00 00 fe 7f 00 00 
[36m(vLLMHttpServer pid=36528)[0m 00 8a 1e 85 c0 7f 00 00 00 fc ff dc 7f 7f 00 00 
[36m(vLLMHttpServer pid=36528)[0m 01 00 00 00 00 00 00 00 00 26 1f 85 c0 7f 00 00 
[36m(vLLMHttpServer pid=36528)[0m 00 00 00 00 00 00 00 00 00 00 00 00 00 00 00 00 
[36m(vLLMHttpServer pid=36528)[0m 00 00 00 00 00 00 00 00 00 00 00 00 00 00 00 00 
[36m(vLLMHttpServer pid=36528)[0m 00 00 00 00 00 00 00 00 00 00 00 00 00 00 00 00 
[36m(vLLMHttpServer pid=36528)[0m 00 00 00 00 00 00 00 00 00 00 00 00 00 00 00 00 
[36m(vLLMHttpServer pid=36528)[0m 00 00 00 00 00 00 00 00 00 00 00 00 00 00 00 00 
[36m(vLLMHttpServer pid=36528)[0m 00 00 00 00 00 00 00 00 00 00 00 00 00 00 00 00 
[36m(vLLMHttpServer pid=36528)[0m 00 00 00 00 00 00 00 00 00 00 00 00 00 00 00 00 
[36m(vLLMHttpServer pid=36528)[0m 00 00 00 00 00 00 00 00 00 01 00 00 00 00 00 00 
[36m(vLLMHttpServer pid=36528)[0m 00 00 00 00 00 00 00 00 00 00 00 00 00 00 00 00 
[36m(vLLMHttpServer pid=36528)[0m 00 00 00 00 00 00 00 00 00 00 00 00 00 00 00 00 
[36m(vLLMHttpServer pid=36528)[0m 00 00 00 00 00 00 00 00 00 00 00 00 00 00 00 00 
[36m(vLLMHttpServer pid=36528)[0m 00 00 00 00 00 00 00 00 00 00 00 00 00 00 00 00 
[36m(vLLMHttpServer pid=36528)[0m 00 00 00 00 00 00 00 00 00 00 00 00 00 00 00 00 
[36m(vLLMHttpServer pid=36528)[0m 00 00 00 00 00 00 00 00 00 00 00 00 00 00 00 00 
[36m(vLLMHttpServer pid=36528)[0m 00 00 00 00 00 00 00 00 00 00 00 00 00 00 00 00 
[36m(vLLMHttpServer pid=36528)[0m 00 00 00 00 00 00 00 00 04 00 00 00 00 00 00 00 
[36m(vLLMHttpServer pid=36528)[0m 00 00 00 00 00 00 00 00 00 00 00 00 00 00 00 00 
[36m(vLLMHttpServer pid=36528)[0m 00 00 00 00 00 00 00 00 00 00 00 00 00 00 00 00 
[36m(vLLMHttpServer pid=36528)[0m 00 00 00 00 00 00 00 00 00 00 00 00 00 00 00 00 
[36m(vLLMHttpServer pid=36528)[0m 00 00 00 00 00 00 00 00 00 00 00 00 00 00 00 00 
[36m(vLLMHttpServer pid=36528)[0m 00 00 00 00 00 00 00 00 00 00 00 00 00 00 00 00 
[36m(vLLMHttpServer pid=36528)[0m 00 00 00 00 00 00 00 00 00 00 00 00 00 00 00 00 
[36m(vLLMHttpServer pid=36528)[0m 00 00 00 00 00 00 00 00 00 00 00 00 00 00 00 00 
[36m(vLLMHttpServer pid=36528)[0m 00 00 00 00 00 00 00 00 01 00 00 00 01 00 03 01 
[36m(vLLMHttpServer pid=36528)[0m 
[36m(vLLMHttpServer pid=36528)[0m HOSTQUEUE <0x5578b2e755b0>: >>>>>>>> DUMP KERNEL ARGS PTR INFO <<<<<<<<<
[36m(vLLMHttpServer pid=36528)[0m HOSTQUEUE <0x5578b2e755b0>: ptr arg index: 50, ptr: 0x7fc0851e8a00
[36m(vLLMHttpServer pid=36528)[0m HOSTQUEUE <0x5578b2e755b0>: origin ptr: 0x7fc085000000, size byte: 2097152
[36m(vLLMHttpServer pid=36528)[0m HOSTQUEUE <0x5578b2e755b0>: ptr arg index: 51, ptr: 0x7f7fdcfffc00
[36m(vLLMHttpServer pid=36528)[0m HOSTQUEUE <0x5578b2e755b0>: origin ptr: 0x7f7fdce00000, size byte: 2097152
[36m(vLLMHttpServer pid=36528)[0m HOSTQUEUE <0x5578b2e755b0>: ptr arg index: 53, ptr: 0x7fc0851f2600
[36m(vLLMHttpServer pid=36528)[0m HOSTQUEUE <0x5578b2e755b0>: origin ptr: 0x7fc085000000, size byte: 2097152
[36m(vLLMHttpServer pid=36528)[0m 
[36m(vLLMHttpServer pid=36528)[0m HOSTQUEUE <0x5578b2e755b0>: >>>>>>>> DUMP AQL 0x7fc1ed20f000 PACKET WITH INDEX 84008 <<<<<<<<<
[36m(vLLMHttpServer pid=36528)[0m HOSTQUEUE <0x5578b2e755b0>: >>>>>>>> MATCH KERNEL COMMAND <<<<<<<<<
[36m(vLLMHttpServer pid=36528)[0m HOSTQUEUE <0x5578b2e755b0>: header: 0xb02
[36m(vLLMHttpServer pid=36528)[0m HOSTQUEUE <0x5578b2e755b0>: setup: 3
[36m(vLLMHttpServer pid=36528)[0m HOSTQUEUE <0x5578b2e755b0>: workgroup: x:512, y:1, z:1
[36m(vLLMHttpServer pid=36528)[0m HOSTQUEUE <0x5578b2e755b0>: grid: x:3137536, y:1, z:1
[36m(vLLMHttpServer pid=36528)[0m HOSTQUEUE <0x5578b2e755b0>: group_segment_size: 32768
[36m(vLLMHttpServer pid=36528)[0m HOSTQUEUE <0x5578b2e755b0>: private_segment_size: 0
[36m(vLLMHttpServer pid=36528)[0m HOSTQUEUE <0x5578b2e755b0>: completion_signal: 0x0
[36m(vLLMHttpServer pid=36528)[0m HOSTQUEUE <0x5578b2e755b0>: kernel_object: 0x7fc0e9d60d40
[36m(vLLMHttpServer pid=36528)[0m HOSTQUEUE <0x5578b2e755b0>: device id: 2
[36m(vLLMHttpServer pid=36528)[0m 
[36m(vLLMHttpServer pid=36528)[0m HOSTQUEUE <0x564c79ffd640>: >>>>>>>> FIND MATCH KERNEL DETAILS <<<<<<<<<
[36m(vLLMHttpServer pid=36528)[0m HOSTQUEUE <0x564c79ffd640>: kernel name: fused_moe_kernel
[36m(vLLMHttpServer pid=36528)[0m HOSTQUEUE <0x564c79ffd640>: >>>>>>>> DUMP KERNEL ARGS: size: 136 <<<<<<<<<
[36m(vLLMHttpServer pid=36528)[0m 
[36m(vLLMHttpServer pid=36528)[0m 00 00 80 8a 89 7f 00 00 00 00 60 c7 8e 7f 00 00 
[36m(vLLMHttpServer pid=36528)[0m 00 00 80 9a 89 7f 00 00 00 fa d3 ea ce 7f 00 00 
[36m(vLLMHttpServer pid=36528)[0m 00 00 60 cf 8a 7f 00 00 00 8a de ea ce 7f 00 00 
[36m(vLLMHttpServer pid=36528)[0m 00 de df ea ce 7f 00 00 00 08 00 00 00 02 00 00 
[36m(vLLMHttpServer pid=36528)[0m 00 7f 01 00 00 00 01 00 00 02 00 00 00 00 14 00 
[36m(vLLMHttpServer pid=36528)[0m 80 02 00 00 00 08 00 00 00 00 00 00 00 00 00 00 
[36m(vLLMHttpServer pid=36528)[0m 00 00 00 00 00 00 00 00 00 00 00 00 00 00 00 00 
[36m(vLLMHttpServer pid=36528)[0m 00 00 00 00 00 00 00 00 00 00 00 00 00 00 00 00 
[36m(vLLMHttpServer pid=36528)[0m 00 00 00 00 00 00 00 00 
[36m(vLLMHttpServer pid=36528)[0m 
[36m(vLLMHttpServer pid=36528)[0m HOSTQUEUE <0x564c79ffd640>: >>>>>>>> DUMP KERNEL ARGS PTR INFO <<<<<<<<<
[36m(vLLMHttpServer pid=36528)[0m HOSTQUEUE <0x564c79ffd640>: ptr arg index: 0, ptr: 0x7f898a800000
[36m(vLLMHttpServer pid=36528)[0m HOSTQUEUE <0x564c79ffd640>: origin ptr: 0x7f898a800000, size byte: 536870912
[36m(vLLMHttpServer pid=36528)[0m HOSTQUEUE <0x564c79ffd640>: ptr arg index: 1, ptr: 0x7f8ec7600000
[36m(vLLMHttpServer pid=36528)[0m HOSTQUEUE <0x564c79ffd640>: origin ptr: 0x7f8ec7600000, size byte: 268435456
[36m(vLLMHttpServer pid=36528)[0m HOSTQUEUE <0x564c79ffd640>: ptr arg index: 2, ptr: 0x7f899a800000
[36m(vLLMHttpServer pid=36528)[0m HOSTQUEUE <0x564c79ffd640>: origin ptr: 0x7f898a800000, size byte: 536870912
[36m(vLLMHttpServer pid=36528)[0m HOSTQUEUE <0x564c79ffd640>: ptr arg index: 3, ptr: 0x7fceead3fa00
[36m(vLLMHttpServer pid=36528)[0m HOSTQUEUE <0x564c79ffd640>: origin ptr: 0x7fceeac00000, size byte: 2097152
[36m(vLLMHttpServer pid=36528)[0m HOSTQUEUE <0x564c79ffd640>: ptr arg index: 4, ptr: 0x7f8acf600000
[36m(vLLMHttpServer pid=36528)[0m HOSTQUEUE <0x564c79ffd640>: origin ptr: 0x7f8acf600000, size byte: 2097152
[36m(vLLMHttpServer pid=36528)[0m HOSTQUEUE <0x564c79ffd640>: ptr arg index: 5, ptr: 0x7fceeade8a00
[36m(vLLMHttpServer pid=36528)[0m HOSTQUEUE <0x564c79ffd640>: origin ptr: 0x7fceeac00000, size byte: 2097152
[36m(vLLMHttpServer pid=36528)[0m HOSTQUEUE <0x564c79ffd640>: ptr arg index: 6, ptr: 0x7fceeadfde00
[36m(vLLMHttpServer pid=36528)[0m HOSTQUEUE <0x564c79ffd640>: origin ptr: 0x7fceeac00000, size byte: 2097152
[36m(vLLMHttpServer pid=36528)[0m 
[36m(vLLMHttpServer pid=36528)[0m HOSTQUEUE <0x564c79ffd640>: >>>>>>>> DUMP AQL 0x7fd060802000 PACKET WITH INDEX 84466 <<<<<<<<<
[36m(vLLMHttpServer pid=36528)[0m HOSTQUEUE <0x564c79ffd640>: >>>>>>>> MATCH KERNEL COMMAND <<<<<<<<<
[36m(vLLMHttpServer pid=36528)[0m HOSTQUEUE <0x564c79ffd640>: header: 0xb02
[36m(vLLMHttpServer pid=36528)[0m HOSTQUEUE <0x564c79ffd640>: setup: 3
[36m(vLLMHttpServer pid=36528)[0m HOSTQUEUE <0x564c79ffd640>: workgroup: x:64, y:2, z:1
[36m(vLLMHttpServer pid=36528)[0m HOSTQUEUE <0x564c79ffd640>: grid: x:2097152, y:2, z:1
[36m(vLLMHttpServer pid=36528)[0m HOSTQUEUE <0x564c79ffd640>: group_segment_size: 16
[36m(vLLMHttpServer pid=36528)[0m HOSTQUEUE <0x564c79ffd640>: private_segment_size: 112
[36m(vLLMHttpServer pid=36528)[0m HOSTQUEUE <0x564c79ffd640>: completion_signal: 0x0
[36m(vLLMHttpServer pid=36528)[0m HOSTQUEUE <0x564c79ffd640>: kernel_object: 0x7f8ab0127f40
[36m(vLLMHttpServer pid=36528)[0m HOSTQUEUE <0x564c79ffd640>: device id: 0
[36m(vLLMHttpServer pid=36528)[0m 
[36m(vLLMHttpServer pid=36528)[0m HOSTQUEUE <0x559dacd2a9c0>: >>>>>>>> FIND MATCH KERNEL DETAILS <<<<<<<<<
[36m(vLLMHttpServer pid=36528)[0m HOSTQUEUE <0x559dacd2a9c0>: kernel name: fused_moe_kernel
[36m(vLLMHttpServer pid=36528)[0m HOSTQUEUE <0x559dacd2a9c0>: >>>>>>>> DUMP KERNEL ARGS: size: 128 <<<<<<<<<
[36m(vLLMHttpServer pid=36528)[0m 
[36m(vLLMHttpServer pid=36528)[0m 00 00 80 c8 97 7f 00 00 00 00 60 9e 9f 7f 00 00 
[36m(vLLMHttpServer pid=36528)[0m 00 00 a0 9d 96 7f 00 00 00 00 20 b0 97 7f 00 00 
[36m(vLLMHttpServer pid=36528)[0m 00 8a be e7 db 7f 00 00 00 de bf e7 db 7f 00 00 
[36m(vLLMHttpServer pid=36528)[0m 00 04 00 00 00 08 00 00 00 7f 01 00 00 00 01 00 
[36m(vLLMHttpServer pid=36528)[0m 00 08 00 00 00 00 22 00 80 08 00 00 00 04 00 00 
[36m(vLLMHttpServer pid=36528)[0m 00 00 00 00 00 00 00 00 00 00 00 00 00 00 00 00 
[36m(vLLMHttpServer pid=36528)[0m 00 00 00 00 00 00 00 00 00 00 00 00 00 00 00 00 
[36m(vLLMHttpServer pid=36528)[0m 00 00 00 00 00 00 00 00 00 00 00 00 00 00 00 00 
[36m(vLLMHttpServer pid=36528)[0m 
[36m(vLLMHttpServer pid=36528)[0m HOSTQUEUE <0x559dacd2a9c0>: >>>>>>>> DUMP KERNEL ARGS PTR INFO <<<<<<<<<
[36m(vLLMHttpServer pid=36528)[0m HOSTQUEUE <0x559dacd2a9c0>: ptr arg index: 0, ptr: 0x7f97c8800000
[36m(vLLMHttpServer pid=36528)[0m HOSTQUEUE <0x559dacd2a9c0>: origin ptr: 0x7f97c2800000, size byte: 150994944
[36m(vLLMHttpServer pid=36528)[0m HOSTQUEUE <0x559dacd2a9c0>: ptr arg index: 1, ptr: 0x7f9f9e600000
[36m(vLLMHttpServer pid=36528)[0m HOSTQUEUE <0x559dacd2a9c0>: origin ptr: 0x7f9f9e600000, size byte: 268435456
[36m(vLLMHttpServer pid=36528)[0m HOSTQUEUE <0x559dacd2a9c0>: ptr arg index: 2, ptr: 0x7f969da00000
[36m(vLLMHttpServer pid=36528)[0m HOSTQUEUE <0x559dacd2a9c0>: origin ptr: 0x7f968da00000, size byte: 536870912
[36m(vLLMHttpServer pid=36528)[0m HOSTQUEUE <0x559dacd2a9c0>: ptr arg index: 3, ptr: 0x7f97b0200000
[36m(vLLMHttpServer pid=36528)[0m HOSTQUEUE <0x559dacd2a9c0>: origin ptr: 0x7f97b0200000, size byte: 2097152
[36m(vLLMHttpServer pid=36528)[0m HOSTQUEUE <0x559dacd2a9c0>: ptr arg index: 4, ptr: 0x7fdbe7be8a00
[36m(vLLMHttpServer pid=36528)[0m HOSTQUEUE <0x559dacd2a9c0>: origin ptr: 0x7fdbe7a00000, size byte: 2097152
[36m(vLLMHttpServer pid=36528)[0m HOSTQUEUE <0x559dacd2a9c0>: ptr arg index: 5, ptr: 0x7fdbe7bfde00
[36m(vLLMHttpServer pid=36528)[0m HOSTQUEUE <0x559dacd2a9c0>: origin ptr: 0x7fdbe7a00000, size byte: 2097152
[36m(vLLMHttpServer pid=36528)[0m 
[36m(vLLMHttpServer pid=36528)[0m HOSTQUEUE <0x559dacd2a9c0>: >>>>>>>> DUMP AQL 0x7fdc94378000 PACKET WITH INDEX 84412 <<<<<<<<<
[36m(vLLMHttpServer pid=36528)[0m HOSTQUEUE <0x559dacd2a9c0>: >>>>>>>> MATCH KERNEL COMMAND <<<<<<<<<
[36m(vLLMHttpServer pid=36528)[0m HOSTQUEUE <0x559dacd2a9c0>: header: 0xb02
[36m(vLLMHttpServer pid=36528)[0m HOSTQUEUE <0x559dacd2a9c0>: setup: 3
[36m(vLLMHttpServer pid=36528)[0m HOSTQUEUE <0x559dacd2a9c0>: workgroup: x:64, y:1, z:1
[36m(vLLMHttpServer pid=36528)[0m HOSTQUEUE <0x559dacd2a9c0>: grid: x:4194304, y:1, z:1
[36m(vLLMHttpServer pid=36528)[0m HOSTQUEUE <0x559dacd2a9c0>: group_segment_size: 0
[36m(vLLMHttpServer pid=36528)[0m HOSTQUEUE <0x559dacd2a9c0>: private_segment_size: 0
[36m(vLLMHttpServer pid=36528)[0m HOSTQUEUE <0x559dacd2a9c0>: completion_signal: 0x0
[36m(vLLMHttpServer pid=36528)[0m HOSTQUEUE <0x559dacd2a9c0>: kernel_object: 0x7fdc47e5e480
[36m(vLLMHttpServer pid=36528)[0m HOSTQUEUE <0x559dacd2a9c0>: device id: 1
[36m(vLLMHttpServer pid=36528)[0m 
[36m(vLLMHttpServer pid=36528)[0m HOSTQUEUE <0x564c79ffd640>: >>>>>>>> FIND MATCH KERNEL DETAILS <<<<<<<<<
[36m(vLLMHttpServer pid=36528)[0m HOSTQUEUE <0x564c79ffd640>: kernel name: _ZN2at6native13reduce_kernelILi128ELi4ENS0_8ReduceOpIN3c108BFloat16ENS0_14func_wrapper_tIS4_ZNS0_11sum_functorIS4_fS4_EclERNS_14TensorIteratorEEUlffE_EEjS4_Li4ELi8EEEEEvT1_
[36m(vLLMHttpServer pid=36528)[0m HOSTQUEUE <0x564c79ffd640>: >>>>>>>> DUMP KERNEL ARGS: size: 976 <<<<<<<<<
[36m(vLLMHttpServer pid=36528)[0m 
[36m(vLLMHttpServer pid=36528)[0m 00 00 00 00 00 00 00 00 04 00 00 00 08 00 00 00 
[36m(vLLMHttpServer pid=36528)[0m 00 00 00 01 01 00 00 00 80 00 00 00 01 00 00 00 
[36m(vLLMHttpServer pid=36528)[0m 00 00 00 00 00 00 00 00 00 00 00 00 01 00 00 00 
[36m(vLLMHttpServer pid=36528)[0m 40 00 00 00 40 00 00 00 02 00 00 00 80 00 00 00 
[36m(vLLMHttpServer pid=36528)[0m 00 00 00 00 04 00 00 00 01 00 00 00 08 00 00 00 
[36m(vLLMHttpServer pid=36528)[0m 01 00 00 00 03 00 00 00 00 00 00 00 00 00 00 00 
[36m(vLLMHttpServer pid=36528)[0m 00 00 00 00 00 00 00 00 00 00 00 00 00 00 00 00 
[36m(vLLMHttpServer pid=36528)[0m 00 00 00 00 00 00 00 00 00 00 00 00 00 00 00 00 
[36m(vLLMHttpServer pid=36528)[0m 00 00 00 00 00 00 00 00 00 00 00 00 00 00 00 00 
[36m(vLLMHttpServer pid=36528)[0m 00 00 00 00 00 00 00 00 00 00 00 00 00 00 00 00 
[36m(vLLMHttpServer pid=36528)[0m 00 00 00 00 00 00 00 00 00 00 00 00 00 00 00 00 
[36m(vLLMHttpServer pid=36528)[0m 00 00 00 00 00 00 00 00 00 00 00 00 00 00 00 00 
[36m(vLLMHttpServer pid=36528)[0m 00 00 00 00 00 00 00 00 00 00 00 00 00 00 00 00 
[36m(vLLMHttpServer pid=36528)[0m 00 00 00 00 00 00 00 00 00 00 00 00 00 00 00 00 
[36m(vLLMHttpServer pid=36528)[0m 00 00 00 00 00 00 00 00 00 00 00 00 00 00 00 00 
[36m(vLLMHttpServer pid=36528)[0m 00 00 00 00 00 00 00 00 00 00 00 00 00 00 00 00 
[36m(vLLMHttpServer pid=36528)[0m 00 00 00 00 00 00 00 00 00 00 00 00 00 10 00 00 
[36m(vLLMHttpServer pid=36528)[0m 00 00 00 00 00 
[36m(vLLMHttpServer pid=36528)[0m HOSTQUEUE <0x559dacd2a9c0>: >>>>>>>> FIND MATCH KERNEL DETAILS <<<<<<<<<
[36m(vLLMHttpServer pid=36528)[0m 00 HOSTQUEUE <0x559dacd2a9c0>: kernel name: _ZN4vllm18act_and_mul_kernelIN3c108BFloat16E15__hip_bfloat162XadL_ZNS_11silu_kernelIS2_EET_RKS5_EEXadL_ZNS_18packed_silu_kernelIS3_EES5_S7_EELb1ELb1ELb0EEEvPS5_PS6_i
[36m(vLLMHttpServer pid=36528)[0m 00 HOSTQUEUE <0x559dacd2a9c0>: >>>>>>>> DUMP KERNEL ARGS: size: 280 <<<<<<<<<
[36m(vLLMHttpServer pid=36528)[0m 00 
[36m(vLLMHttpServer pid=36528)[0m 00 00 00 00 00 a0 00 8d 00 96 00 7f 00 00 00 00 
[36m(vLLMHttpServer pid=36528)[0m 00 00 00 00 a0 00 9d 00 96 00 7f 00 00 00 00 00 
[36m(vLLMHttpServer pid=36528)[0m 00 00 00 02 00 00 00 00 00 00 00 00 00 00 00 00 
[36m(vLLMHttpServer pid=36528)[0m 00 00 00 00 01 00 00 00 01 00 00 00 00 00 00 00 
[36m(vLLMHttpServer pid=36528)[0m 00 01 00 00 00 00 00 00 00 40 00 00 00 01 00 00 
[36m(vLLMHttpServer pid=36528)[0m 01 00 00 00 00 00 00 00 00 00 00 00 00 00 00 00 
[36m(vLLMHttpServer pid=36528)[0m 00 00 00 00 00 00 00 00 02 00 00 00 00 00 00 00 
[36m(vLLMHttpServer pid=36528)[0m 00 00 00 08 00 00 00 00 00 01 00 00 00 00 00 00 
[36m(vLLMHttpServer pid=36528)[0m 0b 00 00 00 00 00 00 00 00 00 20 00 00 00 00 00 
[36m(vLLMHttpServer pid=36528)[0m 00 01 00 00 00 00 00 00 00 0d 00 00 00 00 00 00 
[36m(vLLMHttpServer pid=36528)[0m 00 00 00 00 00 00 00 00 00 00 00 00 00 00 00 00 
[36m(vLLMHttpServer pid=36528)[0m 03 00 00 00 00 00 00 00 00 00 00 00 00 00 00 00 
[36m(vLLMHttpServer pid=36528)[0m 00 00 00 00 00 00 00 00 00 00 00 00 00 00 00 00 
[36m(vLLMHttpServer pid=36528)[0m 03 00 00 00 00 00 00 00 00 00 00 00 00 00 00 00 
[36m(vLLMHttpServer pid=36528)[0m 00 00 00 00 00 00 00 00 00 00 00 00 00 00 00 00 
[36m(vLLMHttpServer pid=36528)[0m 00 00 00 00 00 00 00 00 00 00 00 00 00 00 00 00 
[36m(vLLMHttpServer pid=36528)[0m 00 00 00 40 00 bd 00 e7 00 db 00 7f 00 00 00 00 
[36m(vLLMHttpServer pid=36528)[0m 00 00 7a 00 bc 00 e7 00 db 00 7f 00 00 00 00 00 
[36m(vLLMHttpServer pid=36528)[0m 00 00 00 fc 00 bc 00 e7 00 db 00 7f 00 00 00 00 
[36m(vLLMHttpServer pid=36528)[0m 00 00 46 00 be 00 e7 00 db 00 7f 00 00 00 00 00 
[36m(vLLMHttpServer pid=36528)[0m 00 00 00 86 00 bd 00 e7 00 db 00 7f 00 00 00 00 
[36m(vLLMHttpServer pid=36528)[0m 00 00 06 00 be 00 e7 00 db 00 7f 00 00 00 00 00 
[36m(vLLMHttpServer pid=36528)[0m 00 00 00 84 00 bd 00 e7 00 db 00 7f 00 00 00 00 
[36m(vLLMHttpServer pid=36528)[0m 00 00 fe 00 bc 00 e7 00 db 00 7f 00 00 00 00 00 
[36m(vLLMHttpServer pid=36528)[0m 00 00 00 82 00 bd 00 e7 00 db 00 7f 00 00 00 00 
[36m(vLLMHttpServer pid=36528)[0m 10 00 00 00 00 00 00 00 00 00 00 00 00 00 00 00 
[36m(vLLMHttpServer pid=36528)[0m 00 00 00 00 00 00 00 00 00 00 00 00 00 00 00 00 
[36m(vLLMHttpServer pid=36528)[0m 00 00 00 00 00 00 00 00 00 00 00 00 00 00 00 00 
[36m(vLLMHttpServer pid=36528)[0m 00 00 00 00 00 00 00 00 00 00 00 00 00 00 00 00 
[36m(vLLMHttpServer pid=36528)[0m 00 00 00 00 00 00 00 00 00 00 00 00 00 00 00 00 
[36m(vLLMHttpServer pid=36528)[0m 00 00 00 00 00 00 00 00 00 00 00 00 00 00 00 00 
[36m(vLLMHttpServer pid=36528)[0m 00 02 00 00 00 00 00 00 00 02 00 00 00 00 00 00 
[36m(vLLMHttpServer pid=36528)[0m 00 00 10 40 00 bd 00 e7 00 db 80 7f 00 00 00 00 
[36m(vLLMHttpServer pid=36528)[0m 00 00 7a 00 bc 00 e7 00 db 00 7f 00 00 00 00 00 
[36m(vLLMHttpServer pid=36528)[0m 00 00 00 fc 00 bc 00 e7 00 db 00 7f 00 00 00 00 
[36m(vLLMHttpServer pid=36528)[0m 
[36m(vLLMHttpServer pid=36528)[0m 
[36m(vLLMHttpServer pid=36528)[0m 00 HOSTQUEUE <0x559dacd2a9c0>: >>>>>>>> DUMP KERNEL ARGS PTR INFO <<<<<<<<<
[36m(vLLMHttpServer pid=36528)[0m 00 00 00 HOSTQUEUE <0x559dacd2a9c0>: ptr arg index: 0, ptr: 0x7f968da00000
[36m(vLLMHttpServer pid=36528)[0m 00 HOSTQUEUE <0x559dacd2a9c0>: origin ptr: 0x7f968da00000, size byte: 536870912
[36m(vLLMHttpServer pid=36528)[0m 00 HOSTQUEUE <0x559dacd2a9c0>: ptr arg index: 1, ptr: 0x7f969da00000
[36m(vLLMHttpServer pid=36528)[0m 00 HOSTQUEUE <0x559dacd2a9c0>: origin ptr: 0x7f968da00000, size byte: 536870912
[36m(vLLMHttpServer pid=36528)[0m 00 00 00 00 HOSTQUEUE <0x559dacd2a9c0>: ptr arg index: 16, ptr: 0x7fdbe7bd4000
[36m(vLLMHttpServer pid=36528)[0m 00 HOSTQUEUE <0x559dacd2a9c0>: origin ptr: 0x7fdbe7a00000, size byte: 2097152
[36m(vLLMHttpServer pid=36528)[0m 00 HOSTQUEUE <0x559dacd2a9c0>: ptr arg index: 17, ptr: 0x7fdbe7bc7a00
[36m(vLLMHttpServer pid=36528)[0m 00 HOSTQUEUE <0x559dacd2a9c0>: origin ptr: 0x7fdbe7a00000, size byte: 2097152
[36m(vLLMHttpServer pid=36528)[0m 00 HOSTQUEUE <0x559dacd2a9c0>: ptr arg index: 18, ptr: 0x7fdbe7bcfc00
[36m(vLLMHttpServer pid=36528)[0m 00 HOSTQUEUE <0x559dacd2a9c0>: origin ptr: 0x7fdbe7a00000, size byte: 2097152
[36m(vLLMHttpServer pid=36528)[0m 
[36m(vLLMHttpServer pid=36528)[0m HOSTQUEUE <0x559dacd2a9c0>: ptr arg index: 19, ptr: 0x7fdbe7be4600
[36m(vLLMHttpServer pid=36528)[0m 00 HOSTQUEUE <0x559dacd2a9c0>: origin ptr: 0x7fdbe7a00000, size byte: 2097152
[36m(vLLMHttpServer pid=36528)[0m 00 HOSTQUEUE <0x559dacd2a9c0>: ptr arg index: 20, ptr: 0x7fdbe7bd8600
[36m(vLLMHttpServer pid=36528)[0m 00 HOSTQUEUE <0x559dacd2a9c0>: origin ptr: 0x7fdbe7a00000, size byte: 2097152
[36m(vLLMHttpServer pid=36528)[0m 00 HOSTQUEUE <0x559dacd2a9c0>: ptr arg index: 21, ptr: 0x7fdbe7be0600
[36m(vLLMHttpServer pid=36528)[0m 00 HOSTQUEUE <0x559dacd2a9c0>: origin ptr: 0x7fdbe7a00000, size byte: 2097152
[36m(vLLMHttpServer pid=36528)[0m 00 HOSTQUEUE <0x559dacd2a9c0>: ptr arg index: 22, ptr: 0x7fdbe7bd8400
[36m(vLLMHttpServer pid=36528)[0m 00 HOSTQUEUE <0x559dacd2a9c0>: origin ptr: 0x7fdbe7a00000, size byte: 2097152
[36m(vLLMHttpServer pid=36528)[0m 00 HOSTQUEUE <0x559dacd2a9c0>: ptr arg index: 23, ptr: 0x7fdbe7bcfe00
[36m(vLLMHttpServer pid=36528)[0m 00 HOSTQUEUE <0x559dacd2a9c0>: origin ptr: 0x7fdbe7a00000, size byte: 2097152
[36m(vLLMHttpServer pid=36528)[0m 00 HOSTQUEUE <0x559dacd2a9c0>: ptr arg index: 24, ptr: 0x7fdbe7bd8200
[36m(vLLMHttpServer pid=36528)[0m 00 HOSTQUEUE <0x559dacd2a9c0>: origin ptr: 0x7fdbe7a00000, size byte: 2097152
[36m(vLLMHttpServer pid=36528)[0m 00 HOSTQUEUE <0x559dacd2a9c0>: ptr arg index: 32, ptr: 0x7fdbe7bd4000
[36m(vLLMHttpServer pid=36528)[0m 00 HOSTQUEUE <0x559dacd2a9c0>: origin ptr: 0x7fdbe7a00000, size byte: 2097152
[36m(vLLMHttpServer pid=36528)[0m 00 HOSTQUEUE <0x559dacd2a9c0>: ptr arg index: 33, ptr: 0x7fdbe7bc7a00
[36m(vLLMHttpServer pid=36528)[0m 00 HOSTQUEUE <0x559dacd2a9c0>: origin ptr: 0x7fdbe7a00000, size byte: 2097152
[36m(vLLMHttpServer pid=36528)[0m 00 HOSTQUEUE <0x559dacd2a9c0>: ptr arg index: 34, ptr: 0x7fdbe7bcfc00
[36m(vLLMHttpServer pid=36528)[0m 
[36m(vLLMHttpServer pid=36528)[0m HOSTQUEUE <0x559dacd2a9c0>: origin ptr: 0x7fdbe7a00000, size byte: 2097152
[36m(vLLMHttpServer pid=36528)[0m 00 
[36m(vLLMHttpServer pid=36528)[0m HOSTQUEUE <0x559dacd2a9c0>: >>>>>>>> DUMP AQL 0x7fdc94378000 PACKET WITH INDEX 84413 <<<<<<<<<
[36m(vLLMHttpServer pid=36528)[0m 00 HOSTQUEUE <0x559dacd2a9c0>: >>>>>>>> MATCH KERNEL COMMAND <<<<<<<<<
[36m(vLLMHttpServer pid=36528)[0m 00 HOSTQUEUE <0x559dacd2a9c0>: header: 0xb02
[36m(vLLMHttpServer pid=36528)[0m 00 HOSTQUEUE <0x559dacd2a9c0>: setup: 3
[36m(vLLMHttpServer pid=36528)[0m 00 HOSTQUEUE <0x559dacd2a9c0>: workgroup: x:512, y:1, z:1
[36m(vLLMHttpServer pid=36528)[0m 00 HOSTQUEUE <0x559dacd2a9c0>: grid: x:6275072, y:1, z:1
[36m(vLLMHttpServer pid=36528)[0m 00 HOSTQUEUE <0x559dacd2a9c0>: group_segment_size: 32768
[36m(vLLMHttpServer pid=36528)[0m 00 HOSTQUEUE <0x559dacd2a9c0>: private_segment_size: 0
[36m(vLLMHttpServer pid=36528)[0m 00 HOSTQUEUE <0x559dacd2a9c0>: completion_signal: 0x0
[36m(vLLMHttpServer pid=36528)[0m 00 HOSTQUEUE <0x559dacd2a9c0>: kernel_object: 0x7fdc4c714dc0
[36m(vLLMHttpServer pid=36528)[0m 00 HOSTQUEUE <0x559dacd2a9c0>: device id: 1
[36m(vLLMHttpServer pid=36528)[0m 00 00 00 00 00 
[36m(vLLMHttpServer pid=36528)[0m 00 00 00 00 00 00 00 00 00 00 00 00 00 00 00 00 
[36m(vLLMHttpServer pid=36528)[0m 00 00 00 00 00 00 00 00 00 00 00 00 00 00 00 00 
[36m(vLLMHttpServer pid=36528)[0m 00 00 00 00 00 00 00 00 00 00 00 00 00 00 00 00 
[36m(vLLMHttpServer pid=36528)[0m 00 00 80 9a 89 7f 00 00 00 00 80 8a 89 7f 00 00 
[36m(vLLMHttpServer pid=36528)[0m 00 00 00 00 00 00 00 00 00 00 00 00 00 00 00 00 
[36m(vLLMHttpServer pid=36528)[0m 00 00 00 00 00 00 00 00 00 00 00 00 00 00 00 00 
[36m(vLLMHttpServer pid=36528)[0m 00 00 00 00 00 00 00 00 00 01 00 00 01 00 00 00 
[36m(vLLMHttpServer pid=36528)[0m 00 80 00 00 01 00 00 00 01 00 00 00 40 00 02 00 
[36m(vLLMHttpServer pid=36528)[0m 01 00 00 00 00 00 00 00 00 00 00 00 00 00 00 00 
[36m(vLLMHttpServer pid=36528)[0m 00 00 00 00 00 00 00 00 00 00 00 00 00 00 00 00 
[36m(vLLMHttpServer pid=36528)[0m 00 00 00 00 00 00 00 00 00 00 00 00 00 00 00 00 
[36m(vLLMHttpServer pid=36528)[0m 03 00 00 00 00 00 00 00 00 00 00 00 00 00 00 00 
[36m(vLLMHttpServer pid=36528)[0m 00 00 00 00 00 00 00 00 00 00 00 00 00 00 00 00 
[36m(vLLMHttpServer pid=36528)[0m 00 00 00 00 00 00 00 00 00 00 00 00 00 00 00 00 
[36m(vLLMHttpServer pid=36528)[0m 00 00 00 00 00 00 00 00 00 00 00 00 02 00 00 00 
[36m(vLLMHttpServer pid=36528)[0m 02 00 00 00 10 00 00 00 20 00 00 00 00 00 00 00 
[36m(vLLMHttpServer pid=36528)[0m 00 00 00 00 00 00 00 00 00 00 00 00 00 00 00 00 
[36m(vLLMHttpServer pid=36528)[0m 00 00 00 00 00 00 00 00 00 00 00 00 00 00 00 00 
[36m(vLLMHttpServer pid=36528)[0m 00 00 00 00 00 00 00 00 00 00 00 00 00 00 00 00 
[36m(vLLMHttpServer pid=36528)[0m 00 00 00 00 00 00 00 00 00 00 00 00 00 00 00 00 
[36m(vLLMHttpServer pid=36528)[0m 00 00 00 00 00 00 00 00 00 00 00 00 00 00 00 00 
[36m(vLLMHttpServer pid=36528)[0m 00 00 00 00 00 00 00 00 00 00 00 00 00 00 00 00 
[36m(vLLMHttpServer pid=36528)[0m 00 00 00 00 00 00 00 00 00 00 00 00 00 00 00 00 
[36m(vLLMHttpServer pid=36528)[0m 
[36m(vLLMHttpServer pid=36528)[0m HOSTQUEUE <0x564c79ffd640>: >>>>>>>> DUMP KERNEL ARGS PTR INFO <<<<<<<<<
[36m(vLLMHttpServer pid=36528)[0m HOSTQUEUE <0x564c79ffd640>: ptr arg index: 82, ptr: 0x7f899a800000
[36m(vLLMHttpServer pid=36528)[0m HOSTQUEUE <0x564c79ffd640>: origin ptr: 0x7f898a800000, size byte: 536870912
[36m(vLLMHttpServer pid=36528)[0m HOSTQUEUE <0x564c79ffd640>: ptr arg index: 83, ptr: 0x7f898a800000
[36m(vLLMHttpServer pid=36528)[0m HOSTQUEUE <0x564c79ffd640>: origin ptr: 0x7f898a800000, size byte: 536870912
[36m(vLLMHttpServer pid=36528)[0m 
[36m(vLLMHttpServer pid=36528)[0m HOSTQUEUE <0x564c79ffd640>: >>>>>>>> DUMP AQL 0x7fd060802000 PACKET WITH INDEX 84467 <<<<<<<<<
[36m(vLLMHttpServer pid=36528)[0m HOSTQUEUE <0x564c79ffd640>: >>>>>>>> MATCH KERNEL COMMAND <<<<<<<<<
[36m(vLLMHttpServer pid=36528)[0m HOSTQUEUE <0x564c79ffd640>: header: 0xb02
[36m(vLLMHttpServer pid=36528)[0m HOSTQUEUE <0x564c79ffd640>: setup: 1
[36m(vLLMHttpServer pid=36528)[0m HOSTQUEUE <0x564c79ffd640>: workgroup: x:1024, y:1, z:1
[36m(vLLMHttpServer pid=36528)[0m HOSTQUEUE <0x564c79ffd640>: grid: x:4195328, y:1, z:1
[36m(vLLMHttpServer pid=36528)[0m HOSTQUEUE <0x564c79ffd640>: group_segment_size: 0
[36m(vLLMHttpServer pid=36528)[0m HOSTQUEUE <0x564c79ffd640>: private_segment_size: 0
[36m(vLLMHttpServer pid=36528)[0m HOSTQUEUE <0x564c79ffd640>: completion_signal: 0x0
[36m(vLLMHttpServer pid=36528)[0m HOSTQUEUE <0x564c79ffd640>: kernel_object: 0x7fcf9c3ae800
[36m(vLLMHttpServer pid=36528)[0m HOSTQUEUE <0x564c79ffd640>: device id: 0
[36m(vLLMHttpServer pid=36528)[0m 
[36m(vLLMHttpServer pid=36528)[0m HOSTQUEUE <0x5578b2e755b0>: >>>>>>>> FIND MATCH KERNEL DETAILS <<<<<<<<<
[36m(vLLMHttpServer pid=36528)[0m HOSTQUEUE <0x5578b2e755b0>: kernel name: fused_moe_kernel
[36m(vLLMHttpServer pid=36528)[0m HOSTQUEUE <0x5578b2e755b0>: >>>>>>>> DUMP KERNEL ARGS: size: 128 <<<<<<<<<
[36m(vLLMHttpServer pid=36528)[0m 
[36m(vLLMHttpServer pid=36528)[0m 00 00 80 64 7c 7f 00 00 00 00 e0 3b 84 7f 00 00 
[36m(vLLMHttpServer pid=36528)[0m 00 00 e0 34 7b 7f 00 00 00 00 20 84 7c 7f 00 00 
[36m(vLLMHttpServer pid=36528)[0m 00 8a 1e 85 c0 7f 00 00 00 de 1f 85 c0 7f 00 00 
[36m(vLLMHttpServer pid=36528)[0m 00 04 00 00 00 08 00 00 00 7f 01 00 00 00 01 00 
[36m(vLLMHttpServer pid=36528)[0m 00 08 00 00 00 00 22 00 80 08 00 00 00 04 00 00 
[36m(vLLMHttpServer pid=36528)[0m 00 00 00 00 00 00 00 00 00 00 00 00 00 00 00 00 
[36m(vLLMHttpServer pid=36528)[0m 00 00 00 00 00 00 00 00 00 00 00 00 00 00 00 00 
[36m(vLLMHttpServer pid=36528)[0m 00 00 00 00 00 00 00 00 00 00 00 00 00 00 00 00 
[36m(vLLMHttpServer pid=36528)[0m 
[36m(vLLMHttpServer pid=36528)[0m HOSTQUEUE <0x5578b2e755b0>: >>>>>>>> DUMP KERNEL ARGS PTR INFO <<<<<<<<<
[36m(vLLMHttpServer pid=36528)[0m HOSTQUEUE <0x5578b2e755b0>: ptr arg index: 0, ptr: 0x7f7c64800000
[36m(vLLMHttpServer pid=36528)[0m HOSTQUEUE <0x5578b2e755b0>: origin ptr: 0x7f7c5e800000, size byte: 150994944
[36m(vLLMHttpServer pid=36528)[0m HOSTQUEUE <0x5578b2e755b0>: ptr arg index: 1, ptr: 0x7f843be00000
[36m(vLLMHttpServer pid=36528)[0m HOSTQUEUE <0x5578b2e755b0>: origin ptr: 0x7f843be00000, size byte: 268435456
[36m(vLLMHttpServer pid=36528)[0m HOSTQUEUE <0x5578b2e755b0>: ptr arg index: 2, ptr: 0x7f7b34e00000
[36m(vLLMHttpServer pid=36528)[0m HOSTQUEUE <0x5578b2e755b0>: origin ptr: 0x7f7b24e00000, size byte: 536870912
[36m(vLLMHttpServer pid=36528)[0m HOSTQUEUE <0x5578b2e755b0>: ptr arg index: 3, ptr: 0x7f7c84200000
[36m(vLLMHttpServer pid=36528)[0m HOSTQUEUE <0x5578b2e755b0>: origin ptr: 0x7f7c84200000, size byte: 2097152
[36m(vLLMHttpServer pid=36528)[0m HOSTQUEUE <0x5578b2e755b0>: ptr arg index: 4, ptr: 0x7fc0851e8a00
[36m(vLLMHttpServer pid=36528)[0m HOSTQUEUE <0x5578b2e755b0>: origin ptr: 0x7fc085000000, size byte: 2097152
[36m(vLLMHttpServer pid=36528)[0m HOSTQUEUE <0x5578b2e755b0>: ptr arg index: 5, ptr: 0x7fc0851fde00
[36m(vLLMHttpServer pid=36528)[0m HOSTQUEUE <0x5578b2e755b0>: origin ptr: 0x7fc085000000, size byte: 2097152
[36m(vLLMHttpServer pid=36528)[0m 
[36m(vLLMHttpServer pid=36528)[0m HOSTQUEUE <0x5578b2e755b0>: >>>>>>>> DUMP AQL 0x7fc1ed20f000 PACKET WITH INDEX 84009 <<<<<<<<<
[36m(vLLMHttpServer pid=36528)[0m HOSTQUEUE <0x5578b2e755b0>: >>>>>>>> MATCH KERNEL COMMAND <<<<<<<<<
[36m(vLLMHttpServer pid=36528)[0m HOSTQUEUE <0x5578b2e755b0>: header: 0xb02
[36m(vLLMHttpServer pid=36528)[0m HOSTQUEUE <0x5578b2e755b0>: setup: 3
[36m(vLLMHttpServer pid=36528)[0m HOSTQUEUE <0x5578b2e755b0>: workgroup: x:64, y:1, z:1
[36m(vLLMHttpServer pid=36528)[0m HOSTQUEUE <0x5578b2e755b0>: grid: x:4194304, y:1, z:1
[36m(vLLMHttpServer pid=36528)[0m HOSTQUEUE <0x5578b2e755b0>: group_segment_size: 0
[36m(vLLMHttpServer pid=36528)[0m HOSTQUEUE <0x5578b2e755b0>: private_segment_size: 0
[36m(vLLMHttpServer pid=36528)[0m HOSTQUEUE <0x5578b2e755b0>: completion_signal: 0x0
[36m(vLLMHttpServer pid=36528)[0m HOSTQUEUE <0x5578b2e755b0>: kernel_object: 0x7fc0dbede480
[36m(vLLMHttpServer pid=36528)[0m HOSTQUEUE <0x5578b2e755b0>: device id: 2
[36m(vLLMHttpServer pid=36528)[0m 
[36m(vLLMHttpServer pid=36528)[0m HOSTQUEUE <0x5567c798de30>: >>>>>>>> FIND MATCH KERNEL DETAILS <<<<<<<<<
[36m(vLLMHttpServer pid=36528)[0m HOSTQUEUE <0x5567c798de30>: kernel name: fused_moe_kernel
[36m(vLLMHttpServer pid=36528)[0m HOSTQUEUE <0x5567c798de30>: >>>>>>>> DUMP KERNEL ARGS: size: 128 <<<<<<<<<
[36m(vLLMHttpServer pid=36528)[0m 
[36m(vLLMHttpServer pid=36528)[0m 00 00 80 c8 cf 7e 00 00 00 00 80 9b d7 7e 00 00 
[36m(vLLMHttpServer pid=36528)[0m 00 00 e0 8c ce 7e 00 00 00 00 a0 93 cf 7e 00 00 
[36m(vLLMHttpServer pid=36528)[0m 00 8a be e4 13 7f 00 00 00 de bf e4 13 7f 00 00 
[36m(vLLMHttpServer pid=36528)[0m 00 04 00 00 00 08 00 00 00 7f 01 00 00 00 01 00 
[36m(vLLMHttpServer pid=36528)[0m 00 08 00 00 00 00 22 00 80 08 00 00 00 04 00 00 
[36m(vLLMHttpServer pid=36528)[0m 00 00 00 00 00 00 00 00 00 00 00 00 00 00 00 00 
[36m(vLLMHttpServer pid=36528)[0m 00 00 00 00 00 00 00 00 00 00 00 00 00 00 00 00 
[36m(vLLMHttpServer pid=36528)[0m 00 00 00 00 00 00 00 00 00 00 00 00 00 00 00 00 
[36m(vLLMHttpServer pid=36528)[0m 
[36m(vLLMHttpServer pid=36528)[0m HOSTQUEUE <0x5567c798de30>: >>>>>>>> DUMP KERNEL ARGS PTR INFO <<<<<<<<<
[36m(vLLMHttpServer pid=36528)[0m HOSTQUEUE <0x5567c798de30>: ptr arg index: 0, ptr: 0x7ecfc8800000
[36m(vLLMHttpServer pid=36528)[0m HOSTQUEUE <0x5567c798de30>: origin ptr: 0x7ecfc2800000, size byte: 150994944
[36m(vLLMHttpServer pid=36528)[0m HOSTQUEUE <0x5567c798de30>: ptr arg index: 1, ptr: 0x7ed79b800000
[36m(vLLMHttpServer pid=36528)[0m HOSTQUEUE <0x5567c798de30>: origin ptr: 0x7ed79b800000, size byte: 268435456
[36m(vLLMHttpServer pid=36528)[0m HOSTQUEUE <0x5567c798de30>: ptr arg index: 2, ptr: 0x7ece8ce00000
[36m(vLLMHttpServer pid=36528)[0m HOSTQUEUE <0x5567c798de30>: origin ptr: 0x7ece7ce00000, size byte: 536870912
[36m(vLLMHttpServer pid=36528)[0m HOSTQUEUE <0x5567c798de30>: ptr arg index: 3, ptr: 0x7ecf93a00000
[36m(vLLMHttpServer pid=36528)[0m HOSTQUEUE <0x5567c798de30>: origin ptr: 0x7ecf93a00000, size byte: 2097152
[36m(vLLMHttpServer pid=36528)[0m HOSTQUEUE <0x5567c798de30>: ptr arg index: 4, ptr: 0x7f13e4be8a00
[36m(vLLMHttpServer pid=36528)[0m HOSTQUEUE <0x5567c798de30>: origin ptr: 0x7f13e4a00000, size byte: 2097152
[36m(vLLMHttpServer pid=36528)[0m HOSTQUEUE <0x5567c798de30>: ptr arg index: 5, ptr: 0x7f13e4bfde00
[36m(vLLMHttpServer pid=36528)[0m HOSTQUEUE <0x5567c798de30>: origin ptr: 0x7f13e4a00000, size byte: 2097152
[36m(vLLMHttpServer pid=36528)[0m 
[36m(vLLMHttpServer pid=36528)[0m HOSTQUEUE <0x5567c798de30>: >>>>>>>> DUMP AQL 0x7f149015e000 PACKET WITH INDEX 84244 <<<<<<<<<
[36m(vLLMHttpServer pid=36528)[0m HOSTQUEUE <0x5567c798de30>: >>>>>>>> MATCH KERNEL COMMAND <<<<<<<<<
[36m(vLLMHttpServer pid=36528)[0m HOSTQUEUE <0x5567c798de30>: header: 0xb02
[36m(vLLMHttpServer pid=36528)[0m HOSTQUEUE <0x5567c798de30>: setup: 3
[36m(vLLMHttpServer pid=36528)[0m HOSTQUEUE <0x5567c798de30>: workgroup: x:64, y:1, z:1
[36m(vLLMHttpServer pid=36528)[0m HOSTQUEUE <0x5567c798de30>: grid: x:4194304, y:1, z:1
[36m(vLLMHttpServer pid=36528)[0m HOSTQUEUE <0x5567c798de30>: group_segment_size: 0
[36m(vLLMHttpServer pid=36528)[0m HOSTQUEUE <0x5567c798de30>: private_segment_size: 0
[36m(vLLMHttpServer pid=36528)[0m HOSTQUEUE <0x5567c798de30>: completion_signal: 0x0
[36m(vLLMHttpServer pid=36528)[0m HOSTQUEUE <0x5567c798de30>: kernel_object: 0x7f1443ede480
[36m(vLLMHttpServer pid=36528)[0m HOSTQUEUE <0x5567c798de30>: device id: 3
[36m(vLLMHttpServer pid=36528)[0m 
[36m(vLLMHttpServer pid=36528)[0m HOSTQUEUE <0x5578b2e755b0>: >>>>>>>> FIND MATCH KERNEL DETAILS <<<<<<<<<
[36m(vLLMHttpServer pid=36528)[0m HOSTQUEUE <0x5578b2e755b0>: kernel name: _ZN4vllm18act_and_mul_kernelIN3c108BFloat16E15__hip_bfloat162XadL_ZNS_11silu_kernelIS2_EET_RKS5_EEXadL_ZNS_18packed_silu_kernelIS3_EES5_S7_EELb1ELb1ELb0EEEvPS5_PS6_i
[36m(vLLMHttpServer pid=36528)[0m HOSTQUEUE <0x5578b2e755b0>: >>>>>>>> DUMP KERNEL ARGS: size: 280 <<<<<<<<<
[36m(vLLMHttpServer pid=36528)[0m 
[36m(vLLMHttpServer pid=36528)[0m 00 00 e0 24 7b 7f 00 00 00 00 e0 34 7b 7f 00 00 
[36m(vLLMHttpServer pid=36528)[0m 00 02 00 00 00 00 00 00 00 00 01 00 01 00 00 00 
[36m(vLLMHttpServer pid=36528)[0m 01 00 00 00 40 00 01 00 01 00 00 00 00 00 00 00 
[36m(vLLMHttpServer pid=36528)[0m 00 00 00 00 00 00 00 00 00 00 00 00 00 00 00 00 
[36m(vLLMHttpServer pid=36528)[0m 00 00 00 00 00 00 00 00 00 00 00 00 00 00 00 00 
[36m(vLLMHttpServer pid=36528)[0m 00 00 00 00 00 00 00 00 03 00 00 00 00 00 00 00 
[36m(vLLMHttpServer pid=36528)[0m 00 00 00 00 00 00 00 00 03 00 00 00 00 00 00 00 
[36m(vLLMHttpServer pid=36528)[0m 00 00 00 00 00 00 00 00 00 00 00 00 00 00 00 00 
[36m(vLLMHttpServer pid=36528)[0m 00 40 1d 85 c0 7f 00 00 00 7a 1c 85 c0 7f 00 00 
[36m(vLLMHttpServer pid=36528)[0m 00 fc 1c 85 c0 7f 00 00 00 46 1e 85 c0 7f 00 00 
[36m(vLLMHttpServer pid=36528)[0m 00 86 1d 85 c0 7f 00 00 00 06 1e 85 c0 7f 00 00 
[36m(vLLMHttpServer pid=36528)[0m 00 84 1d 85 c0 7f 00 00 00 fe 1c 85 c0 7f 00 00 
[36m(vLLMHttpServer pid=36528)[0m 00 82 1d 85 c0 7f 00 00 10 00 00 00 00 00 00 00 
[36m(vLLMHttpServer pid=36528)[0m 00 00 00 00 00 00 00 00 00 00 00 00 00 00 00 00 
[36m(vLLMHttpServer pid=36528)[0m 00 00 00 00 00 00 00 00 00 00 00 00 00 00 00 00 
[36m(vLLMHttpServer pid=36528)[0m 00 00 00 00 00 00 00 00 00 00 00 00 00 00 00 00 
[36m(vLLMHttpServer pid=36528)[0m 00 40 1d 85 c0 7f 00 00 00 7a 1c 85 c0 7f 00 00 
[36m(vLLMHttpServer pid=36528)[0m 00 fc 1c 85 c0 7f 00 00 
[36m(vLLMHttpServer pid=36528)[0m 
[36m(vLLMHttpServer pid=36528)[0m HOSTQUEUE <0x5578b2e755b0>: >>>>>>>> DUMP KERNEL ARGS PTR INFO <<<<<<<<<
[36m(vLLMHttpServer pid=36528)[0m HOSTQUEUE <0x5578b2e755b0>: ptr arg index: 0, ptr: 0x7f7b24e00000
[36m(vLLMHttpServer pid=36528)[0m HOSTQUEUE <0x5578b2e755b0>: origin ptr: 0x7f7b24e00000, size byte: 536870912
[36m(vLLMHttpServer pid=36528)[0m HOSTQUEUE <0x5578b2e755b0>: ptr arg index: 1, ptr: 0x7f7b34e00000
[36m(vLLMHttpServer pid=36528)[0m HOSTQUEUE <0x5578b2e755b0>: origin ptr: 0x7f7b24e00000, size byte: 536870912
[36m(vLLMHttpServer pid=36528)[0m HOSTQUEUE <0x5578b2e755b0>: ptr arg index: 16, ptr: 0x7fc0851d4000
[36m(vLLMHttpServer pid=36528)[0m HOSTQUEUE <0x5578b2e755b0>: origin ptr: 0x7fc085000000, size byte: 2097152
[36m(vLLMHttpServer pid=36528)[0m HOSTQUEUE <0x5578b2e755b0>: ptr arg index: 17, ptr: 0x7fc0851c7a00
[36m(vLLMHttpServer pid=36528)[0m HOSTQUEUE <0x5578b2e755b0>: origin ptr: 0x7fc085000000, size byte: 2097152
[36m(vLLMHttpServer pid=36528)[0m HOSTQUEUE <0x5578b2e755b0>: ptr arg index: 18, ptr: 0x7fc0851cfc00
[36m(vLLMHttpServer pid=36528)[0m HOSTQUEUE <0x5578b2e755b0>: origin ptr: 0x7fc085000000, size byte: 2097152
[36m(vLLMHttpServer pid=36528)[0m HOSTQUEUE <0x5578b2e755b0>: ptr arg index: 19, ptr: 0x7fc0851e4600
[36m(vLLMHttpServer pid=36528)[0m HOSTQUEUE <0x5578b2e755b0>: origin ptr: 0x7fc085000000, size byte: 2097152
[36m(vLLMHttpServer pid=36528)[0m HOSTQUEUE <0x5578b2e755b0>: ptr arg index: 20, ptr: 0x7fc0851d8600
[36m(vLLMHttpServer pid=36528)[0m HOSTQUEUE <0x5578b2e755b0>: origin ptr: 0x7fc085000000, size byte: 2097152
[36m(vLLMHttpServer pid=36528)[0m HOSTQUEUE <0x5578b2e755b0>: ptr arg index: 21, ptr: 0x7fc0851e0600
[36m(vLLMHttpServer pid=36528)[0m HOSTQUEUE <0x5578b2e755b0>: origin ptr: 0x7fc085000000, size byte: 2097152
[36m(vLLMHttpServer pid=36528)[0m HOSTQUEUE <0x5578b2e755b0>: ptr arg index: 22, ptr: 0x7fc0851d8400
[36m(vLLMHttpServer pid=36528)[0m HOSTQUEUE <0x5578b2e755b0>: origin ptr: 0x7fc085000000, size byte: 2097152
[36m(vLLMHttpServer pid=36528)[0m HOSTQUEUE <0x5578b2e755b0>: ptr arg index: 23, ptr: 0x7fc0851cfe00
[36m(vLLMHttpServer pid=36528)[0m HOSTQUEUE <0x5578b2e755b0>: origin ptr: 0x7fc085000000, size byte: 2097152
[36m(vLLMHttpServer pid=36528)[0m HOSTQUEUE <0x5578b2e755b0>: ptr arg index: 24, ptr: 0x7fc0851d8200
[36m(vLLMHttpServer pid=36528)[0m HOSTQUEUE <0x5578b2e755b0>: origin ptr: 0x7fc085000000, size byte: 2097152
[36m(vLLMHttpServer pid=36528)[0m HOSTQUEUE <0x5578b2e755b0>: ptr arg index: 32, ptr: 0x7fc0851d4000
[36m(vLLMHttpServer pid=36528)[0m HOSTQUEUE <0x5578b2e755b0>: origin ptr: 0x7fc085000000, size byte: 2097152
[36m(vLLMHttpServer pid=36528)[0m HOSTQUEUE <0x5578b2e755b0>: ptr arg index: 33, ptr: 0x7fc0851c7a00
[36m(vLLMHttpServer pid=36528)[0m HOSTQUEUE <0x5578b2e755b0>: origin ptr: 0x7fc085000000, size byte: 2097152
[36m(vLLMHttpServer pid=36528)[0m HOSTQUEUE <0x5578b2e755b0>: ptr arg index: 34, ptr: 0x7fc0851cfc00
[36m(vLLMHttpServer pid=36528)[0m HOSTQUEUE <0x5578b2e755b0>: origin ptr: 0x7fc085000000, size byte: 2097152
[36m(vLLMHttpServer pid=36528)[0m 
[36m(vLLMHttpServer pid=36528)[0m HOSTQUEUE <0x5578b2e755b0>: >>>>>>>> DUMP AQL 0x7fc1ed20f000 PACKET WITH INDEX 84010 <<<<<<<<<
[36m(vLLMHttpServer pid=36528)[0m HOSTQUEUE <0x5578b2e755b0>: >>>>>>>> MATCH KERNEL COMMAND <<<<<<<<<
[36m(vLLMHttpServer pid=36528)[0m HOSTQUEUE <0x5578b2e755b0>: header: 0xb02
[36m(vLLMHttpServer pid=36528)[0m HOSTQUEUE <0x5578b2e755b0>: setup: 3
[36m(vLLMHttpServer pid=36528)[0m HOSTQUEUE <0x5578b2e755b0>: workgroup: x:512, y:1, z:1
[36m(vLLMHttpServer pid=36528)[0m HOSTQUEUE <0x5578b2e755b0>: grid: x:6275072, y:1, z:1
[36m(vLLMHttpServer pid=36528)[0m HOSTQUEUE <0x5578b2e755b0>: group_segment_size: 32768
[36m(vLLMHttpServer pid=36528)[0m HOSTQUEUE <0x5578b2e755b0>: private_segment_size: 0
[36m(vLLMHttpServer pid=36528)[0m HOSTQUEUE <0x5578b2e755b0>: completion_signal: 0x0
[36m(vLLMHttpServer pid=36528)[0m HOSTQUEUE <0x5578b2e755b0>: kernel_object: 0x7fc0e9d14dc0
[36m(vLLMHttpServer pid=36528)[0m HOSTQUEUE <0x5578b2e755b0>: device id: 2
[36m(vLLMHttpServer pid=36528)[0m 
[36m(vLLMHttpServer pid=36528)[0m HOSTQUEUE <0x559dacd2a9c0>: >>>>>>>> FIND MATCH KERNEL DETAILS <<<<<<<<<
[36m(vLLMHttpServer pid=36528)[0m HOSTQUEUE <0x559dacd2a9c0>: kernel name: fused_moe_kernel
[36m(vLLMHttpServer pid=36528)[0m HOSTQUEUE <0x559dacd2a9c0>: >>>>>>>> DUMP KERNEL ARGS: size: 136 <<<<<<<<<
[36m(vLLMHttpServer pid=36528)[0m 
[36m(vLLMHttpServer pid=36528)[0m 00 00 a0 8d 96 7f 00 00 00 00 60 c9 9b 7f 00 00 
[36m(vLLMHttpServer pid=36528)[0m 00 00 a0 9d 96 7f 00 00 00 fa b3 e7 db 7f 00 00 
[36m(vLLMHttpServer pid=36528)[0m 00 00 20 b0 97 7f 00 00 00 8a be e7 db 7f 00 00 
[36m(vLLMHttpServer pid=36528)[0m 00 de bf e7 db 7f 00 00 00 08 00 00 00 02 00 00 
[36m(vLLMHttpServer pid=36528)[0m 00 7f 01 00 00 00 01 00 00 02 00 00 00 00 14 00 
[36m(vLLMHttpServer pid=36528)[0m 80 02 00 00 00 08 00 00 00 00 00 00 00 00 00 00 
[36m(vLLMHttpServer pid=36528)[0m 00 00 00 00 00 00 00 00 00 00 00 00 00 00 00 00 
[36m(vLLMHttpServer pid=36528)[0m 00 00 00 00 00 00 00 00 00 00 00 00 00 00 00 00 
[36m(vLLMHttpServer pid=36528)[0m 00 00 00 00 00 00 00 00 
[36m(vLLMHttpServer pid=36528)[0m 
[36m(vLLMHttpServer pid=36528)[0m HOSTQUEUE <0x559dacd2a9c0>: >>>>>>>> DUMP KERNEL ARGS PTR INFO <<<<<<<<<
[36m(vLLMHttpServer pid=36528)[0m HOSTQUEUE <0x559dacd2a9c0>: ptr arg index: 0, ptr: 0x7f968da00000
[36m(vLLMHttpServer pid=36528)[0m HOSTQUEUE <0x559dacd2a9c0>: origin ptr: 0x7f968da00000, size byte: 536870912
[36m(vLLMHttpServer pid=36528)[0m HOSTQUEUE <0x559dacd2a9c0>: ptr arg index: 1, ptr: 0x7f9bc9600000
[36m(vLLMHttpServer pid=36528)[0m HOSTQUEUE <0x559dacd2a9c0>: origin ptr: 0x7f9bc9600000, size byte: 268435456
[36m(vLLMHttpServer pid=36528)[0m HOSTQUEUE <0x559dacd2a9c0>: ptr arg index: 2, ptr: 0x7f969da00000
[36m(vLLMHttpServer pid=36528)[0m HOSTQUEUE <0x559dacd2a9c0>: origin ptr: 0x7f968da00000, size byte: 536870912
[36m(vLLMHttpServer pid=36528)[0m HOSTQUEUE <0x559dacd2a9c0>: ptr arg index: 3, ptr: 0x7fdbe7b3fa00
[36m(vLLMHttpServer pid=36528)[0m HOSTQUEUE <0x559dacd2a9c0>: origin ptr: 0x7fdbe7a00000, size byte: 2097152
[36m(vLLMHttpServer pid=36528)[0m HOSTQUEUE <0x559dacd2a9c0>: ptr arg index: 4, ptr: 0x7f97b0200000
[36m(vLLMHttpServer pid=36528)[0m HOSTQUEUE <0x559dacd2a9c0>: origin ptr: 0x7f97b0200000, size byte: 2097152
[36m(vLLMHttpServer pid=36528)[0m HOSTQUEUE <0x559dacd2a9c0>: ptr arg index: 5, ptr: 0x7fdbe7be8a00
[36m(vLLMHttpServer pid=36528)[0m HOSTQUEUE <0x559dacd2a9c0>: origin ptr: 0x7fdbe7a00000, size byte: 2097152
[36m(vLLMHttpServer pid=36528)[0m HOSTQUEUE <0x559dacd2a9c0>: ptr arg index: 6, ptr: 0x7fdbe7bfde00
[36m(vLLMHttpServer pid=36528)[0m HOSTQUEUE <0x559dacd2a9c0>: origin ptr: 0x7fdbe7a00000, size byte: 2097152
[36m(vLLMHttpServer pid=36528)[0m 
[36m(vLLMHttpServer pid=36528)[0m HOSTQUEUE <0x559dacd2a9c0>: >>>>>>>> DUMP AQL 0x7fdc94378000 PACKET WITH INDEX 84414 <<<<<<<<<
[36m(vLLMHttpServer pid=36528)[0m HOSTQUEUE <0x559dacd2a9c0>: >>>>>>>> MATCH KERNEL COMMAND <<<<<<<<<
[36m(vLLMHttpServer pid=36528)[0m HOSTQUEUE <0x559dacd2a9c0>: header: 0xb02
[36m(vLLMHttpServer pid=36528)[0m HOSTQUEUE <0x559dacd2a9c0>: setup: 3
[36m(vLLMHttpServer pid=36528)[0m HOSTQUEUE <0x559dacd2a9c0>: workgroup: x:64, y:2, z:1
[36m(vLLMHttpServer pid=36528)[0m HOSTQUEUE <0x559dacd2a9c0>: grid: x:2097152, y:2, z:1
[36m(vLLMHttpServer pid=36528)[0m HOSTQUEUE <0x559dacd2a9c0>: group_segment_size: 16
[36m(vLLMHttpServer pid=36528)[0m HOSTQUEUE <0x559dacd2a9c0>: private_segment_size: 112
[36m(vLLMHttpServer pid=36528)[0m HOSTQUEUE <0x559dacd2a9c0>: completion_signal: 0x0
[36m(vLLMHttpServer pid=36528)[0m HOSTQUEUE <0x559dacd2a9c0>: kernel_object: 0x7f9830127f40
[36m(vLLMHttpServer pid=36528)[0m HOSTQUEUE <0x559dacd2a9c0>: device id: 1
[36m(vLLMHttpServer pid=36528)[0m 
[36m(vLLMHttpServer pid=36528)[0m HOSTQUEUE <0x559dacd2a9c0>: >>>>>>>> FIND MATCH KERNEL DETAILS <<<<<<<<<
[36m(vLLMHttpServer pid=36528)[0m HOSTQUEUE <0x559dacd2a9c0>: kernel name: _ZN2at6native13reduce_kernelILi128ELi4ENS0_8ReduceOpIN3c108BFloat16ENS0_14func_wrapper_tIS4_ZNS0_11sum_functorIS4_fS4_EclERNS_14TensorIteratorEEUlffE_EEjS4_Li4ELi8EEEEEvT1_
[36m(vLLMHttpServer pid=36528)[0m HOSTQUEUE <0x559dacd2a9c0>: >>>>>>>> DUMP KERNEL ARGS: size: 976 <<<<<<<<<
[36m(vLLMHttpServer pid=36528)[0m 
[36m(vLLMHttpServer pid=36528)[0m 00 00 00 00 00 00 00 00 04 00 00 00 08 00 00 00 
[36m(vLLMHttpServer pid=36528)[0m 00 00 00 01 01 00 00 00 80 00 00 00 01 00 00 00 
[36m(vLLMHttpServer pid=36528)[0m 00 00 00 00 00 00 00 00 00 00 00 00 01 00 00 00 
[36m(vLLMHttpServer pid=36528)[0m 40 00 00 00 40 00 00 00 02 00 00 00 80 00 00 00 
[36m(vLLMHttpServer pid=36528)[0m 00 00 00 00 04 00 00 00 01 00 00 00 08 00 00 00 
[36m(vLLMHttpServer pid=36528)[0m 01 00 00 00 03 00 00 00 00 00 00 00 00 00 00 00 
[36m(vLLMHttpServer pid=36528)[0m 00 00 00 00 00 00 00 00 00 00 00 00 00 00 00 00 
[36m(vLLMHttpServer pid=36528)[0m 00 00 00 00 00 00 00 00 00 00 00 00 00 00 00 00 
[36m(vLLMHttpServer pid=36528)[0m 00 00 00 00 00 00 00 00 00 00 00 00 00 00 00 00 
[36m(vLLMHttpServer pid=36528)[0m 00 00 00 00 00 00 00 00 00 00 00 00 00 00 00 00 
[36m(vLLMHttpServer pid=36528)[0m 00 00 00 00 00 00 00 00 00 00 00 00 00 00 00 00 
[36m(vLLMHttpServer pid=36528)[0m 00 00 00 00 00 00 00 00 00 00 00 00 00 00 00 00 
[36m(vLLMHttpServer pid=36528)[0m 00 00 00 00 00 00 00 00 00 00 00 00 00 00 00 00 
[36m(vLLMHttpServer pid=36528)[0m 00 00 00 00 00 00 00 00 00 00 00 00 00 00 00 00 
[36m(vLLMHttpServer pid=36528)[0m 00 00 00 00 00 00 00 00 00 00 00 00 00 00 00 00 
[36m(vLLMHttpServer pid=36528)[0m 00 00 00 00 00 00 00 00 00 00 00 00 00 00 00 00 
[36m(vLLMHttpServer pid=36528)[0m 00 00 00 00 00 00 00 00 
[36m(vLLMHttpServer pid=36528)[0m 00 00 
[36m(vLLMHttpServer pid=36528)[0m 00 
[36m(vLLMHttpServer pid=36528)[0m 00 
[36m(vLLMHttpServer pid=36528)[0m 00 
[36m(vLLMHttpServer pid=36528)[0m 10 
[36m(vLLMHttpServer pid=36528)[0m 00 00 
[36m(vLLMHttpServer pid=36528)[0m 00 00 00 00 00 00 00 00 00 00 00 00 00 00 00 00 
[36m(vLLMHttpServer pid=36528)[0m 00 00 00 00 00 00 00 00 00 00 00 00 00 00 00 00 
[36m(vLLMHttpServer pid=36528)[0m 00 00 00 00 00 00 00 00 00 00 00 00 00 00 00 00 
[36m(vLLMHttpServer pid=36528)[0m 00 00 00 00 00 00 00 00 00 00 00 00 02 00 00 00 
[36m(vLLMHttpServer pid=36528)[0m 00 08 00 00 01 00 00 00 0b 00 00 00 00 20 00 00 
[36m(vLLMHttpServer pid=36528)[0m 01 00 00 00 0d 00 00 00 00 00 00 00 00 00 00 00 
[36m(vLLMHttpServer pid=36528)[0m 00 00 00 00 00 00 00 00 00 00 00 00 00 00 00 00 
[36m(vLLMHttpServer pid=36528)[0m 00 00 00 00 00 00 00 00 00 00 00 
[36m(vLLMHttpServer pid=36528)[0m HOSTQUEUE <0x5567c798de30>: >>>>>>>> FIND MATCH KERNEL DETAILS <<<<<<<<<
[36m(vLLMHttpServer pid=36528)[0m 00 HOSTQUEUE <0x5567c798de30>: kernel name: _ZN4vllm18act_and_mul_kernelIN3c108BFloat16E15__hip_bfloat162XadL_ZNS_11silu_kernelIS2_EET_RKS5_EEXadL_ZNS_18packed_silu_kernelIS3_EES5_S7_EELb1ELb1ELb0EEEvPS5_PS6_i
[36m(vLLMHttpServer pid=36528)[0m 00 HOSTQUEUE <0x5567c798de30>: >>>>>>>> DUMP KERNEL ARGS: size: 280 <<<<<<<<<
[36m(vLLMHttpServer pid=36528)[0m 00 
[36m(vLLMHttpServer pid=36528)[0m 00 00 00 00 
[36m(vLLMHttpServer pid=36528)[0m e0 00 7c 00 ce 00 7e 00 00 00 00 00 00 00 00 00 e0 00 8c 00 ce 00 7e 00 00 00 00 00 
[36m(vLLMHttpServer pid=36528)[0m 00 00 00 02 
[36m(vLLMHttpServer pid=36528)[0m 00 00 00 00 00 00 00 00 00 00 00 00 00 00 00 00 01 00 00 00 01 00 00 00 00 00 00 00 
[36m(vLLMHttpServer pid=36528)[0m 00 01 00 00 
[36m(vLLMHttpServer pid=36528)[0m 00 00 00 00 40 00 00 00 01 00 00 00 01 00 00 00 00 00 00 00 00 00 00 00 00 00 00 00 
[36m(vLLMHttpServer pid=36528)[0m 00 00 00 00 
[36m(vLLMHttpServer pid=36528)[0m 00 00 00 00 00 00 00 00 00 00 00 00 00 00 00 00 00 00 00 00 00 00 00 00 00 00 00 00 
[36m(vLLMHttpServer pid=36528)[0m 00 00 00 00 
[36m(vLLMHttpServer pid=36528)[0m 00 00 00 00 00 00 00 00 00 00 00 00 00 00 00 00 00 00 00 00 00 00 00 00 00 00 00 00 
[36m(vLLMHttpServer pid=36528)[0m 00 00 00 00 
[36m(vLLMHttpServer pid=36528)[0m 00 00 00 00 00 00 00 00 00 00 00 00 03 00 00 00 00 00 00 00 00 00 00 00 00 00 00 00 
[36m(vLLMHttpServer pid=36528)[0m 00 00 00 00 
[36m(vLLMHttpServer pid=36528)[0m 00 00 00 00 00 00 00 00 00 00 00 00 03 00 00 00 00 00 00 00 00 00 00 00 00 00 00 00 
[36m(vLLMHttpServer pid=36528)[0m 00 00 00 00 
[36m(vLLMHttpServer pid=36528)[0m 00 00 00 00 00 00 00 00 00 00 00 00 00 00 00 00 00 00 00 00 00 00 00 00 00 00 00 00 
[36m(vLLMHttpServer pid=36528)[0m 00 00 00 40 
[36m(vLLMHttpServer pid=36528)[0m bd 02 e4 00 13 00 7f 00 00 02 00 00 00 00 7a 00 bc 00 e4 10 13 00 7f 00 00 00 00 80 
[36m(vLLMHttpServer pid=36528)[0m 00 00 00 fc 
[36m(vLLMHttpServer pid=36528)[0m bc 00 e4 00 13 00 7f 00 00 00 00 00 00 00 46 00 be 00 e4 00 13 00 7f 00 00 00 00 00 
[36m(vLLMHttpServer pid=36528)[0m 00 00 00 86 
[36m(vLLMHttpServer pid=36528)[0m bd 00 e4 00 13 00 7f 00 00 00 00 00 00 00 06 00 be 00 e4 00 13 00 7f 00 00 00 00 00 
[36m(vLLMHttpServer pid=36528)[0m 00 00 00 84 
[36m(vLLMHttpServer pid=36528)[0m bd 00 e4 00 13 00 7f 00 00 00 00 00 00 00 fe 00 bc 00 e4 00 13 00 7f 00 00 00 00 00 
[36m(vLLMHttpServer pid=36528)[0m 00 00 00 82 
[36m(vLLMHttpServer pid=36528)[0m bd 00 e4 00 13 00 7f 00 00 00 00 00 10 00 00 00 00 00 00 00 00 00 00 00 00 00 00 00 
[36m(vLLMHttpServer pid=36528)[0m 00 00 00 00 
[36m(vLLMHttpServer pid=36528)[0m 00 00 00 00 00 00 00 00 00 00 00 00 00 00 00 00 00 00 00 00 00 00 00 00 00 00 00 00 
[36m(vLLMHttpServer pid=36528)[0m 00 00 00 00 
[36m(vLLMHttpServer pid=36528)[0m 00 00 00 00 00 00 00 00 00 00 00 00 00 00 00 00 00 00 00 00 00 00 00 00 00 00 00 00 
[36m(vLLMHttpServer pid=36528)[0m 00 00 00 00 
[36m(vLLMHttpServer pid=36528)[0m 00 00 00 00 00 00 00 00 00 00 00 00 00 00 00 00 00 00 00 00 00 00 00 00 00 00 00 00 
[36m(vLLMHttpServer pid=36528)[0m 00 00 00 40 
[36m(vLLMHttpServer pid=36528)[0m bd 00 e4 00 13 a0 7f 9d 00 96 00 7f 00 00 7a 00 bc 00 e4 00 13 
[36m(vLLMHttpServer pid=36528)[0m HOSTQUEUE <0x5578b2e755b0>: >>>>>>>> FIND MATCH KERNEL DETAILS <<<<<<<<<
[36m(vLLMHttpServer pid=36528)[0m a0 7f HOSTQUEUE <0x5578b2e755b0>: kernel name: fused_moe_kernel
[36m(vLLMHttpServer pid=36528)[0m 8d 00 HOSTQUEUE <0x5578b2e755b0>: >>>>>>>> DUMP KERNEL ARGS: size: 136 <<<<<<<<<
[36m(vLLMHttpServer pid=36528)[0m 96 00 
[36m(vLLMHttpServer pid=36528)[0m 7f 
[36m(vLLMHttpServer pid=36528)[0m 00 00 00 00 00 fc e0 
[36m(vLLMHttpServer pid=36528)[0m bc 24 00 e4 7b 00 13 7f 00 7f 00 00 00 00 00 00 00 00 
[36m(vLLMHttpServer pid=36528)[0m 
[36m(vLLMHttpServer pid=36528)[0m 00 00 HOSTQUEUE <0x5567c798de30>: >>>>>>>> DUMP KERNEL ARGS PTR INFO <<<<<<<<<
[36m(vLLMHttpServer pid=36528)[0m e0 00 HOSTQUEUE <0x5567c798de30>: ptr arg index: 0, ptr: 0x7ece7ce00000
[36m(vLLMHttpServer pid=36528)[0m 66 00 HOSTQUEUE <0x5567c798de30>: origin ptr: 0x7ece7ce00000, size byte: 536870912
[36m(vLLMHttpServer pid=36528)[0m 80 00 HOSTQUEUE <0x5567c798de30>: ptr arg index: 1, ptr: 0x7ece8ce00000
[36m(vLLMHttpServer pid=36528)[0m 7f 00 HOSTQUEUE <0x5567c798de30>: origin ptr: 0x7ece7ce00000, size byte: 536870912
[36m(vLLMHttpServer pid=36528)[0m 00 00 00 HOSTQUEUE <0x5567c798de30>: ptr arg index: 16, ptr: 0x7f13e4bd4000
[36m(vLLMHttpServer pid=36528)[0m 00 
[36m(vLLMHttpServer pid=36528)[0m HOSTQUEUE <0x5567c798de30>: origin ptr: 0x7f13e4a00000, size byte: 2097152
[36m(vLLMHttpServer pid=36528)[0m 00 00 HOSTQUEUE <0x5567c798de30>: ptr arg index: 17, ptr: 0x7f13e4bc7a00
[36m(vLLMHttpServer pid=36528)[0m 00 00 HOSTQUEUE <0x5567c798de30>: origin ptr: 0x7f13e4a00000, size byte: 2097152
[36m(vLLMHttpServer pid=36528)[0m 00 e0 HOSTQUEUE <0x5567c798de30>: ptr arg index: 18, ptr: 0x7f13e4bcfc00
[36m(vLLMHttpServer pid=36528)[0m 
[36m(vLLMHttpServer pid=36528)[0m 34 HOSTQUEUE <0x5567c798de30>: origin ptr: 0x7f13e4a00000, size byte: 2097152
[36m(vLLMHttpServer pid=36528)[0m 00 7b HOSTQUEUE <0x5567c798de30>: ptr arg index: 19, ptr: 0x7f13e4be4600
[36m(vLLMHttpServer pid=36528)[0m 00 7f HOSTQUEUE <0x5567c798de30>: origin ptr: 0x7f13e4a00000, size byte: 2097152
[36m(vLLMHttpServer pid=36528)[0m 00 00 HOSTQUEUE <0x5567c798de30>: ptr arg index: 20, ptr: 0x7f13e4bd8600
[36m(vLLMHttpServer pid=36528)[0m 00 00 HOSTQUEUE <0x5567c798de30>: origin ptr: 0x7f13e4a00000, size byte: 2097152
[36m(vLLMHttpServer pid=36528)[0m 00 00 HOSTQUEUE <0x5567c798de30>: ptr arg index: 21, ptr: 0x7f13e4be0600
[36m(vLLMHttpServer pid=36528)[0m 00 fa HOSTQUEUE <0x5567c798de30>: origin ptr: 0x7f13e4a00000, size byte: 2097152
[36m(vLLMHttpServer pid=36528)[0m 00 13 HOSTQUEUE <0x5567c798de30>: ptr arg index: 22, ptr: 0x7f13e4bd8400
[36m(vLLMHttpServer pid=36528)[0m 00 85 HOSTQUEUE <0x5567c798de30>: origin ptr: 0x7f13e4a00000, size byte: 2097152
[36m(vLLMHttpServer pid=36528)[0m 00 c0 HOSTQUEUE <0x5567c798de30>: ptr arg index: 23, ptr: 0x7f13e4bcfe00
[36m(vLLMHttpServer pid=36528)[0m 00 7f HOSTQUEUE <0x5567c798de30>: origin ptr: 0x7f13e4a00000, size byte: 2097152
[36m(vLLMHttpServer pid=36528)[0m 00 00 HOSTQUEUE <0x5567c798de30>: ptr arg index: 24, ptr: 0x7f13e4bd8200
[36m(vLLMHttpServer pid=36528)[0m 00 00 HOSTQUEUE <0x5567c798de30>: origin ptr: 0x7f13e4a00000, size byte: 2097152
[36m(vLLMHttpServer pid=36528)[0m 00 
[36m(vLLMHttpServer pid=36528)[0m HOSTQUEUE <0x5567c798de30>: ptr arg index: 32, ptr: 0x7f13e4bd4000
[36m(vLLMHttpServer pid=36528)[0m 00 00 HOSTQUEUE <0x5567c798de30>: origin ptr: 0x7f13e4a00000, size byte: 2097152
[36m(vLLMHttpServer pid=36528)[0m 00 00 HOSTQUEUE <0x5567c798de30>: ptr arg index: 33, ptr: 0x7f13e4bc7a00
[36m(vLLMHttpServer pid=36528)[0m 00 20 HOSTQUEUE <0x5567c798de30>: origin ptr: 0x7f13e4a00000, size byte: 2097152
[36m(vLLMHttpServer pid=36528)[0m 
[36m(vLLMHttpServer pid=36528)[0m 84 HOSTQUEUE <0x5567c798de30>: ptr arg index: 34, ptr: 0x7f13e4bcfc00
[36m(vLLMHttpServer pid=36528)[0m 00 7c HOSTQUEUE <0x5567c798de30>: origin ptr: 0x7f13e4a00000, size byte: 2097152
[36m(vLLMHttpServer pid=36528)[0m 00 7f 
[36m(vLLMHttpServer pid=36528)[0m HOSTQUEUE <0x5567c798de30>: >>>>>>>> DUMP AQL 0x7f149015e000 PACKET WITH INDEX 84245 <<<<<<<<<
[36m(vLLMHttpServer pid=36528)[0m 00 00 HOSTQUEUE <0x5567c798de30>: >>>>>>>> MATCH KERNEL COMMAND <<<<<<<<<
[36m(vLLMHttpServer pid=36528)[0m 00 00 HOSTQUEUE <0x5567c798de30>: header: 0xb02
[36m(vLLMHttpServer pid=36528)[0m 00 00 HOSTQUEUE <0x5567c798de30>: setup: 3
[36m(vLLMHttpServer pid=36528)[0m 00 8a HOSTQUEUE <0x5567c798de30>: workgroup: x:512, y:1, z:1
[36m(vLLMHttpServer pid=36528)[0m 00 1e HOSTQUEUE <0x5567c798de30>: grid: x:6275072, y:1, z:1
[36m(vLLMHttpServer pid=36528)[0m 00 85 HOSTQUEUE <0x5567c798de30>: group_segment_size: 32768
[36m(vLLMHttpServer pid=36528)[0m 00 c0 HOSTQUEUE <0x5567c798de30>: private_segment_size: 0
[36m(vLLMHttpServer pid=36528)[0m 01 7f HOSTQUEUE <0x5567c798de30>: completion_signal: 0x0
[36m(vLLMHttpServer pid=36528)[0m 00 00 HOSTQUEUE <0x5567c798de30>: kernel_object: 0x7f1451434dc0
[36m(vLLMHttpServer pid=36528)[0m 00 00 HOSTQUEUE <0x5567c798de30>: device id: 3
[36m(vLLMHttpServer pid=36528)[0m 01 
[36m(vLLMHttpServer pid=36528)[0m 00 00 00 de 00 1f 
[36m(vLLMHttpServer pid=36528)[0m 85 00 c0 80 7f 00 00 00 00 01 00 00 08 00 00 00 00 01 00 00 02 00 00 00 00 40 
[36m(vLLMHttpServer pid=36528)[0m 00 00 02 7f 00 01 
[36m(vLLMHttpServer pid=36528)[0m 00 01 00 00 00 00 01 00 00 00 00 00 02 00 00 00 00 00 00 00 00 00 14 00 00 00 
[36m(vLLMHttpServer pid=36528)[0m 00 80 00 02 00 00 
[36m(vLLMHttpServer pid=36528)[0m 00 00 00 00 08 00 00 00 00 00 00 00 00 00 00 00 00 00 00 00 00 00 00 00 00 00 
[36m(vLLMHttpServer pid=36528)[0m 00 00 00 00 00 00 
[36m(vLLMHttpServer pid=36528)[0m 00 00 00 00 00 00 00 00 00 00 00 00 00 00 00 00 00 00 00 00 00 00 00 00 00 00 
[36m(vLLMHttpServer pid=36528)[0m 00 00 00 00 00 00 
[36m(vLLMHttpServer pid=36528)[0m 00 03 00 00 00 00 00 00 00 00 00 00 00 00 00 00 00 00 00 00 00 00 00 00 00 00 
[36m(vLLMHttpServer pid=36528)[0m 00 00 00 00 00 00 
[36m(vLLMHttpServer pid=36528)[0m 00 00 00 00 00 00 00 00 00 00 
[36m(vLLMHttpServer pid=36528)[0m 
[36m(vLLMHttpServer pid=36528)[0m 00 HOSTQUEUE <0x5578b2e755b0>: >>>>>>>> DUMP KERNEL ARGS PTR INFO <<<<<<<<<
[36m(vLLMHttpServer pid=36528)[0m 00 HOSTQUEUE <0x5578b2e755b0>: ptr arg index: 0, ptr: 0x7f7b24e00000
[36m(vLLMHttpServer pid=36528)[0m 00 HOSTQUEUE <0x5578b2e755b0>: origin ptr: 0x7f7b24e00000, size byte: 536870912
[36m(vLLMHttpServer pid=36528)[0m 00 HOSTQUEUE <0x5578b2e755b0>: ptr arg index: 1, ptr: 0x7f8066e00000
[36m(vLLMHttpServer pid=36528)[0m 00 HOSTQUEUE <0x5578b2e755b0>: origin ptr: 0x7f8066e00000, size byte: 268435456
[36m(vLLMHttpServer pid=36528)[0m 00 HOSTQUEUE <0x5578b2e755b0>: ptr arg index: 2, ptr: 0x7f7b34e00000
[36m(vLLMHttpServer pid=36528)[0m 00 HOSTQUEUE <0x5578b2e755b0>: origin ptr: 0x7f7b24e00000, size byte: 536870912
[36m(vLLMHttpServer pid=36528)[0m 00 HOSTQUEUE <0x5578b2e755b0>: ptr arg index: 3, ptr: 0x7fc08513fa00
[36m(vLLMHttpServer pid=36528)[0m 00 HOSTQUEUE <0x5578b2e755b0>: origin ptr: 0x7fc085000000, size byte: 2097152
[36m(vLLMHttpServer pid=36528)[0m 00 HOSTQUEUE <0x5578b2e755b0>: ptr arg index: 4, ptr: 0x7f7c84200000
[36m(vLLMHttpServer pid=36528)[0m 00 HOSTQUEUE <0x5578b2e755b0>: origin ptr: 0x7f7c84200000, size byte: 2097152
[36m(vLLMHttpServer pid=36528)[0m 
[36m(vLLMHttpServer pid=36528)[0m HOSTQUEUE <0x5578b2e755b0>: ptr arg index: 5, ptr: 0x7fc0851e8a00
[36m(vLLMHttpServer pid=36528)[0m 00 HOSTQUEUE <0x5578b2e755b0>: origin ptr: 0x7fc085000000, size byte: 2097152
[36m(vLLMHttpServer pid=36528)[0m 00 HOSTQUEUE <0x5578b2e755b0>: ptr arg index: 6, ptr: 0x7fc0851fde00
[36m(vLLMHttpServer pid=36528)[0m 00 HOSTQUEUE <0x5578b2e755b0>: origin ptr: 0x7fc085000000, size byte: 2097152
[36m(vLLMHttpServer pid=36528)[0m 00 00 
[36m(vLLMHttpServer pid=36528)[0m HOSTQUEUE <0x5578b2e755b0>: >>>>>>>> DUMP AQL 0x7fc1ed20f000 PACKET WITH INDEX 84011 <<<<<<<<<
[36m(vLLMHttpServer pid=36528)[0m 00 HOSTQUEUE <0x5578b2e755b0>: >>>>>>>> MATCH KERNEL COMMAND <<<<<<<<<
[36m(vLLMHttpServer pid=36528)[0m 00 HOSTQUEUE <0x5578b2e755b0>: header: 0xb02
[36m(vLLMHttpServer pid=36528)[0m 00 HOSTQUEUE <0x5578b2e755b0>: setup: 3
[36m(vLLMHttpServer pid=36528)[0m 00 HOSTQUEUE <0x5578b2e755b0>: workgroup: x:64, y:2, z:1
[36m(vLLMHttpServer pid=36528)[0m 00 HOSTQUEUE <0x5578b2e755b0>: grid: x:2097152, y:2, z:1
[36m(vLLMHttpServer pid=36528)[0m 00 HOSTQUEUE <0x5578b2e755b0>: group_segment_size: 16
[36m(vLLMHttpServer pid=36528)[0m 00 HOSTQUEUE <0x5578b2e755b0>: private_segment_size: 112
[36m(vLLMHttpServer pid=36528)[0m 00 HOSTQUEUE <0x5578b2e755b0>: completion_signal: 0x0
[36m(vLLMHttpServer pid=36528)[0m 00 HOSTQUEUE <0x5578b2e755b0>: kernel_object: 0x7f7c48627f40
[36m(vLLMHttpServer pid=36528)[0m 00 HOSTQUEUE <0x5578b2e755b0>: device id: 2
[36m(vLLMHttpServer pid=36528)[0m 00 
[36m(vLLMHttpServer pid=36528)[0m 00 00 00 00 00 00 00 00 00 00 00 00 02 00 00 00 
[36m(vLLMHttpServer pid=36528)[0m 02 00 00 00 10 00 00 00 20 00 00 00 00 00 00 00 
[36m(vLLMHttpServer pid=36528)[0m 00 00 00 00 00 00 00 00 00 00 00 00 00 00 00 00 
[36m(vLLMHttpServer pid=36528)[0m 00 00 00 00 00 00 00 00 00 00 00 00 00 00 00 00 
[36m(vLLMHttpServer pid=36528)[0m 00 00 00 00 00 00 00 00 00 00 00 00 00 00 00 00 
[36m(vLLMHttpServer pid=36528)[0m 00 00 00 00 00 00 00 00 00 00 00 00 00 00 00 00 
[36m(vLLMHttpServer pid=36528)[0m 00 00 00 00 00 00 00 00 00 00 00 00 00 00 00 00 
[36m(vLLMHttpServer pid=36528)[0m 00 00 00 00 00 00 00 00 00 00 00 00 00 00 00 00 
[36m(vLLMHttpServer pid=36528)[0m 00 00 00 00 00 00 00 00 00 00 00 00 00 00 00 00 
[36m(vLLMHttpServer pid=36528)[0m 
[36m(vLLMHttpServer pid=36528)[0m HOSTQUEUE <0x559dacd2a9c0>: >>>>>>>> DUMP KERNEL ARGS PTR INFO <<<<<<<<<
[36m(vLLMHttpServer pid=36528)[0m HOSTQUEUE <0x559dacd2a9c0>: ptr arg index: 82, ptr: 0x7f969da00000
[36m(vLLMHttpServer pid=36528)[0m HOSTQUEUE <0x559dacd2a9c0>: origin ptr: 0x7f968da00000, size byte: 536870912
[36m(vLLMHttpServer pid=36528)[0m HOSTQUEUE <0x559dacd2a9c0>: ptr arg index: 83, ptr: 0x7f968da00000
[36m(vLLMHttpServer pid=36528)[0m HOSTQUEUE <0x559dacd2a9c0>: origin ptr: 0x7f968da00000, size byte: 536870912
[36m(vLLMHttpServer pid=36528)[0m 
[36m(vLLMHttpServer pid=36528)[0m HOSTQUEUE <0x559dacd2a9c0>: >>>>>>>> DUMP AQL 0x7fdc94378000 PACKET WITH INDEX 84415 <<<<<<<<<
[36m(vLLMHttpServer pid=36528)[0m HOSTQUEUE <0x559dacd2a9c0>: >>>>>>>> MATCH KERNEL COMMAND <<<<<<<<<
[36m(vLLMHttpServer pid=36528)[0m HOSTQUEUE <0x559dacd2a9c0>: header: 0xb02
[36m(vLLMHttpServer pid=36528)[0m HOSTQUEUE <0x559dacd2a9c0>: setup: 1
[36m(vLLMHttpServer pid=36528)[0m HOSTQUEUE <0x559dacd2a9c0>: workgroup: x:1024, y:1, z:1
[36m(vLLMHttpServer pid=36528)[0m HOSTQUEUE <0x559dacd2a9c0>: grid: x:4195328, y:1, z:1
[36m(vLLMHttpServer pid=36528)[0m HOSTQUEUE <0x559dacd2a9c0>: group_segment_size: 0
[36m(vLLMHttpServer pid=36528)[0m HOSTQUEUE <0x559dacd2a9c0>: private_segment_size: 0
[36m(vLLMHttpServer pid=36528)[0m HOSTQUEUE <0x559dacd2a9c0>: completion_signal: 0x0
[36m(vLLMHttpServer pid=36528)[0m HOSTQUEUE <0x559dacd2a9c0>: kernel_object: 0x7fdc94396800
[36m(vLLMHttpServer pid=36528)[0m HOSTQUEUE <0x559dacd2a9c0>: device id: 1
[36m(vLLMHttpServer pid=36528)[0m 
[36m(vLLMHttpServer pid=36528)[0m HOSTQUEUE <0x564c79ffd640>: >>>>>>>> DUMP AQL 0x7fd060802000 PACKET WITH INDEX 84468 <<<<<<<<<
[36m(vLLMHttpServer pid=36528)[0m HOSTQUEUE <0x564c79ffd640>: >>>>>>>> MATCH KERNEL COMMAND <<<<<<<<<
[36m(vLLMHttpServer pid=36528)[0m HOSTQUEUE <0x564c79ffd640>: header: 0xb02
[36m(vLLMHttpServer pid=36528)[0m HOSTQUEUE <0x564c79ffd640>: setup: 3
[36m(vLLMHttpServer pid=36528)[0m HOSTQUEUE <0x564c79ffd640>: workgroup: x:256, y:1, z:1
[36m(vLLMHttpServer pid=36528)[0m HOSTQUEUE <0x564c79ffd640>: grid: x:2097152, y:1, z:1
[36m(vLLMHttpServer pid=36528)[0m HOSTQUEUE <0x564c79ffd640>: group_segment_size: 0
[36m(vLLMHttpServer pid=36528)[0m HOSTQUEUE <0x564c79ffd640>: private_segment_size: 0
[36m(vLLMHttpServer pid=36528)[0m HOSTQUEUE <0x564c79ffd640>: completion_signal: 0x0
[36m(vLLMHttpServer pid=36528)[0m HOSTQUEUE <0x564c79ffd640>: kernel_object: 0x7f8a6c866340
[36m(vLLMHttpServer pid=36528)[0m HOSTQUEUE <0x564c79ffd640>: device id: 0
[36m(vLLMHttpServer pid=36528)[0m 
[36m(vLLMHttpServer pid=36528)[0m HOSTQUEUE <0x5578b2e755b0>: >>>>>>>> FIND MATCH KERNEL DETAILS <<<<<<<<<
[36m(vLLMHttpServer pid=36528)[0m HOSTQUEUE <0x5578b2e755b0>: kernel name: _ZN2at6native13reduce_kernelILi128ELi4ENS0_8ReduceOpIN3c108BFloat16ENS0_14func_wrapper_tIS4_ZNS0_11sum_functorIS4_fS4_EclERNS_14TensorIteratorEEUlffE_EEjS4_Li4ELi8EEEEEvT1_
[36m(vLLMHttpServer pid=36528)[0m HOSTQUEUE <0x5578b2e755b0>: >>>>>>>> DUMP KERNEL ARGS: size: 976 <<<<<<<<<
[36m(vLLMHttpServer pid=36528)[0m 
[36m(vLLMHttpServer pid=36528)[0m 00 00 00 00 00 00 00 00 04 00 00 00 08 00 00 00 
[36m(vLLMHttpServer pid=36528)[0m 00 00 00 01 01 00 00 00 80 00 00 00 01 00 00 00 
[36m(vLLMHttpServer pid=36528)[0m 00 00 00 00 00 00 00 00 00 00 00 00 01 00 00 00 
[36m(vLLMHttpServer pid=36528)[0m 40 00 00 00 40 00 00 00 02 00 00 00 80 00 00 00 
[36m(vLLMHttpServer pid=36528)[0m 00 00 00 00 04 00 00 00 01 00 00 00 08 00 00 00 
[36m(vLLMHttpServer pid=36528)[0m 01 00 00 00 03 00 00 00 00 00 00 00 00 00 00 00 
[36m(vLLMHttpServer pid=36528)[0m 00 00 00 00 00 00 00 00 00 00 00 00 00 00 00 00 
[36m(vLLMHttpServer pid=36528)[0m 00 00 00 00 00 00 00 00 00 00 00 00 00 00 00 00 
[36m(vLLMHttpServer pid=36528)[0m 00 00 00 00 00 00 00 00 00 00 00 00 00 00 00 00 
[36m(vLLMHttpServer pid=36528)[0m 00 00 00 00 00 00 00 00 00 00 00 00 00 00 00 00 
[36m(vLLMHttpServer pid=36528)[0m 00 00 00 00 00 00 00 00 00 00 00 00 00 00 00 00 
[36m(vLLMHttpServer pid=36528)[0m 00 00 00 00 00 00 00 00 00 00 00 00 00 00 00 00 
[36m(vLLMHttpServer pid=36528)[0m 00 00 00 00 00 00 00 00 00 00 00 00 00 00 00 00 
[36m(vLLMHttpServer pid=36528)[0m 00 00 00 00 00 00 00 00 00 00 00 00 00 00 00 00 
[36m(vLLMHttpServer pid=36528)[0m 00 00 00 00 00 00 00 00 00 00 00 00 00 00 00 00 
[36m(vLLMHttpServer pid=36528)[0m 00 00 00 00 00 00 00 00 00 00 00 00 00 00 00 00 
[36m(vLLMHttpServer pid=36528)[0m 00 00 00 00 00 00 00 00 00 00 00 00 00 10 00 00 
[36m(vLLMHttpServer pid=36528)[0m 00 00 00 00 00 00 00 00 00 00 00 00 00 00 00 00 
[36m(vLLMHttpServer pid=36528)[0m 00 00 00 00 00 00 00 00 00 00 00 00 00 00 00 00 
[36m(vLLMHttpServer pid=36528)[0m 00 00 00 00 00 00 00 00 00 00 00 00 00 00 00 00 
[36m(vLLMHttpServer pid=36528)[0m 00 00 00 00 00 00 00 00 00 00 00 00 02 00 00 00 
[36m(vLLMHttpServer pid=36528)[0m 00 08 00 00 01 00 00 00 0b 00 00 00 00 20 00 00 
[36m(vLLMHttpServer pid=36528)[0m 01 00 00 00 0d 00 00 00 00 00 00 00 00 00 00 00 
[36m(vLLMHttpServer pid=36528)[0m 00 00 00 00 00 00 00 00 00 00 00 00 00 00 00 00 
[36m(vLLMHttpServer pid=36528)[0m 00 00 00 00 00 00 00 00 00 00 00 00 00 00 00 00 
[36m(vLLMHttpServer pid=36528)[0m 00 00 00 00 00 00 00 00 00 00 00 00 00 00 00 00 
[36m(vLLMHttpServer pid=36528)[0m 00 00 00 00 00 00 00 00 00 00 00 00 00 00 00 00 
[36m(vLLMHttpServer pid=36528)[0m 00 00 00 00 00 00 00 00 00 00 00 00 00 00 00 00 
[36m(vLLMHttpServer pid=36528)[0m 00 00 00 00 00 00 00 00 00 00 00 00 00 00 00 00 
[36m(vLLMHttpServer pid=36528)[0m 00 00 00 00 00 00 00 00 00 00 00 00 00 00 00 00 
[36m(vLLMHttpServer pid=36528)[0m 00 00 00 00 00 00 00 00 00 00 00 00 00 00 00 00 
[36m(vLLMHttpServer pid=36528)[0m 00 00 00 00 00 00 00 00 00 00 00 00 00 00 00 00 
[36m(vLLMHttpServer pid=36528)[0m 00 00 00 00 00 00 00 00 00 00 00 00 00 00 00 00 
[36m(vLLMHttpServer pid=36528)[0m 02 00 00 00 02 00 00 00 00 10 00 00 00 80 00 00 
[36m(vLLMHttpServer pid=36528)[0m 00 00 00 00 00 00 00 00 00 00 00 00 00 00 00 00 
[36m(vLLMHttpServer pid=36528)[0m 00 00 00 00 00 00 00 00 00 00 00 00 00 00 00 00 
[36m(vLLMHttpServer pid=36528)[0m 00 00 00 00 00 00 00 00 00 00 00 00 00 00 00 00 
[36m(vLLMHttpServer pid=36528)[0m 00 00 00 00 00 00 00 00 00 00 00 00 00 00 00 00 
[36m(vLLMHttpServer pid=36528)[0m 00 00 00 00 00 00 00 00 00 00 00 00 00 00 00 00 
[36m(vLLMHttpServer pid=36528)[0m 00 00 00 00 00 00 00 00 00 00 00 00 00 00 00 00 
[36m(vLLMHttpServer pid=36528)[0m 00 00 00 00 00 00 00 00 00 00 00 00 00 00 00 00 
[36m(vLLMHttpServer pid=36528)[0m 00 00 e0 34 7b 7f 00 00 00 00 e0 24 7b 7f 00 00 
[36m(vLLMHttpServer pid=36528)[0m 00 00 00 00 00 00 00 00 00 00 00 00 00 00 00 00 
[36m(vLLMHttpServer pid=36528)[0m 00 00 00 00 00 00 00 00 00 00 00 00 00 00 00 00 
[36m(vLLMHttpServer pid=36528)[0m 00 00 00 00 00 00 00 00 00 01 00 00 01 00 00 00 
[36m(vLLMHttpServer pid=36528)[0m 00 80 00 00 01 00 00 00 01 00 00 00 40 00 02 00 
[36m(vLLMHttpServer pid=36528)[0m 01 00 00 00 00 00 00 00 00 00 00 00 00 00 00 00 
[36m(vLLMHttpServer pid=36528)[0m 00 00 00 00 00 00 00 00 00 00 00 00 00 00 00 00 
[36m(vLLMHttpServer pid=36528)[0m 00 00 00 00 00 00 00 00 00 00 00 00 00 00 00 00 
[36m(vLLMHttpServer pid=36528)[0m 03 00 00 00 00 00 00 00 00 00 00 00 00 00 00 00 
[36m(vLLMHttpServer pid=36528)[0m 00 00 00 00 00 00 00 00 00 00 00 00 00 00 00 00 
[36m(vLLMHttpServer pid=36528)[0m 00 00 00 00 00 00 00 00 00 00 00 00 00 00 00 00 
[36m(vLLMHttpServer pid=36528)[0m 00 00 00 00 00 00 00 00 00 00 00 00 02 00 00 00 
[36m(vLLMHttpServer pid=36528)[0m 02 00 00 00 10 00 00 00 20 00 00 00 00 00 00 00 
[36m(vLLMHttpServer pid=36528)[0m 00 00 00 00 00 00 00 00 00 00 00 00 00 00 00 00 
[36m(vLLMHttpServer pid=36528)[0m 00 00 00 00 00 00 00 00 00 00 00 00 00 00 00 00 
[36m(vLLMHttpServer pid=36528)[0m 00 00 00 00 00 00 00 00 00 00 00 00 00 00 00 00 
[36m(vLLMHttpServer pid=36528)[0m 00 00 00 00 00 00 00 00 00 00 00 00 00 00 00 00 
[36m(vLLMHttpServer pid=36528)[0m 00 00 00 00 00 00 00 00 00 00 00 00 00 00 00 00 
[36m(vLLMHttpServer pid=36528)[0m 00 00 00 00 00 00 00 00 00 00 00 00 00 00 00 00 
[36m(vLLMHttpServer pid=36528)[0m 00 00 00 00 00 00 00 00 00 00 00 00 00 00 00 00 
[36m(vLLMHttpServer pid=36528)[0m 
[36m(vLLMHttpServer pid=36528)[0m HOSTQUEUE <0x5578b2e755b0>: >>>>>>>> DUMP KERNEL ARGS PTR INFO <<<<<<<<<
[36m(vLLMHttpServer pid=36528)[0m HOSTQUEUE <0x5578b2e755b0>: ptr arg index: 82, ptr: 0x7f7b34e00000
[36m(vLLMHttpServer pid=36528)[0m HOSTQUEUE <0x5578b2e755b0>: origin ptr: 0x7f7b24e00000, size byte: 536870912
[36m(vLLMHttpServer pid=36528)[0m HOSTQUEUE <0x5578b2e755b0>: ptr arg index: 83, ptr: 0x7f7b24e00000
[36m(vLLMHttpServer pid=36528)[0m HOSTQUEUE <0x5578b2e755b0>: origin ptr: 0x7f7b24e00000, size byte: 536870912
[36m(vLLMHttpServer pid=36528)[0m 
[36m(vLLMHttpServer pid=36528)[0m HOSTQUEUE <0x5578b2e755b0>: >>>>>>>> DUMP AQL 0x7fc1ed20f000 PACKET WITH INDEX 84012 <<<<<<<<<
[36m(vLLMHttpServer pid=36528)[0m HOSTQUEUE <0x5578b2e755b0>: >>>>>>>> MATCH KERNEL COMMAND <<<<<<<<<
[36m(vLLMHttpServer pid=36528)[0m HOSTQUEUE <0x5578b2e755b0>: header: 0xb02
[36m(vLLMHttpServer pid=36528)[0m HOSTQUEUE <0x5578b2e755b0>: setup: 1
[36m(vLLMHttpServer pid=36528)[0m HOSTQUEUE <0x5578b2e755b0>: workgroup: x:1024, y:1, z:1
[36m(vLLMHttpServer pid=36528)[0m HOSTQUEUE <0x5578b2e755b0>: grid: x:4195328, y:1, z:1
[36m(vLLMHttpServer pid=36528)[0m HOSTQUEUE <0x5578b2e755b0>: group_segment_size: 0
[36m(vLLMHttpServer pid=36528)[0m HOSTQUEUE <0x5578b2e755b0>: private_segment_size: 0
[36m(vLLMHttpServer pid=36528)[0m HOSTQUEUE <0x5578b2e755b0>: completion_signal: 0x0
[36m(vLLMHttpServer pid=36528)[0m HOSTQUEUE <0x5578b2e755b0>: kernel_object: 0x7fc1185e6800
[36m(vLLMHttpServer pid=36528)[0m HOSTQUEUE <0x5578b2e755b0>: device id: 2
[36m(vLLMHttpServer pid=36528)[0m 
[36m(vLLMHttpServer pid=36528)[0m HOSTQUEUE <0x564c79ffd640>: >>>>>>>> FIND MATCH KERNEL DETAILS <<<<<<<<<
[36m(vLLMHttpServer pid=36528)[0m HOSTQUEUE <0x564c79ffd640>: kernel name: _ZN2at6native29vectorized_elementwise_kernelILi8ENS0_15CUDAFunctor_addIN3c108BFloat16EEESt5arrayIPcLm3EEEEviT0_T1_
[36m(vLLMHttpServer pid=36528)[0m HOSTQUEUE <0x564c79ffd640>: >>>>>>>> DUMP KERNEL ARGS: size: 32 <<<<<<<<<
[36m(vLLMHttpServer pid=36528)[0m 
[36m(vLLMHttpServer pid=36528)[0m 00 00 00 01 00 00 80 3f 00 00 40 c7 89 7f 00 00 
[36m(vLLMHttpServer pid=36528)[0m 00 00 40 c5 89 7f 00 00 00 00 c0 d7 89 7f 00 00 
[36m(vLLMHttpServer pid=36528)[0m 
[36m(vLLMHttpServer pid=36528)[0m HOSTQUEUE <0x564c79ffd640>: >>>>>>>> DUMP KERNEL ARGS PTR INFO <<<<<<<<<
[36m(vLLMHttpServer pid=36528)[0m HOSTQUEUE <0x564c79ffd640>: ptr arg index: 1, ptr: 0x7f89c7400000
[36m(vLLMHttpServer pid=36528)[0m HOSTQUEUE <0x564c79ffd640>: origin ptr: 0x7f89c1400000, size byte: 150994944
[36m(vLLMHttpServer pid=36528)[0m HOSTQUEUE <0x564c79ffd640>: ptr arg index: 2, ptr: 0x7f89c5400000
[36m(vLLMHttpServer pid=36528)[0m HOSTQUEUE <0x564c79ffd640>: origin ptr: 0x7f89c1400000, size byte: 150994944
[36m(vLLMHttpServer pid=36528)[0m HOSTQUEUE <0x564c79ffd640>: ptr arg index: 3, ptr: 0x7f89d7c00000
[36m(vLLMHttpServer pid=36528)[0m HOSTQUEUE <0x564c79ffd640>: origin ptr: 0x7f89d3c00000, size byte: 603979776
[36m(vLLMHttpServer pid=36528)[0m 
[36m(vLLMHttpServer pid=36528)[0m HOSTQUEUE <0x564c79ffd640>: >>>>>>>> DUMP AQL 0x7fd060802000 PACKET WITH INDEX 84469 <<<<<<<<<
[36m(vLLMHttpServer pid=36528)[0m HOSTQUEUE <0x564c79ffd640>: >>>>>>>> MATCH KERNEL COMMAND <<<<<<<<<
[36m(vLLMHttpServer pid=36528)[0m HOSTQUEUE <0x564c79ffd640>: header: 0x1502
[36m(vLLMHttpServer pid=36528)[0m HOSTQUEUE <0x564c79ffd640>: setup: 3
[36m(vLLMHttpServer pid=36528)[0m HOSTQUEUE <0x564c79ffd640>: workgroup: x:256, y:1, z:1
[36m(vLLMHttpServer pid=36528)[0m HOSTQUEUE <0x564c79ffd640>: grid: x:8192, y:1, z:1
[36m(vLLMHttpServer pid=36528)[0m HOSTQUEUE <0x564c79ffd640>: group_segment_size: 19696
[36m(vLLMHttpServer pid=36528)[0m HOSTQUEUE <0x564c79ffd640>: private_segment_size: 656
[36m(vLLMHttpServer pid=36528)[0m HOSTQUEUE <0x564c79ffd640>: completion_signal: 0x7fd8721e2180
[36m(vLLMHttpServer pid=36528)[0m HOSTQUEUE <0x564c79ffd640>: kernel_object: 0x7fcf56e26880
[36m(vLLMHttpServer pid=36528)[0m HOSTQUEUE <0x564c79ffd640>: device id: 0
[36m(vLLMHttpServer pid=36528)[0m 
[36m(vLLMHttpServer pid=36528)[0m HOSTQUEUE <0x564c79ffd640>: >>>>>>>> FIND MATCH KERNEL DETAILS <<<<<<<<<
[36m(vLLMHttpServer pid=36528)[0m HOSTQUEUE <0x564c79ffd640>: kernel name: _Z23ncclDevKernel_Generic_424ncclDevKernelArgsStorageILm1024EE
[36m(vLLMHttpServer pid=36528)[0m HOSTQUEUE <0x564c79ffd640>: >>>>>>>> DUMP KERNEL ARGS: size: 1280 <<<<<<<<<
[36m(vLLMHttpServer pid=36528)[0m 
[36m(vLLMHttpServer pid=36528)[0m 00 10 30 8c cf 7f 00 00 ff ff ff ff 00 00 00 00 
[36m(vLLMHttpServer pid=36528)[0m 00 00 00 00 00 00 00 00 00 00 00 00 ff ff ff ff 
[36m(vLLMHttpServer pid=36528)[0m 00 00 00 00 00 00 00 00 00 00 00 00 00 00 00 00 
[36m(vLLMHttpServer pid=36528)[0m 00 80 b6 01 30 02 00 00 01 00 00 00 00 00 00 00 
[36m(vLLMHttpServer pid=36528)[0m 00 80 b6 01 30 02 00 00 01 00 00 00 00 00 00 00 
[36m(vLLMHttpServer pid=36528)[0m 00 80 b6 01 30 02 00 00 01 00 00 00 00 00 00 00 
[36m(vLLMHttpServer pid=36528)[0m 00 80 b6 01 30 02 00 00 01 00 00 00 00 00 00 00 
[36m(vLLMHttpServer pid=36528)[0m 00 80 b6 01 30 02 00 00 01 00 00 00 00 00 00 00 
[36m(vLLMHttpServer pid=36528)[0m 00 80 b6 01 30 02 00 00 01 00 00 00 00 00 00 00 
[36m(vLLMHttpServer pid=36528)[0m 00 80 b6 01 30 02 00 00 01 00 00 00 00 00 00 00 
[36m(vLLMHttpServer pid=36528)[0m 00 80 b6 01 30 02 00 00 01 00 00 00 00 00 00 00 
[36m(vLLMHttpServer pid=36528)[0m 00 80 b6 01 30 02 00 00 01 00 00 00 00 00 00 00 
[36m(vLLMHttpServer pid=36528)[0m 00 80 b6 01 30 02 00 00 01 00 00 00 00 00 00 00 
[36m(vLLMHttpServer pid=36528)[0m 00 80 b6 01 30 02 00 00 01 00 00 00 00 00 00 00 
[36m(vLLMHttpServer pid=36528)[0m 00 80 b6 01 30 02 00 00 01 00 00 00 00 00 00 00 
[36m(vLLMHttpServer pid=36528)[0m 00 80 b6 01 30 02 00 00 01 00 00 00 00 00 00 00 
[36m(vLLMHttpServer pid=36528)[0m 00 80 b6 01 30 02 00 00 01 00 00 00 00 00 00 00 
[36m(vLLMHttpServer pid=36528)[0m 00 80 b6 01 30 02 00 00 01 00 00 00 00 00 00 00 
[36m(vLLMHttpServer pid=36528)[0m 00 80 b6 01 30 02 00 00 01 00 00 00 00 00 00 00 
[36m(vLLMHttpServer pid=36528)[0m 00 80 b6 01 30 02 00 00 01 00 00 00 00 00 00 00 
[36m(vLLMHttpServer pid=36528)[0m 00 80 b6 01 30 02 00 00 01 00 00 00 00 00 00 00 
[36m(vLLMHttpServer pid=36528)[0m 00 80 b6 01 30 02 00 00 01 00 00 00 00 00 00 00 
[36m(vLLMHttpServer pid=36528)[0m 00 80 b6 01 30 02 00 00 01 00 00 00 00 00 00 00 
[36m(vLLMHttpServer pid=36528)[0m 00 80 b6 01 30 02 00 00 01 00 00 00 00 00 00 00 
[36m(vLLMHttpServer pid=36528)[0m 00 80 b6 01 30 02 00 00 01 00 00 00 00 00 00 00 
[36m(vLLMHttpServer pid=36528)[0m 00 80 b6 01 30 02 00 00 01 00 00 00 00 00 00 00 
[36m(vLLMHttpServer pid=36528)[0m 00 80 b6 01 30 02 00 00 01 00 00 00 00 00 00 00 
[36m(vLLMHttpServer pid=36528)[0m 00 80 b6 01 30 02 00 00 01 00 00 00 00 00 00 00 
[36m(vLLMHttpServer pid=36528)[0m 00 80 b6 01 30 02 00 00 01 00 00 00 00 00 00 00 
[36m(vLLMHttpServer pid=36528)[0m 00 80 b6 01 30 02 00 00 01 00 00 00 00 00 00 00 
[36m(vLLMHttpServer pid=36528)[0m 00 80 b6 01 30 02 00 00 01 00 00 00 00 00 00 00 
[36m(vLLMHttpServer pid=36528)[0m 00 80 b6 01 30 02 00 00 01 00 00 00 00 00 00 00 
[36m(vLLMHttpServer pid=36528)[0m 00 80 b6 01 30 02 00 00 01 00 00 00 00 00 00 00 
[36m(vLLMHttpServer pid=36528)[0m 00 80 b6 01 30 02 00 00 01 00 00 00 00 00 00 00 
[36m(vLLMHttpServer pid=36528)[0m 00 80 b6 01 30 02 00 00 01 00 00 00 00 00 00 00 
[36m(vLLMHttpServer pid=36528)[0m 00 1f 04 08 00 00 00 00 00 00 00 00 00 00 00 00 
[36m(vLLMHttpServer pid=36528)[0m 00 00 40 c5 89 7f 00 00 00 00 40 c7 89 7f 00 00 
[36m(vLLMHttpServer pid=36528)[0m 00 00 08 00 00 00 00 00 00 00 08 00 00 00 00 00 
[36m(vLLMHttpServer pid=36528)[0m 00 00 08 00 00 00 00 00 00 08 00 00 01 00 20 00 
[36m(vLLMHttpServer pid=36528)[0m 00 00 00 00 00 00 00 00 41 00 00 00 00 00 00 00 
[36m(vLLMHttpServer pid=36528)[0m 00 00 00 00 00 00 00 00 81 00 00 00 00 00 00 00 
[36m(vLLMHttpServer pid=36528)[0m d0 40 0a 77 4c 56 00 00 80 91 e3 79 4c 56 00 00 
[36m(vLLMHttpServer pid=36528)[0m 20 00 00 00 00 00 00 00 20 00 00 00 00 00 00 00 
[36m(vLLMHttpServer pid=36528)[0m 05 ba 19 12 49 56 00 00 e0 1c 8a d2 d9 7f 00 00 
[36m(vLLMHttpServer pid=36528)[0m 00 00 00 00 00 00 00 00 41 00 00 00 00 00 00 00 
[36m(vLLMHttpServer pid=36528)[0m e0 aa 3d 75 4c 56 00 00 00 1f 0d 7a 4c 56 00 00 
[36m(vLLMHttpServer pid=36528)[0m 20 00 00 00 00 00 00 00 20 00 00 00 00 00 00 00 
[36m(vLLMHttpServer pid=36528)[0m 05 be ca 1e 49 56 00 00 c2 bd c2 b1 d9 7f 00 00 
[36m(vLLMHttpServer pid=36528)[0m 20 01 00 00 00 00 00 00 30 00 00 00 00 00 00 00 
[36m(vLLMHttpServer pid=36528)[0m 15 24 2b 12 49 56 00 00 c3 90 c2 b2 c3 90 c2 b0 
[36m(vLLMHttpServer pid=36528)[0m c3 90 c2 bd c3 90 c2 b8 c3 91 c4 b1 00 00 00 00 
[36m(vLLMHttpServer pid=36528)[0m e5 dd 37 1d 49 56 00 00 71 04 00 00 00 00 00 00 
[36m(vLLMHttpServer pid=36528)[0m 40 d0 ef 79 4c 56 00 00 20 97 1e 7a 4c 56 00 00 
[36m(vLLMHttpServer pid=36528)[0m 00 00 00 00 00 00 00 00 00 00 00 00 00 00 00 00 
[36m(vLLMHttpServer pid=36528)[0m 20 fe 07 7a 4c 56 00 00 e0 6c e4 76 4c 56 00 00 
[36m(vLLMHttpServer pid=36528)[0m 40 00 00 00 00 00 00 00 20 00 00 00 00 00 00 00 
[36m(vLLMHttpServer pid=36528)[0m c5 6f 38 12 49 56 00 00 e0 1c 8a d2 d9 7f 00 00 
[36m(vLLMHttpServer pid=36528)[0m 00 00 00 00 00 00 00 00 a1 00 00 00 00 00 00 00 
[36m(vLLMHttpServer pid=36528)[0m 90 8b 06 7a 4c 56 00 00 10 df 17 7a 4c 56 00 00 
[36m(vLLMHttpServer pid=36528)[0m 20 00 00 00 00 00 00 00 20 00 00 00 00 00 00 00 
[36m(vLLMHttpServer pid=36528)[0m a5 f8 ca 1e 49 56 00 00 c2 bf c4 a5 d9 7f 00 00 
[36m(vLLMHttpServer pid=36528)[0m 00 00 00 00 00 00 00 00 61 00 00 00 00 00 00 00 
[36m(vLLMHttpServer pid=36528)[0m 00 5e 20 7a 4c 56 00 00 80 39 e1 79 4c 56 00 00 
[36m(vLLMHttpServer pid=36528)[0m 00 00 00 00 00 00 00 00 41 00 00 00 00 00 00 00 
[36m(vLLMHttpServer pid=36528)[0m 20 00 00 00 01 00 00 00 01 00 00 00 00 01 01 00 
[36m(vLLMHttpServer pid=36528)[0m 01 00 00 00 00 00 00 00 00 00 00 00 00 00 00 00 
[36m(vLLMHttpServer pid=36528)[0m 00 00 00 00 00 00 00 00 00 00 00 00 00 00 00 00 
[36m(vLLMHttpServer pid=36528)[0m 00 00 00 00 00 00 00 00 00 00 00 00 00 00 00 00 
[36m(vLLMHttpServer pid=36528)[0m 03 00 00 00 00 00 00 00 00 00 00 00 00 00 00 00 
[36m(vLLMHttpServer pid=36528)[0m 00 00 a0 e9 ce 7f 00 00 00 00 00 00 00 00 00 00 
[36m(vLLMHttpServer pid=36528)[0m 00 00 00 00 00 00 00 00 00 00 00 00 00 00 00 00 
[36m(vLLMHttpServer pid=36528)[0m 00 00 00 00 00 00 00 00 00 00 00 00 00 00 00 00 
[36m(vLLMHttpServer pid=36528)[0m 80 00 00 00 00 00 00 00 00 00 00 00 00 00 00 00 
[36m(vLLMHttpServer pid=36528)[0m 5c 00 00 00 00 00 00 00 00 00 00 00 00 00 00 00 
[36m(vLLMHttpServer pid=36528)[0m 00 00 00 00 00 00 00 00 00 00 00 00 00 00 00 00 
[36m(vLLMHttpServer pid=36528)[0m 00 d2 df ea ce 7f 00 00 02 00 00 00 00 00 00 00 
[36m(vLLMHttpServer pid=36528)[0m 00 00 80 3f 00 00 00 00 01 00 00 00 01 00 00 00 
[36m(vLLMHttpServer pid=36528)[0m 01 00 00 00 00 01 01 00 01 00 00 00 00 00 00 00 
[36m(vLLMHttpServer pid=36528)[0m 00 00 00 00 00 00 00 00 00 00 00 00 00 00 00 00 
[36m(vLLMHttpServer pid=36528)[0m 00 00 00 00 00 00 00 00 00 00 00 00 00 00 00 00 
[36m(vLLMHttpServer pid=36528)[0m 
[36m(vLLMHttpServer pid=36528)[0m HOSTQUEUE <0x564c79ffd640>: >>>>>>>> DUMP KERNEL ARGS PTR INFO <<<<<<<<<
[36m(vLLMHttpServer pid=36528)[0m HOSTQUEUE <0x564c79ffd640>: ptr arg index: 0, ptr: 0x7fcf8c301000
[36m(vLLMHttpServer pid=36528)[0m HOSTQUEUE <0x564c79ffd640>: origin ptr: 0x7fcf8c301000, size byte: 49264
[36m(vLLMHttpServer pid=36528)[0m HOSTQUEUE <0x564c79ffd640>: ptr arg index: 72, ptr: 0x7f89c5400000
[36m(vLLMHttpServer pid=36528)[0m HOSTQUEUE <0x564c79ffd640>: origin ptr: 0x7f89c1400000, size byte: 150994944
[36m(vLLMHttpServer pid=36528)[0m HOSTQUEUE <0x564c79ffd640>: ptr arg index: 73, ptr: 0x7f89c7400000
[36m(vLLMHttpServer pid=36528)[0m HOSTQUEUE <0x564c79ffd640>: origin ptr: 0x7f89c1400000, size byte: 150994944
[36m(vLLMHttpServer pid=36528)[0m HOSTQUEUE <0x564c79ffd640>: ptr arg index: 138, ptr: 0x7fcee9a00000
[36m(vLLMHttpServer pid=36528)[0m HOSTQUEUE <0x564c79ffd640>: origin ptr: 0x7fcee9a00000, size byte: 11865656
[36m(vLLMHttpServer pid=36528)[0m HOSTQUEUE <0x564c79ffd640>: ptr arg index: 150, ptr: 0x7fceeadfd200
[36m(vLLMHttpServer pid=36528)[0m HOSTQUEUE <0x564c79ffd640>: origin ptr: 0x7fceeac00000, size byte: 2097152
[36m(vLLMHttpServer pid=36528)[0m 
[36m(vLLMHttpServer pid=36528)[0m HOSTQUEUE <0x564c79ffd640>: >>>>>>>> DUMP AQL 0x7fd060802000 PACKET WITH INDEX 84470 <<<<<<<<<
[36m(vLLMHttpServer pid=36528)[0m HOSTQUEUE <0x564c79ffd640>: >>>>>>>> MATCH KERNEL COMMAND <<<<<<<<<
[36m(vLLMHttpServer pid=36528)[0m HOSTQUEUE <0x564c79ffd640>: header: 0xb02
[36m(vLLMHttpServer pid=36528)[0m HOSTQUEUE <0x564c79ffd640>: setup: 1
[36m(vLLMHttpServer pid=36528)[0m HOSTQUEUE <0x564c79ffd640>: workgroup: x:1024, y:1, z:1
[36m(vLLMHttpServer pid=36528)[0m HOSTQUEUE <0x564c79ffd640>: grid: x:4195328, y:1, z:1
[36m(vLLMHttpServer pid=36528)[0m HOSTQUEUE <0x564c79ffd640>: group_segment_size: 0
[36m(vLLMHttpServer pid=36528)[0m HOSTQUEUE <0x564c79ffd640>: private_segment_size: 0
[36m(vLLMHttpServer pid=36528)[0m HOSTQUEUE <0x564c79ffd640>: completion_signal: 0x0
[36m(vLLMHttpServer pid=36528)[0m HOSTQUEUE <0x564c79ffd640>: kernel_object: 0x7fcf9c3ae800
[36m(vLLMHttpServer pid=36528)[0m HOSTQUEUE <0x564c79ffd640>: device id: 0
[36m(vLLMHttpServer pid=36528)[0m 
[36m(vLLMHttpServer pid=36528)[0m HOSTQUEUE <0x5567c798de30>: >>>>>>>> FIND MATCH KERNEL DETAILS <<<<<<<<<
[36m(vLLMHttpServer pid=36528)[0m HOSTQUEUE <0x5567c798de30>: kernel name: fused_moe_kernel
[36m(vLLMHttpServer pid=36528)[0m HOSTQUEUE <0x5567c798de30>: >>>>>>>> DUMP KERNEL ARGS: size: 136 <<<<<<<<<
[36m(vLLMHttpServer pid=36528)[0m 
[36m(vLLMHttpServer pid=36528)[0m 00 00 e0 7c ce 7e 00 00 00 00 80 c6 d3 7e 00 00 
[36m(vLLMHttpServer pid=36528)[0m 00 00 e0 8c ce 7e 00 00 00 fa b3 e4 13 7f 00 00 
[36m(vLLMHttpServer pid=36528)[0m 00 00 a0 93 cf 7e 00 00 00 8a be e4 13 7f 00 00 
[36m(vLLMHttpServer pid=36528)[0m 00 de bf e4 13 7f 00 00 00 08 00 00 00 02 00 00 
[36m(vLLMHttpServer pid=36528)[0m 00 7f 01 00 00 00 01 00 00 02 00 00 00 00 14 00 
[36m(vLLMHttpServer pid=36528)[0m 80 02 00 00 00 08 00 00 00 00 00 00 00 00 00 00 
[36m(vLLMHttpServer pid=36528)[0m 00 00 00 00 00 00 00 00 00 00 00 00 00 00 00 00 
[36m(vLLMHttpServer pid=36528)[0m 00 00 00 00 00 00 00 00 00 00 00 00 00 00 00 00 
[36m(vLLMHttpServer pid=36528)[0m 00 00 00 00 00 00 00 00 
[36m(vLLMHttpServer pid=36528)[0m 
[36m(vLLMHttpServer pid=36528)[0m HOSTQUEUE <0x5567c798de30>: >>>>>>>> DUMP KERNEL ARGS PTR INFO <<<<<<<<<
[36m(vLLMHttpServer pid=36528)[0m HOSTQUEUE <0x5567c798de30>: ptr arg index: 0, ptr: 0x7ece7ce00000
[36m(vLLMHttpServer pid=36528)[0m HOSTQUEUE <0x5567c798de30>: origin ptr: 0x7ece7ce00000, size byte: 536870912
[36m(vLLMHttpServer pid=36528)[0m HOSTQUEUE <0x5567c798de30>: ptr arg index: 1, ptr: 0x7ed3c6800000
[36m(vLLMHttpServer pid=36528)[0m HOSTQUEUE <0x5567c798de30>: origin ptr: 0x7ed3c6800000, size byte: 268435456
[36m(vLLMHttpServer pid=36528)[0m HOSTQUEUE <0x5567c798de30>: ptr arg index: 2, ptr: 0x7ece8ce00000
[36m(vLLMHttpServer pid=36528)[0m HOSTQUEUE <0x5567c798de30>: origin ptr: 0x7ece7ce00000, size byte: 536870912
[36m(vLLMHttpServer pid=36528)[0m HOSTQUEUE <0x5567c798de30>: ptr arg index: 3, ptr: 0x7f13e4b3fa00
[36m(vLLMHttpServer pid=36528)[0m HOSTQUEUE <0x5567c798de30>: origin ptr: 0x7f13e4a00000, size byte: 2097152
[36m(vLLMHttpServer pid=36528)[0m HOSTQUEUE <0x5567c798de30>: ptr arg index: 4, ptr: 0x7ecf93a00000
[36m(vLLMHttpServer pid=36528)[0m HOSTQUEUE <0x5567c798de30>: origin ptr: 0x7ecf93a00000, size byte: 2097152
[36m(vLLMHttpServer pid=36528)[0m HOSTQUEUE <0x5567c798de30>: ptr arg index: 5, ptr: 0x7f13e4be8a00
[36m(vLLMHttpServer pid=36528)[0m HOSTQUEUE <0x5567c798de30>: origin ptr: 0x7f13e4a00000, size byte: 2097152
[36m(vLLMHttpServer pid=36528)[0m HOSTQUEUE <0x5567c798de30>: ptr arg index: 6, ptr: 0x7f13e4bfde00
[36m(vLLMHttpServer pid=36528)[0m HOSTQUEUE <0x5567c798de30>: origin ptr: 0x7f13e4a00000, size byte: 2097152
[36m(vLLMHttpServer pid=36528)[0m 
[36m(vLLMHttpServer pid=36528)[0m HOSTQUEUE <0x5567c798de30>: >>>>>>>> DUMP AQL 0x7f149015e000 PACKET WITH INDEX 84246 <<<<<<<<<
[36m(vLLMHttpServer pid=36528)[0m 
[36m(vLLMHttpServer pid=36528)[0m HOSTQUEUE <0x5578b2e755b0>: >>>>>>>> DUMP AQL 0x7fc1ed20f000 PACKET WITH INDEX 84013 <<<<<<<<<
[36m(vLLMHttpServer pid=36528)[0m HOSTQUEUE <0x5567c798de30>: >>>>>>>> MATCH KERNEL COMMAND <<<<<<<<<
[36m(vLLMHttpServer pid=36528)[0m HOSTQUEUE <0x5578b2e755b0>: >>>>>>>> MATCH KERNEL COMMAND <<<<<<<<<
[36m(vLLMHttpServer pid=36528)[0m HOSTQUEUE <0x5567c798de30>: header: 0xb02
[36m(vLLMHttpServer pid=36528)[0m HOSTQUEUE <0x5578b2e755b0>: header: 0xb02
[36m(vLLMHttpServer pid=36528)[0m HOSTQUEUE <0x5567c798de30>: setup: 3
[36m(vLLMHttpServer pid=36528)[0m HOSTQUEUE <0x5578b2e755b0>: setup: 3
[36m(vLLMHttpServer pid=36528)[0m HOSTQUEUE <0x5567c798de30>: workgroup: x:64, y:2, z:1
[36m(vLLMHttpServer pid=36528)[0m HOSTQUEUE <0x5578b2e755b0>: workgroup: x:256, y:1, z:1
[36m(vLLMHttpServer pid=36528)[0m HOSTQUEUE <0x5567c798de30>: grid: x:2097152, y:2, z:1
[36m(vLLMHttpServer pid=36528)[0m HOSTQUEUE <0x5578b2e755b0>: grid: x:2097152, y:1, z:1
[36m(vLLMHttpServer pid=36528)[0m HOSTQUEUE <0x5567c798de30>: group_segment_size: 16
[36m(vLLMHttpServer pid=36528)[0m HOSTQUEUE <0x5578b2e755b0>: group_segment_size: 0
[36m(vLLMHttpServer pid=36528)[0m HOSTQUEUE <0x5567c798de30>: private_segment_size: 112
[36m(vLLMHttpServer pid=36528)[0m HOSTQUEUE <0x5578b2e755b0>: private_segment_size: 0
[36m(vLLMHttpServer pid=36528)[0m HOSTQUEUE <0x5567c798de30>: completion_signal: 0x0
[36m(vLLMHttpServer pid=36528)[0m HOSTQUEUE <0x5578b2e755b0>: completion_signal: 0x0
[36m(vLLMHttpServer pid=36528)[0m HOSTQUEUE <0x5567c798de30>: kernel_object: 0x7ed010227f40
[36m(vLLMHttpServer pid=36528)[0m HOSTQUEUE <0x5578b2e755b0>: kernel_object: 0x7f7c49866340
[36m(vLLMHttpServer pid=36528)[0m HOSTQUEUE <0x5567c798de30>: device id: 3
[36m(vLLMHttpServer pid=36528)[0m HOSTQUEUE <0x5578b2e755b0>: device id: 2
[36m(vLLMHttpServer pid=36528)[0m 
[36m(vLLMHttpServer pid=36528)[0m HOSTQUEUE <0x559dacd2a9c0>: >>>>>>>> DUMP AQL 0x7fdc94378000 PACKET WITH INDEX 84416 <<<<<<<<<
[36m(vLLMHttpServer pid=36528)[0m HOSTQUEUE <0x559dacd2a9c0>: >>>>>>>> MATCH KERNEL COMMAND <<<<<<<<<
[36m(vLLMHttpServer pid=36528)[0m HOSTQUEUE <0x559dacd2a9c0>: header: 0xb02
[36m(vLLMHttpServer pid=36528)[0m HOSTQUEUE <0x559dacd2a9c0>: setup: 3
[36m(vLLMHttpServer pid=36528)[0m HOSTQUEUE <0x559dacd2a9c0>: workgroup: x:256, y:1, z:1
[36m(vLLMHttpServer pid=36528)[0m HOSTQUEUE <0x559dacd2a9c0>: grid: x:2097152, y:1, z:1
[36m(vLLMHttpServer pid=36528)[0m HOSTQUEUE <0x559dacd2a9c0>: group_segment_size: 0
[36m(vLLMHttpServer pid=36528)[0m HOSTQUEUE <0x559dacd2a9c0>: private_segment_size: 0
[36m(vLLMHttpServer pid=36528)[0m HOSTQUEUE <0x559dacd2a9c0>: completion_signal: 0x0
[36m(vLLMHttpServer pid=36528)[0m HOSTQUEUE <0x559dacd2a9c0>: kernel_object: 0x7f97b1066340
[36m(vLLMHttpServer pid=36528)[0m HOSTQUEUE <0x559dacd2a9c0>: device id: 1
[36m(vLLMHttpServer pid=36528)[0m 
[36m(vLLMHttpServer pid=36528)[0m HOSTQUEUE <0x5578b2e755b0>: >>>>>>>> FIND MATCH KERNEL DETAILS <<<<<<<<<
[36m(vLLMHttpServer pid=36528)[0m HOSTQUEUE <0x5578b2e755b0>: kernel name: _ZN2at6native29vectorized_elementwise_kernelILi8ENS0_15CUDAFunctor_addIN3c108BFloat16EEESt5arrayIPcLm3EEEEviT0_T1_
[36m(vLLMHttpServer pid=36528)[0m HOSTQUEUE <0x5578b2e755b0>: >>>>>>>> DUMP KERNEL ARGS: size: 32 <<<<<<<<<
[36m(vLLMHttpServer pid=36528)[0m 
[36m(vLLMHttpServer pid=36528)[0m 00 00 00 01 00 00 80 3f 00 00 c0 70 7b 7f 00 00 
[36m(vLLMHttpServer pid=36528)[0m 00 00 c0 6e 7b 7f 00 00 00 00 c0 6c 7b 7f 00 00 
[36m(vLLMHttpServer pid=36528)[0m 
[36m(vLLMHttpServer pid=36528)[0m HOSTQUEUE <0x5578b2e755b0>: >>>>>>>> DUMP KERNEL ARGS PTR INFO <<<<<<<<<
[36m(vLLMHttpServer pid=36528)[0m HOSTQUEUE <0x5578b2e755b0>: ptr arg index: 1, ptr: 0x7f7b70c00000
[36m(vLLMHttpServer pid=36528)[0m HOSTQUEUE <0x5578b2e755b0>: origin ptr: 0x7f7b6cc00000, size byte: 603979776
[36m(vLLMHttpServer pid=36528)[0m HOSTQUEUE <0x5578b2e755b0>: ptr arg index: 2, ptr: 0x7f7b6ec00000
[36m(vLLMHttpServer pid=36528)[0m HOSTQUEUE <0x5578b2e755b0>: origin ptr: 0x7f7b6cc00000, size byte: 603979776
[36m(vLLMHttpServer pid=36528)[0m HOSTQUEUE <0x5578b2e755b0>: ptr arg index: 3, ptr: 0x7f7b6cc00000
[36m(vLLMHttpServer pid=36528)[0m HOSTQUEUE <0x5578b2e755b0>: origin ptr: 0x7f7b6cc00000, size byte: 603979776
[36m(vLLMHttpServer pid=36528)[0m 
[36m(vLLMHttpServer pid=36528)[0m HOSTQUEUE <0x5578b2e755b0>: >>>>>>>> DUMP AQL 0x7fc1ed20f000 PACKET WITH INDEX 84014 <<<<<<<<<
[36m(vLLMHttpServer pid=36528)[0m HOSTQUEUE <0x5578b2e755b0>: >>>>>>>> MATCH KERNEL COMMAND <<<<<<<<<
[36m(vLLMHttpServer pid=36528)[0m HOSTQUEUE <0x5578b2e755b0>: header: 0x1502
[36m(vLLMHttpServer pid=36528)[0m HOSTQUEUE <0x5578b2e755b0>: setup: 3
[36m(vLLMHttpServer pid=36528)[0m HOSTQUEUE <0x5578b2e755b0>: workgroup: x:256, y:1, z:1
[36m(vLLMHttpServer pid=36528)[0m HOSTQUEUE <0x5578b2e755b0>: grid: x:8192, y:1, z:1
[36m(vLLMHttpServer pid=36528)[0m HOSTQUEUE <0x5578b2e755b0>: group_segment_size: 19696
[36m(vLLMHttpServer pid=36528)[0m HOSTQUEUE <0x5578b2e755b0>: private_segment_size: 656
[36m(vLLMHttpServer pid=36528)[0m HOSTQUEUE <0x5578b2e755b0>: completion_signal: 0x7fca079eb500
[36m(vLLMHttpServer pid=36528)[0m HOSTQUEUE <0x5578b2e755b0>: kernel_object: 0x7fc0f6e26880
[36m(vLLMHttpServer pid=36528)[0m HOSTQUEUE <0x5578b2e755b0>: device id: 2
[36m(vLLMHttpServer pid=36528)[0m 
[36m(vLLMHttpServer pid=36528)[0m HOSTQUEUE <0x5578b2e755b0>: >>>>>>>> FIND MATCH KERNEL DETAILS <<<<<<<<<
[36m(vLLMHttpServer pid=36528)[0m HOSTQUEUE <0x5578b2e755b0>: kernel name: _Z23ncclDevKernel_Generic_424ncclDevKernelArgsStorageILm1024EE
[36m(vLLMHttpServer pid=36528)[0m HOSTQUEUE <0x5578b2e755b0>: >>>>>>>> DUMP KERNEL ARGS: size: 1280 <<<<<<<<<
[36m(vLLMHttpServer pid=36528)[0m 
[36m(vLLMHttpServer pid=36528)[0m 00 10 f0 f1 c0 7f 00 00 ff ff ff ff 00 00 00 00 
[36m(vLLMHttpServer pid=36528)[0m 00 00 00 00 00 00 00 00 00 00 00 00 ff ff ff ff 
[36m(vLLMHttpServer pid=36528)[0m 00 00 00 00 00 00 00 00 00 00 00 00 00 00 00 00 
[36m(vLLMHttpServer pid=36528)[0m 00 80 b6 01 30 02 00 00 01 00 00 00 00 00 00 00 
[36m(vLLMHttpServer pid=36528)[0m 00 80 b6 01 30 02 00 00 01 00 00 00 00 00 00 00 
[36m(vLLMHttpServer pid=36528)[0m 00 80 b6 01 30 02 00 00 01 00 00 00 00 00 00 00 
[36m(vLLMHttpServer pid=36528)[0m 00 80 b6 01 30 02 00 00 01 00 00 00 00 00 00 00 
[36m(vLLMHttpServer pid=36528)[0m 00 80 b6 01 30 02 00 00 01 00 00 00 00 00 00 00 
[36m(vLLMHttpServer pid=36528)[0m 00 80 b6 01 30 02 00 00 01 00 00 00 00 00 00 00 
[36m(vLLMHttpServer pid=36528)[0m 00 80 b6 01 30 02 00 00 01 00 00 00 00 00 00 00 
[36m(vLLMHttpServer pid=36528)[0m 00 80 b6 01 30 02 00 00 01 00 00 00 00 00 00 00 
[36m(vLLMHttpServer pid=36528)[0m 00 80 b6 01 30 02 00 00 01 00 00 00 00 00 00 00 
[36m(vLLMHttpServer pid=36528)[0m 00 80 b6 01 30 02 00 00 01 00 00 00 00 00 00 00 
[36m(vLLMHttpServer pid=36528)[0m 00 80 b6 01 30 02 00 00 01 00 00 00 00 00 00 00 
[36m(vLLMHttpServer pid=36528)[0m 00 80 b6 01 30 02 00 00 01 00 00 00 00 00 00 00 
[36m(vLLMHttpServer pid=36528)[0m 00 80 b6 01 30 02 00 00 01 00 00 00 00 00 00 00 
[36m(vLLMHttpServer pid=36528)[0m 00 80 b6 01 30 02 00 00 01 00 00 00 00 00 00 00 
[36m(vLLMHttpServer pid=36528)[0m 00 80 b6 01 30 02 00 00 01 00 00 
[36m(vLLMHttpServer pid=36528)[0m HOSTQUEUE <0x559dacd2a9c0>: >>>>>>>> FIND MATCH KERNEL DETAILS <<<<<<<<<
[36m(vLLMHttpServer pid=36528)[0m 00 HOSTQUEUE <0x559dacd2a9c0>: kernel name: _ZN2at6native29vectorized_elementwise_kernelILi8ENS0_15CUDAFunctor_addIN3c108BFloat16EEESt5arrayIPcLm3EEEEviT0_T1_
[36m(vLLMHttpServer pid=36528)[0m 00 HOSTQUEUE <0x559dacd2a9c0>: >>>>>>>> DUMP KERNEL ARGS: size: 32 <<<<<<<<<
[36m(vLLMHttpServer pid=36528)[0m 00 
[36m(vLLMHttpServer pid=36528)[0m 00 00 00 00 
[36m(vLLMHttpServer pid=36528)[0m 00 00 01 80 00 b6 00 01 80 30 3f 02 00 00 00 00 80 01 d9 00 96 00 7f 00 00 00 00 00 
[36m(vLLMHttpServer pid=36528)[0m 00 00 00 00 
[36m(vLLMHttpServer pid=36528)[0m 80 00 d7 80 96 b6 7f 01 00 30 00 02 00 00 00 00 80 01 d5 00 96 00 7f 00 00 00 00 00 
[36m(vLLMHttpServer pid=36528)[0m 
[36m(vLLMHttpServer pid=36528)[0m 00 HOSTQUEUE <0x559dacd2a9c0>: >>>>>>>> DUMP KERNEL ARGS PTR INFO <<<<<<<<<
[36m(vLLMHttpServer pid=36528)[0m 00 
[36m(vLLMHttpServer pid=36528)[0m 00 80 b6 01 30 HOSTQUEUE <0x559dacd2a9c0>: ptr arg index: 1, ptr: 0x7f96d9800000
[36m(vLLMHttpServer pid=36528)[0m 02 HOSTQUEUE <0x559dacd2a9c0>: origin ptr: 0x7f96d5800000, size byte: 603979776
[36m(vLLMHttpServer pid=36528)[0m 00 HOSTQUEUE <0x559dacd2a9c0>: ptr arg index: 2, ptr: 0x7f96d7800000
[36m(vLLMHttpServer pid=36528)[0m 00 HOSTQUEUE <0x559dacd2a9c0>: origin ptr: 0x7f96d5800000, size byte: 603979776
[36m(vLLMHttpServer pid=36528)[0m 01 HOSTQUEUE <0x559dacd2a9c0>: ptr arg index: 3, ptr: 0x7f96d5800000
[36m(vLLMHttpServer pid=36528)[0m 00 HOSTQUEUE <0x559dacd2a9c0>: origin ptr: 0x7f96d5800000, size byte: 603979776
[36m(vLLMHttpServer pid=36528)[0m 00 
[36m(vLLMHttpServer pid=36528)[0m HOSTQUEUE <0x559dacd2a9c0>: >>>>>>>> DUMP AQL 0x7fdc94378000 PACKET WITH INDEX 84417 <<<<<<<<<
[36m(vLLMHttpServer pid=36528)[0m 00 HOSTQUEUE <0x559dacd2a9c0>: >>>>>>>> MATCH KERNEL COMMAND <<<<<<<<<
[36m(vLLMHttpServer pid=36528)[0m 00 HOSTQUEUE <0x559dacd2a9c0>: header: 0x1502
[36m(vLLMHttpServer pid=36528)[0m 00 HOSTQUEUE <0x559dacd2a9c0>: setup: 3
[36m(vLLMHttpServer pid=36528)[0m 00 HOSTQUEUE <0x559dacd2a9c0>: workgroup: x:256, y:1, z:1
[36m(vLLMHttpServer pid=36528)[0m 00 HOSTQUEUE <0x559dacd2a9c0>: grid: x:8192, y:1, z:1
[36m(vLLMHttpServer pid=36528)[0m 
[36m(vLLMHttpServer pid=36528)[0m HOSTQUEUE <0x559dacd2a9c0>: group_segment_size: 19696
[36m(vLLMHttpServer pid=36528)[0m 00 HOSTQUEUE <0x559dacd2a9c0>: private_segment_size: 656
[36m(vLLMHttpServer pid=36528)[0m 80 HOSTQUEUE <0x559dacd2a9c0>: completion_signal: 0x7fe56a9f6e80
[36m(vLLMHttpServer pid=36528)[0m b6 HOSTQUEUE <0x559dacd2a9c0>: kernel_object: 0x7fdc69426880
[36m(vLLMHttpServer pid=36528)[0m 01 HOSTQUEUE <0x559dacd2a9c0>: device id: 1
[36m(vLLMHttpServer pid=36528)[0m 30 02 00 00 01 00 00 00 00 00 00 00 
[36m(vLLMHttpServer pid=36528)[0m 00 80 b6 01 30 02 00 00 01 00 00 00 00 00 00 00 
[36m(vLLMHttpServer pid=36528)[0m 00 80 b6 01 30 02 00 00 01 00 00 00 00 00 00 00 
[36m(vLLMHttpServer pid=36528)[0m 00 80 b6 01 30 02 00 00 01 00 00 00 00 00 00 00 
[36m(vLLMHttpServer pid=36528)[0m 00 80 b6 01 30 02 00 00 01 00 00 00 00 00 00 00 
[36m(vLLMHttpServer pid=36528)[0m 00 80 b6 01 30 02 00 00 01 00 00 00 00 00 00 00 
[36m(vLLMHttpServer pid=36528)[0m 00 80 b6 01 30 02 00 00 01 00 00 00 00 00 00 00 
[36m(vLLMHttpServer pid=36528)[0m 00 80 b6 01 30 02 00 00 01 00 00 00 00 00 00 00 
[36m(vLLMHttpServer pid=36528)[0m 00 80 b6 01 30 02 00 00 01 00 00 00 00 00 00 00 
[36m(vLLMHttpServer pid=36528)[0m 00 80 b6 01 30 02 00 00 01 00 00 00 00 00 00 00 
[36m(vLLMHttpServer pid=36528)[0m 00 80 b6 01 30 02 00 00 01 00 00 00 00 00 00 00 
[36m(vLLMHttpServer pid=36528)[0m 00 80 b6 01 30 02 00 00 01 00 00 00 00 00 00 00 
[36m(vLLMHttpServer pid=36528)[0m 00 80 b6 01 30 02 00 00 01 00 00 00 00 00 00 00 
[36m(vLLMHttpServer pid=36528)[0m 00 80 b6 01 30 02 00 00 01 00 00 00 00 00 00 00 
[36m(vLLMHttpServer pid=36528)[0m 00 1f 04 08 00 00 00 00 00 00 00 00 00 00 00 00 
[36m(vLLMHttpServer pid=36528)[0m 00 00 c0 6c 7b 7f 00 00 00 00 c0 70 7b 7f 00 00 
[36m(vLLMHttpServer pid=36528)[0m 00 00 08 00 00 00 00 00 00 00 08 00 00 00 00 00 
[36m(vLLMHttpServer pid=36528)[0m 00 00 08 00 00 00 00 00 00 08 00 00 01 00 20 00 
[36m(vLLMHttpServer pid=36528)[0m 00 00 00 00 00 00 00 00 41 00 00 00 00 00 00 00 
[36m(vLLMHttpServer pid=36528)[0m fd 05 ff ff ff ff ff ff ff ff 42 07 ff ff ff ff 
[36m(vLLMHttpServer pid=36528)[0m ff ff cc 05 ff ff 83 05 ff ff ff ff ff ff ff ff 
[36m(vLLMHttpServer pid=36528)[0m c0 00 ff ff ff ff ff ff ff ff ff ff 35 05 49 08 
[36m(vLLMHttpServer pid=36528)[0m ff ff ff ff ff ff ff ff ff ff ff ff cc 03 bc 01 
[36m(vLLMHttpServer pid=36528)[0m 48 08 ff ff ff ff ff ff 6d 03 ff ff ff ff ff ff 
[36m(vLLMHttpServer pid=36528)[0m ff ff ff ff 5e 06 ff ff b7 01 ff ff ff ff 2d 06 
[36m(vLLMHttpServer pid=36528)[0m 08 00 ff ff ff ff ff ff f3 09 ff ff ff ff ff ff 
[36m(vLLMHttpServer pid=36528)[0m ff ff 09 00 ff ff ff 00 76 01 ff ff ff ff ff ff 
[36m(vLLMHttpServer pid=36528)[0m ff ff ff ff ff ff ff ff ff ff ff ff 15 02 ff ff 
[36m(vLLMHttpServer pid=36528)[0m ff ff ff ff ff ff ff ff ff ff ff ff ff ff ff ff 
[36m(vLLMHttpServer pid=36528)[0m ff ff ff ff 14 02 ed 06 ff ff ff ff ff ff ff ff 
[36m(vLLMHttpServer pid=36528)[0m ff ff ff ff ff ff c5 03 ff ff ff ff 7c 05 ff ff 
[36m(vLLMHttpServer pid=36528)[0m ff ff ff ff ff ff fa 05 ff ff ff ff ff ff ff ff 
[36m(vLLMHttpServer pid=36528)[0m ff ff ff ff cc 00 19 07 ff ff ff ff ff ff ff ff 
[36m(vLLMHttpServer pid=36528)[0m ff ff 16 02 ff ff ff ff ff ff ff ff ff ff ff ff 
[36m(vLLMHttpServer pid=36528)[0m ff ff cb 03 ff ff 7e 07 ff ff ff ff ff ff 82 03 
[36m(vLLMHttpServer pid=36528)[0m ff ff ff ff ff ff ff ff ff ff ff ff ff ff ff ff 
[36m(vLLMHttpServer pid=36528)[0m ff ff ff ff 01 05 ff ff ff ff ff ff f4 09 ff ff 
[36m(vLLMHttpServer pid=36528)[0m 23 02 5d 0a ff ff 37 02 ff ff 25 02 ff ff ff ff 
[36m(vLLMHttpServer pid=36528)[0m c5 01 ff ff ff ff ff ff f6 06 2d 02 ff ff ff ff 
[36m(vLLMHttpServer pid=36528)[0m ff ff 8c 06 ff ff ff ff 2c 05 ff ff ff ff 4e 05 
[36m(vLLMHttpServer pid=36528)[0m ff ff ff ff ff ff ff ff ff ff 20 07 ff ff ff ff 
[36m(vLLMHttpServer pid=36528)[0m ff ff ff ff ff ff ff ff 81 03 ff ff ff ff ff ff 
[36m(vLLMHttpServer pid=36528)[0m ff ff ff ff ff ff d1 0a 97 07 ff ff ff ff 65 06 
[36m(vLLMHttpServer pid=36528)[0m 20 00 00 00 01 00 00 00 01 00 00 00 00 01 01 00 
[36m(vLLMHttpServer pid=36528)[0m 01 00 00 00 00 00 00 00 00 00 00 00 00 00 00 00 
[36m(vLLMHttpServer pid=36528)[0m 00 00 00 00 00 00 00 00 00 00 00 00 00 00 00 00 
[36m(vLLMHttpServer pid=36528)[0m 00 00 00 00 00 00 00 00 00 00 00 00 00 00 00 00 
[36m(vLLMHttpServer pid=36528)[0m 03 00 00 00 00 00 00 00 00 00 00 00 00 00 00 00 
[36m(vLLMHttpServer pid=36528)[0m 00 00 e0 83 c0 7f 00 00 00 00 00 00 00 00 00 00 
[36m(vLLMHttpServer pid=36528)[0m 60 03 00 00 00 00 01 00 01 00 00 00 80 04 00 00 
[36m(vLLMHttpServer pid=36528)[0m 00 00 00 00 04 00 00 00 00 01 00 00 20 00 00 00 
[36m(vLLMHttpServer pid=36528)[0m 80 00 00 00 00 00 00 00 00 00 00 00 00 00 00 00 
[36m(vLLMHttpServer pid=36528)[0m 5c 00 00 00 00 00 00 00 00 00 00 00 00 00 00 00 
[36m(vLLMHttpServer pid=36528)[0m 00 00 00 00 00 00 00 00 00 00 00 00 00 00 00 00 
[36m(vLLMHttpServer pid=36528)[0m 00 d2 1f 85 c0 7f 00 00 02 00 00 00 00 00 00 00 
[36m(vLLMHttpServer pid=36528)[0m 00 00 80 3f 00 00 00 00 01 00 00 00 01 00 00 00 
[36m(vLLMHttpServer pid=36528)[0m 01 00 00 00 00 01 01 00 01 00 00 00 00 00 00 00 
[36m(vLLMHttpServer pid=36528)[0m 00 
[36m(vLLMHttpServer pid=36528)[0m HOSTQUEUE <0x5567c798de30>: >>>>>>>> FIND MATCH KERNEL DETAILS <<<<<<<<<
[36m(vLLMHttpServer pid=36528)[0m 00 HOSTQUEUE <0x5567c798de30>: kernel name: _ZN2at6native13reduce_kernelILi128ELi4ENS0_8ReduceOpIN3c108BFloat16ENS0_14func_wrapper_tIS4_ZNS0_11sum_functorIS4_fS4_EclERNS_14TensorIteratorEEUlffE_EEjS4_Li4ELi8EEEEEvT1_
[36m(vLLMHttpServer pid=36528)[0m 00 HOSTQUEUE <0x5567c798de30>: >>>>>>>> DUMP KERNEL ARGS: size: 976 <<<<<<<<<
[36m(vLLMHttpServer pid=36528)[0m 00 
[36m(vLLMHttpServer pid=36528)[0m 00 00 00 00 00 00 00 00 00 00 00 00 00 00 00 00 00 04 00 00 00 00 00 00 
[36m(vLLMHttpServer pid=36528)[0m 08 00 00 00 00 00 00 00 
[36m(vLLMHttpServer pid=36528)[0m 00 00 00 00 00 00 00 01 00 01 00 00 00 00 00 00 00 80 00 00 00 00 00 00 
[36m(vLLMHttpServer pid=36528)[0m 
[36m(vLLMHttpServer pid=36528)[0m 01 HOSTQUEUE <0x5578b2e755b0>: >>>>>>>> DUMP KERNEL ARGS PTR INFO <<<<<<<<<
[36m(vLLMHttpServer pid=36528)[0m 00 00 HOSTQUEUE <0x5578b2e755b0>: ptr arg index: 0, ptr: 0x7fc0f1f01000
[36m(vLLMHttpServer pid=36528)[0m 00 HOSTQUEUE <0x5578b2e755b0>: origin ptr: 0x7fc0f1f01000, size byte: 49264
[36m(vLLMHttpServer pid=36528)[0m 
[36m(vLLMHttpServer pid=36528)[0m 00 00 00 HOSTQUEUE <0x5578b2e755b0>: ptr arg index: 72, ptr: 0x7f7b6cc00000
[36m(vLLMHttpServer pid=36528)[0m 00 HOSTQUEUE <0x5578b2e755b0>: origin ptr: 0x7f7b6cc00000, size byte: 603979776
[36m(vLLMHttpServer pid=36528)[0m 00 HOSTQUEUE <0x5578b2e755b0>: ptr arg index: 73, ptr: 0x7f7b70c00000
[36m(vLLMHttpServer pid=36528)[0m 00 HOSTQUEUE <0x5578b2e755b0>: origin ptr: 0x7f7b6cc00000, size byte: 603979776
[36m(vLLMHttpServer pid=36528)[0m 00 00 00 00 HOSTQUEUE <0x5578b2e755b0>: ptr arg index: 138, ptr: 0x7fc083e00000
[36m(vLLMHttpServer pid=36528)[0m 00 HOSTQUEUE <0x5578b2e755b0>: origin ptr: 0x7fc083e00000, size byte: 11865656
[36m(vLLMHttpServer pid=36528)[0m 00 HOSTQUEUE <0x5578b2e755b0>: ptr arg index: 150, ptr: 0x7fc0851fd200
[36m(vLLMHttpServer pid=36528)[0m 01 HOSTQUEUE <0x5578b2e755b0>: origin ptr: 0x7fc085000000, size byte: 2097152
[36m(vLLMHttpServer pid=36528)[0m 00 
[36m(vLLMHttpServer pid=36528)[0m HOSTQUEUE <0x5578b2e755b0>: >>>>>>>> DUMP AQL 0x7fc1ed20f000 PACKET WITH INDEX 84015 <<<<<<<<<
[36m(vLLMHttpServer pid=36528)[0m 00 HOSTQUEUE <0x5578b2e755b0>: >>>>>>>> MATCH KERNEL COMMAND <<<<<<<<<
[36m(vLLMHttpServer pid=36528)[0m 00 HOSTQUEUE <0x5578b2e755b0>: header: 0xb02
[36m(vLLMHttpServer pid=36528)[0m 
[36m(vLLMHttpServer pid=36528)[0m HOSTQUEUE <0x5578b2e755b0>: setup: 1
[36m(vLLMHttpServer pid=36528)[0m 40 HOSTQUEUE <0x5578b2e755b0>: workgroup: x:1024, y:1, z:1
[36m(vLLMHttpServer pid=36528)[0m 00 HOSTQUEUE <0x5578b2e755b0>: grid: x:4195328, y:1, z:1
[36m(vLLMHttpServer pid=36528)[0m 00 HOSTQUEUE <0x5578b2e755b0>: group_segment_size: 0
[36m(vLLMHttpServer pid=36528)[0m 00 HOSTQUEUE <0x5578b2e755b0>: private_segment_size: 0
[36m(vLLMHttpServer pid=36528)[0m 40 HOSTQUEUE <0x5578b2e755b0>: completion_signal: 0x0
[36m(vLLMHttpServer pid=36528)[0m 00 HOSTQUEUE <0x5578b2e755b0>: kernel_object: 0x7fc1185e6800
[36m(vLLMHttpServer pid=36528)[0m 00 HOSTQUEUE <0x5578b2e755b0>: device id: 2
[36m(vLLMHttpServer pid=36528)[0m 00 02 00 00 00 80 00 00 00 
[36m(vLLMHttpServer pid=36528)[0m 00 00 00 00 04 00 00 00 01 00 00 00 08 00 00 00 
[36m(vLLMHttpServer pid=36528)[0m 01 00 00 00 03 00 00 00 00 00 00 00 00 00 00 00 
[36m(vLLMHttpServer pid=36528)[0m 00 00 00 00 00 00 00 00 00 00 00 00 00 00 00 00 
[36m(vLLMHttpServer pid=36528)[0m 00 00 00 00 00 00 00 00 00 00 00 00 00 00 00 00 
[36m(vLLMHttpServer pid=36528)[0m 00 00 00 00 00 00 00 00 00 00 00 00 00 00 00 00 
[36m(vLLMHttpServer pid=36528)[0m 00 00 00 00 00 00 00 00 00 00 00 00 00 00 00 00 
[36m(vLLMHttpServer pid=36528)[0m 00 00 00 00 00 00 00 00 00 00 00 00 00 00 00 00 
[36m(vLLMHttpServer pid=36528)[0m 00 00 00 00 00 00 00 00 00 00 00 00 00 00 00 00 
[36m(vLLMHttpServer pid=36528)[0m 00 00 00 00 00 00 00 00 00 00 00 00 00 00 00 00 
[36m(vLLMHttpServer pid=36528)[0m 00 00 00 00 00 00 00 00 00 00 00 00 00 00 00 00 
[36m(vLLMHttpServer pid=36528)[0m 00 00 00 00 00 00 00 00 00 00 00 00 00 00 00 00 
[36m(vLLMHttpServer pid=36528)[0m 00 00 00 00 00 00 00 00 00 00 00 00 00 00 00 00 
[36m(vLLMHttpServer pid=36528)[0m 00 00 00 00 00 00 00 00 00 00 00 00 00 10 00 00 
[36m(vLLMHttpServer pid=36528)[0m 00 00 00 00 00 00 00 00 00 00 00 00 00 00 00 00 
[36m(vLLMHttpServer pid=36528)[0m 00 00 00 00 00 00 00 00 00 00 00 00 00 00 00 00 
[36m(vLLMHttpServer pid=36528)[0m 00 00 00 00 00 00 00 00 00 00 00 00 00 00 00 00 
[36m(vLLMHttpServer pid=36528)[0m 00 00 00 00 00 00 00 00 00 00 00 00 02 00 00 00 
[36m(vLLMHttpServer pid=36528)[0m 00 08 00 00 01 00 00 00 0b 00 00 00 00 20 00 00 
[36m(vLLMHttpServer pid=36528)[0m 01 00 00 00 0d 00 00 00 00 00 00 00 00 00 00 00 
[36m(vLLMHttpServer pid=36528)[0m 00 00 00 00 00 00 00 00 00 00 00 00 00 00 00 00 
[36m(vLLMHttpServer pid=36528)[0m 00 00 00 00 00 00 00 00 00 00 00 00 00 00 00 00 
[36m(vLLMHttpServer pid=36528)[0m 00 00 00 00 00 00 00 00 00 00 00 00 00 00 00 00 
[36m(vLLMHttpServer pid=36528)[0m 00 00 00 00 00 00 00 00 00 00 00 00 00 00 00 00 
[36m(vLLMHttpServer pid=36528)[0m 00 00 00 00 00 00 00 00 00 00 00 00 00 00 00 00 
[36m(vLLMHttpServer pid=36528)[0m 00 00 00 00 00 00 00 00 00 00 00 00 00 00 00 00 
[36m(vLLMHttpServer pid=36528)[0m 00 00 00 00 00 00 00 00 00 00 00 00 00 00 00 00 
[36m(vLLMHttpServer pid=36528)[0m 00 00 00 00 00 00 00 00 00 00 00 00 00 00 00 00 
[36m(vLLMHttpServer pid=36528)[0m 00 00 00 00 00 00 00 00 00 00 00 00 00 00 00 00 
[36m(vLLMHttpServer pid=36528)[0m 00 00 00 00 00 00 00 00 00 00 00 00 00 00 00 00 
[36m(vLLMHttpServer pid=36528)[0m 02 00 00 00 02 00 00 00 00 10 00 00 00 80 00 00 
[36m(vLLMHttpServer pid=36528)[0m 00 00 00 00 00 00 00 00 00 00 00 00 00 00 00 00 
[36m(vLLMHttpServer pid=36528)[0m 00 00 00 00 00 00 00 00 00 00 00 00 00 00 00 00 
[36m(vLLMHttpServer pid=36528)[0m 00 00 00 00 00 00 00 00 00 00 00 00 00 00 00 00 
[36m(vLLMHttpServer pid=36528)[0m 00 00 00 00 00 00 00 00 00 00 00 00 00 00 00 00 
[36m(vLLMHttpServer pid=36528)[0m 00 00 00 00 00 00 00 00 00 00 00 00 00 00 00 00 
[36m(vLLMHttpServer pid=36528)[0m 00 00 00 00 00 00 00 00 00 00 00 00 00 00 00 00 
[36m(vLLMHttpServer pid=36528)[0m 00 00 00 00 00 00 00 00 00 00 00 00 00 00 00 00 
[36m(vLLMHttpServer pid=36528)[0m 00 00 e0 8c ce 7e 00 00 00 00 e0 7c ce 7e 00 00 
[36m(vLLMHttpServer pid=36528)[0m 00 00 00 00 00 00 00 00 00 00 00 00 00 00 00 00 
[36m(vLLMHttpServer pid=36528)[0m 00 00 00 00 00 00 00 00 00 00 00 00 00 00 00 00 
[36m(vLLMHttpServer pid=36528)[0m 00 00 00 00 00 00 00 00 00 01 00 00 01 00 00 00 
[36m(vLLMHttpServer pid=36528)[0m 00 80 00 00 01 00 00 00 01 00 00 00 40 00 02 00 
[36m(vLLMHttpServer pid=36528)[0m 01 00 00 00 00 00 00 00 00 00 00 00 00 00 00 00 
[36m(vLLMHttpServer pid=36528)[0m 00 00 00 00 00 00 00 00 00 00 00 00 00 00 00 00 
[36m(vLLMHttpServer pid=36528)[0m 00 00 00 00 00 00 00 00 00 00 00 00 00 00 00 00 
[36m(vLLMHttpServer pid=36528)[0m 03 00 00 00 00 00 00 00 00 00 00 00 00 00 00 00 
[36m(vLLMHttpServer pid=36528)[0m 00 00 00 00 00 00 00 00 00 00 00 00 00 00 00 00 
[36m(vLLMHttpServer pid=36528)[0m 00 00 00 00 00 00 00 00 00 00 00 00 00 00 00 00 
[36m(vLLMHttpServer pid=36528)[0m 00 00 00 00 00 00 00 00 00 00 00 00 02 00 00 00 
[36m(vLLMHttpServer pid=36528)[0m 02 00 00 00 10 00 00 00 20 00 00 00 00 00 00 00 
[36m(vLLMHttpServer pid=36528)[0m 00 00 00 00 00 00 00 00 00 00 00 00 00 00 00 00 
[36m(vLLMHttpServer pid=36528)[0m 00 00 00 00 00 00 00 00 00 00 00 00 00 00 00 00 
[36m(vLLMHttpServer pid=36528)[0m 00 00 00 00 00 00 00 00 00 00 00 00 00 00 00 00 
[36m(vLLMHttpServer pid=36528)[0m 00 00 00 00 00 00 00 00 00 00 00 00 00 00 00 00 
[36m(vLLMHttpServer pid=36528)[0m 00 00 00 00 00 00 00 00 00 00 00 00 00 00 00 00 
[36m(vLLMHttpServer pid=36528)[0m 00 00 00 00 00 00 00 00 00 00 00 00 00 00 00 00 
[36m(vLLMHttpServer pid=36528)[0m 00 00 00 00 00 00 00 00 00 00 00 00 00 00 00 00 
[36m(vLLMHttpServer pid=36528)[0m 
[36m(vLLMHttpServer pid=36528)[0m HOSTQUEUE <0x5567c798de30>: >>>>>>>> DUMP KERNEL ARGS PTR INFO <<<<<<<<<
[36m(vLLMHttpServer pid=36528)[0m HOSTQUEUE <0x5567c798de30>: ptr arg index: 82, ptr: 0x7ece8ce00000
[36m(vLLMHttpServer pid=36528)[0m HOSTQUEUE <0x5567c798de30>: origin ptr: 0x7ece7ce00000, size byte: 536870912
[36m(vLLMHttpServer pid=36528)[0m HOSTQUEUE <0x5567c798de30>: ptr arg index: 83, ptr: 0x7ece7ce00000
[36m(vLLMHttpServer pid=36528)[0m HOSTQUEUE <0x5567c798de30>: origin ptr: 0x7ece7ce00000, size byte: 536870912
[36m(vLLMHttpServer pid=36528)[0m 
[36m(vLLMHttpServer pid=36528)[0m HOSTQUEUE <0x5567c798de30>: >>>>>>>> DUMP AQL 0x7f149015e000 PACKET WITH INDEX 84247 <<<<<<<<<
[36m(vLLMHttpServer pid=36528)[0m HOSTQUEUE <0x5567c798de30>: >>>>>>>> MATCH KERNEL COMMAND <<<<<<<<<
[36m(vLLMHttpServer pid=36528)[0m HOSTQUEUE <0x5567c798de30>: header: 0xb02
[36m(vLLMHttpServer pid=36528)[0m HOSTQUEUE <0x5567c798de30>: setup: 1
[36m(vLLMHttpServer pid=36528)[0m HOSTQUEUE <0x5567c798de30>: workgroup: x:1024, y:1, z:1
[36m(vLLMHttpServer pid=36528)[0m HOSTQUEUE <0x5567c798de30>: grid: x:4195328, y:1, z:1
[36m(vLLMHttpServer pid=36528)[0m HOSTQUEUE <0x5567c798de30>: group_segment_size: 0
[36m(vLLMHttpServer pid=36528)[0m HOSTQUEUE <0x5567c798de30>: private_segment_size: 0
[36m(vLLMHttpServer pid=36528)[0m HOSTQUEUE <0x5567c798de30>: completion_signal: 0x0
[36m(vLLMHttpServer pid=36528)[0m HOSTQUEUE <0x5567c798de30>: kernel_object: 0x7f1490166800
[36m(vLLMHttpServer pid=36528)[0m HOSTQUEUE <0x5567c798de30>: device id: 3
[36m(vLLMHttpServer pid=36528)[0m 
[36m(vLLMHttpServer pid=36528)[0m HOSTQUEUE <0x559dacd2a9c0>: >>>>>>>> FIND MATCH KERNEL DETAILS <<<<<<<<<
[36m(vLLMHttpServer pid=36528)[0m HOSTQUEUE <0x559dacd2a9c0>: kernel name: _Z23ncclDevKernel_Generic_424ncclDevKernelArgsStorageILm1024EE
[36m(vLLMHttpServer pid=36528)[0m HOSTQUEUE <0x559dacd2a9c0>: >>>>>>>> DUMP KERNEL ARGS: size: 1280 <<<<<<<<<
[36m(vLLMHttpServer pid=36528)[0m 
[36m(vLLMHttpServer pid=36528)[0m 00 10 30 84 dc 7f 00 00 ff ff ff ff 00 00 00 00 
[36m(vLLMHttpServer pid=36528)[0m 00 00 00 00 00 00 00 00 00 00 00 00 ff ff ff ff 
[36m(vLLMHttpServer pid=36528)[0m 00 00 00 00 00 00 00 00 00 00 00 00 00 00 00 00 
[36m(vLLMHttpServer pid=36528)[0m 00 80 b6 01 30 02 00 00 01 00 00 00 00 00 00 00 
[36m(vLLMHttpServer pid=36528)[0m 00 80 b6 01 30 02 00 00 01 00 00 00 00 00 00 00 
[36m(vLLMHttpServer pid=36528)[0m 00 80 b6 01 30 02 00 00 01 00 00 00 00 00 00 00 
[36m(vLLMHttpServer pid=36528)[0m 00 80 b6 01 30 02 00 00 01 00 00 00 00 00 00 00 
[36m(vLLMHttpServer pid=36528)[0m 00 80 b6 01 30 02 00 00 01 00 00 00 00 00 00 00 
[36m(vLLMHttpServer pid=36528)[0m 00 80 b6 01 30 02 00 00 01 00 00 00 00 00 00 00 
[36m(vLLMHttpServer pid=36528)[0m 00 80 b6 01 30 02 00 00 01 00 00 00 00 00 00 00 
[36m(vLLMHttpServer pid=36528)[0m 00 80 b6 01 30 02 00 00 01 00 00 00 00 00 00 00 
[36m(vLLMHttpServer pid=36528)[0m 00 80 b6 01 30 02 00 00 01 00 00 00 00 00 00 00 
[36m(vLLMHttpServer pid=36528)[0m 00 80 b6 01 30 02 00 00 01 00 00 00 00 00 00 00 
[36m(vLLMHttpServer pid=36528)[0m 00 80 b6 01 30 02 00 00 01 00 00 00 00 00 00 00 
[36m(vLLMHttpServer pid=36528)[0m 00 80 b6 01 30 02 00 00 01 00 00 00 00 00 00 00 
[36m(vLLMHttpServer pid=36528)[0m 00 80 b6 01 30 02 00 00 01 00 00 00 00 00 00 00 
[36m(vLLMHttpServer pid=36528)[0m 00 80 b6 01 30 02 00 00 01 00 00 00 00 00 00 00 
[36m(vLLMHttpServer pid=36528)[0m 00 80 b6 01 30 02 00 00 01 00 00 00 00 00 00 00 
[36m(vLLMHttpServer pid=36528)[0m 00 80 b6 01 30 02 00 00 01 00 00 00 00 00 00 00 
[36m(vLLMHttpServer pid=36528)[0m 00 80 b6 01 30 02 00 00 01 00 00 00 00 00 00 00 
[36m(vLLMHttpServer pid=36528)[0m 00 80 b6 01 30 02 00 00 01 00 00 00 00 00 00 00 
[36m(vLLMHttpServer pid=36528)[0m 00 80 b6 01 30 02 00 00 01 00 00 00 00 00 00 00 
[36m(vLLMHttpServer pid=36528)[0m 00 80 b6 01 30 02 00 00 01 00 00 00 00 00 00 00 
[36m(vLLMHttpServer pid=36528)[0m 00 80 b6 01 30 02 00 00 01 00 00 00 00 00 00 00 
[36m(vLLMHttpServer pid=36528)[0m 00 80 b6 01 30 02 00 00 01 00 00 00 00 00 00 00 
[36m(vLLMHttpServer pid=36528)[0m 00 80 b6 01 30 02 00 00 01 00 00 00 00 00 00 00 
[36m(vLLMHttpServer pid=36528)[0m 00 80 b6 01 30 02 00 00 01 00 00 00 00 00 00 00 
[36m(vLLMHttpServer pid=36528)[0m 00 80 b6 01 30 02 00 00 01 00 00 00 00 00 00 00 
[36m(vLLMHttpServer pid=36528)[0m 00 80 b6 01 30 02 00 00 01 00 00 00 00 00 00 00 
[36m(vLLMHttpServer pid=36528)[0m 00 80 b6 01 30 02 00 00 01 00 00 00 00 00 00 00 
[36m(vLLMHttpServer pid=36528)[0m 00 80 b6 01 30 02 00 00 01 00 00 00 00 00 00 00 
[36m(vLLMHttpServer pid=36528)[0m 00 80 b6 01 30 02 00 00 01 00 00 00 00 00 00 00 
[36m(vLLMHttpServer pid=36528)[0m 00 80 b6 01 30 02 00 00 01 00 00 00 00 00 00 00 
[36m(vLLMHttpServer pid=36528)[0m 00 80 b6 01 30 02 00 00 01 00 00 00 00 00 00 00 
[36m(vLLMHttpServer pid=36528)[0m 00 80 b6 01 30 02 00 00 01 00 00 00 00 00 00 00 
[36m(vLLMHttpServer pid=36528)[0m 00 1f 04 08 00 00 00 00 00 00 00 00 00 00 00 00 
[36m(vLLMHttpServer pid=36528)[0m 00 00 80 d5 96 7f 00 00 00 00 80 d9 96 7f 00 00 
[36m(vLLMHttpServer pid=36528)[0m 00 00 08 00 00 00 00 00 00 00 08 00 00 00 00 00 
[36m(vLLMHttpServer pid=36528)[0m 00 00 08 00 00 00 00 00 00 08 00 00 01 00 20 00 
[36m(vLLMHttpServer pid=36528)[0m 00 00 00 00 00 00 00 00 41 00 00 00 00 00 00 00 
[36m(vLLMHttpServer pid=36528)[0m 1c 23 
[36m(vLLMHttpServer pid=36528)[0m HOSTQUEUE <0x564c79ffd640>: >>>>>>>> DUMP AQL 0x7fd060802000 PACKET WITH INDEX 84471 <<<<<<<<<
[36m(vLLMHttpServer pid=36528)[0m 6a HOSTQUEUE <0x564c79ffd640>: >>>>>>>> MATCH KERNEL COMMAND <<<<<<<<<
[36m(vLLMHttpServer pid=36528)[0m f5 HOSTQUEUE <0x564c79ffd640>: header: 0xb02
[36m(vLLMHttpServer pid=36528)[0m 98 HOSTQUEUE <0x564c79ffd640>: setup: 3
[36m(vLLMHttpServer pid=36528)[0m 55 HOSTQUEUE <0x564c79ffd640>: workgroup: x:256, y:1, z:1
[36m(vLLMHttpServer pid=36528)[0m 00 HOSTQUEUE <0x564c79ffd640>: grid: x:2097152, y:1, z:1
[36m(vLLMHttpServer pid=36528)[0m 00 HOSTQUEUE <0x564c79ffd640>: group_segment_size: 20
[36m(vLLMHttpServer pid=36528)[0m c2 HOSTQUEUE <0x564c79ffd640>: private_segment_size: 0
[36m(vLLMHttpServer pid=36528)[0m ba HOSTQUEUE <0x564c79ffd640>: completion_signal: 0x0
[36m(vLLMHttpServer pid=36528)[0m c3 HOSTQUEUE <0x564c79ffd640>: kernel_object: 0x7fcf3ef62d00
[36m(vLLMHttpServer pid=36528)[0m 91 HOSTQUEUE <0x564c79ffd640>: device id: 0
[36m(vLLMHttpServer pid=36528)[0m c4 a3 c3 90 
[36m(vLLMHttpServer pid=36528)[0m c2 bf c3 90 c2 bb c3 91 c4 a5 c3 90 c2 b0 c3 91 
[36m(vLLMHttpServer pid=36528)[0m c4 a4 c3 90 c2 b0 c3 91 c4 a8 c3 90 c2 b8 c3 91 
[36m(vLLMHttpServer pid=36528)[0m c4 b0 00 00 00 00 00 00 a1 0a 00 00 00 00 00 00 
[36m(vLLMHttpServer pid=36528)[0m 00 d6 ce ac 9d 55 00 00 10 45 c1 a9 9d 55 00 00 
[36m(vLLMHttpServer pid=36528)[0m 00 00 00 00 00 00 00 00 00 00 00 00 00 00 00 00 
[36m(vLLMHttpServer pid=36528)[0m 0c a2 18 f5 98 55 00 00 e0 1c 04 cb e6 7f 00 00 
[36m(vLLMHttpServer pid=36528)[0m 00 00 00 00 00 00 00 00 21 00 00 00 00 00 00 00 
[36m(vLLMHttpServer pid=36528)[0m e0 dc c0 ac 9d 55 00 00 70 26 ba ac 9d 55 00 00 
[36m(vLLMHttpServer pid=36528)[0m 60 00 00 00 00 00 00 00 20 00 00 00 00 00 00 00 
[36m(vLLMHttpServer pid=36528)[0m fc 1f 71 f0 98 55 00 00 e0 1c 04 cb e6 7f 00 00 
[36m(vLLMHttpServer pid=36528)[0m 00 00 00 00 00 00 00 00 61 00 00 00 00 00 00 00 
[36m(vLLMHttpServer pid=36528)[0m b0 26 c0 a9 9d 55 00 00 10 84 ae ac 9d 55 00 00 
[36m(vLLMHttpServer pid=36528)[0m 20 00 00 00 00 00 00 00 20 00 00 00 00 00 00 00 
[36m(vLLMHttpServer pid=36528)[0m cc 01 71 f0 98 55 00 00 e0 1c 04 cb e6 7f 00 00 
[36m(vLLMHttpServer pid=36528)[0m 40 00 00 00 00 00 00 00 20 00 00 00 00 00 00 00 
[36m(vLLMHttpServer pid=36528)[0m 5c 1d 74 f5 98 55 00 00 c4 a7 c4 aa c3 a7 c4 b6 
[36m(vLLMHttpServer pid=36528)[0m e0 00 00 00 00 00 00 00 20 00 00 00 00 00 00 00 
[36m(vLLMHttpServer pid=36528)[0m 2c f3 46 f0 98 55 00 00 c4 ab c2 be e6 7f 00 00 
[36m(vLLMHttpServer pid=36528)[0m 00 00 00 00 00 00 00 00 81 02 00 00 00 00 00 00 
[36m(vLLMHttpServer pid=36528)[0m 50 6f aa a9 9d 55 00 00 10 1f b9 ac 9d 55 00 00 
[36m(vLLMHttpServer pid=36528)[0m 00 00 00 00 00 00 00 00 61 00 00 00 00 00 00 00 
[36m(vLLMHttpServer pid=36528)[0m 20 77 d7 ac 9d 55 00 00 50 4c b6 a9 9d 55 00 00 
[36m(vLLMHttpServer pid=36528)[0m 00 00 00 00 00 00 00 00 21 00 00 00 00 00 00 00 
[36m(vLLMHttpServer pid=36528)[0m 20 00 00 00 01 00 00 00 01 00 00 00 00 01 01 00 
[36m(vLLMHttpServer pid=36528)[0m 01 00 00 00 00 00 00 00 00 00 00 00 00 00 00 00 
[36m(vLLMHttpServer pid=36528)[0m 00 00 00 00 00 00 00 00 00 00 00 00 00 00 00 00 
[36m(vLLMHttpServer pid=36528)[0m 00 00 00 00 00 00 00 00 00 00 00 00 00 00 00 00 
[36m(vLLMHttpServer pid=36528)[0m 03 00 00 00 00 00 00 00 00 00 00 00 00 00 00 00 
[36m(vLLMHttpServer pid=36528)[0m 00 00 80 e6 db 7f 00 00 00 00 00 00 00 00 00 00 
[36m(vLLMHttpServer pid=36528)[0m 60 03 00 00 00 00 01 00 01 00 00 00 80 04 00 00 
[36m(vLLMHttpServer pid=36528)[0m 00 00 00 00 04 00 00 00 00 01 00 00 20 00 00 00 
[36m(vLLMHttpServer pid=36528)[0m 80 00 00 00 00 00 00 00 00 00 00 00 00 00 00 00 
[36m(vLLMHttpServer pid=36528)[0m 5c 00 00 00 00 00 00 00 00 00 00 00 00 00 00 00 
[36m(vLLMHttpServer pid=36528)[0m 00 00 00 00 00 00 00 00 00 00 00 00 00 00 00 00 
[36m(vLLMHttpServer pid=36528)[0m 00 d2 bf e7 db 7f 00 00 02 00 00 00 00 00 00 00 
[36m(vLLMHttpServer pid=36528)[0m 00 00 80 3f 00 00 00 00 01 00 00 00 01 00 00 00 
[36m(vLLMHttpServer pid=36528)[0m 01 00 00 00 00 01 01 00 01 00 00 00 00 00 00 00 
[36m(vLLMHttpServer pid=36528)[0m 00 00 00 00 00 00 00 00 00 00 00 00 00 00 00 00 
[36m(vLLMHttpServer pid=36528)[0m 00 00 00 00 00 00 00 00 00 00 00 00 00 00 00 00 
[36m(vLLMHttpServer pid=36528)[0m 
[36m(vLLMHttpServer pid=36528)[0m HOSTQUEUE <0x559dacd2a9c0>: >>>>>>>> DUMP KERNEL ARGS PTR INFO <<<<<<<<<
[36m(vLLMHttpServer pid=36528)[0m HOSTQUEUE <0x559dacd2a9c0>: ptr arg index: 0, ptr: 0x7fdc84301000
[36m(vLLMHttpServer pid=36528)[0m HOSTQUEUE <0x559dacd2a9c0>: origin ptr: 0x7fdc84301000, size byte: 49264
[36m(vLLMHttpServer pid=36528)[0m HOSTQUEUE <0x559dacd2a9c0>: ptr arg index: 72, ptr: 0x7f96d5800000
[36m(vLLMHttpServer pid=36528)[0m HOSTQUEUE <0x559dacd2a9c0>: origin ptr: 0x7f96d5800000, size byte: 603979776
[36m(vLLMHttpServer pid=36528)[0m HOSTQUEUE <0x559dacd2a9c0>: ptr arg index: 73, ptr: 0x7f96d9800000
[36m(vLLMHttpServer pid=36528)[0m HOSTQUEUE <0x559dacd2a9c0>: origin ptr: 0x7f96d5800000, size byte: 603979776
[36m(vLLMHttpServer pid=36528)[0m HOSTQUEUE <0x559dacd2a9c0>: ptr arg index: 138, ptr: 0x7fdbe6800000
[36m(vLLMHttpServer pid=36528)[0m HOSTQUEUE <0x559dacd2a9c0>: origin ptr: 0x7fdbe6800000, size byte: 11865656
[36m(vLLMHttpServer pid=36528)[0m HOSTQUEUE <0x559dacd2a9c0>: ptr arg index: 150, ptr: 0x7fdbe7bfd200
[36m(vLLMHttpServer pid=36528)[0m HOSTQUEUE <0x559dacd2a9c0>: origin ptr: 0x7fdbe7a00000, size byte: 2097152
[36m(vLLMHttpServer pid=36528)[0m 
[36m(vLLMHttpServer pid=36528)[0m HOSTQUEUE <0x559dacd2a9c0>: >>>>>>>> DUMP AQL 0x7fdc94378000 PACKET WITH INDEX 84418 <<<<<<<<<
[36m(vLLMHttpServer pid=36528)[0m HOSTQUEUE <0x559dacd2a9c0>: >>>>>>>> MATCH KERNEL COMMAND <<<<<<<<<
[36m(vLLMHttpServer pid=36528)[0m HOSTQUEUE <0x559dacd2a9c0>: header: 0xb02
[36m(vLLMHttpServer pid=36528)[0m HOSTQUEUE <0x559dacd2a9c0>: setup: 1
[36m(vLLMHttpServer pid=36528)[0m HOSTQUEUE <0x559dacd2a9c0>: workgroup: x:1024, y:1, z:1
[36m(vLLMHttpServer pid=36528)[0m HOSTQUEUE <0x559dacd2a9c0>: grid: x:4195328, y:1, z:1
[36m(vLLMHttpServer pid=36528)[0m HOSTQUEUE <0x559dacd2a9c0>: group_segment_size: 0
[36m(vLLMHttpServer pid=36528)[0m HOSTQUEUE <0x559dacd2a9c0>: private_segment_size: 0
[36m(vLLMHttpServer pid=36528)[0m HOSTQUEUE <0x559dacd2a9c0>: completion_signal: 0x0
[36m(vLLMHttpServer pid=36528)[0m HOSTQUEUE <0x559dacd2a9c0>: kernel_object: 0x7fdc94396800
[36m(vLLMHttpServer pid=36528)[0m HOSTQUEUE <0x559dacd2a9c0>: device id: 1
[36m(vLLMHttpServer pid=36528)[0m 
[36m(vLLMHttpServer pid=36528)[0m HOSTQUEUE <0x564c79ffd640>: >>>>>>>> FIND MATCH KERNEL DETAILS <<<<<<<<<
[36m(vLLMHttpServer pid=36528)[0m HOSTQUEUE <0x564c79ffd640>: kernel name: _ZN2at6native24fused_add_rms_kernel_optIN3c108BFloat16EfLi8ELi256ELb1EEEvPT_S5_S5_iT0_i
[36m(vLLMHttpServer pid=36528)[0m HOSTQUEUE <0x564c79ffd640>: >>>>>>>> DUMP KERNEL ARGS: size: 296 <<<<<<<<<
[36m(vLLMHttpServer pid=36528)[0m 
[36m(vLLMHttpServer pid=36528)[0m 00 00 40 c5 89 7f 00 00 00 00 80 39 ce 7f 00 00 
[36m(vLLMHttpServer pid=36528)[0m 00 da df 3e 8e 7f 00 00 00 08 00 00 bd 37 86 35 
[36m(vLLMHttpServer pid=36528)[0m 00 20 00 00 00 00 00 00 00 20 00 00 01 00 00 00 
[36m(vLLMHttpServer pid=36528)[0m 01 00 00 00 00 01 01 00 01 00 00 00 00 00 00 00 
[36m(vLLMHttpServer pid=36528)[0m 00 00 00 00 00 00 00 00 00 00 00 00 00 00 00 00 
[36m(vLLMHttpServer pid=36528)[0m 00 00 00 00 00 00 00 00 00 00 00 00 00 00 00 00 
[36m(vLLMHttpServer pid=36528)[0m 00 00 00 00 00 00 00 00 03 00 00 00 00 00 00 00 
[36m(vLLMHttpServer pid=36528)[0m 00 80 b6 01 30 02 00 00 01 00 00 00 00 00 00 00 
[36m(vLLMHttpServer pid=36528)[0m 00 00 00 04 00 00 00 00 00 00 80 dc 89 7f 00 00 
[36m(vLLMHttpServer pid=36528)[0m 00 fc dc ea ce 7f 00 00 00 46 de ea ce 7f 00 00 
[36m(vLLMHttpServer pid=36528)[0m 00 86 dd ea ce 7f 00 00 00 06 de ea ce 7f 00 00 
[36m(vLLMHttpServer pid=36528)[0m 00 84 dd ea ce 7f 00 00 00 fe dc ea ce 7f 00 00 
[36m(vLLMHttpServer pid=36528)[0m 00 82 dd ea ce 7f 00 00 10 00 00 00 00 00 00 00 
[36m(vLLMHttpServer pid=36528)[0m 00 00 00 00 00 00 00 00 00 00 00 00 00 00 00 00 
[36m(vLLMHttpServer pid=36528)[0m 00 00 24 00 00 00 00 00 00 08 00 00 01 00 20 00 
[36m(vLLMHttpServer pid=36528)[0m 00 00 00 00 00 00 00 00 04 00 00 00 00 00 00 00 
[36m(vLLMHttpServer pid=36528)[0m 00 40 dd ea ce 7f 00 00 00 7a dc ea ce 7f 00 00 
[36m(vLLMHttpServer pid=36528)[0m 00 fc dc ea ce 7f 00 00 00 46 de ea ce 7f 00 00 
[36m(vLLMHttpServer pid=36528)[0m 00 86 dd ea ce 7f 00 00 
[36m(vLLMHttpServer pid=36528)[0m 
[36m(vLLMHttpServer pid=36528)[0m HOSTQUEUE <0x564c79ffd640>: >>>>>>>> DUMP KERNEL ARGS PTR INFO <<<<<<<<<
[36m(vLLMHttpServer pid=36528)[0m HOSTQUEUE <0x564c79ffd640>: ptr arg index: 0, ptr: 0x7f89c5400000
[36m(vLLMHttpServer pid=36528)[0m HOSTQUEUE <0x564c79ffd640>: origin ptr: 0x7f89c1400000, size byte: 150994944
[36m(vLLMHttpServer pid=36528)[0m HOSTQUEUE <0x564c79ffd640>: ptr arg index: 1, ptr: 0x7fce39800000
[36m(vLLMHttpServer pid=36528)[0m HOSTQUEUE <0x564c79ffd640>: origin ptr: 0x7fce39800000, size byte: 33554432
[36m(vLLMHttpServer pid=36528)[0m HOSTQUEUE <0x564c79ffd640>: ptr arg index: 2, ptr: 0x7f8e3edfda00
[36m(vLLMHttpServer pid=36528)[0m HOSTQUEUE <0x564c79ffd640>: origin ptr: 0x7f8e3ec00000, size byte: 2097152
[36m(vLLMHttpServer pid=36528)[0m HOSTQUEUE <0x564c79ffd640>: ptr arg index: 17, ptr: 0x7f89dc800000
[36m(vLLMHttpServer pid=36528)[0m HOSTQUEUE <0x564c79ffd640>: origin ptr: 0x7f89d3c00000, size byte: 603979776
[36m(vLLMHttpServer pid=36528)[0m HOSTQUEUE <0x564c79ffd640>: ptr arg index: 18, ptr: 0x7fceeadcfc00
[36m(vLLMHttpServer pid=36528)[0m HOSTQUEUE <0x564c79ffd640>: origin ptr: 0x7fceeac00000, size byte: 2097152
[36m(vLLMHttpServer pid=36528)[0m HOSTQUEUE <0x564c79ffd640>: ptr arg index: 19, ptr: 0x7fceeade4600
[36m(vLLMHttpServer pid=36528)[0m HOSTQUEUE <0x564c79ffd640>: origin ptr: 0x7fceeac00000, size byte: 2097152
[36m(vLLMHttpServer pid=36528)[0m HOSTQUEUE <0x564c79ffd640>: ptr arg index: 20, ptr: 0x7fceeadd8600
[36m(vLLMHttpServer pid=36528)[0m HOSTQUEUE <0x564c79ffd640>: origin ptr: 0x7fceeac00000, size byte: 2097152
[36m(vLLMHttpServer pid=36528)[0m HOSTQUEUE <0x564c79ffd640>: ptr arg index: 21, ptr: 0x7fceeade0600
[36m(vLLMHttpServer pid=36528)[0m HOSTQUEUE <0x564c79ffd640>: origin ptr: 0x7fceeac00000, size byte: 2097152
[36m(vLLMHttpServer pid=36528)[0m HOSTQUEUE <0x564c79ffd640>: ptr arg index: 22, ptr: 0x7fceeadd8400
[36m(vLLMHttpServer pid=36528)[0m HOSTQUEUE <0x564c79ffd640>: origin ptr: 0x7fceeac00000, size byte: 2097152
[36m(vLLMHttpServer pid=36528)[0m HOSTQUEUE <0x564c79ffd640>: ptr arg index: 23, ptr: 0x7fceeadcfe00
[36m(vLLMHttpServer pid=36528)[0m HOSTQUEUE <0x564c79ffd640>: origin ptr: 0x7fceeac00000, size byte: 2097152
[36m(vLLMHttpServer pid=36528)[0m HOSTQUEUE <0x564c79ffd640>: ptr arg index: 24, ptr: 0x7fceeadd8200
[36m(vLLMHttpServer pid=36528)[0m HOSTQUEUE <0x564c79ffd640>: origin ptr: 0x7fceeac00000, size byte: 2097152
[36m(vLLMHttpServer pid=36528)[0m HOSTQUEUE <0x564c79ffd640>: ptr arg index: 32, ptr: 0x7fceeadd4000
[36m(vLLMHttpServer pid=36528)[0m HOSTQUEUE <0x564c79ffd640>: origin ptr: 0x7fceeac00000, size byte: 2097152
[36m(vLLMHttpServer pid=36528)[0m HOSTQUEUE <0x564c79ffd640>: ptr arg index: 33, ptr: 0x7fceeadc7a00
[36m(vLLMHttpServer pid=36528)[0m HOSTQUEUE <0x564c79ffd640>: origin ptr: 0x7fceeac00000, size byte: 2097152
[36m(vLLMHttpServer pid=36528)[0m HOSTQUEUE <0x564c79ffd640>: ptr arg index: 34, ptr: 0x7fceeadcfc00
[36m(vLLMHttpServer pid=36528)[0m HOSTQUEUE <0x564c79ffd640>: origin ptr: 0x7fceeac00000, size byte: 2097152
[36m(vLLMHttpServer pid=36528)[0m HOSTQUEUE <0x564c79ffd640>: ptr arg index: 35, ptr: 0x7fceeade4600
[36m(vLLMHttpServer pid=36528)[0m HOSTQUEUE <0x564c79ffd640>: origin ptr: 0x7fceeac00000, size byte: 2097152
[36m(vLLMHttpServer pid=36528)[0m HOSTQUEUE <0x564c79ffd640>: ptr arg index: 36, ptr: 0x7fceeadd8600
[36m(vLLMHttpServer pid=36528)[0m HOSTQUEUE <0x564c79ffd640>: origin ptr: 0x7fceeac00000, size byte: 2097152
[36m(vLLMHttpServer pid=36528)[0m 
[36m(vLLMHttpServer pid=36528)[0m HOSTQUEUE <0x564c79ffd640>: >>>>>>>> DUMP AQL 0x7fd060802000 PACKET WITH INDEX 84472 <<<<<<<<<
[36m(vLLMHttpServer pid=36528)[0m HOSTQUEUE <0x564c79ffd640>: >>>>>>>> MATCH KERNEL COMMAND <<<<<<<<<
[36m(vLLMHttpServer pid=36528)[0m HOSTQUEUE <0x564c79ffd640>: header: 0xb02
[36m(vLLMHttpServer pid=36528)[0m HOSTQUEUE <0x564c79ffd640>: setup: 3
[36m(vLLMHttpServer pid=36528)[0m HOSTQUEUE <0x564c79ffd640>: workgroup: x:512, y:1, z:1
[36m(vLLMHttpServer pid=36528)[0m HOSTQUEUE <0x564c79ffd640>: grid: x:6144, y:32, z:1
[36m(vLLMHttpServer pid=36528)[0m HOSTQUEUE <0x564c79ffd640>: group_segment_size: 65536
[36m(vLLMHttpServer pid=36528)[0m HOSTQUEUE <0x564c79ffd640>: private_segment_size: 0
[36m(vLLMHttpServer pid=36528)[0m HOSTQUEUE <0x564c79ffd640>: completion_signal: 0x0
[36m(vLLMHttpServer pid=36528)[0m HOSTQUEUE <0x564c79ffd640>: kernel_object: 0x7f89aedadec0
[36m(vLLMHttpServer pid=36528)[0m HOSTQUEUE <0x564c79ffd640>: device id: 0
[36m(vLLMHttpServer pid=36528)[0m 
[36m(vLLMHttpServer pid=36528)[0m HOSTQUEUE <0x5578b2e755b0>: >>>>>>>> DUMP AQL 0x7fc1ed20f000 PACKET WITH INDEX 84016 <<<<<<<<<
[36m(vLLMHttpServer pid=36528)[0m HOSTQUEUE <0x5578b2e755b0>: >>>>>>>> MATCH KERNEL COMMAND <<<<<<<<<
[36m(vLLMHttpServer pid=36528)[0m HOSTQUEUE <0x5578b2e755b0>: header: 0xb02
[36m(vLLMHttpServer pid=36528)[0m HOSTQUEUE <0x5578b2e755b0>: setup: 3
[36m(vLLMHttpServer pid=36528)[0m HOSTQUEUE <0x5578b2e755b0>: workgroup: x:256, y:1, z:1
[36m(vLLMHttpServer pid=36528)[0m HOSTQUEUE <0x5578b2e755b0>: grid: x:2097152, y:1, z:1
[36m(vLLMHttpServer pid=36528)[0m HOSTQUEUE <0x5578b2e755b0>: group_segment_size: 20
[36m(vLLMHttpServer pid=36528)[0m HOSTQUEUE <0x5578b2e755b0>: private_segment_size: 0
[36m(vLLMHttpServer pid=36528)[0m HOSTQUEUE <0x5578b2e755b0>: completion_signal: 0x0
[36m(vLLMHttpServer pid=36528)[0m HOSTQUEUE <0x5578b2e755b0>: kernel_object: 0x7fc0d9562d00
[36m(vLLMHttpServer pid=36528)[0m HOSTQUEUE <0x5578b2e755b0>: device id: 2
[36m(vLLMHttpServer pid=36528)[0m 
[36m(vLLMHttpServer pid=36528)[0m HOSTQUEUE <0x5578b2e755b0>: >>>>>>>> FIND MATCH KERNEL DETAILS <<<<<<<<<
[36m(vLLMHttpServer pid=36528)[0m HOSTQUEUE <0x5578b2e755b0>: kernel name: _ZN2at6native24fused_add_rms_kernel_optIN3c108BFloat16EfLi8ELi256ELb1EEEvPT_S5_S5_iT0_i
[36m(vLLMHttpServer pid=36528)[0m HOSTQUEUE <0x5578b2e755b0>: >>>>>>>> DUMP KERNEL ARGS: size: 296 <<<<<<<<<
[36m(vLLMHttpServer pid=36528)[0m 
[36m(vLLMHttpServer pid=36528)[0m 00 00 c0 6c 7b 7f 00 00 00 00 80 d3 bf 7f 00 00 
[36m(vLLMHttpServer pid=36528)[0m 00 da 5f de 7f 7f 00 00 00 08 00 00 bd 37 86 35 
[36m(vLLMHttpServer pid=36528)[0m 00 20 00 00 00 00 00 00 00 20 00 00 01 00 00 00 
[36m(vLLMHttpServer pid=36528)[0m 01 00 00 00 00 01 01 00 01 00 00 00 00 00 00 00 
[36m(vLLMHttpServer pid=36528)[0m 00 00 00 00 00 00 00 00 00 00 00 00 00 00 00 00 
[36m(vLLMHttpServer pid=36528)[0m 00 00 00 00 00 00 00 00 00 00 00 00 00 00 00 00 
[36m(vLLMHttpServer pid=36528)[0m 00 00 00 00 00 00 00 00 03 00 00 00 00 00 00 00 
[36m(vLLMHttpServer pid=36528)[0m 00 00 00 00 00 00 00 00 00 00 00 00 00 00 00 00 
[36m(vLLMHttpServer pid=36528)[0m 00 40 1d 85 c0 7f 00 00 00 7a 1c 85 c0 7f 00 00 
[36m(vLLMHttpServer pid=36528)[0m 00 fc 1c 85 c0 7f 00 00 00 46 1e 85 c0 7f 00 00 
[36m(vLLMHttpServer pid=36528)[0m 00 86 1d 85 c0 7f 00 00 00 06 1e 85 c0 7f 00 00 
[36m(vLLMHttpServer pid=36528)[0m 00 84 1d 85 c0 7f 00 00 00 fe 1c 85 c0 7f 00 00 
[36m(vLLMHttpServer pid=36528)[0m 00 82 1d 85 c0 7f 00 00 10 00 00 00 00 00 00 00 
[36m(vLLMHttpServer pid=36528)[0m 00 00 00 00 00 00 00 00 00 00 00 00 00 00 00 00 
[36m(vLLMHttpServer pid=36528)[0m 00 00 00 00 00 00 00 00 00 00 00 00 00 00 00 00 
[36m(vLLMHttpServer pid=36528)[0m 00 00 00 00 00 00 00 00 00 00 00 00 00 00 00 00 
[36m(vLLMHttpServer pid=36528)[0m 00 00 00 04 00 00 00 00 00 00 80 75 7b 7f 00 00 
[36m(vLLMHttpServer pid=36528)[0m 00 fc 1c 85 c0 7f 00 00 00 46 1e 85 c0 7f 00 00 
[36m(vLLMHttpServer pid=36528)[0m 00 86 1d 85 c0 7f 00 00 
[36m(vLLMHttpServer pid=36528)[0m 
[36m(vLLMHttpServer pid=36528)[0m HOSTQUEUE <0x5578b2e755b0>: >>>>>>>> DUMP KERNEL ARGS PTR INFO <<<<<<<<<
[36m(vLLMHttpServer pid=36528)[0m HOSTQUEUE <0x5578b2e755b0>: ptr arg index: 0, ptr: 0x7f7b6cc00000
[36m(vLLMHttpServer pid=36528)[0m HOSTQUEUE <0x5578b2e755b0>: origin ptr: 0x7f7b6cc00000, size byte: 603979776
[36m(vLLMHttpServer pid=36528)[0m HOSTQUEUE <0x5578b2e755b0>: ptr arg index: 1, ptr: 0x7fbfd3800000
[36m(vLLMHttpServer pid=36528)[0m HOSTQUEUE <0x5578b2e755b0>: origin ptr: 0x7fbfd3800000, size byte: 33554432
[36m(vLLMHttpServer pid=36528)[0m HOSTQUEUE <0x5578b2e755b0>: ptr arg index: 2, ptr: 0x7f7fde5fda00
[36m(vLLMHttpServer pid=36528)[0m HOSTQUEUE <0x5578b2e755b0>: origin ptr: 0x7f7fde400000, size byte: 2097152
[36m(vLLMHttpServer pid=36528)[0m HOSTQUEUE <0x5578b2e755b0>: ptr arg index: 16, ptr: 0x7fc0851d4000
[36m(vLLMHttpServer pid=36528)[0m HOSTQUEUE <0x5578b2e755b0>: origin ptr: 0x7fc085000000, size byte: 2097152
[36m(vLLMHttpServer pid=36528)[0m HOSTQUEUE <0x5578b2e755b0>: ptr arg index: 17, ptr: 0x7fc0851c7a00
[36m(vLLMHttpServer pid=36528)[0m HOSTQUEUE <0x5578b2e755b0>: origin ptr: 0x7fc085000000, size byte: 2097152
[36m(vLLMHttpServer pid=36528)[0m HOSTQUEUE <0x5578b2e755b0>: ptr arg index: 18, ptr: 0x7fc0851cfc00
[36m(vLLMHttpServer pid=36528)[0m HOSTQUEUE <0x5578b2e755b0>: origin ptr: 0x7fc085000000, size byte: 2097152
[36m(vLLMHttpServer pid=36528)[0m HOSTQUEUE <0x5578b2e755b0>: ptr arg index: 19, ptr: 0x7fc0851e4600
[36m(vLLMHttpServer pid=36528)[0m HOSTQUEUE <0x5578b2e755b0>: origin ptr: 0x7fc085000000, size byte: 2097152
[36m(vLLMHttpServer pid=36528)[0m HOSTQUEUE <0x5578b2e755b0>: ptr arg index: 20, ptr: 0x7fc0851d8600
[36m(vLLMHttpServer pid=36528)[0m HOSTQUEUE <0x5578b2e755b0>: origin ptr: 0x7fc085000000, size byte: 2097152
[36m(vLLMHttpServer pid=36528)[0m HOSTQUEUE <0x5578b2e755b0>: ptr arg index: 21, ptr: 0x7fc0851e0600
[36m(vLLMHttpServer pid=36528)[0m HOSTQUEUE <0x5578b2e755b0>: origin ptr: 0x7fc085000000, size byte: 2097152
[36m(vLLMHttpServer pid=36528)[0m HOSTQUEUE <0x5578b2e755b0>: ptr arg index: 22, ptr: 0x7fc0851d8400
[36m(vLLMHttpServer pid=36528)[0m HOSTQUEUE <0x5578b2e755b0>: origin ptr: 0x7fc085000000, size byte: 2097152
[36m(vLLMHttpServer pid=36528)[0m HOSTQUEUE <0x5578b2e755b0>: ptr arg index: 23, ptr: 0x7fc0851cfe00
[36m(vLLMHttpServer pid=36528)[0m HOSTQUEUE <0x5578b2e755b0>: origin ptr: 0x7fc085000000, size byte: 2097152
[36m(vLLMHttpServer pid=36528)[0m HOSTQUEUE <0x5578b2e755b0>: ptr arg index: 24, ptr: 0x7fc0851d8200
[36m(vLLMHttpServer pid=36528)[0m HOSTQUEUE <0x5578b2e755b0>: origin ptr: 0x7fc085000000, size byte: 2097152
[36m(vLLMHttpServer pid=36528)[0m HOSTQUEUE <0x5578b2e755b0>: ptr arg index: 33, ptr: 0x7f7b75800000
[36m(vLLMHttpServer pid=36528)[0m HOSTQUEUE <0x5578b2e755b0>: origin ptr: 0x7f7b6cc00000, size byte: 603979776
[36m(vLLMHttpServer pid=36528)[0m HOSTQUEUE <0x5578b2e755b0>: ptr arg index: 34, ptr: 0x7fc0851cfc00
[36m(vLLMHttpServer pid=36528)[0m HOSTQUEUE <0x5578b2e755b0>: origin ptr: 0x7fc085000000, size byte: 2097152
[36m(vLLMHttpServer pid=36528)[0m HOSTQUEUE <0x5578b2e755b0>: ptr arg index: 35, ptr: 0x7fc0851e4600
[36m(vLLMHttpServer pid=36528)[0m HOSTQUEUE <0x5578b2e755b0>: origin ptr: 0x7fc085000000, size byte: 2097152
[36m(vLLMHttpServer pid=36528)[0m HOSTQUEUE <0x5578b2e755b0>: ptr arg index: 36, ptr: 0x7fc0851d8600
[36m(vLLMHttpServer pid=36528)[0m HOSTQUEUE <0x5578b2e755b0>: origin ptr: 0x7fc085000000, size byte: 2097152
[36m(vLLMHttpServer pid=36528)[0m 
[36m(vLLMHttpServer pid=36528)[0m HOSTQUEUE <0x5578b2e755b0>: >>>>>>>> DUMP AQL 0x7fc1ed20f000 PACKET WITH INDEX 84017 <<<<<<<<<
[36m(vLLMHttpServer pid=36528)[0m HOSTQUEUE <0x5578b2e755b0>: >>>>>>>> MATCH KERNEL COMMAND <<<<<<<<<
[36m(vLLMHttpServer pid=36528)[0m HOSTQUEUE <0x5578b2e755b0>: header: 0xb02
[36m(vLLMHttpServer pid=36528)[0m HOSTQUEUE <0x5578b2e755b0>: setup: 3
[36m(vLLMHttpServer pid=36528)[0m HOSTQUEUE <0x5578b2e755b0>: workgroup: x:512, y:1, z:1
[36m(vLLMHttpServer pid=36528)[0m HOSTQUEUE <0x5578b2e755b0>: grid: x:6144, y:32, z:1
[36m(vLLMHttpServer pid=36528)[0m HOSTQUEUE <0x5578b2e755b0>: group_segment_size: 65536
[36m(vLLMHttpServer pid=36528)[0m HOSTQUEUE <0x5578b2e755b0>: private_segment_size: 0
[36m(vLLMHttpServer pid=36528)[0m HOSTQUEUE <0x5578b2e755b0>: completion_signal: 0x0
[36m(vLLMHttpServer pid=36528)[0m HOSTQUEUE <0x5578b2e755b0>: kernel_object: 0x7f7b493adec0
[36m(vLLMHttpServer pid=36528)[0m HOSTQUEUE <0x5578b2e755b0>: device id: 2
[36m(vLLMHttpServer pid=36528)[0m 
[36m(vLLMHttpServer pid=36528)[0m HOSTQUEUE <0x5567c798de30>: >>>>>>>> DUMP AQL 0x7f149015e000 PACKET WITH INDEX 84248 <<<<<<<<<
[36m(vLLMHttpServer pid=36528)[0m HOSTQUEUE <0x5567c798de30>: >>>>>>>> MATCH KERNEL COMMAND <<<<<<<<<
[36m(vLLMHttpServer pid=36528)[0m HOSTQUEUE <0x5567c798de30>: header: 0xb02
[36m(vLLMHttpServer pid=36528)[0m HOSTQUEUE <0x5567c798de30>: setup: 3
[36m(vLLMHttpServer pid=36528)[0m HOSTQUEUE <0x5567c798de30>: workgroup: x:256, y:1, z:1
[36m(vLLMHttpServer pid=36528)[0m HOSTQUEUE <0x5567c798de30>: grid: x:2097152, y:1, z:1
[36m(vLLMHttpServer pid=36528)[0m HOSTQUEUE <0x5567c798de30>: group_segment_size: 0
[36m(vLLMHttpServer pid=36528)[0m HOSTQUEUE <0x5567c798de30>: private_segment_size: 0
[36m(vLLMHttpServer pid=36528)[0m HOSTQUEUE <0x5567c798de30>: completion_signal: 0x0
[36m(vLLMHttpServer pid=36528)[0m HOSTQUEUE <0x5567c798de30>: kernel_object: 0x7ecf90666340
[36m(vLLMHttpServer pid=36528)[0m HOSTQUEUE <0x5567c798de30>: device id: 3
[36m(vLLMHttpServer pid=36528)[0m 
[36m(vLLMHttpServer pid=36528)[0m HOSTQUEUE <0x564c79ffd640>: >>>>>>>> FIND MATCH KERNEL DETAILS <<<<<<<<<
[36m(vLLMHttpServer pid=36528)[0m HOSTQUEUE <0x564c79ffd640>: kernel name: Cijk_Ailk_Bljk_BBH_MT256x256x16_SE_AMAS3_BW_DTL0_BL1_DRB16_ALT_KME0_ETSP_EPS1_FL0_GRVW8_GSU1_ISA938_IU1_KME_GRCMn1_K1_KLA_LDL1_LRVW8_MAC_MMAC_BW1_MMAC_KM0_MMAC_KME1_NLCA1_NLCB1_OLDSR0_PGR1_PLR1_RK1_SU0_SUM0_SUS256_SVW4_TT16_8_TLM0_ULDSWM0_USFGRO0_USSB0_VAW2_VSn1_VW8_WG16_32_1_WGM1
[36m(vLLMHttpServer pid=36528)[0m HOSTQUEUE <0x564c79ffd640>: >>>>>>>> DUMP KERNEL ARGS: size: 160 <<<<<<<<<
[36m(vLLMHttpServer pid=36528)[0m 
[36m(vLLMHttpServer pid=36528)[0m 00 00 80 01 00 00 00 00 00 00 60 00 00 00 00 00 
[36m(vLLMHttpServer pid=36528)[0m 00 00 00 01 00 00 00 00 00 00 c0 d3 89 7f 00 00 
[36m(vLLMHttpServer pid=36528)[0m 00 00 c0 d3 89 7f 00 00 00 00 60 d7 8e 7f 00 00 
[36m(vLLMHttpServer pid=36528)[0m 00 00 40 c5 89 7f 00 00 00 00 80 3f 00 00 00 00 
[36m(vLLMHttpServer pid=36528)[0m 00 0c 00 00 01 00 00 00 00 0c 00 00 01 00 00 00 
[36m(vLLMHttpServer pid=36528)[0m 00 0c 00 00 01 00 00 00 00 08 00 00 01 00 00 00 
[36m(vLLMHttpServer pid=36528)[0m 00 0c 00 00 00 20 00 00 01 00 00 00 00 08 00 00 
[36m(vLLMHttpServer pid=36528)[0m 00 00 00 00 0c 00 00 00 20 00 00 00 20 00 00 00 
[36m(vLLMHttpServer pid=36528)[0m 01 00 00 00 01 00 00 80 00 00 00 00 00 00 00 00 
[36m(vLLMHttpServer pid=36528)[0m 00 00 00 00 00 00 00 00 00 00 00 00 00 00 00 00 
[36m(vLLMHttpServer pid=36528)[0m 
[36m(vLLMHttpServer pid=36528)[0m HOSTQUEUE <0x564c79ffd640>: >>>>>>>> DUMP KERNEL ARGS PTR INFO <<<<<<<<<
[36m(vLLMHttpServer pid=36528)[0m HOSTQUEUE <0x564c79ffd640>: ptr arg index: 3, ptr: 0x7f89d3c00000
[36m(vLLMHttpServer pid=36528)[0m HOSTQUEUE <0x564c79ffd640>: origin ptr: 0x7f89d3c00000, size byte: 603979776
[36m(vLLMHttpServer pid=36528)[0m HOSTQUEUE <0x564c79ffd640>: ptr arg index: 4, ptr: 0x7f89d3c00000
[36m(vLLMHttpServer pid=36528)[0m HOSTQUEUE <0x564c79ffd640>: origin ptr: 0x7f89d3c00000, size byte: 603979776
[36m(vLLMHttpServer pid=36528)[0m HOSTQUEUE <0x564c79ffd640>: ptr arg index: 5, ptr: 0x7f8ed7600000
[36m(vLLMHttpServer pid=36528)[0m HOSTQUEUE <0x564c79ffd640>: origin ptr: 0x7f8ed7600000, size byte: 12582912
[36m(vLLMHttpServer pid=36528)[0m HOSTQUEUE <0x564c79ffd640>: ptr arg index: 6, ptr: 0x7f89c5400000
[36m(vLLMHttpServer pid=36528)[0m HOSTQUEUE <0x564c79ffd640>: origin ptr: 0x7f89c1400000, size byte: 150994944
[36m(vLLMHttpServer pid=36528)[0m 
[36m(vLLMHttpServer pid=36528)[0m HOSTQUEUE <0x564c79ffd640>: >>>>>>>> DUMP AQL 0x7fd060802000 PACKET WITH INDEX 84473 <<<<<<<<<
[36m(vLLMHttpServer pid=36528)[0m HOSTQUEUE <0x564c79ffd640>: >>>>>>>> MATCH KERNEL COMMAND <<<<<<<<<
[36m(vLLMHttpServer pid=36528)[0m HOSTQUEUE <0x564c79ffd640>: header: 0xb02
[36m(vLLMHttpServer pid=36528)[0m HOSTQUEUE <0x564c79ffd640>: setup: 3
[36m(vLLMHttpServer pid=36528)[0m HOSTQUEUE <0x564c79ffd640>: workgroup: x:256, y:1, z:1
[36m(vLLMHttpServer pid=36528)[0m HOSTQUEUE <0x564c79ffd640>: grid: x:256, y:128, z:1
[36m(vLLMHttpServer pid=36528)[0m HOSTQUEUE <0x564c79ffd640>: group_segment_size: 32768
[36m(vLLMHttpServer pid=36528)[0m HOSTQUEUE <0x564c79ffd640>: private_segment_size: 0
[36m(vLLMHttpServer pid=36528)[0m HOSTQUEUE <0x564c79ffd640>: completion_signal: 0x0
[36m(vLLMHttpServer pid=36528)[0m HOSTQUEUE <0x564c79ffd640>: kernel_object: 0x7f89aedae640
[36m(vLLMHttpServer pid=36528)[0m HOSTQUEUE <0x564c79ffd640>: device id: 0
[36m(vLLMHttpServer pid=36528)[0m 
[36m(vLLMHttpServer pid=36528)[0m HOSTQUEUE <0x559dacd2a9c0>: >>>>>>>> DUMP AQL 0x7fdc94378000 PACKET WITH INDEX 84419 <<<<<<<<<
[36m(vLLMHttpServer pid=36528)[0m HOSTQUEUE <0x559dacd2a9c0>: >>>>>>>> MATCH KERNEL COMMAND <<<<<<<<<
[36m(vLLMHttpServer pid=36528)[0m HOSTQUEUE <0x559dacd2a9c0>: header: 0xb02
[36m(vLLMHttpServer pid=36528)[0m HOSTQUEUE <0x559dacd2a9c0>: setup: 3
[36m(vLLMHttpServer pid=36528)[0m HOSTQUEUE <0x559dacd2a9c0>: workgroup: x:256, y:1, z:1
[36m(vLLMHttpServer pid=36528)[0m HOSTQUEUE <0x559dacd2a9c0>: grid: x:2097152, y:1, z:1
[36m(vLLMHttpServer pid=36528)[0m HOSTQUEUE <0x559dacd2a9c0>: group_segment_size: 20
[36m(vLLMHttpServer pid=36528)[0m HOSTQUEUE <0x559dacd2a9c0>: private_segment_size: 0
[36m(vLLMHttpServer pid=36528)[0m HOSTQUEUE <0x559dacd2a9c0>: completion_signal: 0x0
[36m(vLLMHttpServer pid=36528)[0m HOSTQUEUE <0x559dacd2a9c0>: kernel_object: 0x7fdc3c962d00
[36m(vLLMHttpServer pid=36528)[0m HOSTQUEUE <0x559dacd2a9c0>: device id: 1
[36m(vLLMHttpServer pid=36528)[0m 
[36m(vLLMHttpServer pid=36528)[0m HOSTQUEUE <0x5578b2e755b0>: >>>>>>>> FIND MATCH KERNEL DETAILS <<<<<<<<<
[36m(vLLMHttpServer pid=36528)[0m HOSTQUEUE <0x5578b2e755b0>: kernel name: Cijk_Ailk_Bljk_BBH_MT256x256x16_SE_AMAS3_BW_DTL0_BL1_DRB16_ALT_KME0_ETSP_EPS1_FL0_GRVW8_GSU1_ISA938_IU1_KME_GRCMn1_K1_KLA_LDL1_LRVW8_MAC_MMAC_BW1_MMAC_KM0_MMAC_KME1_NLCA1_NLCB1_OLDSR0_PGR1_PLR1_RK1_SU0_SUM0_SUS256_SVW4_TT16_8_TLM0_ULDSWM0_USFGRO0_USSB0_VAW2_VSn1_VW8_WG16_32_1_WGM1
[36m(vLLMHttpServer pid=36528)[0m HOSTQUEUE <0x5578b2e755b0>: >>>>>>>> DUMP KERNEL ARGS: size: 160 <<<<<<<<<
[36m(vLLMHttpServer pid=36528)[0m 
[36m(vLLMHttpServer pid=36528)[0m 00 00 80 01 00 00 00 00 00 00 60 00 00 00 00 00 
[36m(vLLMHttpServer pid=36528)[0m 00 00 00 01 00 00 00 00 00 00 80 62 7c 7f 00 00 
[36m(vLLMHttpServer pid=36528)[0m 00 00 80 62 7c 7f 00 00 00 00 e0 76 80 7f 00 00 
[36m(vLLMHttpServer pid=36528)[0m 00 00 c0 6c 7b 7f 00 00 00 00 80 3f 00 00 00 00 
[36m(vLLMHttpServer pid=36528)[0m 00 0c 00 00 01 00 00 00 00 0c 00 00 01 00 00 00 
[36m(vLLMHttpServer pid=36528)[0m 00 0c 00 00 01 00 00 00 00 08 00 00 01 00 00 00 
[36m(vLLMHttpServer pid=36528)[0m 00 0c 00 00 00 20 00 00 01 00 00 00 00 08 00 00 
[36m(vLLMHttpServer pid=36528)[0m 00 00 00 00 0c 00 00 00 20 00 00 00 20 00 00 00 
[36m(vLLMHttpServer pid=36528)[0m 01 00 00 00 01 00 00 80 00 00 00 00 00 00 00 00 
[36m(vLLMHttpServer pid=36528)[0m 00 00 00 00 00 00 00 00 00 00 00 00 00 00 00 00 
[36m(vLLMHttpServer pid=36528)[0m 
[36m(vLLMHttpServer pid=36528)[0m HOSTQUEUE <0x5578b2e755b0>: >>>>>>>> DUMP KERNEL ARGS PTR INFO <<<<<<<<<
[36m(vLLMHttpServer pid=36528)[0m HOSTQUEUE <0x5578b2e755b0>: ptr arg index: 3, ptr: 0x7f7c62800000
[36m(vLLMHttpServer pid=36528)[0m HOSTQUEUE <0x5578b2e755b0>: origin ptr: 0x7f7c5e800000, size byte: 150994944
[36m(vLLMHttpServer pid=36528)[0m HOSTQUEUE <0x5578b2e755b0>: ptr arg index: 4, ptr: 0x7f7c62800000
[36m(vLLMHttpServer pid=36528)[0m HOSTQUEUE <0x5578b2e755b0>: origin ptr: 0x7f7c5e800000, size byte: 150994944
[36m(vLLMHttpServer pid=36528)[0m HOSTQUEUE <0x5578b2e755b0>: ptr arg index: 5, ptr: 0x7f8076e00000
[36m(vLLMHttpServer pid=36528)[0m HOSTQUEUE <0x5578b2e755b0>: origin ptr: 0x7f8076e00000, size byte: 12582912
[36m(vLLMHttpServer pid=36528)[0m HOSTQUEUE <0x5578b2e755b0>: ptr arg index: 6, ptr: 0x7f7b6cc00000
[36m(vLLMHttpServer pid=36528)[0m HOSTQUEUE <0x5578b2e755b0>: origin ptr: 0x7f7b6cc00000, size byte: 603979776
[36m(vLLMHttpServer pid=36528)[0m 
[36m(vLLMHttpServer pid=36528)[0m HOSTQUEUE <0x5578b2e755b0>: >>>>>>>> DUMP AQL 0x7fc1ed20f000 PACKET WITH INDEX 84018 <<<<<<<<<
[36m(vLLMHttpServer pid=36528)[0m HOSTQUEUE <0x5578b2e755b0>: >>>>>>>> MATCH KERNEL COMMAND <<<<<<<<<
[36m(vLLMHttpServer pid=36528)[0m HOSTQUEUE <0x5578b2e755b0>: header: 0xb02
[36m(vLLMHttpServer pid=36528)[0m HOSTQUEUE <0x5578b2e755b0>: setup: 3
[36m(vLLMHttpServer pid=36528)[0m HOSTQUEUE <0x5578b2e755b0>: workgroup: x:256, y:1, z:1
[36m(vLLMHttpServer pid=36528)[0m HOSTQUEUE <0x5578b2e755b0>: grid: x:256, y:128, z:1
[36m(vLLMHttpServer pid=36528)[0m HOSTQUEUE <0x5578b2e755b0>: group_segment_size: 32768
[36m(vLLMHttpServer pid=36528)[0m HOSTQUEUE <0x5578b2e755b0>: private_segment_size: 0
[36m(vLLMHttpServer pid=36528)[0m HOSTQUEUE <0x5578b2e755b0>: completion_signal: 0x0
[36m(vLLMHttpServer pid=36528)[0m HOSTQUEUE <0x5578b2e755b0>: kernel_object: 0x7f7b493ae640
[36m(vLLMHttpServer pid=36528)[0m HOSTQUEUE <0x5578b2e755b0>: device id: 2
[36m(vLLMHttpServer pid=36528)[0m 
[36m(vLLMHttpServer pid=36528)[0m HOSTQUEUE <0x5567c798de30>: >>>>>>>> FIND MATCH KERNEL DETAILS <<<<<<<<<
[36m(vLLMHttpServer pid=36528)[0m HOSTQUEUE <0x5567c798de30>: kernel name: _ZN2at6native29vectorized_elementwise_kernelILi8ENS0_15CUDAFunctor_addIN3c108BFloat16EEESt5arrayIPcLm3EEEEviT0_T1_
[36m(vLLMHttpServer pid=36528)[0m HOSTQUEUE <0x5567c798de30>: >>>>>>>> DUMP KERNEL ARGS: size: 32 <<<<<<<<<
[36m(vLLMHttpServer pid=36528)[0m 
[36m(vLLMHttpServer pid=36528)[0m 00 00 00 01 00 00 80 3f 00 00 c0 d4 ce 7e 00 00 
[36m(vLLMHttpServer pid=36528)[0m 00 00 c0 d2 ce 7e 00 00 00 00 c0 d0 ce 7e 00 00 
[36m(vLLMHttpServer pid=36528)[0m 
[36m(vLLMHttpServer pid=36528)[0m HOSTQUEUE <0x5567c798de30>: >>>>>>>> DUMP KERNEL ARGS PTR INFO <<<<<<<<<
[36m(vLLMHttpServer pid=36528)[0m HOSTQUEUE <0x5567c798de30>: ptr arg index: 1, ptr: 0x7eced4c00000
[36m(vLLMHttpServer pid=36528)[0m HOSTQUEUE <0x5567c798de30>: origin ptr: 0x7eced0c00000, size byte: 603979776
[36m(vLLMHttpServer pid=36528)[0m HOSTQUEUE <0x5567c798de30>: ptr arg index: 2, ptr: 0x7eced2c00000
[36m(vLLMHttpServer pid=36528)[0m HOSTQUEUE <0x5567c798de30>: origin ptr: 0x7eced0c00000, size byte: 603979776
[36m(vLLMHttpServer pid=36528)[0m HOSTQUEUE <0x5567c798de30>: ptr arg index: 3, ptr: 0x7eced0c00000
[36m(vLLMHttpServer pid=36528)[0m HOSTQUEUE <0x5567c798de30>: origin ptr: 0x7eced0c00000, size byte: 603979776
[36m(vLLMHttpServer pid=36528)[0m 
[36m(vLLMHttpServer pid=36528)[0m HOSTQUEUE <0x5567c798de30>: >>>>>>>> DUMP AQL 0x7f149015e000 PACKET WITH INDEX 84249 <<<<<<<<<
[36m(vLLMHttpServer pid=36528)[0m HOSTQUEUE <0x5567c798de30>: >>>>>>>> MATCH KERNEL COMMAND <<<<<<<<<
[36m(vLLMHttpServer pid=36528)[0m HOSTQUEUE <0x5567c798de30>: header: 0x1502
[36m(vLLMHttpServer pid=36528)[0m HOSTQUEUE <0x5567c798de30>: setup: 3
[36m(vLLMHttpServer pid=36528)[0m HOSTQUEUE <0x5567c798de30>: workgroup: x:256, y:1, z:1
[36m(vLLMHttpServer pid=36528)[0m HOSTQUEUE <0x5567c798de30>: grid: x:8192, y:1, z:1
[36m(vLLMHttpServer pid=36528)[0m HOSTQUEUE <0x5567c798de30>: group_segment_size: 19696
[36m(vLLMHttpServer pid=36528)[0m HOSTQUEUE <0x5567c798de30>: private_segment_size: 656
[36m(vLLMHttpServer pid=36528)[0m HOSTQUEUE <0x5567c798de30>: completion_signal: 0x7f1d6a7f1a80
[36m(vLLMHttpServer pid=36528)[0m HOSTQUEUE <0x5567c798de30>: kernel_object: 0x7f145e626880
[36m(vLLMHttpServer pid=36528)[0m HOSTQUEUE <0x5567c798de30>: device id: 3
[36m(vLLMHttpServer pid=36528)[0m 
[36m(vLLMHttpServer pid=36528)[0m HOSTQUEUE <0x5578b2e755b0>: >>>>>>>> FIND MATCH KERNEL DETAILS <<<<<<<<<
[36m(vLLMHttpServer pid=36528)[0m HOSTQUEUE <0x5578b2e755b0>: kernel name: Cijk_Ailk_Bljk_BBH_MT64x64x32_SE_AMAS3_BW_DTL0_BL1_DRB16_ALT_KME0_ETSP_EPS1_FL0_GRVW4_GSU1_ISA938_IU1_KME_GRCMn1_K1_KLA_LDL1_LRVW4_MAC_MMAC_BW1_MMAC_KM0_MMAC_KME1_NLCA1_NLCB1_OLDSR0_PGR1_PLR1_RK1_SU0_SUM0_SUS256_SVW4_TT4_4_TLM0_ULDSWM0_USFGRO0_USSB0_VAW2_VSn1_VW4_WG16_16_1_WGM8
[36m(vLLMHttpServer pid=36528)[0m HOSTQUEUE <0x5578b2e755b0>: >>>>>>>> DUMP KERNEL ARGS: size: 160 <<<<<<<<<
[36m(vLLMHttpServer pid=36528)[0m 
[36m(vLLMHttpServer pid=36528)[0m 00 00 02 00 00 00 00 00 00 80 00 00 00 00 00 00 
[36m(vLLMHttpServer pid=36528)[0m 00 00 00 01 00 00 00 00 00 fa 13 85 c0 7f 00 00 
[36m(vLLMHttpServer pid=36528)[0m 00 fa 13 85 c0 7f 00 00 00 20 1a e1 7f 7f 00 00 
[36m(vLLMHttpServer pid=36528)[0m 00 00 c0 6c 7b 7f 00 00 00 00 80 3f 00 00 00 00 
[36m(vLLMHttpServer pid=36528)[0m 10 00 00 00 01 00 00 00 10 00 00 00 01 00 00 00 
[36m(vLLMHttpServer pid=36528)[0m 10 00 00 00 01 00 00 00 00 08 00 00 01 00 00 00 
[36m(vLLMHttpServer pid=36528)[0m 10 00 00 00 00 20 00 00 01 00 00 00 00 08 00 00 
[36m(vLLMHttpServer pid=36528)[0m 00 00 00 00 01 00 00 00 80 00 00 00 10 00 00 00 
[36m(vLLMHttpServer pid=36528)[0m 08 00 00 00 01 00 00 10 00 00 00 00 00 00 00 00 
[36m(vLLMHttpServer pid=36528)[0m 00 00 00 00 00 00 00 00 00 00 00 00 00 00 00 00 
[36m(vLLMHttpServer pid=36528)[0m 
[36m(vLLMHttpServer pid=36528)[0m HOSTQUEUE <0x5578b2e755b0>: >>>>>>>> DUMP KERNEL ARGS PTR INFO <<<<<<<<<
[36m(vLLMHttpServer pid=36528)[0m HOSTQUEUE <0x5578b2e755b0>: ptr arg index: 3, ptr: 0x7fc08513fa00
[36m(vLLMHttpServer pid=36528)[0m HOSTQUEUE <0x5578b2e755b0>: origin ptr: 0x7fc085000000, size byte: 2097152
[36m(vLLMHttpServer pid=36528)[0m HOSTQUEUE <0x5578b2e755b0>: ptr arg index: 4, ptr: 0x7fc08513fa00
[36m(vLLMHttpServer pid=36528)[0m HOSTQUEUE <0x5578b2e755b0>: origin ptr: 0x7fc085000000, size byte: 2097152
[36m(vLLMHttpServer pid=36528)[0m HOSTQUEUE <0x5578b2e755b0>: ptr arg index: 5, ptr: 0x7f7fe11a2000
[36m(vLLMHttpServer pid=36528)[0m HOSTQUEUE <0x5578b2e755b0>: origin ptr: 0x7f7fe1000000, size byte: 2097152
[36m(vLLMHttpServer pid=36528)[0m HOSTQUEUE <0x5578b2e755b0>: ptr arg index: 6, ptr: 0x7f7b6cc00000
[36m(vLLMHttpServer pid=36528)[0m HOSTQUEUE <0x5578b2e755b0>: origin ptr: 0x7f7b6cc00000, size byte: 603979776
[36m(vLLMHttpServer pid=36528)[0m 
[36m(vLLMHttpServer pid=36528)[0m HOSTQUEUE <0x5578b2e755b0>: >>>>>>>> DUMP AQL 0x7fc1ed20f000 PACKET WITH INDEX 84019 <<<<<<<<<
[36m(vLLMHttpServer pid=36528)[0m HOSTQUEUE <0x5578b2e755b0>: >>>>>>>> MATCH KERNEL COMMAND <<<<<<<<<
[36m(vLLMHttpServer pid=36528)[0m HOSTQUEUE <0x5578b2e755b0>: header: 0xb02
[36m(vLLMHttpServer pid=36528)[0m HOSTQUEUE <0x5578b2e755b0>: setup: 3
[36m(vLLMHttpServer pid=36528)[0m HOSTQUEUE <0x5578b2e755b0>: workgroup: x:128, y:1, z:1
[36m(vLLMHttpServer pid=36528)[0m HOSTQUEUE <0x5578b2e755b0>: grid: x:8192, y:1, z:1
[36m(vLLMHttpServer pid=36528)[0m HOSTQUEUE <0x5578b2e755b0>: group_segment_size: 0
[36m(vLLMHttpServer pid=36528)[0m HOSTQUEUE <0x5578b2e755b0>: private_segment_size: 0
[36m(vLLMHttpServer pid=36528)[0m HOSTQUEUE <0x5578b2e755b0>: completion_signal: 0x0
[36m(vLLMHttpServer pid=36528)[0m HOSTQUEUE <0x5578b2e755b0>: kernel_object: 0x7f7fce676600
[36m(vLLMHttpServer pid=36528)[0m HOSTQUEUE <0x5578b2e755b0>: device id: 2
[36m(vLLMHttpServer pid=36528)[0m 
[36m(vLLMHttpServer pid=36528)[0m HOSTQUEUE <0x559dacd2a9c0>: >>>>>>>> FIND MATCH KERNEL DETAILS <<<<<<<<<
[36m(vLLMHttpServer pid=36528)[0m HOSTQUEUE <0x559dacd2a9c0>: kernel name: _ZN2at6native24fused_add_rms_kernel_optIN3c108BFloat16EfLi8ELi256ELb1EEEvPT_S5_S5_iT0_i
[36m(vLLMHttpServer pid=36528)[0m HOSTQUEUE <0x559dacd2a9c0>: >>>>>>>> DUMP KERNEL ARGS: size: 296 <<<<<<<<<
[36m(vLLMHttpServer pid=36528)[0m 
[36m(vLLMHttpServer pid=36528)[0m 00 00 80 d5 96 7f 00 00 00 00 00 36 db 7f 00 00 
[36m(vLLMHttpServer pid=36528)[0m 00 da df 40 9b 7f 00 00 00 08 00 00 bd 37 86 35 
[36m(vLLMHttpServer pid=36528)[0m 00 20 00 00 00 00 00 00 00 20 00 00 01 00 00 00 
[36m(vLLMHttpServer pid=36528)[0m 01 00 00 00 00 01 01 00 01 00 00 00 00 00 00 00 
[36m(vLLMHttpServer pid=36528)[0m 00 00 00 00 00 00 00 00 00 00 00 00 00 00 00 00 
[36m(vLLMHttpServer pid=36528)[0m 00 00 00 00 00 00 00 00 00 00 00 00 00 00 00 00 
[36m(vLLMHttpServer pid=36528)[0m 00 00 00 00 00 00 00 00 03 00 00 00 00 00 00 00 
[36m(vLLMHttpServer pid=36528)[0m 00 00 00 00 00 00 00 00 00 00 00 00 00 00 00 00 
[36m(vLLMHttpServer pid=36528)[0m 00 40 bd e7 db 7f 00 00 00 7a bc e7 db 7f 00 00 
[36m(vLLMHttpServer pid=36528)[0m 00 fc bc e7 db 7f 00 00 00 46 be e7 db 7f 00 00 
[36m(vLLMHttpServer pid=36528)[0m 00 86 bd e7 db 7f 00 00 00 06 be e7 db 7f 00 00 
[36m(vLLMHttpServer pid=36528)[0m 00 84 bd e7 db 7f 00 00 00 fe bc e7 db 7f 00 00 
[36m(vLLMHttpServer pid=36528)[0m 00 82 bd e7 db 7f 00 00 10 00 00 00 00 00 00 00 
[36m(vLLMHttpServer pid=36528)[0m 00 00 00 00 00 00 00 00 00 00 00 00 00 00 00 00 
[36m(vLLMHttpServer pid=36528)[0m 00 00 00 00 00 00 00 00 00 00 00 00 00 00 00 00 
[36m(vLLMHttpServer pid=36528)[0m 00 00 00 00 00 00 00 00 00 00 00 00 00 00 00 00 
[36m(vLLMHttpServer pid=36528)[0m 00 00 00 04 00 00 00 00 00 00 40 de 96 7f 00 00 
[36m(vLLMHttpServer pid=36528)[0m 00 fc bc e7 db 7f 00 00 00 46 be e7 db 7f 00 00 
[36m(vLLMHttpServer pid=36528)[0m 00 86 bd e7 db 7f 00 00 
[36m(vLLMHttpServer pid=36528)[0m 
[36m(vLLMHttpServer pid=36528)[0m HOSTQUEUE <0x559dacd2a9c0>: >>>>>>>> DUMP KERNEL ARGS PTR INFO <<<<<<<<<
[36m(vLLMHttpServer pid=36528)[0m HOSTQUEUE <0x559dacd2a9c0>: ptr arg index: 0, ptr: 0x7f96d5800000
[36m(vLLMHttpServer pid=36528)[0m HOSTQUEUE <0x559dacd2a9c0>: origin ptr: 0x7f96d5800000, size byte: 603979776
[36m(vLLMHttpServer pid=36528)[0m HOSTQUEUE <0x559dacd2a9c0>: ptr arg index: 1, ptr: 0x7fdb36000000
[36m(vLLMHttpServer pid=36528)[0m HOSTQUEUE <0x559dacd2a9c0>: origin ptr: 0x7fdb36000000, size byte: 33554432
[36m(vLLMHttpServer pid=36528)[0m HOSTQUEUE <0x559dacd2a9c0>: ptr arg index: 2, ptr: 0x7f9b40dfda00
[36m(vLLMHttpServer pid=36528)[0m HOSTQUEUE <0x559dacd2a9c0>: origin ptr: 0x7f9b40c00000, size byte: 2097152
[36m(vLLMHttpServer pid=36528)[0m HOSTQUEUE <0x559dacd2a9c0>: ptr arg index: 16, ptr: 0x7fdbe7bd4000
[36m(vLLMHttpServer pid=36528)[0m HOSTQUEUE <0x559dacd2a9c0>: origin ptr: 0x7fdbe7a00000, size byte: 2097152
[36m(vLLMHttpServer pid=36528)[0m HOSTQUEUE <0x559dacd2a9c0>: ptr arg index: 17, ptr: 0x7fdbe7bc7a00
[36m(vLLMHttpServer pid=36528)[0m HOSTQUEUE <0x559dacd2a9c0>: origin ptr: 0x7fdbe7a00000, size byte: 2097152
[36m(vLLMHttpServer pid=36528)[0m HOSTQUEUE <0x559dacd2a9c0>: ptr arg index: 18, ptr: 0x7fdbe7bcfc00
[36m(vLLMHttpServer pid=36528)[0m HOSTQUEUE <0x559dacd2a9c0>: origin ptr: 0x7fdbe7a00000, size byte: 2097152
[36m(vLLMHttpServer pid=36528)[0m HOSTQUEUE <0x559dacd2a9c0>: ptr arg index: 19, ptr: 0x7fdbe7be4600
[36m(vLLMHttpServer pid=36528)[0m HOSTQUEUE <0x559dacd2a9c0>: origin ptr: 0x7fdbe7a00000, size byte: 2097152
[36m(vLLMHttpServer pid=36528)[0m HOSTQUEUE <0x559dacd2a9c0>: ptr arg index: 20, ptr: 0x7fdbe7bd8600
[36m(vLLMHttpServer pid=36528)[0m HOSTQUEUE <0x559dacd2a9c0>: origin ptr: 0x7fdbe7a00000, size byte: 2097152
[36m(vLLMHttpServer pid=36528)[0m HOSTQUEUE <0x559dacd2a9c0>: ptr arg index: 21, ptr: 0x7fdbe7be0600
[36m(vLLMHttpServer pid=36528)[0m HOSTQUEUE <0x559dacd2a9c0>: origin ptr: 0x7fdbe7a00000, size byte: 2097152
[36m(vLLMHttpServer pid=36528)[0m HOSTQUEUE <0x559dacd2a9c0>: ptr arg index: 22, ptr: 0x7fdbe7bd8400
[36m(vLLMHttpServer pid=36528)[0m HOSTQUEUE <0x559dacd2a9c0>: origin ptr: 0x7fdbe7a00000, size byte: 2097152
[36m(vLLMHttpServer pid=36528)[0m HOSTQUEUE <0x559dacd2a9c0>: ptr arg index: 23, ptr: 0x7fdbe7bcfe00
[36m(vLLMHttpServer pid=36528)[0m HOSTQUEUE <0x559dacd2a9c0>: origin ptr: 0x7fdbe7a00000, size byte: 2097152
[36m(vLLMHttpServer pid=36528)[0m HOSTQUEUE <0x559dacd2a9c0>: ptr arg index: 24, ptr: 0x7fdbe7bd8200
[36m(vLLMHttpServer pid=36528)[0m HOSTQUEUE <0x559dacd2a9c0>: origin ptr: 0x7fdbe7a00000, size byte: 2097152
[36m(vLLMHttpServer pid=36528)[0m HOSTQUEUE <0x559dacd2a9c0>: ptr arg index: 33, ptr: 0x7f96de400000
[36m(vLLMHttpServer pid=36528)[0m HOSTQUEUE <0x559dacd2a9c0>: origin ptr: 0x7f96d5800000, size byte: 603979776
[36m(vLLMHttpServer pid=36528)[0m HOSTQUEUE <0x559dacd2a9c0>: ptr arg index: 34, ptr: 0x7fdbe7bcfc00
[36m(vLLMHttpServer pid=36528)[0m HOSTQUEUE <0x559dacd2a9c0>: origin ptr: 0x7fdbe7a00000, size byte: 2097152
[36m(vLLMHttpServer pid=36528)[0m HOSTQUEUE <0x559dacd2a9c0>: ptr arg index: 35, ptr: 0x7fdbe7be4600
[36m(vLLMHttpServer pid=36528)[0m HOSTQUEUE <0x559dacd2a9c0>: origin ptr: 0x7fdbe7a00000, size byte: 2097152
[36m(vLLMHttpServer pid=36528)[0m HOSTQUEUE <0x559dacd2a9c0>: ptr arg index: 36, ptr: 0x7fdbe7bd8600
[36m(vLLMHttpServer pid=36528)[0m HOSTQUEUE <0x559dacd2a9c0>: origin ptr: 0x7fdbe7a00000, size byte: 2097152
[36m(vLLMHttpServer pid=36528)[0m 
[36m(vLLMHttpServer pid=36528)[0m HOSTQUEUE <0x559dacd2a9c0>: >>>>>>>> DUMP AQL 0x7fdc94378000 PACKET WITH INDEX 84420 <<<<<<<<<
[36m(vLLMHttpServer pid=36528)[0m HOSTQUEUE <0x559dacd2a9c0>: >>>>>>>> MATCH KERNEL COMMAND <<<<<<<<<
[36m(vLLMHttpServer pid=36528)[0m HOSTQUEUE <0x559dacd2a9c0>: header: 0xb02
[36m(vLLMHttpServer pid=36528)[0m HOSTQUEUE <0x559dacd2a9c0>: setup: 3
[36m(vLLMHttpServer pid=36528)[0m HOSTQUEUE <0x559dacd2a9c0>: workgroup: x:512, y:1, z:1
[36m(vLLMHttpServer pid=36528)[0m HOSTQUEUE <0x559dacd2a9c0>: grid: x:6144, y:32, z:1
[36m(vLLMHttpServer pid=36528)[0m HOSTQUEUE <0x559dacd2a9c0>: group_segment_size: 65536
[36m(vLLMHttpServer pid=36528)[0m HOSTQUEUE <0x559dacd2a9c0>: private_segment_size: 0
[36m(vLLMHttpServer pid=36528)[0m HOSTQUEUE <0x559dacd2a9c0>: completion_signal: 0x0
[36m(vLLMHttpServer pid=36528)[0m HOSTQUEUE <0x559dacd2a9c0>: kernel_object: 0x7f96b1fadec0
[36m(vLLMHttpServer pid=36528)[0m HOSTQUEUE <0x559dacd2a9c0>: device id: 1
[36m(vLLMHttpServer pid=36528)[0m 
[36m(vLLMHttpServer pid=36528)[0m HOSTQUEUE <0x5567c798de30>: >>>>>>>> FIND MATCH KERNEL DETAILS <<<<<<<<<
[36m(vLLMHttpServer pid=36528)[0m HOSTQUEUE <0x5567c798de30>: kernel name: _Z23ncclDevKernel_Generic_424ncclDevKernelArgsStorageILm1024EE
[36m(vLLMHttpServer pid=36528)[0m HOSTQUEUE <0x5567c798de30>: >>>>>>>> DUMP KERNEL ARGS: size: 1280 <<<<<<<<<
[36m(vLLMHttpServer pid=36528)[0m 
[36m(vLLMHttpServer pid=36528)[0m 00 10 70 51 14 7f 00 00 ff ff ff ff 00 00 00 00 
[36m(vLLMHttpServer pid=36528)[0m 00 00 00 00 00 00 00 00 00 00 00 00 ff ff ff ff 
[36m(vLLMHttpServer pid=36528)[0m 00 00 00 00 00 00 00 00 00 00 00 00 00 00 00 00 
[36m(vLLMHttpServer pid=36528)[0m 00 80 b6 01 30 02 00 00 01 00 00 00 00 00 00 00 
[36m(vLLMHttpServer pid=36528)[0m 00 80 b6 01 30 02 00 00 01 00 00 00 00 00 00 00 
[36m(vLLMHttpServer pid=36528)[0m 00 80 b6 01 30 02 00 00 01 00 00 00 00 00 00 00 
[36m(vLLMHttpServer pid=36528)[0m 00 80 b6 01 30 02 00 00 01 00 00 00 00 00 00 00 
[36m(vLLMHttpServer pid=36528)[0m 00 80 b6 01 30 02 00 00 01 00 00 00 00 00 00 00 
[36m(vLLMHttpServer pid=36528)[0m 00 80 b6 01 30 02 00 00 01 00 00 00 00 00 00 00 
[36m(vLLMHttpServer pid=36528)[0m 00 80 b6 01 30 02 00 00 01 00 00 00 00 00 00 00 
[36m(vLLMHttpServer pid=36528)[0m 00 80 b6 01 30 02 00 00 01 00 00 00 00 00 00 00 
[36m(vLLMHttpServer pid=36528)[0m 00 80 b6 01 30 02 00 00 01 00 00 00 00 00 00 00 
[36m(vLLMHttpServer pid=36528)[0m 00 80 b6 01 30 02 00 00 01 00 00 00 00 00 00 00 
[36m(vLLMHttpServer pid=36528)[0m 00 80 b6 01 30 02 00 00 01 00 00 00 00 00 00 00 
[36m(vLLMHttpServer pid=36528)[0m 00 80 b6 01 30 02 00 00 01 00 00 00 00 00 00 00 
[36m(vLLMHttpServer pid=36528)[0m 00 80 b6 01 30 02 00 00 01 00 00 00 00 00 00 00 
[36m(vLLMHttpServer pid=36528)[0m 00 80 b6 01 30 02 00 00 01 00 00 00 00 00 00 00 
[36m(vLLMHttpServer pid=36528)[0m 00 80 b6 01 30 02 00 00 01 00 00 00 00 00 00 00 
[36m(vLLMHttpServer pid=36528)[0m 00 80 b6 01 30 02 00 00 01 00 00 00 00 00 00 00 
[36m(vLLMHttpServer pid=36528)[0m 00 80 b6 01 30 02 00 00 01 00 00 00 00 00 00 00 
[36m(vLLMHttpServer pid=36528)[0m 00 80 b6 01 30 02 00 00 01 00 00 00 00 00 00 00 
[36m(vLLMHttpServer pid=36528)[0m 00 80 b6 01 30 02 00 00 01 00 00 00 00 00 00 00 
[36m(vLLMHttpServer pid=36528)[0m 00 80 b6 01 30 02 00 00 01 00 00 00 00 00 00 00 
[36m(vLLMHttpServer pid=36528)[0m 00 80 b6 01 30 02 00 00 01 00 00 00 00 00 00 00 
[36m(vLLMHttpServer pid=36528)[0m 00 80 b6 01 30 02 00 00 01 00 00 00 00 00 00 00 
[36m(vLLMHttpServer pid=36528)[0m 00 80 b6 01 30 02 00 00 01 00 00 00 00 00 00 00 
[36m(vLLMHttpServer pid=36528)[0m 00 80 b6 01 30 02 00 00 01 00 00 00 00 00 00 00 
[36m(vLLMHttpServer pid=36528)[0m 00 80 b6 01 30 02 00 00 01 00 00 00 00 00 00 00 
[36m(vLLMHttpServer pid=36528)[0m 00 80 b6 01 
[36m(vLLMHttpServer pid=36528)[0m HOSTQUEUE <0x5578b2e755b0>: >>>>>>>> FIND MATCH KERNEL DETAILS <<<<<<<<<
[36m(vLLMHttpServer pid=36528)[0m 30 HOSTQUEUE <0x5578b2e755b0>: kernel name: _ZN2at6native32elementwise_kernel_manual_unrollILi128ELi8EZNS0_22gpu_kernel_impl_nocastIZZZNS0_23direct_copy_kernel_cudaERNS_18TensorIteratorBaseEENKUlvE1_clEvENKUlvE10_clEvEUlN3c108BFloat16EE_EEvS4_RKT_EUlibE_EEviT1_
[36m(vLLMHttpServer pid=36528)[0m 02 HOSTQUEUE <0x5578b2e755b0>: >>>>>>>> DUMP KERNEL ARGS: size: 360 <<<<<<<<<
[36m(vLLMHttpServer pid=36528)[0m 00 
[36m(vLLMHttpServer pid=36528)[0m 00 00 01 00 00 01 00 00 00 00 00 00 00 00 00 00 00 02 
[36m(vLLMHttpServer pid=36528)[0m 00 00 00 80 00 b6 08 01 00 30 00 02 00 00 
[36m(vLLMHttpServer pid=36528)[0m 00 01 01 00 00 00 00 00 00 03 00 00 00 00 00 00 00 00 
[36m(vLLMHttpServer pid=36528)[0m 20 00 00 80 00 b6 01 01 00 30 00 02 00 00 
[36m(vLLMHttpServer pid=36528)[0m 00 0d 01 00 00 00 00 00 00 00 00 00 00 00 00 00 00 00 
[36m(vLLMHttpServer pid=36528)[0m 00 00 00 80 00 b6 00 01 00 30 00 02 00 00 
[36m(vLLMHttpServer pid=36528)[0m 00 00 01 00 00 00 00 00 00 00 00 00 00 00 00 00 00 00 
[36m(vLLMHttpServer pid=36528)[0m 00 00 00 80 00 b6 00 01 00 30 00 02 00 00 
[36m(vLLMHttpServer pid=36528)[0m 00 00 01 00 00 00 00 00 00 00 00 00 00 00 00 00 00 00 
[36m(vLLMHttpServer pid=36528)[0m 00 00 00 80 00 b6 00 01 00 30 00 02 00 00 
[36m(vLLMHttpServer pid=36528)[0m 00 00 01 00 00 00 00 00 00 00 00 00 00 00 00 00 00 00 
[36m(vLLMHttpServer pid=36528)[0m 00 00 00 80 00 b6 00 01 00 30 00 02 00 00 
[36m(vLLMHttpServer pid=36528)[0m 00 00 01 00 00 00 00 00 00 00 00 00 00 00 00 00 00 00 
[36m(vLLMHttpServer pid=36528)[0m 00 00 00 1f 00 04 00 08 00 00 00 00 00 00 
[36m(vLLMHttpServer pid=36528)[0m 00 00 00 00 00 00 00 00 00 00 00 00 00 00 00 00 00 00 
[36m(vLLMHttpServer pid=36528)[0m 00 00 00 00 00 c0 00 d0 00 ce 00 7e 00 00 
[36m(vLLMHttpServer pid=36528)[0m 00 00 00 00 00 00 c0 00 d4 00 ce 00 7e 00 00 00 00 00 
[36m(vLLMHttpServer pid=36528)[0m 00 00 00 00 00 08 00 00 00 00 00 00 00 00 
[36m(vLLMHttpServer pid=36528)[0m 00 00 00 00 00 00 08 00 00 00 00 00 00 00 00 00 00 00 
[36m(vLLMHttpServer pid=36528)[0m 00 00 00 00 00 08 00 00 00 00 00 00 00 00 
[36m(vLLMHttpServer pid=36528)[0m 00 00 00 00 08 00 00 00 00 00 01 00 00 00 20 00 00 00 00 00 00 
[36m(vLLMHttpServer pid=36528)[0m 00 00 00 00 00 00 00 00 
[36m(vLLMHttpServer pid=36528)[0m 00 00 00 00 00 00 00 00 41 00 00 00 00 00 00 00 00 00 00 00 00 00 00 00 
[36m(vLLMHttpServer pid=36528)[0m 00 00 00 00 00 00 00 00 
[36m(vLLMHttpServer pid=36528)[0m 00 00 00 00 00 00 00 00 21 00 00 00 00 00 00 00 00 00 00 00 00 00 00 00 
[36m(vLLMHttpServer pid=36528)[0m 02 30 00 a2 00 cb 00 ca 
[36m(vLLMHttpServer pid=36528)[0m 67 02 55 00 00 00 00 00 b0 10 80 00 e1 00 ca 00 67 20 55 00 00 00 00 00 
[36m(vLLMHttpServer pid=36528)[0m 00 40 00 00 00 00 00 00 
[36m(vLLMHttpServer pid=36528)[0m 00 00 00 00 00 00 00 00 20 00 00 00 00 00 00 00 00 00 00 00 00 00 00 00 
[36m(vLLMHttpServer pid=36528)[0m 00 57 00 1f 00 dd 00 91 
[36m(vLLMHttpServer pid=36528)[0m 62 00 55 00 00 00 00 00 e0 00 fc 00 db 00 ca 00 1e 00 7f 00 00 00 00 00 
[36m(vLLMHttpServer pid=36528)[0m 00 80 00 00 00 00 00 00 
[36m(vLLMHttpServer pid=36528)[0m 00 00 00 00 00 00 00 00 20 00 00 00 00 00 00 00 00 00 00 00 00 00 00 00 
[36m(vLLMHttpServer pid=36528)[0m 00 87 00 5c 00 b8 00 9c 
[36m(vLLMHttpServer pid=36528)[0m 62 00 55 00 00 00 00 00 c2 00 a8 00 c4 00 aa 00 1e 00 7f 00 00 00 00 00 
[36m(vLLMHttpServer pid=36528)[0m 00 c0 00 00 00 00 00 00 
[36m(vLLMHttpServer pid=36528)[0m 00 00 00 00 00 00 00 00 20 00 00 00 00 00 00 00 00 00 00 00 00 00 00 00 
[36m(vLLMHttpServer pid=36528)[0m 00 97 00 12 00 f0 00 91 
[36m(vLLMHttpServer pid=36528)[0m 62 00 55 00 
[36m(vLLMHttpServer pid=36528)[0m HOSTQUEUE <0x564c79ffd640>: >>>>>>>> FIND MATCH KERNEL DETAILS <<<<<<<<<
[36m(vLLMHttpServer pid=36528)[0m 00 00 HOSTQUEUE <0x564c79ffd640>: kernel name: Cijk_Ailk_Bljk_BBH_MT64x64x32_SE_AMAS3_BW_DTL0_BL1_DRB16_ALT_KME0_ETSP_EPS1_FL0_GRVW4_GSU1_ISA938_IU1_KME_GRCMn1_K1_KLA_LDL1_LRVW4_MAC_MMAC_BW1_MMAC_KM0_MMAC_KME1_NLCA1_NLCB1_OLDSR0_PGR1_PLR1_RK1_SU0_SUM0_SUS256_SVW4_TT4_4_TLM0_ULDSWM0_USFGRO0_USSB0_VAW2_VSn1_VW4_WG16_16_1_WGM8
[36m(vLLMHttpServer pid=36528)[0m 00 00 HOSTQUEUE <0x564c79ffd640>: >>>>>>>> DUMP KERNEL ARGS: size: 160 <<<<<<<<<
[36m(vLLMHttpServer pid=36528)[0m c4 00 
[36m(vLLMHttpServer pid=36528)[0m a4 00 00 c2 00 00 a7 00 02 1e 00 00 7f 00 00 00 00 00 00 00 00 
[36m(vLLMHttpServer pid=36528)[0m 00 00 00 00 00 00 00 80 00 00 00 00 
[36m(vLLMHttpServer pid=36528)[0m 00 00 00 00 00 00 00 00 00 00 00 00 00 21 00 
[36m(vLLMHttpServer pid=36528)[0m 02 00 00 00 00 00 00 00 00 00 00 01 00 00 00 00 00 00 00 00 00 
[36m(vLLMHttpServer pid=36528)[0m 00 00 c0 00 00 ae 00 fa d1 00 d3 ca 
[36m(vLLMHttpServer pid=36528)[0m ea 67 00 ce 55 fa 7f 00 17 00 00 85 00 c0 c0 
[36m(vLLMHttpServer pid=36528)[0m e8 7f 00 a4 00 fa c7 00 d3 67 00 ea 55 fa ce 00 13 7f 00 85 00 
[36m(vLLMHttpServer pid=36528)[0m c0 00 20 7f 00 00 00 20 00 00 9a 00 
[36m(vLLMHttpServer pid=36528)[0m 41 00 00 8e 00 00 7f 00 00 00 00 00 00 20 00 
[36m(vLLMHttpServer pid=36528)[0m 00 00 00 00 00 00 00 00 40 00 
[36m(vLLMHttpServer pid=36528)[0m 
[36m(vLLMHttpServer pid=36528)[0m c5 00 HOSTQUEUE <0x5578b2e755b0>: >>>>>>>> DUMP KERNEL ARGS PTR INFO <<<<<<<<<
[36m(vLLMHttpServer pid=36528)[0m 89 00 7f HOSTQUEUE <0x5578b2e755b0>: ptr arg index: 42, ptr: 0x7fc08517fa00
[36m(vLLMHttpServer pid=36528)[0m 00 00 HOSTQUEUE <0x5578b2e755b0>: origin ptr: 0x7fc085000000, size byte: 2097152
[36m(vLLMHttpServer pid=36528)[0m 
[36m(vLLMHttpServer pid=36528)[0m 00 HOSTQUEUE <0x5578b2e755b0>: ptr arg index: 43, ptr: 0x7fc08513fa00
[36m(vLLMHttpServer pid=36528)[0m 67 00 HOSTQUEUE <0x5578b2e755b0>: origin ptr: 0x7fc085000000, size byte: 2097152
[36m(vLLMHttpServer pid=36528)[0m 27 00 
[36m(vLLMHttpServer pid=36528)[0m HOSTQUEUE <0x5578b2e755b0>: >>>>>>>> DUMP AQL 0x7fc1ed20f000 PACKET WITH INDEX 84020 <<<<<<<<<
[36m(vLLMHttpServer pid=36528)[0m db 80 HOSTQUEUE <0x5578b2e755b0>: >>>>>>>> MATCH KERNEL COMMAND <<<<<<<<<
[36m(vLLMHttpServer pid=36528)[0m 9c 3f HOSTQUEUE <0x5578b2e755b0>: header: 0xb02
[36m(vLLMHttpServer pid=36528)[0m 62 00 HOSTQUEUE <0x5578b2e755b0>: setup: 3
[36m(vLLMHttpServer pid=36528)[0m 55 00 HOSTQUEUE <0x5578b2e755b0>: workgroup: x:128, y:1, z:1
[36m(vLLMHttpServer pid=36528)[0m 00 00 HOSTQUEUE <0x5578b2e755b0>: grid: x:8192, y:1, z:1
[36m(vLLMHttpServer pid=36528)[0m 00 00 HOSTQUEUE <0x5578b2e755b0>: group_segment_size: 0
[36m(vLLMHttpServer pid=36528)[0m 79 
[36m(vLLMHttpServer pid=36528)[0m HOSTQUEUE <0x5578b2e755b0>: private_segment_size: 0
[36m(vLLMHttpServer pid=36528)[0m fc 10 HOSTQUEUE <0x5578b2e755b0>: completion_signal: 0x0
[36m(vLLMHttpServer pid=36528)[0m db 00 HOSTQUEUE <0x5578b2e755b0>: kernel_object: 0x7f7fce676600
[36m(vLLMHttpServer pid=36528)[0m ca 00 HOSTQUEUE <0x5578b2e755b0>: device id: 2
[36m(vLLMHttpServer pid=36528)[0m 1e 00 7f 01 00 00 00 00 
[36m(vLLMHttpServer pid=36528)[0m 00 40 10 00 00 00 00 00 00 00 01 00 00 00 00 00 00 20 
[36m(vLLMHttpServer pid=36528)[0m 00 10 00 00 00 00 00 00 00 01 00 00 00 00 
[36m(vLLMHttpServer pid=36528)[0m 00 27 00 1e 08 aa 00 9c 00 62 01 55 00 00 00 00 00 e0 
[36m(vLLMHttpServer pid=36528)[0m fc 10 db 00 ca 00 1e 00 7f 00 00 20 00 00 
[36m(vLLMHttpServer pid=36528)[0m 00 00 01 00 00 00 00 00 00 00 00 00 08 00 00 00 00 81 
[36m(vLLMHttpServer pid=36528)[0m 01 00 00 00 00 00 00 00 00 01 00 00 00 00 
[36m(vLLMHttpServer pid=36528)[0m 00 e0 80 db 00 8b 00 c7 00 67 10 55 00 00 00 00 00 a0 
[36m(vLLMHttpServer pid=36528)[0m d3 08 bd 00 ca 00 67 00 55 01 00 00 00 00 
[36m(vLLMHttpServer pid=36528)[0m 10 00 00 00 00 00 00 00 00 00 00 00 00 00 00 00 00 61 
[36m(vLLMHttpServer pid=36528)[0m 00 00 00 00 00 00 00 00 00 00 00 00 00 00 
[36m(vLLMHttpServer pid=36528)[0m 00 10 00 e2 00 a1 00 ca 00 67 00 55 00 00 00 00 00 40 
[36m(vLLMHttpServer pid=36528)[0m 
[36m(vLLMHttpServer pid=36528)[0m b1 HOSTQUEUE <0x564c79ffd640>: >>>>>>>> DUMP KERNEL ARGS PTR INFO <<<<<<<<<
[36m(vLLMHttpServer pid=36528)[0m 84 c7 67 55 00 HOSTQUEUE <0x564c79ffd640>: ptr arg index: 3, ptr: 0x7fceead3fa00
[36m(vLLMHttpServer pid=36528)[0m 00 HOSTQUEUE <0x564c79ffd640>: origin ptr: 0x7fceeac00000, size byte: 2097152
[36m(vLLMHttpServer pid=36528)[0m 
[36m(vLLMHttpServer pid=36528)[0m HOSTQUEUE <0x564c79ffd640>: ptr arg index: 4, ptr: 0x7fceead3fa00
[36m(vLLMHttpServer pid=36528)[0m 00 HOSTQUEUE <0x564c79ffd640>: origin ptr: 0x7fceeac00000, size byte: 2097152
[36m(vLLMHttpServer pid=36528)[0m 00 00 HOSTQUEUE <0x564c79ffd640>: ptr arg index: 5, ptr: 0x7f8e419a2000
[36m(vLLMHttpServer pid=36528)[0m 00 HOSTQUEUE <0x564c79ffd640>: origin ptr: 0x7f8e41800000, size byte: 2097152
[36m(vLLMHttpServer pid=36528)[0m 00 HOSTQUEUE <0x564c79ffd640>: ptr arg index: 6, ptr: 0x7f89c5400000
[36m(vLLMHttpServer pid=36528)[0m 00 HOSTQUEUE <0x564c79ffd640>: origin ptr: 0x7f89c1400000, size byte: 150994944
[36m(vLLMHttpServer pid=36528)[0m 00 00 41 00 
[36m(vLLMHttpServer pid=36528)[0m HOSTQUEUE <0x564c79ffd640>: >>>>>>>> DUMP AQL 0x7fd060802000 PACKET WITH INDEX 84474 <<<<<<<<<
[36m(vLLMHttpServer pid=36528)[0m 00 HOSTQUEUE <0x564c79ffd640>: >>>>>>>> MATCH KERNEL COMMAND <<<<<<<<<
[36m(vLLMHttpServer pid=36528)[0m 00 HOSTQUEUE <0x564c79ffd640>: header: 0xb02
[36m(vLLMHttpServer pid=36528)[0m 00 HOSTQUEUE <0x564c79ffd640>: setup: 3
[36m(vLLMHttpServer pid=36528)[0m 00 HOSTQUEUE <0x564c79ffd640>: workgroup: x:128, y:1, z:1
[36m(vLLMHttpServer pid=36528)[0m 00 HOSTQUEUE <0x564c79ffd640>: grid: x:8192, y:1, z:1
[36m(vLLMHttpServer pid=36528)[0m 00 HOSTQUEUE <0x564c79ffd640>: group_segment_size: 0
[36m(vLLMHttpServer pid=36528)[0m 
[36m(vLLMHttpServer pid=36528)[0m HOSTQUEUE <0x564c79ffd640>: private_segment_size: 0
[36m(vLLMHttpServer pid=36528)[0m 90 HOSTQUEUE <0x564c79ffd640>: completion_signal: 0x0
[36m(vLLMHttpServer pid=36528)[0m f0 HOSTQUEUE <0x564c79ffd640>: kernel_object: 0x7f8e2fa76600
[36m(vLLMHttpServer pid=36528)[0m a4 HOSTQUEUE <0x564c79ffd640>: device id: 0
[36m(vLLMHttpServer pid=36528)[0m c7 67 55 00 00 e0 e8 a8 c7 67 55 00 00 
[36m(vLLMHttpServer pid=36528)[0m 20 00 00 00 00 00 00 00 20 00 00 00 00 00 00 00 
[36m(vLLMHttpServer pid=36528)[0m 37 9f d4 91 62 55 00 00 e0 fc db ca 1e 7f 00 00 
[36m(vLLMHttpServer pid=36528)[0m 80 00 00 00 00 00 00 00 20 00 00 00 00 00 00 00 
[36m(vLLMHttpServer pid=36528)[0m b7 90 ac 9c 62 55 00 00 65 6e 74 61 72 7f 00 00 
[36m(vLLMHttpServer pid=36528)[0m 20 00 00 00 01 00 00 00 01 00 00 00 00 01 01 00 
[36m(vLLMHttpServer pid=36528)[0m 01 00 00 00 00 00 00 00 00 00 00 00 00 00 00 00 
[36m(vLLMHttpServer pid=36528)[0m 00 00 00 00 00 00 00 00 00 00 00 00 00 00 00 00 
[36m(vLLMHttpServer pid=36528)[0m 00 00 00 00 00 00 00 00 00 00 00 00 00 00 00 00 
[36m(vLLMHttpServer pid=36528)[0m 03 00 00 00 00 00 00 00 00 00 00 00 00 00 00 00 
[36m(vLLMHttpServer pid=36528)[0m 00 00 80 e3 13 7f 00 00 00 00 00 00 00 00 00 00 
[36m(vLLMHttpServer pid=36528)[0m 60 03 00 00 00 00 01 00 01 00 00 00 80 04 00 00 
[36m(vLLMHttpServer pid=36528)[0m 00 00 00 00 04 00 00 00 00 01 00 00 20 00 00 00 
[36m(vLLMHttpServer pid=36528)[0m 80 00 00 00 00 00 00 00 00 00 00 00 00 00 00 00 
[36m(vLLMHttpServer pid=36528)[0m 5c 00 00 00 00 00 00 00 00 00 00 00 00 00 00 00 
[36m(vLLMHttpServer pid=36528)[0m 00 00 00 00 00 00 00 00 00 00 00 00 00 00 00 00 
[36m(vLLMHttpServer pid=36528)[0m 00 d2 bf e4 13 7f 00 00 02 00 00 00 00 00 00 00 
[36m(vLLMHttpServer pid=36528)[0m 00 00 80 3f 00 00 00 00 01 00 00 00 01 00 00 00 
[36m(vLLMHttpServer pid=36528)[0m 01 00 00 00 00 01 01 00 01 00 00 00 00 00 00 00 
[36m(vLLMHttpServer pid=36528)[0m 00 00 00 00 00 00 00 00 00 00 00 00 00 00 00 00 
[36m(vLLMHttpServer pid=36528)[0m 00 00 00 00 00 00 00 00 00 00 00 00 00 00 00 00 
[36m(vLLMHttpServer pid=36528)[0m 
[36m(vLLMHttpServer pid=36528)[0m HOSTQUEUE <0x5567c798de30>: >>>>>>>> DUMP KERNEL ARGS PTR INFO <<<<<<<<<
[36m(vLLMHttpServer pid=36528)[0m HOSTQUEUE <0x5567c798de30>: ptr arg index: 0, ptr: 0x7f1451701000
[36m(vLLMHttpServer pid=36528)[0m HOSTQUEUE <0x5567c798de30>: origin ptr: 0x7f1451701000, size byte: 49264
[36m(vLLMHttpServer pid=36528)[0m HOSTQUEUE <0x5567c798de30>: ptr arg index: 72, ptr: 0x7eced0c00000
[36m(vLLMHttpServer pid=36528)[0m HOSTQUEUE <0x5567c798de30>: origin ptr: 0x7eced0c00000, size byte: 603979776
[36m(vLLMHttpServer pid=36528)[0m HOSTQUEUE <0x5567c798de30>: ptr arg index: 73, ptr: 0x7eced4c00000
[36m(vLLMHttpServer pid=36528)[0m HOSTQUEUE <0x5567c798de30>: origin ptr: 0x7eced0c00000, size byte: 603979776
[36m(vLLMHttpServer pid=36528)[0m HOSTQUEUE <0x5567c798de30>: ptr arg index: 138, ptr: 0x7f13e3800000
[36m(vLLMHttpServer pid=36528)[0m HOSTQUEUE <0x5567c798de30>: origin ptr: 0x7f13e3800000, size byte: 11865656
[36m(vLLMHttpServer pid=36528)[0m HOSTQUEUE <0x5567c798de30>: ptr arg index: 150, ptr: 0x7f13e4bfd200
[36m(vLLMHttpServer pid=36528)[0m HOSTQUEUE <0x5567c798de30>: origin ptr: 0x7f13e4a00000, size byte: 2097152
[36m(vLLMHttpServer pid=36528)[0m 
[36m(vLLMHttpServer pid=36528)[0m HOSTQUEUE <0x5567c798de30>: >>>>>>>> DUMP AQL 0x7f149015e000 PACKET WITH INDEX 84250 <<<<<<<<<
[36m(vLLMHttpServer pid=36528)[0m HOSTQUEUE <0x5567c798de30>: >>>>>>>> MATCH KERNEL COMMAND <<<<<<<<<
[36m(vLLMHttpServer pid=36528)[0m HOSTQUEUE <0x5567c798de30>: header: 0xb02
[36m(vLLMHttpServer pid=36528)[0m HOSTQUEUE <0x5567c798de30>: setup: 1
[36m(vLLMHttpServer pid=36528)[0m HOSTQUEUE <0x5567c798de30>: workgroup: x:1024, y:1, z:1
[36m(vLLMHttpServer pid=36528)[0m HOSTQUEUE <0x5567c798de30>: grid: x:4195328, y:1, z:1
[36m(vLLMHttpServer pid=36528)[0m HOSTQUEUE <0x5567c798de30>: group_segment_size: 0
[36m(vLLMHttpServer pid=36528)[0m HOSTQUEUE <0x5567c798de30>: private_segment_size: 0
[36m(vLLMHttpServer pid=36528)[0m HOSTQUEUE <0x5567c798de30>: completion_signal: 0x0
[36m(vLLMHttpServer pid=36528)[0m HOSTQUEUE <0x5567c798de30>: kernel_object: 0x7f1490166800
[36m(vLLMHttpServer pid=36528)[0m HOSTQUEUE <0x5567c798de30>: device id: 3
[36m(vLLMHttpServer pid=36528)[0m 
[36m(vLLMHttpServer pid=36528)[0m HOSTQUEUE <0x5578b2e755b0>: >>>>>>>> FIND MATCH KERNEL DETAILS <<<<<<<<<
[36m(vLLMHttpServer pid=36528)[0m HOSTQUEUE <0x5578b2e755b0>: kernel name: _ZN2at6native32elementwise_kernel_manual_unrollILi128ELi8EZNS0_22gpu_kernel_impl_nocastIZZZNS0_23direct_copy_kernel_cudaERNS_18TensorIteratorBaseEENKUlvE1_clEvENKUlvE10_clEvEUlN3c108BFloat16EE_EEvS4_RKT_EUlibE_EEviT1_
[36m(vLLMHttpServer pid=36528)[0m HOSTQUEUE <0x5578b2e755b0>: >>>>>>>> DUMP KERNEL ARGS: size: 360 <<<<<<<<<
[36m(vLLMHttpServer pid=36528)[0m 
[36m(vLLMHttpServer pid=36528)[0m 00 00 01 00 00 00 00 00 02 00 00 00 08 00 00 00 
[36m(vLLMHttpServer pid=36528)[0m 01 00 00 00 03 00 00 00 00 20 00 00 01 00 00 00 
[36m(vLLMHttpServer pid=36528)[0m 0d 00 00 00 00 00 00 00 00 00 00 00 00 00 00 00 
[36m(vLLMHttpServer pid=36528)[0m 00 00 00 00 00 00 00 00 00 00 00 00 00 00 00 00 
[36m(vLLMHttpServer pid=36528)[0m 00 00 00 00 00 00 00 00 00 00 00 00 00 00 00 00 
[36m(vLLMHttpServer pid=36528)[0m 00 00 00 00 00 00 00 00 00 00 00 00 00 00 00 00 
[36m(vLLMHttpServer pid=36528)[0m 00 00 00 00 00 00 00 00 00 00 00 00 00 00 00 00 
[36m(vLLMHttpServer pid=36528)[0m 00 00 00 00 00 00 00 00 00 00 00 00 00 00 00 00 
[36m(vLLMHttpServer pid=36528)[0m 00 00 00 00 00 00 00 00 00 00 00 00 00 00 00 00 
[36m(vLLMHttpServer pid=36528)[0m 00 00 00 00 00 00 00 00 00 00 00 00 00 00 00 00 
[36m(vLLMHttpServer pid=36528)[0m 00 00 00 00 00 00 00 00 00 00 00 00 00 00 00 00 
[36m(vLLMHttpServer pid=36528)[0m 00 00 00 00 00 00 00 00 00 00 00 00 00 00 00 00 
[36m(vLLMHttpServer pid=36528)[0m 00 00 00 00 00 00 00 00 00 00 00 00 02 00 00 00 
[36m(vLLMHttpServer pid=36528)[0m 02 00 00 00 10 00 00 00 20 00 00 00 00 00 00 00 
[36m(vLLMHttpServer pid=36528)[0m 00 00 00 00 00 00 00 00 00 00 00 00 00 00 00 00 
[36m(vLLMHttpServer pid=36528)[0m 00 00 00 00 00 00 00 00 00 00 00 00 00 00 00 00 
[36m(vLLMHttpServer pid=36528)[0m 00 00 00 00 00 00 00 00 00 00 00 00 00 00 00 00 
[36m(vLLMHttpServer pid=36528)[0m 00 00 00 00 00 00 00 00 00 00 00 00 00 00 00 00 
[36m(vLLMHttpServer pid=36528)[0m 00 00 00 00 00 00 00 00 00 00 00 00 00 00 00 00 
[36m(vLLMHttpServer pid=36528)[0m 00 00 00 00 00 00 00 00 00 00 00 00 00 00 00 00 
[36m(vLLMHttpServer pid=36528)[0m 00 00 00 00 00 00 00 00 00 00 00 00 00 00 00 00 
[36m(vLLMHttpServer pid=36528)[0m 00 fa 19 85 c0 7f 00 00 10 fa 13 85 c0 7f 00 00 
[36m(vLLMHttpServer pid=36528)[0m 00 00 00 00 00 00 00 00 
[36m(vLLMHttpServer pid=36528)[0m 
[36m(vLLMHttpServer pid=36528)[0m HOSTQUEUE <0x5578b2e755b0>: >>>>>>>> DUMP KERNEL ARGS PTR INFO <<<<<<<<<
[36m(vLLMHttpServer pid=36528)[0m HOSTQUEUE <0x5578b2e755b0>: ptr arg index: 42, ptr: 0x7fc08519fa00
[36m(vLLMHttpServer pid=36528)[0m HOSTQUEUE <0x5578b2e755b0>: origin ptr: 0x7fc085000000, size byte: 2097152
[36m(vLLMHttpServer pid=36528)[0m HOSTQUEUE <0x5578b2e755b0>: ptr arg index: 43, ptr: 0x7fc08513fa10
[36m(vLLMHttpServer pid=36528)[0m HOSTQUEUE <0x5578b2e755b0>: origin ptr: 0x7fc085000000, size byte: 2097152
[36m(vLLMHttpServer pid=36528)[0m 
[36m(vLLMHttpServer pid=36528)[0m HOSTQUEUE <0x5578b2e755b0>: >>>>>>>> DUMP AQL 0x7fc1ed20f000 PACKET WITH INDEX 84021 <<<<<<<<<
[36m(vLLMHttpServer pid=36528)[0m HOSTQUEUE <0x5578b2e755b0>: >>>>>>>> MATCH KERNEL COMMAND <<<<<<<<<
[36m(vLLMHttpServer pid=36528)[0m HOSTQUEUE <0x5578b2e755b0>: header: 0xb02
[36m(vLLMHttpServer pid=36528)[0m HOSTQUEUE <0x5578b2e755b0>: setup: 3
[36m(vLLMHttpServer pid=36528)[0m HOSTQUEUE <0x5578b2e755b0>: workgroup: x:256, y:1, z:1
[36m(vLLMHttpServer pid=36528)[0m HOSTQUEUE <0x5578b2e755b0>: grid: x:1048576, y:1, z:1
[36m(vLLMHttpServer pid=36528)[0m HOSTQUEUE <0x5578b2e755b0>: group_segment_size: 0
[36m(vLLMHttpServer pid=36528)[0m HOSTQUEUE <0x5578b2e755b0>: private_segment_size: 0
[36m(vLLMHttpServer pid=36528)[0m HOSTQUEUE <0x5578b2e755b0>: completion_signal: 0x0
[36m(vLLMHttpServer pid=36528)[0m HOSTQUEUE <0x5578b2e755b0>: kernel_object: 0x7fc084e2f700
[36m(vLLMHttpServer pid=36528)[0m HOSTQUEUE <0x5578b2e755b0>: device id: 2
[36m(vLLMHttpServer pid=36528)[0m 
[36m(vLLMHttpServer pid=36528)[0m HOSTQUEUE <0x5578b2e755b0>: >>>>>>>> FIND MATCH KERNEL DETAILS <<<<<<<<<
[36m(vLLMHttpServer pid=36528)[0m HOSTQUEUE <0x5578b2e755b0>: kernel name: _ZN2at6native29vectorized_elementwise_kernelILi8ENS0_11FillFunctorIN3c108BFloat16EEESt5arrayIPcLm1EEEEviT0_T1_
[36m(vLLMHttpServer pid=36528)[0m HOSTQUEUE <0x5578b2e755b0>: >>>>>>>> DUMP KERNEL ARGS: size: 16 <<<<<<<<<
[36m(vLLMHttpServer pid=36528)[0m 
[36m(vLLMHttpServer pid=36528)[0m 00 00 80 00 00 00 00 00 00 00 80 65 7c 7f 00 00 
[36m(vLLMHttpServer pid=36528)[0m 
[36m(vLLMHttpServer pid=36528)[0m HOSTQUEUE <0x5578b2e755b0>: >>>>>>>> DUMP KERNEL ARGS PTR INFO <<<<<<<<<
[36m(vLLMHttpServer pid=36528)[0m HOSTQUEUE <0x5578b2e755b0>: ptr arg index: 1, ptr: 0x7f7c65800000
[36m(vLLMHttpServer pid=36528)[0m HOSTQUEUE <0x5578b2e755b0>: origin ptr: 0x7f7c5e800000, size byte: 150994944
[36m(vLLMHttpServer pid=36528)[0m 
[36m(vLLMHttpServer pid=36528)[0m HOSTQUEUE <0x5578b2e755b0>: >>>>>>>> DUMP AQL 0x7fc1ed20f000 PACKET WITH INDEX 84022 <<<<<<<<<
[36m(vLLMHttpServer pid=36528)[0m HOSTQUEUE <0x5578b2e755b0>: >>>>>>>> MATCH KERNEL COMMAND <<<<<<<<<
[36m(vLLMHttpServer pid=36528)[0m HOSTQUEUE <0x5578b2e755b0>: header: 0xb02
[36m(vLLMHttpServer pid=36528)[0m HOSTQUEUE <0x5578b2e755b0>: setup: 3
[36m(vLLMHttpServer pid=36528)[0m HOSTQUEUE <0x5578b2e755b0>: workgroup: x:256, y:1, z:1
[36m(vLLMHttpServer pid=36528)[0m HOSTQUEUE <0x5578b2e755b0>: grid: x:8192, y:1, z:1
[36m(vLLMHttpServer pid=36528)[0m HOSTQUEUE <0x5578b2e755b0>: group_segment_size: 0
[36m(vLLMHttpServer pid=36528)[0m HOSTQUEUE <0x5578b2e755b0>: private_segment_size: 0
[36m(vLLMHttpServer pid=36528)[0m HOSTQUEUE <0x5578b2e755b0>: completion_signal: 0x0
[36m(vLLMHttpServer pid=36528)[0m HOSTQUEUE <0x5578b2e755b0>: kernel_object: 0x7fc11801bf40
[36m(vLLMHttpServer pid=36528)[0m HOSTQUEUE <0x5578b2e755b0>: device id: 2
[36m(vLLMHttpServer pid=36528)[0m 
[36m(vLLMHttpServer pid=36528)[0m HOSTQUEUE <0x564c79ffd640>: >>>>>>>> FIND MATCH KERNEL DETAILS <<<<<<<<<
[36m(vLLMHttpServer pid=36528)[0m HOSTQUEUE <0x564c79ffd640>: kernel name: _ZN2at6native32elementwise_kernel_manual_unrollILi128ELi8EZNS0_22gpu_kernel_impl_nocastIZZZNS0_23direct_copy_kernel_cudaERNS_18TensorIteratorBaseEENKUlvE1_clEvENKUlvE10_clEvEUlN3c108BFloat16EE_EEvS4_RKT_EUlibE_EEviT1_
[36m(vLLMHttpServer pid=36528)[0m HOSTQUEUE <0x564c79ffd640>: >>>>>>>> DUMP KERNEL ARGS: size: 360 <<<<<<<<<
[36m(vLLMHttpServer pid=36528)[0m 
[36m(vLLMHttpServer pid=36528)[0m 00 00 01 00 00 00 00 00 02 00 00 00 08 00 00 00 
[36m(vLLMHttpServer pid=36528)[0m 01 00 00 00 03 00 00 00 00 20 00 00 01 00 00 00 
[36m(vLLMHttpServer pid=36528)[0m 0d 00 00 00 00 00 00 00 00 00 00 00 00 00 00 00 
[36m(vLLMHttpServer pid=36528)[0m 00 00 00 00 00 00 00 00 00 00 00 00 00 00 00 00 
[36m(vLLMHttpServer pid=36528)[0m 00 00 00 00 00 00 00 00 00 00 00 00 00 00 00 00 
[36m(vLLMHttpServer pid=36528)[0m 00 00 00 00 00 00 00 00 00 00 00 00 00 00 00 00 
[36m(vLLMHttpServer pid=36528)[0m 00 00 00 00 00 00 00 00 00 00 00 00 00 00 00 00 
[36m(vLLMHttpServer pid=36528)[0m 00 00 00 00 00 00 00 00 00 00 00 00 00 00 00 00 
[36m(vLLMHttpServer pid=36528)[0m 00 00 00 00 00 00 00 00 00 00 00 00 00 00 00 00 
[36m(vLLMHttpServer pid=36528)[0m 00 00 00 00 00 00 00 00 00 00 00 00 00 00 00 00 
[36m(vLLMHttpServer pid=36528)[0m 00 00 00 00 00 00 00 00 00 00 00 00 00 00 00 00 
[36m(vLLMHttpServer pid=36528)[0m 00 00 00 00 00 00 00 00 00 00 00 00 00 00 00 00 
[36m(vLLMHttpServer pid=36528)[0m 00 00 00 00 00 00 00 00 00 00 00 00 02 00 00 00 
[36m(vLLMHttpServer pid=36528)[0m 02 00 00 00 10 00 00 00 20 00 00 00 00 00 00 00 
[36m(vLLMHttpServer pid=36528)[0m 00 00 00 00 00 00 00 00 00 00 00 00 00 00 00 00 
[36m(vLLMHttpServer pid=36528)[0m 00 00 00 00 00 00 00 00 00 00 00 00 00 00 00 00 
[36m(vLLMHttpServer pid=36528)[0m 00 00 00 00 00 00 00 00 00 00 00 00 00 00 00 00 
[36m(vLLMHttpServer pid=36528)[0m 00 00 00 00 00 00 00 00 00 00 00 00 00 00 00 00 
[36m(vLLMHttpServer pid=36528)[0m 00 00 00 00 00 00 00 00 00 00 00 00 00 00 00 00 
[36m(vLLMHttpServer pid=36528)[0m 00 00 00 00 00 00 00 00 00 00 00 00 00 00 00 00 
[36m(vLLMHttpServer pid=36528)[0m 00 00 00 00 00 00 00 00 00 00 00 00 00 00 00 00 
[36m(vLLMHttpServer pid=36528)[0m 00 fa d7 ea ce 7f 00 00 00 fa d3 ea ce 7f 00 00 
[36m(vLLMHttpServer pid=36528)[0m 00 00 00 00 00 00 00 00 
[36m(vLLMHttpServer pid=36528)[0m 
[36m(vLLMHttpServer pid=36528)[0m HOSTQUEUE <0x564c79ffd640>: >>>>>>>> DUMP KERNEL ARGS PTR INFO <<<<<<<<<
[36m(vLLMHttpServer pid=36528)[0m HOSTQUEUE <0x564c79ffd640>: ptr arg index: 42, ptr: 0x7fceead7fa00
[36m(vLLMHttpServer pid=36528)[0m HOSTQUEUE <0x564c79ffd640>: origin ptr: 0x7fceeac00000, size byte: 2097152
[36m(vLLMHttpServer pid=36528)[0m HOSTQUEUE <0x564c79ffd640>: ptr arg index: 43, ptr: 0x7fceead3fa00
[36m(vLLMHttpServer pid=36528)[0m HOSTQUEUE <0x564c79ffd640>: origin ptr: 0x7fceeac00000, size byte: 2097152
[36m(vLLMHttpServer pid=36528)[0m 
[36m(vLLMHttpServer pid=36528)[0m HOSTQUEUE <0x564c79ffd640>: >>>>>>>> DUMP AQL 0x7fd060802000 PACKET WITH INDEX 84475 <<<<<<<<<
[36m(vLLMHttpServer pid=36528)[0m HOSTQUEUE <0x564c79ffd640>: >>>>>>>> MATCH KERNEL COMMAND <<<<<<<<<
[36m(vLLMHttpServer pid=36528)[0m HOSTQUEUE <0x564c79ffd640>: header: 0xb02
[36m(vLLMHttpServer pid=36528)[0m HOSTQUEUE <0x564c79ffd640>: setup: 3
[36m(vLLMHttpServer pid=36528)[0m HOSTQUEUE <0x564c79ffd640>: workgroup: x:128, y:1, z:1
[36m(vLLMHttpServer pid=36528)[0m HOSTQUEUE <0x564c79ffd640>: grid: x:8192, y:1, z:1
[36m(vLLMHttpServer pid=36528)[0m HOSTQUEUE <0x564c79ffd640>: group_segment_size: 0
[36m(vLLMHttpServer pid=36528)[0m HOSTQUEUE <0x564c79ffd640>: private_segment_size: 0
[36m(vLLMHttpServer pid=36528)[0m HOSTQUEUE <0x564c79ffd640>: completion_signal: 0x0
[36m(vLLMHttpServer pid=36528)[0m HOSTQUEUE <0x564c79ffd640>: kernel_object: 0x7f8e2fa76600
[36m(vLLMHttpServer pid=36528)[0m HOSTQUEUE <0x564c79ffd640>: device id: 0
[36m(vLLMHttpServer pid=36528)[0m 
[36m(vLLMHttpServer pid=36528)[0m HOSTQUEUE <0x5578b2e755b0>: >>>>>>>> FIND MATCH KERNEL DETAILS <<<<<<<<<
[36m(vLLMHttpServer pid=36528)[0m HOSTQUEUE <0x5578b2e755b0>: kernel name: _ZN2at6native12_GLOBAL__N_143distribution_elementwise_grid_stride_kernelIfLi4EZNS0_9templates4cuda20normal_and_transformIN3c108BFloat16EfPNS_17CUDAGeneratorImplEZZZNS4_13normal_kernelIS9_EEvRKNS_10TensorBaseEddT_ENKUlvE_clEvENKUlvE2_clEvEUlfE_EEvRNS_18TensorIteratorBaseET1_T2_EUlP25hiprandStatePhilox4_32_10E0_ZNS1_27distribution_nullary_kernelIS7_f15HIP_vector_typeIfLj4EES9_SO_SH_EEvSJ_SL_RKT3_T4_EUlifE_EEvlNS_15PhiloxCudaStateESK_SL_
[36m(vLLMHttpServer pid=36528)[0m HOSTQUEUE <0x5578b2e755b0>: >>>>>>>> DUMP KERNEL ARGS: size: 328 <<<<<<<<<
[36m(vLLMHttpServer pid=36528)[0m 
[36m(vLLMHttpServer pid=36528)[0m 00 20 00 00 00 00 00 00 00 00 00 00 00 00 00 00 
[36m(vLLMHttpServer pid=36528)[0m 00 01 00 00 00 00 00 00 00 00 00 00 00 00 00 00 
[36m(vLLMHttpServer pid=36528)[0m 00 00 00 00 00 00 00 00 00 00 00 00 00 00 00 00 
[36m(vLLMHttpServer pid=36528)[0m 00 8a 1e 85 c0 7f 00 00 02 00 00 00 00 00 00 00 
[36m(vLLMHttpServer pid=36528)[0m 00 00 80 3f 00 00 00 00 20 00 00 00 01 00 00 00 
[36m(vLLMHttpServer pid=36528)[0m 01 00 00 00 00 01 01 00 01 00 00 00 00 00 00 00 
[36m(vLLMHttpServer pid=36528)[0m 00 00 00 00 00 00 00 00 00 00 00 00 00 00 00 00 
[36m(vLLMHttpServer pid=36528)[0m 00 00 00 00 00 00 00 00 00 00 00 00 00 00 00 00 
[36m(vLLMHttpServer pid=36528)[0m 00 00 00 00 00 00 00 00 03 00 00 00 00 00 00 00 
[36m(vLLMHttpServer pid=36528)[0m 00 fc 1c 85 c0 7f 00 00 00 46 1e 85 c0 7f 00 00 
[36m(vLLMHttpServer pid=36528)[0m 00 86 1d 85 c0 7f 00 00 00 06 1e 85 c0 7f 00 00 
[36m(vLLMHttpServer pid=36528)[0m 00 84 1d 85 c0 7f 00 00 00 fe 1c 85 c0 7f 00 00 
[36m(vLLMHttpServer pid=36528)[0m 00 82 1d 85 c0 7f 00 00 10 00 00 00 00 00 00 00 
[36m(vLLMHttpServer pid=36528)[0m 00 00 00 00 00 00 00 00 00 00 00 00 00 00 00 00 
[36m(vLLMHttpServer pid=36528)[0m 00 80 b6 01 30 02 00 00 01 00 00 00 00 00 00 00 
[36m(vLLMHttpServer pid=36528)[0m 00 80 b6 01 30 02 00 00 01 00 00 00 00 00 00 00 
[36m(vLLMHttpServer pid=36528)[0m 00 00 00 04 00 00 00 00 00 00 80 75 7b 7f 00 00 
[36m(vLLMHttpServer pid=36528)[0m 00 fc 1c 85 c0 7f 00 00 00 46 1e 85 c0 7f 00 00 
[36m(vLLMHttpServer pid=36528)[0m 00 86 1d 85 c0 7f 00 00 00 06 1e 85 c0 7f 00 00 
[36m(vLLMHttpServer pid=36528)[0m 00 84 1d 85 c0 7f 00 00 00 fe 1c 85 c0 7f 00 00 
[36m(vLLMHttpServer pid=36528)[0m 00 82 1d 85 c0 7f 00 00 
[36m(vLLMHttpServer pid=36528)[0m 
[36m(vLLMHttpServer pid=36528)[0m HOSTQUEUE <0x5578b2e755b0>: >>>>>>>> DUMP KERNEL ARGS PTR INFO <<<<<<<<<
[36m(vLLMHttpServer pid=36528)[0m HOSTQUEUE <0x5578b2e755b0>: ptr arg index: 6, ptr: 0x7fc0851e8a00
[36m(vLLMHttpServer pid=36528)[0m HOSTQUEUE <0x5578b2e755b0>: origin ptr: 0x7fc085000000, size byte: 2097152
[36m(vLLMHttpServer pid=36528)[0m HOSTQUEUE <0x5578b2e755b0>: ptr arg index: 18, ptr: 0x7fc0851cfc00
[36m(vLLMHttpServer pid=36528)[0m HOSTQUEUE <0x5578b2e755b0>: origin ptr: 0x7fc085000000, size byte: 2097152
[36m(vLLMHttpServer pid=36528)[0m HOSTQUEUE <0x5578b2e755b0>: ptr arg index: 19, ptr: 0x7fc0851e4600
[36m(vLLMHttpServer pid=36528)[0m HOSTQUEUE <0x5578b2e755b0>: origin ptr: 0x7fc085000000, size byte: 2097152
[36m(vLLMHttpServer pid=36528)[0m HOSTQUEUE <0x5578b2e755b0>: ptr arg index: 20, ptr: 0x7fc0851d8600
[36m(vLLMHttpServer pid=36528)[0m HOSTQUEUE <0x5578b2e755b0>: origin ptr: 0x7fc085000000, size byte: 2097152
[36m(vLLMHttpServer pid=36528)[0m HOSTQUEUE <0x5578b2e755b0>: ptr arg index: 21, ptr: 0x7fc0851e0600
[36m(vLLMHttpServer pid=36528)[0m HOSTQUEUE <0x5578b2e755b0>: origin ptr: 0x7fc085000000, size byte: 2097152
[36m(vLLMHttpServer pid=36528)[0m HOSTQUEUE <0x5578b2e755b0>: ptr arg index: 22, ptr: 0x7fc0851d8400
[36m(vLLMHttpServer pid=36528)[0m HOSTQUEUE <0x5578b2e755b0>: origin ptr: 0x7fc085000000, size byte: 2097152
[36m(vLLMHttpServer pid=36528)[0m HOSTQUEUE <0x5578b2e755b0>: ptr arg index: 23, ptr: 0x7fc0851cfe00
[36m(vLLMHttpServer pid=36528)[0m HOSTQUEUE <0x5578b2e755b0>: origin ptr: 0x7fc085000000, size byte: 2097152
[36m(vLLMHttpServer pid=36528)[0m HOSTQUEUE <0x5578b2e755b0>: ptr arg index: 24, ptr: 0x7fc0851d8200
[36m(vLLMHttpServer pid=36528)[0m HOSTQUEUE <0x5578b2e755b0>: origin ptr: 0x7fc085000000, size byte: 2097152
[36m(vLLMHttpServer pid=36528)[0m HOSTQUEUE <0x5578b2e755b0>: ptr arg index: 33, ptr: 0x7f7b75800000
[36m(vLLMHttpServer pid=36528)[0m HOSTQUEUE <0x5578b2e755b0>: origin ptr: 0x7f7b6cc00000, size byte: 603979776
[36m(vLLMHttpServer pid=36528)[0m HOSTQUEUE <0x5578b2e755b0>: ptr arg index: 34, ptr: 0x7fc0851cfc00
[36m(vLLMHttpServer pid=36528)[0m HOSTQUEUE <0x5578b2e755b0>: origin ptr: 0x7fc085000000, size byte: 2097152
[36m(vLLMHttpServer pid=36528)[0m HOSTQUEUE <0x5578b2e755b0>: ptr arg index: 35, ptr: 0x7fc0851e4600
[36m(vLLMHttpServer pid=36528)[0m HOSTQUEUE <0x5578b2e755b0>: origin ptr: 0x7fc085000000, size byte: 2097152
[36m(vLLMHttpServer pid=36528)[0m HOSTQUEUE <0x5578b2e755b0>: ptr arg index: 36, ptr: 0x7fc0851d8600
[36m(vLLMHttpServer pid=36528)[0m HOSTQUEUE <0x5578b2e755b0>: origin ptr: 0x7fc085000000, size byte: 2097152
[36m(vLLMHttpServer pid=36528)[0m HOSTQUEUE <0x5578b2e755b0>: ptr arg index: 37, ptr: 0x7fc0851e0600
[36m(vLLMHttpServer pid=36528)[0m HOSTQUEUE <0x5578b2e755b0>: origin ptr: 0x7fc085000000, size byte: 2097152
[36m(vLLMHttpServer pid=36528)[0m HOSTQUEUE <0x5578b2e755b0>: ptr arg index: 38, ptr: 0x7fc0851d8400
[36m(vLLMHttpServer pid=36528)[0m HOSTQUEUE <0x5578b2e755b0>: origin ptr: 0x7fc085000000, size byte: 2097152
[36m(vLLMHttpServer pid=36528)[0m HOSTQUEUE <0x5578b2e755b0>: ptr arg index: 39, ptr: 0x7fc0851cfe00
[36m(vLLMHttpServer pid=36528)[0m HOSTQUEUE <0x5578b2e755b0>: origin ptr: 0x7fc085000000, size byte: 2097152
[36m(vLLMHttpServer pid=36528)[0m HOSTQUEUE <0x5578b2e755b0>: ptr arg index: 40, ptr: 0x7fc0851d8200
[36m(vLLMHttpServer pid=36528)[0m HOSTQUEUE <0x5578b2e755b0>: origin ptr: 0x7fc085000000, size byte: 2097152
[36m(vLLMHttpServer pid=36528)[0m 
[36m(vLLMHttpServer pid=36528)[0m HOSTQUEUE <0x5578b2e755b0>: >>>>>>>> DUMP AQL 0x7fc1ed20f000 PACKET WITH INDEX 84023 <<<<<<<<<
[36m(vLLMHttpServer pid=36528)[0m HOSTQUEUE <0x5578b2e755b0>: >>>>>>>> MATCH KERNEL COMMAND <<<<<<<<<
[36m(vLLMHttpServer pid=36528)[0m HOSTQUEUE <0x5578b2e755b0>: header: 0xb02
[36m(vLLMHttpServer pid=36528)[0m HOSTQUEUE <0x5578b2e755b0>: setup: 3
[36m(vLLMHttpServer pid=36528)[0m HOSTQUEUE <0x5578b2e755b0>: workgroup: x:256, y:1, z:1
[36m(vLLMHttpServer pid=36528)[0m HOSTQUEUE <0x5578b2e755b0>: grid: x:8192, y:1, z:1
[36m(vLLMHttpServer pid=36528)[0m HOSTQUEUE <0x5578b2e755b0>: group_segment_size: 0
[36m(vLLMHttpServer pid=36528)[0m HOSTQUEUE <0x5578b2e755b0>: private_segment_size: 0
[36m(vLLMHttpServer pid=36528)[0m HOSTQUEUE <0x5578b2e755b0>: completion_signal: 0x0
[36m(vLLMHttpServer pid=36528)[0m HOSTQUEUE <0x5578b2e755b0>: kernel_object: 0x7fc11801bf40
[36m(vLLMHttpServer pid=36528)[0m HOSTQUEUE <0x5578b2e755b0>: device id: 2
[36m(vLLMHttpServer pid=36528)[0m 
[36m(vLLMHttpServer pid=36528)[0m HOSTQUEUE <0x559dacd2a9c0>: >>>>>>>> FIND MATCH KERNEL DETAILS <<<<<<<<<
[36m(vLLMHttpServer pid=36528)[0m HOSTQUEUE <0x559dacd2a9c0>: kernel name: Cijk_Ailk_Bljk_BBH_MT256x256x16_SE_AMAS3_BW_DTL0_BL1_DRB16_ALT_KME0_ETSP_EPS1_FL0_GRVW8_GSU1_ISA938_IU1_KME_GRCMn1_K1_KLA_LDL1_LRVW8_MAC_MMAC_BW1_MMAC_KM0_MMAC_KME1_NLCA1_NLCB1_OLDSR0_PGR1_PLR1_RK1_SU0_SUM0_SUS256_SVW4_TT16_8_TLM0_ULDSWM0_USFGRO0_USSB0_VAW2_VSn1_VW8_WG16_32_1_WGM1
[36m(vLLMHttpServer pid=36528)[0m HOSTQUEUE <0x559dacd2a9c0>: >>>>>>>> DUMP KERNEL ARGS: size: 160 <<<<<<<<<
[36m(vLLMHttpServer pid=36528)[0m 
[36m(vLLMHttpServer pid=36528)[0m 00 00 80 01 00 00 00 00 00 00 60 00 00 00 00 00 
[36m(vLLMHttpServer pid=36528)[0m 00 00 00 01 00 00 00 00 00 00 80 c6 97 7f 00 00 
[36m(vLLMHttpServer pid=36528)[0m 00 00 80 c6 97 7f 00 00 00 00 60 d9 9b 7f 00 00 
[36m(vLLMHttpServer pid=36528)[0m 00 00 80 d5 96 7f 00 00 00 00 80 3f 00 00 00 00 
[36m(vLLMHttpServer pid=36528)[0m 00 0c 00 00 01 00 00 00 00 0c 00 00 01 00 00 00 
[36m(vLLMHttpServer pid=36528)[0m 00 0c 00 00 01 00 00 00 00 08 00 00 01 00 00 00 
[36m(vLLMHttpServer pid=36528)[0m 00 0c 00 00 00 20 00 00 01 00 00 00 
[36m(vLLMHttpServer pid=36528)[0m HOSTQUEUE <0x5578b2e755b0>: >>>>>>>> FIND MATCH KERNEL DETAILS <<<<<<<<<
[36m(vLLMHttpServer pid=36528)[0m 00 HOSTQUEUE <0x5578b2e755b0>: kernel name: _ZN2at6native12_GLOBAL__N_143distribution_elementwise_grid_stride_kernelIfLi4EZNS0_9templates4cuda20normal_and_transformIN3c108BFloat16EfPNS_17CUDAGeneratorImplEZZZNS4_13normal_kernelIS9_EEvRKNS_10TensorBaseEddT_ENKUlvE_clEvENKUlvE2_clEvEUlfE_EEvRNS_18TensorIteratorBaseET1_T2_EUlP25hiprandStatePhilox4_32_10E0_ZNS1_27distribution_nullary_kernelIS7_f15HIP_vector_typeIfLj4EES9_SO_SH_EEvSJ_SL_RKT3_T4_EUlifE_EEvlNS_15PhiloxCudaStateESK_SL_
[36m(vLLMHttpServer pid=36528)[0m 08 HOSTQUEUE <0x5578b2e755b0>: >>>>>>>> DUMP KERNEL ARGS: size: 328 <<<<<<<<<
[36m(vLLMHttpServer pid=36528)[0m 00 
[36m(vLLMHttpServer pid=36528)[0m 00 00 
[36m(vLLMHttpServer pid=36528)[0m 20 00 00 00 00 00 00 00 00 0c 00 00 00 00 00 00 00 20 00 00 00 00 00 00 00 20 00 00 00 00 
[36m(vLLMHttpServer pid=36528)[0m 00 04 
[36m(vLLMHttpServer pid=36528)[0m 01 01 00 00 00 00 00 00 00 01 00 00 00 00 00 80 00 00 00 00 00 00 00 00 00 00 00 00 00 00 
[36m(vLLMHttpServer pid=36528)[0m 00 00 
[36m(vLLMHttpServer pid=36528)[0m 00 00 00 00 00 00 00 00 00 00 00 00 00 00 00 00 00 00 00 00 00 00 00 00 00 00 00 00 00 00 
[36m(vLLMHttpServer pid=36528)[0m 00 00 
[36m(vLLMHttpServer pid=36528)[0m 
[36m(vLLMHttpServer pid=36528)[0m ca HOSTQUEUE <0x559dacd2a9c0>: >>>>>>>> DUMP KERNEL ARGS PTR INFO <<<<<<<<<
[36m(vLLMHttpServer pid=36528)[0m 1e 85 c0 7f HOSTQUEUE <0x559dacd2a9c0>: ptr arg index: 3, ptr: 0x7f97c6800000
[36m(vLLMHttpServer pid=36528)[0m 00 HOSTQUEUE <0x559dacd2a9c0>: origin ptr: 0x7f97c2800000, size byte: 150994944
[36m(vLLMHttpServer pid=36528)[0m 00 HOSTQUEUE <0x559dacd2a9c0>: ptr arg index: 4, ptr: 0x7f97c6800000
[36m(vLLMHttpServer pid=36528)[0m 02 HOSTQUEUE <0x559dacd2a9c0>: origin ptr: 0x7f97c2800000, size byte: 150994944
[36m(vLLMHttpServer pid=36528)[0m 00 HOSTQUEUE <0x559dacd2a9c0>: ptr arg index: 5, ptr: 0x7f9bd9600000
[36m(vLLMHttpServer pid=36528)[0m 00 HOSTQUEUE <0x559dacd2a9c0>: origin ptr: 0x7f9bd9600000, size byte: 12582912
[36m(vLLMHttpServer pid=36528)[0m 00 HOSTQUEUE <0x559dacd2a9c0>: ptr arg index: 6, ptr: 0x7f96d5800000
[36m(vLLMHttpServer pid=36528)[0m 00 HOSTQUEUE <0x559dacd2a9c0>: origin ptr: 0x7f96d5800000, size byte: 603979776
[36m(vLLMHttpServer pid=36528)[0m 00 00 00 
[36m(vLLMHttpServer pid=36528)[0m 00 
[36m(vLLMHttpServer pid=36528)[0m HOSTQUEUE <0x559dacd2a9c0>: >>>>>>>> DUMP AQL 0x7fdc94378000 PACKET WITH INDEX 84421 <<<<<<<<<
[36m(vLLMHttpServer pid=36528)[0m 00 HOSTQUEUE <0x559dacd2a9c0>: >>>>>>>> MATCH KERNEL COMMAND <<<<<<<<<
[36m(vLLMHttpServer pid=36528)[0m 80 HOSTQUEUE <0x559dacd2a9c0>: header: 0xb02
[36m(vLLMHttpServer pid=36528)[0m 3f HOSTQUEUE <0x559dacd2a9c0>: setup: 3
[36m(vLLMHttpServer pid=36528)[0m 00 HOSTQUEUE <0x559dacd2a9c0>: workgroup: x:256, y:1, z:1
[36m(vLLMHttpServer pid=36528)[0m 00 HOSTQUEUE <0x559dacd2a9c0>: grid: x:256, y:128, z:1
[36m(vLLMHttpServer pid=36528)[0m 00 HOSTQUEUE <0x559dacd2a9c0>: group_segment_size: 32768
[36m(vLLMHttpServer pid=36528)[0m 00 HOSTQUEUE <0x559dacd2a9c0>: private_segment_size: 0
[36m(vLLMHttpServer pid=36528)[0m 20 HOSTQUEUE <0x559dacd2a9c0>: completion_signal: 0x0
[36m(vLLMHttpServer pid=36528)[0m 00 HOSTQUEUE <0x559dacd2a9c0>: kernel_object: 0x7f96b1fae640
[36m(vLLMHttpServer pid=36528)[0m 00 HOSTQUEUE <0x559dacd2a9c0>: device id: 1
[36m(vLLMHttpServer pid=36528)[0m 00 01 00 00 00 
[36m(vLLMHttpServer pid=36528)[0m 01 00 00 00 00 01 01 00 01 00 00 00 00 00 00 00 
[36m(vLLMHttpServer pid=36528)[0m 00 00 00 00 00 00 00 00 00 00 00 00 00 00 00 00 
[36m(vLLMHttpServer pid=36528)[0m 00 00 00 00 00 00 00 00 00 00 00 00 00 00 00 00 
[36m(vLLMHttpServer pid=36528)[0m 00 00 00 00 00 00 00 00 03 00 00 00 00 00 00 00 
[36m(vLLMHttpServer pid=36528)[0m 00 00 00 00 00 00 00 00 00 00 00 00 00 00 00 00 
[36m(vLLMHttpServer pid=36528)[0m 00 00 00 00 00 00 00 00 00 00 00 00 00 00 00 00 
[36m(vLLMHttpServer pid=36528)[0m 
[36m(vLLMHttpServer pid=36528)[0m HOSTQUEUE <0x564c79ffd640>: >>>>>>>> FIND MATCH KERNEL DETAILS <<<<<<<<<
[36m(vLLMHttpServer pid=36528)[0m 00 HOSTQUEUE <0x564c79ffd640>: kernel name: _ZN2at6native32elementwise_kernel_manual_unrollILi128ELi8EZNS0_22gpu_kernel_impl_nocastIZZZNS0_23direct_copy_kernel_cudaERNS_18TensorIteratorBaseEENKUlvE1_clEvENKUlvE10_clEvEUlN3c108BFloat16EE_EEvS4_RKT_EUlibE_EEviT1_
[36m(vLLMHttpServer pid=36528)[0m 00 HOSTQUEUE <0x564c79ffd640>: >>>>>>>> DUMP KERNEL ARGS: size: 360 <<<<<<<<<
[36m(vLLMHttpServer pid=36528)[0m 00 
[36m(vLLMHttpServer pid=36528)[0m 00 00 00 00 00 01 00 00 00 00 00 00 00 00 00 00 00 02 00 00 00 00 00 00 00 08 
[36m(vLLMHttpServer pid=36528)[0m 00 00 00 00 00 00 
[36m(vLLMHttpServer pid=36528)[0m 00 01 00 00 00 00 00 00 00 03 00 00 00 00 00 00 00 00 02 20 00 00 00 00 00 01 
[36m(vLLMHttpServer pid=36528)[0m 00 02 00 00 00 00 
[36m(vLLMHttpServer pid=36528)[0m 00 0d 00 00 02 00 00 00 00 00 00 00 14 00 00 00 00 00 00 00 00 00 00 00 00 00 
[36m(vLLMHttpServer pid=36528)[0m 00 00 00 00 00 00 
[36m(vLLMHttpServer pid=36528)[0m 00 00 00 00 00 00 00 00 00 00 00 00 00 00 00 00 00 00 00 00 00 00 00 00 00 00 
[36m(vLLMHttpServer pid=36528)[0m 00 00 00 00 00 00 
[36m(vLLMHttpServer pid=36528)[0m 00 00 00 00 00 00 00 00 00 00 00 00 00 00 00 00 00 00 00 00 00 00 00 00 00 00 
[36m(vLLMHttpServer pid=36528)[0m 00 00 00 00 00 00 
[36m(vLLMHttpServer pid=36528)[0m 00 00 00 00 00 00 00 00 00 00 00 00 00 00 00 00 00 00 00 00 00 00 00 00 00 00 
[36m(vLLMHttpServer pid=36528)[0m 00 00 00 00 00 00 
[36m(vLLMHttpServer pid=36528)[0m 00 00 00 00 00 00 00 00 00 00 00 00 00 00 00 00 00 00 00 00 00 00 00 00 00 00 
[36m(vLLMHttpServer pid=36528)[0m 00 00 00 00 00 00 
[36m(vLLMHttpServer pid=36528)[0m 00 00 00 00 00 00 00 00 00 00 00 00 00 00 00 00 00 00 00 00 00 00 00 00 00 00 
[36m(vLLMHttpServer pid=36528)[0m 00 00 00 00 00 00 
[36m(vLLMHttpServer pid=36528)[0m 00 00 00 00 00 00 00 00 00 00 00 00 00 00 00 00 00 00 00 00 00 00 00 00 00 00 
[36m(vLLMHttpServer pid=36528)[0m 00 00 00 00 00 00 
[36m(vLLMHttpServer pid=36528)[0m 00 00 00 00 00 00 00 00 00 00 
[36m(vLLMHttpServer pid=36528)[0m 
[36m(vLLMHttpServer pid=36528)[0m 00 HOSTQUEUE <0x5578b2e755b0>: >>>>>>>> DUMP KERNEL ARGS PTR INFO <<<<<<<<<
[36m(vLLMHttpServer pid=36528)[0m 00 00 HOSTQUEUE <0x5578b2e755b0>: ptr arg index: 6, ptr: 0x7fc0851eca00
[36m(vLLMHttpServer pid=36528)[0m 00 HOSTQUEUE <0x5578b2e755b0>: origin ptr: 0x7fc085000000, size byte: 2097152
[36m(vLLMHttpServer pid=36528)[0m 00 00 
[36m(vLLMHttpServer pid=36528)[0m HOSTQUEUE <0x5578b2e755b0>: >>>>>>>> DUMP AQL 0x7fc1ed20f000 PACKET WITH INDEX 84024 <<<<<<<<<
[36m(vLLMHttpServer pid=36528)[0m 00 HOSTQUEUE <0x5578b2e755b0>: >>>>>>>> MATCH KERNEL COMMAND <<<<<<<<<
[36m(vLLMHttpServer pid=36528)[0m 00 HOSTQUEUE <0x5578b2e755b0>: header: 0xb02
[36m(vLLMHttpServer pid=36528)[0m 00 HOSTQUEUE <0x5578b2e755b0>: setup: 3
[36m(vLLMHttpServer pid=36528)[0m 00 HOSTQUEUE <0x5578b2e755b0>: workgroup: x:256, y:1, z:1
[36m(vLLMHttpServer pid=36528)[0m 00 HOSTQUEUE <0x5578b2e755b0>: grid: x:16384, y:1, z:1
[36m(vLLMHttpServer pid=36528)[0m 
[36m(vLLMHttpServer pid=36528)[0m HOSTQUEUE <0x5578b2e755b0>: group_segment_size: 0
[36m(vLLMHttpServer pid=36528)[0m 00 HOSTQUEUE <0x5578b2e755b0>: private_segment_size: 0
[36m(vLLMHttpServer pid=36528)[0m 00 HOSTQUEUE <0x5578b2e755b0>: completion_signal: 0x0
[36m(vLLMHttpServer pid=36528)[0m 00 HOSTQUEUE <0x5578b2e755b0>: kernel_object: 0x7fc11801bf40
[36m(vLLMHttpServer pid=36528)[0m 00 HOSTQUEUE <0x5578b2e755b0>: device id: 2
[36m(vLLMHttpServer pid=36528)[0m 00 00 00 00 00 00 00 00 00 00 00 00 
[36m(vLLMHttpServer pid=36528)[0m 00 00 00 00 00 00 00 00 00 00 00 00 00 00 00 00 
[36m(vLLMHttpServer pid=36528)[0m 00 00 00 00 00 00 00 00 00 00 00 00 02 00 00 00 
[36m(vLLMHttpServer pid=36528)[0m 02 00 00 00 10 00 00 00 20 00 00 00 00 00 00 00 
[36m(vLLMHttpServer pid=36528)[0m 00 00 00 00 00 00 00 00 00 00 00 00 00 00 00 00 
[36m(vLLMHttpServer pid=36528)[0m 00 00 00 00 00 00 00 00 00 00 00 00 00 00 00 00 
[36m(vLLMHttpServer pid=36528)[0m 00 00 00 00 00 00 00 00 00 00 00 00 00 00 00 00 
[36m(vLLMHttpServer pid=36528)[0m 00 00 00 00 00 00 00 00 00 00 00 00 00 00 00 00 
[36m(vLLMHttpServer pid=36528)[0m 00 00 00 00 00 00 00 00 00 00 00 00 00 00 00 00 
[36m(vLLMHttpServer pid=36528)[0m 00 00 00 00 00 00 00 00 00 00 00 00 00 00 00 00 
[36m(vLLMHttpServer pid=36528)[0m 00 00 00 00 00 00 00 00 00 00 00 00 00 00 00 00 
[36m(vLLMHttpServer pid=36528)[0m 00 fa d9 ea ce 7f 00 00 10 fa d3 ea ce 7f 00 00 
[36m(vLLMHttpServer pid=36528)[0m 00 00 00 00 00 00 00 00 
[36m(vLLMHttpServer pid=36528)[0m 
[36m(vLLMHttpServer pid=36528)[0m HOSTQUEUE <0x564c79ffd640>: >>>>>>>> DUMP KERNEL ARGS PTR INFO <<<<<<<<<
[36m(vLLMHttpServer pid=36528)[0m HOSTQUEUE <0x564c79ffd640>: ptr arg index: 42, ptr: 0x7fceead9fa00
[36m(vLLMHttpServer pid=36528)[0m HOSTQUEUE <0x564c79ffd640>: origin ptr: 0x7fceeac00000, size byte: 2097152
[36m(vLLMHttpServer pid=36528)[0m HOSTQUEUE <0x564c79ffd640>: ptr arg index: 43, ptr: 0x7fceead3fa10
[36m(vLLMHttpServer pid=36528)[0m HOSTQUEUE <0x564c79ffd640>: origin ptr: 0x7fceeac00000, size byte: 2097152
[36m(vLLMHttpServer pid=36528)[0m 
[36m(vLLMHttpServer pid=36528)[0m HOSTQUEUE <0x564c79ffd640>: >>>>>>>> DUMP AQL 0x7fd060802000 PACKET WITH INDEX 84476 <<<<<<<<<
[36m(vLLMHttpServer pid=36528)[0m HOSTQUEUE <0x564c79ffd640>: >>>>>>>> MATCH KERNEL COMMAND <<<<<<<<<
[36m(vLLMHttpServer pid=36528)[0m HOSTQUEUE <0x564c79ffd640>: header: 0xb02
[36m(vLLMHttpServer pid=36528)[0m HOSTQUEUE <0x564c79ffd640>: setup: 3
[36m(vLLMHttpServer pid=36528)[0m HOSTQUEUE <0x564c79ffd640>: workgroup: x:256, y:1, z:1
[36m(vLLMHttpServer pid=36528)[0m HOSTQUEUE <0x564c79ffd640>: grid: x:1048576, y:1, z:1
[36m(vLLMHttpServer pid=36528)[0m HOSTQUEUE <0x564c79ffd640>: group_segment_size: 0
[36m(vLLMHttpServer pid=36528)[0m HOSTQUEUE <0x564c79ffd640>: private_segment_size: 0
[36m(vLLMHttpServer pid=36528)[0m HOSTQUEUE <0x564c79ffd640>: completion_signal: 0x0
[36m(vLLMHttpServer pid=36528)[0m HOSTQUEUE <0x564c79ffd640>: kernel_object: 0x7fceeaa2f700
[36m(vLLMHttpServer pid=36528)[0m HOSTQUEUE <0x564c79ffd640>: device id: 0
[36m(vLLMHttpServer pid=36528)[0m 
[36m(vLLMHttpServer pid=36528)[0m HOSTQUEUE <0x5578b2e755b0>: >>>>>>>> FIND MATCH KERNEL DETAILS <<<<<<<<<
[36m(vLLMHttpServer pid=36528)[0m HOSTQUEUE <0x5578b2e755b0>: kernel name: _ZN2at6native12_GLOBAL__N_143distribution_elementwise_grid_stride_kernelIfLi4EZNS0_9templates4cuda20normal_and_transformIN3c108BFloat16EfPNS_17CUDAGeneratorImplEZZZNS4_13normal_kernelIS9_EEvRKNS_10TensorBaseEddT_ENKUlvE_clEvENKUlvE2_clEvEUlfE_EEvRNS_18TensorIteratorBaseET1_T2_EUlP25hiprandStatePhilox4_32_10E0_ZNS1_27distribution_nullary_kernelIS7_f15HIP_vector_typeIfLj4EES9_SO_SH_EEvSJ_SL_RKT3_T4_EUlifE_EEvlNS_15PhiloxCudaStateESK_SL_
[36m(vLLMHttpServer pid=36528)[0m HOSTQUEUE <0x5578b2e755b0>: >>>>>>>> DUMP KERNEL ARGS: size: 328 <<<<<<<<<
[36m(vLLMHttpServer pid=36528)[0m 
[36m(vLLMHttpServer pid=36528)[0m 00 40 00 00 00 00 00 00 00 00 00 00 00 00 00 00 
[36m(vLLMHttpServer pid=36528)[0m 08 01 00 00 00 00 00 00 00 00 00 00 00 00 00 00 
[36m(vLLMHttpServer pid=36528)[0m 00 00 00 00 00 00 00 00 00 00 00 00 00 00 00 00 
[36m(vLLMHttpServer pid=36528)[0m 00 4a 1f 85 c0 7f 00 00 02 00 00 00 00 00 00 00 
[36m(vLLMHttpServer pid=36528)[0m 00 00 80 3f 00 00 00 00 40 00 00 00 01 00 00 00 
[36m(vLLMHttpServer pid=36528)[0m 01 00 00 00 00 01 01 00 01 00 00 00 00 00 00 00 
[36m(vLLMHttpServer pid=36528)[0m 00 00 00 00 00 00 00 00 00 00 00 00 00 00 00 00 
[36m(vLLMHttpServer pid=36528)[0m 00 00 00 00 00 00 00 00 00 00 00 00 00 00 00 00 
[36m(vLLMHttpServer pid=36528)[0m 00 00 00 00 00 00 00 00 03 00 00 00 00 00 00 00 
[36m(vLLMHttpServer pid=36528)[0m 00 00 00 00 00 00 00 00 00 00 00 00 00 00 00 00 
[36m(vLLMHttpServer pid=36528)[0m 00 00 00 00 00 00 00 00 00 00 00 00 00 00 00 00 
[36m(vLLMHttpServer pid=36528)[0m 00 00 00 00 00 00 00 00 00 00 00 00 00 00 00 00 
[36m(vLLMHttpServer pid=36528)[0m 00 00 00 00 00 00 00 00 00 00 00 00 02 00 00 00 
[36m(vLLMHttpServer pid=36528)[0m 02 00 00 00 00 02 00 00 00 14 00 00 00 00 00 00 
[36m(vLLMHttpServer pid=36528)[0m 00 00 00 00 00 00 00 00 00 00 00 00 00 00 00 00 
[36m(vLLMHttpServer pid=36528)[0m 00 00 00 00 00 00 00 00 00 00 00 00 00 00 00 00 
[36m(vLLMHttpServer pid=36528)[0m 00 00 00 00 00 00 00 00 00 00 00 00 00 00 00 00 
[36m(vLLMHttpServer pid=36528)[0m 00 00 00 00 00 00 00 00 00 00 00 00 00 00 00 00 
[36m(vLLMHttpServer pid=36528)[0m 00 00 00 00 00 00 00 00 00 00 00 00 00 00 00 00 
[36m(vLLMHttpServer pid=36528)[0m 00 00 00 00 00 00 00 00 00 00 00 00 00 00 00 00 
[36m(vLLMHttpServer pid=36528)[0m 00 00 00 00 00 00 00 00 
[36m(vLLMHttpServer pid=36528)[0m 
[36m(vLLMHttpServer pid=36528)[0m HOSTQUEUE <0x5578b2e755b0>: >>>>>>>> DUMP KERNEL ARGS PTR INFO <<<<<<<<<
[36m(vLLMHttpServer pid=36528)[0m HOSTQUEUE <0x5578b2e755b0>: ptr arg index: 6, ptr: 0x7fc0851f4a00
[36m(vLLMHttpServer pid=36528)[0m HOSTQUEUE <0x5578b2e755b0>: origin ptr: 0x7fc085000000, size byte: 2097152
[36m(vLLMHttpServer pid=36528)[0m 
[36m(vLLMHttpServer pid=36528)[0m HOSTQUEUE <0x5578b2e755b0>: >>>>>>>> DUMP AQL 0x7fc1ed20f000 PACKET WITH INDEX 84025 <<<<<<<<<
[36m(vLLMHttpServer pid=36528)[0m HOSTQUEUE <0x5578b2e755b0>: >>>>>>>> MATCH KERNEL COMMAND <<<<<<<<<
[36m(vLLMHttpServer pid=36528)[0m HOSTQUEUE <0x5578b2e755b0>: header: 0xb02
[36m(vLLMHttpServer pid=36528)[0m HOSTQUEUE <0x5578b2e755b0>: setup: 3
[36m(vLLMHttpServer pid=36528)[0m HOSTQUEUE <0x5578b2e755b0>: workgroup: x:256, y:1, z:1
[36m(vLLMHttpServer pid=36528)[0m HOSTQUEUE <0x5578b2e755b0>: grid: x:256, y:1, z:1
[36m(vLLMHttpServer pid=36528)[0m HOSTQUEUE <0x5578b2e755b0>: group_segment_size: 0
[36m(vLLMHttpServer pid=36528)[0m HOSTQUEUE <0x5578b2e755b0>: private_segment_size: 0
[36m(vLLMHttpServer pid=36528)[0m HOSTQUEUE <0x5578b2e755b0>: completion_signal: 0x0
[36m(vLLMHttpServer pid=36528)[0m HOSTQUEUE <0x5578b2e755b0>: kernel_object: 0x7fc11801bf40
[36m(vLLMHttpServer pid=36528)[0m HOSTQUEUE <0x5578b2e755b0>: device id: 2
[36m(vLLMHttpServer pid=36528)[0m 
[36m(vLLMHttpServer pid=36528)[0m HOSTQUEUE <0x564c79ffd640>: >>>>>>>> FIND MATCH KERNEL DETAILS <<<<<<<<<
[36m(vLLMHttpServer pid=36528)[0m HOSTQUEUE <0x564c79ffd640>: kernel name: _ZN2at6native29vectorized_elementwise_kernelILi8ENS0_11FillFunctorIN3c108BFloat16EEESt5arrayIPcLm1EEEEviT0_T1_
[36m(vLLMHttpServer pid=36528)[0m HOSTQUEUE <0x564c79ffd640>: >>>>>>>> DUMP KERNEL ARGS: size: 16 <<<<<<<<<
[36m(vLLMHttpServer pid=36528)[0m 
[36m(vLLMHttpServer pid=36528)[0m 00 00 80 00 00 00 00 00 00 00 40 c9 89 7f 00 00 
[36m(vLLMHttpServer pid=36528)[0m 
[36m(vLLMHttpServer pid=36528)[0m HOSTQUEUE <0x564c79ffd640>: >>>>>>>> DUMP KERNEL ARGS PTR INFO <<<<<<<<<
[36m(vLLMHttpServer pid=36528)[0m HOSTQUEUE <0x564c79ffd640>: ptr arg index: 1, ptr: 0x7f89c9400000
[36m(vLLMHttpServer pid=36528)[0m HOSTQUEUE <0x564c79ffd640>: origin ptr: 0x7f89c1400000, size byte: 150994944
[36m(vLLMHttpServer pid=36528)[0m 
[36m(vLLMHttpServer pid=36528)[0m HOSTQUEUE <0x564c79ffd640>: >>>>>>>> DUMP AQL 0x7fd060802000 PACKET WITH INDEX 84477 <<<<<<<<<
[36m(vLLMHttpServer pid=36528)[0m HOSTQUEUE <0x564c79ffd640>: >>>>>>>> MATCH KERNEL COMMAND <<<<<<<<<
[36m(vLLMHttpServer pid=36528)[0m HOSTQUEUE <0x564c79ffd640>: header: 0xb02
[36m(vLLMHttpServer pid=36528)[0m HOSTQUEUE <0x564c79ffd640>: setup: 3
[36m(vLLMHttpServer pid=36528)[0m HOSTQUEUE <0x564c79ffd640>: workgroup: x:256, y:1, z:1
[36m(vLLMHttpServer pid=36528)[0m HOSTQUEUE <0x564c79ffd640>: grid: x:8192, y:1, z:1
[36m(vLLMHttpServer pid=36528)[0m HOSTQUEUE <0x564c79ffd640>: group_segment_size: 0
[36m(vLLMHttpServer pid=36528)[0m HOSTQUEUE <0x564c79ffd640>: private_segment_size: 0
[36m(vLLMHttpServer pid=36528)[0m HOSTQUEUE <0x564c79ffd640>: completion_signal: 0x0
[36m(vLLMHttpServer pid=36528)[0m HOSTQUEUE <0x564c79ffd640>: kernel_object: 0x7fcf8c4cbf40
[36m(vLLMHttpServer pid=36528)[0m HOSTQUEUE <0x564c79ffd640>: device id: 0
[36m(vLLMHttpServer pid=36528)[0m 
[36m(vLLMHttpServer pid=36528)[0m HOSTQUEUE <0x5578b2e755b0>: >>>>>>>> FIND MATCH KERNEL DETAILS <<<<<<<<<
[36m(vLLMHttpServer pid=36528)[0m HOSTQUEUE <0x5578b2e755b0>: kernel name: _ZN2at6native12_GLOBAL__N_143distribution_elementwise_grid_stride_kernelIfLi4EZNS0_9templates4cuda20normal_and_transformIN3c108BFloat16EfPNS_17CUDAGeneratorImplEZZZNS4_13normal_kernelIS9_EEvRKNS_10TensorBaseEddT_ENKUlvE_clEvENKUlvE2_clEvEUlfE_EEvRNS_18TensorIteratorBaseET1_T2_EUlP25hiprandStatePhilox4_32_10E0_ZNS1_27distribution_nullary_kernelIS7_f15HIP_vector_typeIfLj4EES9_SO_SH_EEvSJ_SL_RKT3_T4_EUlifE_EEvlNS_15PhiloxCudaStateESK_SL_
[36m(vLLMHttpServer pid=36528)[0m HOSTQUEUE <0x5578b2e755b0>: >>>>>>>> DUMP KERNEL ARGS: size: 328 <<<<<<<<<
[36m(vLLMHttpServer pid=36528)[0m 
[36m(vLLMHttpServer pid=36528)[0m 80 00 00 00 00 00 00 00 00 00 00 00 00 00 00 00 
[36m(vLLMHttpServer pid=36528)[0m 0c 01 00 00 00 00 00 00 00 00 00 00 00 00 00 00 
[36m(vLLMHttpServer pid=36528)[0m 00 00 00 00 00 00 00 00 00 00 00 00 00 00 00 00 
[36m(vLLMHttpServer pid=36528)[0m 00 de 1f 85 c0 7f 00 00 02 00 00 00 00 00 00 00 
[36m(vLLMHttpServer pid=36528)[0m 00 00 80 3f 00 00 00 00 01 00 00 00 01 00 00 00 
[36m(vLLMHttpServer pid=36528)[0m 01 00 00 00 00 01 01 00 01 00 00 00 00 00 00 00 
[36m(vLLMHttpServer pid=36528)[0m 00 00 00 00 00 00 00 00 00 00 00 00 00 00 00 00 
[36m(vLLMHttpServer pid=36528)[0m 00 00 00 00 00 00 00 00 00 00 00 00 00 00 00 00 
[36m(vLLMHttpServer pid=36528)[0m 00 00 00 00 00 00 00 00 03 00 00 00 00 00 00 00 
[36m(vLLMHttpServer pid=36528)[0m 00 fc 1c 85 c0 7f 00 00 00 46 1e 85 c0 7f 00 00 
[36m(vLLMHttpServer pid=36528)[0m 00 86 1d 85 c0 7f 00 00 00 06 1e 85 c0 7f 00 00 
[36m(vLLMHttpServer pid=36528)[0m 00 84 1d 85 c0 7f 00 00 00 fe 1c 85 c0 7f 00 00 
[36m(vLLMHttpServer pid=36528)[0m 00 82 1d 85 c0 7f 00 00 10 00 00 00 00 00 00 00 
[36m(vLLMHttpServer pid=36528)[0m 00 00 00 00 00 00 00 00 00 00 00 00 00 00 00 00 
[36m(vLLMHttpServer pid=36528)[0m 00 00 00 00 00 00 00 00 00 00 00 00 00 00 00 00 
[36m(vLLMHttpServer pid=36528)[0m 00 00 00 00 00 00 00 00 00 00 00 00 00 00 00 00 
[36m(vLLMHttpServer pid=36528)[0m 00 40 1d 85 c0 7f 00 00 00 7a 1c 85 c0 7f 00 00 
[36m(vLLMHttpServer pid=36528)[0m 00 fc 1c 85 c0 7f 00 00 00 46 1e 85 c0 7f 00 00 
[36m(vLLMHttpServer pid=36528)[0m 00 86 1d 85 c0 7f 00 00 00 06 1e 85 c0 7f 00 00 
[36m(vLLMHttpServer pid=36528)[0m 00 84 1d 85 c0 7f 00 00 00 fe 1c 85 c0 7f 00 00 
[36m(vLLMHttpServer pid=36528)[0m 00 82 1d 85 c0 7f 00 00 
[36m(vLLMHttpServer pid=36528)[0m 
[36m(vLLMHttpServer pid=36528)[0m HOSTQUEUE <0x5578b2e755b0>: >>>>>>>> DUMP KERNEL ARGS PTR INFO <<<<<<<<<
[36m(vLLMHttpServer pid=36528)[0m HOSTQUEUE <0x5578b2e755b0>: ptr arg index: 6, ptr: 0x7fc0851fde00
[36m(vLLMHttpServer pid=36528)[0m HOSTQUEUE <0x5578b2e755b0>: origin ptr: 0x7fc085000000, size byte: 2097152
[36m(vLLMHttpServer pid=36528)[0m HOSTQUEUE <0x5578b2e755b0>: ptr arg index: 18, ptr: 0x7fc0851cfc00
[36m(vLLMHttpServer pid=36528)[0m HOSTQUEUE <0x5578b2e755b0>: origin ptr: 0x7fc085000000, size byte: 2097152
[36m(vLLMHttpServer pid=36528)[0m HOSTQUEUE <0x5578b2e755b0>: ptr arg index: 19, ptr: 0x7fc0851e4600
[36m(vLLMHttpServer pid=36528)[0m HOSTQUEUE <0x5578b2e755b0>: origin ptr: 0x7fc085000000, size byte: 2097152
[36m(vLLMHttpServer pid=36528)[0m HOSTQUEUE <0x5578b2e755b0>: ptr arg index: 20, ptr: 0x7fc0851d8600
[36m(vLLMHttpServer pid=36528)[0m HOSTQUEUE <0x5578b2e755b0>: origin ptr: 0x7fc085000000, size byte: 2097152
[36m(vLLMHttpServer pid=36528)[0m HOSTQUEUE <0x5578b2e755b0>: ptr arg index: 21, ptr: 0x7fc0851e0600
[36m(vLLMHttpServer pid=36528)[0m HOSTQUEUE <0x5578b2e755b0>: origin ptr: 0x7fc085000000, size byte: 2097152
[36m(vLLMHttpServer pid=36528)[0m HOSTQUEUE <0x5578b2e755b0>: ptr arg index: 22, ptr: 0x7fc0851d8400
[36m(vLLMHttpServer pid=36528)[0m HOSTQUEUE <0x5578b2e755b0>: origin ptr: 0x7fc085000000, size byte: 2097152
[36m(vLLMHttpServer pid=36528)[0m HOSTQUEUE <0x5578b2e755b0>: ptr arg index: 23, ptr: 0x7fc0851cfe00
[36m(vLLMHttpServer pid=36528)[0m HOSTQUEUE <0x5578b2e755b0>: origin ptr: 0x7fc085000000, size byte: 2097152
[36m(vLLMHttpServer pid=36528)[0m HOSTQUEUE <0x5578b2e755b0>: ptr arg index: 24, ptr: 0x7fc0851d8200
[36m(vLLMHttpServer pid=36528)[0m HOSTQUEUE <0x5578b2e755b0>: origin ptr: 0x7fc085000000, size byte: 2097152
[36m(vLLMHttpServer pid=36528)[0m HOSTQUEUE <0x5578b2e755b0>: ptr arg index: 32, ptr: 0x7fc0851d4000
[36m(vLLMHttpServer pid=36528)[0m HOSTQUEUE <0x5578b2e755b0>: origin ptr: 0x7fc085000000, size byte: 2097152
[36m(vLLMHttpServer pid=36528)[0m HOSTQUEUE <0x5578b2e755b0>: ptr arg index: 33, ptr: 0x7fc0851c7a00
[36m(vLLMHttpServer pid=36528)[0m HOSTQUEUE <0x5578b2e755b0>: origin ptr: 0x7fc085000000, size byte: 2097152
[36m(vLLMHttpServer pid=36528)[0m HOSTQUEUE <0x5578b2e755b0>: ptr arg index: 34, ptr: 0x7fc0851cfc00
[36m(vLLMHttpServer pid=36528)[0m HOSTQUEUE <0x5578b2e755b0>: origin ptr: 0x7fc085000000, size byte: 2097152
[36m(vLLMHttpServer pid=36528)[0m HOSTQUEUE <0x5578b2e755b0>: ptr arg index: 35, ptr: 0x7fc0851e4600
[36m(vLLMHttpServer pid=36528)[0m HOSTQUEUE <0x5578b2e755b0>: origin ptr: 0x7fc085000000, size byte: 2097152
[36m(vLLMHttpServer pid=36528)[0m HOSTQUEUE <0x5578b2e755b0>: ptr arg index: 36, ptr: 0x7fc0851d8600
[36m(vLLMHttpServer pid=36528)[0m HOSTQUEUE <0x5578b2e755b0>: origin ptr: 0x7fc085000000, size byte: 2097152
[36m(vLLMHttpServer pid=36528)[0m HOSTQUEUE <0x5578b2e755b0>: ptr arg index: 37, ptr: 0x7fc0851e0600
[36m(vLLMHttpServer pid=36528)[0m HOSTQUEUE <0x5578b2e755b0>: origin ptr: 0x7fc085000000, size byte: 2097152
[36m(vLLMHttpServer pid=36528)[0m HOSTQUEUE <0x5578b2e755b0>: ptr arg index: 38, ptr: 0x7fc0851d8400
[36m(vLLMHttpServer pid=36528)[0m HOSTQUEUE <0x5578b2e755b0>: origin ptr: 0x7fc085000000, size byte: 2097152
[36m(vLLMHttpServer pid=36528)[0m HOSTQUEUE <0x5578b2e755b0>: ptr arg index: 39, ptr: 0x7fc0851cfe00
[36m(vLLMHttpServer pid=36528)[0m HOSTQUEUE <0x5578b2e755b0>: origin ptr: 0x7fc085000000, size byte: 2097152
[36m(vLLMHttpServer pid=36528)[0m HOSTQUEUE <0x5578b2e755b0>: ptr arg index: 40, ptr: 0x7fc0851d8200
[36m(vLLMHttpServer pid=36528)[0m HOSTQUEUE <0x5578b2e755b0>: origin ptr: 0x7fc085000000, size byte: 2097152
[36m(vLLMHttpServer pid=36528)[0m 
[36m(vLLMHttpServer pid=36528)[0m HOSTQUEUE <0x5578b2e755b0>: >>>>>>>> DUMP AQL 0x7fc1ed20f000 PACKET WITH INDEX 84026 <<<<<<<<<
[36m(vLLMHttpServer pid=36528)[0m HOSTQUEUE <0x5578b2e755b0>: >>>>>>>> MATCH KERNEL COMMAND <<<<<<<<<
[36m(vLLMHttpServer pid=36528)[0m HOSTQUEUE <0x5578b2e755b0>: header: 0xb02
[36m(vLLMHttpServer pid=36528)[0m HOSTQUEUE <0x5578b2e755b0>: setup: 3
[36m(vLLMHttpServer pid=36528)[0m HOSTQUEUE <0x5578b2e755b0>: workgroup: x:256, y:1, z:1
[36m(vLLMHttpServer pid=36528)[0m HOSTQUEUE <0x5578b2e755b0>: grid: x:256, y:1, z:1
[36m(vLLMHttpServer pid=36528)[0m HOSTQUEUE <0x5578b2e755b0>: group_segment_size: 0
[36m(vLLMHttpServer pid=36528)[0m HOSTQUEUE <0x5578b2e755b0>: private_segment_size: 0
[36m(vLLMHttpServer pid=36528)[0m HOSTQUEUE <0x5578b2e755b0>: completion_signal: 0x0
[36m(vLLMHttpServer pid=36528)[0m HOSTQUEUE <0x5578b2e755b0>: kernel_object: 0x7fc11801bf40
[36m(vLLMHttpServer pid=36528)[0m HOSTQUEUE <0x5578b2e755b0>: device id: 2
[36m(vLLMHttpServer pid=36528)[0m 
[36m(vLLMHttpServer pid=36528)[0m HOSTQUEUE <0x564c79ffd640>: >>>>>>>> FIND MATCH KERNEL DETAILS <<<<<<<<<
[36m(vLLMHttpServer pid=36528)[0m HOSTQUEUE <0x564c79ffd640>: kernel name: _ZN2at6native12_GLOBAL__N_143distribution_elementwise_grid_stride_kernelIfLi4EZNS0_9templates4cuda20normal_and_transformIN3c108BFloat16EfPNS_17CUDAGeneratorImplEZZZNS4_13normal_kernelIS9_EEvRKNS_10TensorBaseEddT_ENKUlvE_clEvENKUlvE2_clEvEUlfE_EEvRNS_18TensorIteratorBaseET1_T2_EUlP25hiprandStatePhilox4_32_10E0_ZNS1_27distribution_nullary_kernelIS7_f15HIP_vector_typeIfLj4EES9_SO_SH_EEvSJ_SL_RKT3_T4_EUlifE_EEvlNS_15PhiloxCudaStateESK_SL_
[36m(vLLMHttpServer pid=36528)[0m HOSTQUEUE <0x564c79ffd640>: >>>>>>>> DUMP KERNEL ARGS: size: 328 <<<<<<<<<
[36m(vLLMHttpServer pid=36528)[0m 
[36m(vLLMHttpServer pid=36528)[0m 00 20 00 00 00 00 00 00 00 00 00 00 00 00 00 00 
[36m(vLLMHttpServer pid=36528)[0m 00 01 00 00 00 00 00 00 00 00 00 00 00 00 00 00 
[36m(vLLMHttpServer pid=36528)[0m 00 00 00 00 00 00 00 00 00 00 00 00 00 00 00 00 
[36m(vLLMHttpServer pid=36528)[0m 00 8a de ea ce 7f 00 00 02 00 00 00 00 00 00 00 
[36m(vLLMHttpServer pid=36528)[0m 00 00 80 3f 00 00 00 00 20 00 00 00 01 00 00 00 
[36m(vLLMHttpServer pid=36528)[0m 01 00 00 00 00 01 01 00 01 00 00 00 00 00 00 00 
[36m(vLLMHttpServer pid=36528)[0m 00 00 00 00 00 00 00 00 00 00 00 00 00 00 00 00 
[36m(vLLMHttpServer pid=36528)[0m 00 00 00 00 00 00 00 00 00 00 00 00 00 00 00 00 
[36m(vLLMHttpServer pid=36528)[0m 00 00 00 00 00 00 00 00 03 00 00 00 00 00 00 00 
[36m(vLLMHttpServer pid=36528)[0m 00 fc dc ea ce 7f 00 00 00 46 de ea ce 7f 00 00 
[36m(vLLMHttpServer pid=36528)[0m 00 86 dd ea ce 7f 00 00 00 06 de ea ce 7f 00 00 
[36m(vLLMHttpServer pid=36528)[0m 00 84 dd ea ce 7f 00 00 00 fe dc ea ce 7f 00 00 
[36m(vLLMHttpServer pid=36528)[0m 00 82 dd ea ce 7f 00 00 10 00 00 00 00 00 00 00 
[36m(vLLMHttpServer pid=36528)[0m 00 00 00 00 00 00 00 00 00 00 00 00 00 00 00 00 
[36m(vLLMHttpServer pid=36528)[0m 00 00 00 00 00 00 00 00 00 00 00 00 00 00 00 00 
[36m(vLLMHttpServer pid=36528)[0m 00 00 00 00 00 00 00 00 00 00 00 00 00 00 00 00 
[36m(vLLMHttpServer pid=36528)[0m 00 40 dd ea ce 7f 00 00 00 7a dc ea ce 7f 00 00 
[36m(vLLMHttpServer pid=36528)[0m 00 fc dc ea ce 7f 00 00 00 46 de ea ce 7f 00 00 
[36m(vLLMHttpServer pid=36528)[0m 00 86 dd ea ce 7f 00 00 00 06 de ea ce 7f 00 00 
[36m(vLLMHttpServer pid=36528)[0m 00 84 dd ea ce 7f 00 00 00 fe dc ea ce 7f 00 00 
[36m(vLLMHttpServer pid=36528)[0m 00 82 dd ea ce 7f 00 00 
[36m(vLLMHttpServer pid=36528)[0m 
[36m(vLLMHttpServer pid=36528)[0m HOSTQUEUE <0x564c79ffd640>: >>>>>>>> DUMP KERNEL ARGS PTR INFO <<<<<<<<<
[36m(vLLMHttpServer pid=36528)[0m HOSTQUEUE <0x564c79ffd640>: ptr arg index: 6, ptr: 0x7fceeade8a00
[36m(vLLMHttpServer pid=36528)[0m HOSTQUEUE <0x564c79ffd640>: origin ptr: 0x7fceeac00000, size byte: 2097152
[36m(vLLMHttpServer pid=36528)[0m HOSTQUEUE <0x564c79ffd640>: ptr arg index: 18, ptr: 0x7fceeadcfc00
[36m(vLLMHttpServer pid=36528)[0m HOSTQUEUE <0x564c79ffd640>: origin ptr: 0x7fceeac00000, size byte: 2097152
[36m(vLLMHttpServer pid=36528)[0m HOSTQUEUE <0x564c79ffd640>: ptr arg index: 19, ptr: 0x7fceeade4600
[36m(vLLMHttpServer pid=36528)[0m HOSTQUEUE <0x564c79ffd640>: origin ptr: 0x7fceeac00000, size byte: 2097152
[36m(vLLMHttpServer pid=36528)[0m HOSTQUEUE <0x564c79ffd640>: ptr arg index: 20, ptr: 0x7fceeadd8600
[36m(vLLMHttpServer pid=36528)[0m HOSTQUEUE <0x564c79ffd640>: origin ptr: 0x7fceeac00000, size byte: 2097152
[36m(vLLMHttpServer pid=36528)[0m HOSTQUEUE <0x564c79ffd640>: ptr arg index: 21, ptr: 0x7fceeade0600
[36m(vLLMHttpServer pid=36528)[0m HOSTQUEUE <0x564c79ffd640>: origin ptr: 0x7fceeac00000, size byte: 2097152
[36m(vLLMHttpServer pid=36528)[0m HOSTQUEUE <0x564c79ffd640>: ptr arg index: 22, ptr: 0x7fceeadd8400
[36m(vLLMHttpServer pid=36528)[0m HOSTQUEUE <0x564c79ffd640>: origin ptr: 0x7fceeac00000, size byte: 2097152
[36m(vLLMHttpServer pid=36528)[0m HOSTQUEUE <0x564c79ffd640>: ptr arg index: 23, ptr: 0x7fceeadcfe00
[36m(vLLMHttpServer pid=36528)[0m HOSTQUEUE <0x564c79ffd640>: origin ptr: 0x7fceeac00000, size byte: 2097152
[36m(vLLMHttpServer pid=36528)[0m HOSTQUEUE <0x564c79ffd640>: ptr arg index: 24, ptr: 0x7fceeadd8200
[36m(vLLMHttpServer pid=36528)[0m HOSTQUEUE <0x564c79ffd640>: origin ptr: 0x7fceeac00000, size byte: 2097152
[36m(vLLMHttpServer pid=36528)[0m HOSTQUEUE <0x564c79ffd640>: ptr arg index: 32, ptr: 0x7fceeadd4000
[36m(vLLMHttpServer pid=36528)[0m HOSTQUEUE <0x564c79ffd640>: origin ptr: 0x7fceeac00000, size byte: 2097152
[36m(vLLMHttpServer pid=36528)[0m HOSTQUEUE <0x564c79ffd640>: ptr arg index: 33, ptr: 0x7fceeadc7a00
[36m(vLLMHttpServer pid=36528)[0m HOSTQUEUE <0x564c79ffd640>: origin ptr: 0x7fceeac00000, size byte: 2097152
[36m(vLLMHttpServer pid=36528)[0m HOSTQUEUE <0x564c79ffd640>: ptr arg index: 34, ptr: 0x7fceeadcfc00
[36m(vLLMHttpServer pid=36528)[0m HOSTQUEUE <0x564c79ffd640>: origin ptr: 0x7fceeac00000, size byte: 2097152
[36m(vLLMHttpServer pid=36528)[0m HOSTQUEUE <0x564c79ffd640>: ptr arg index: 35, ptr: 0x7fceeade4600
[36m(vLLMHttpServer pid=36528)[0m HOSTQUEUE <0x564c79ffd640>: origin ptr: 0x7fceeac00000, size byte: 2097152
[36m(vLLMHttpServer pid=36528)[0m HOSTQUEUE <0x564c79ffd640>: ptr arg index: 36, ptr: 0x7fceeadd8600
[36m(vLLMHttpServer pid=36528)[0m HOSTQUEUE <0x564c79ffd640>: origin ptr: 0x7fceeac00000, size byte: 2097152
[36m(vLLMHttpServer pid=36528)[0m HOSTQUEUE <0x564c79ffd640>: ptr arg index: 37, ptr: 0x7fceeade0600
[36m(vLLMHttpServer pid=36528)[0m HOSTQUEUE <0x564c79ffd640>: origin ptr: 0x7fceeac00000, size byte: 2097152
[36m(vLLMHttpServer pid=36528)[0m 
[36m(vLLMHttpServer pid=36528)[0m HOSTQUEUE <0x5567c798de30>: >>>>>>>> DUMP AQL 0x7f149015e000 PACKET WITH INDEX 84251 <<<<<<<<<
[36m(vLLMHttpServer pid=36528)[0m HOSTQUEUE <0x564c79ffd640>: ptr arg index: 38, ptr: 0x7fceeadd8400
[36m(vLLMHttpServer pid=36528)[0m HOSTQUEUE <0x5567c798de30>: >>>>>>>> MATCH KERNEL COMMAND <<<<<<<<<
[36m(vLLMHttpServer pid=36528)[0m HOSTQUEUE <0x564c79ffd640>: origin ptr: 0x7fceeac00000, size byte: 2097152
[36m(vLLMHttpServer pid=36528)[0m HOSTQUEUE <0x5567c798de30>: header: 0xb02
[36m(vLLMHttpServer pid=36528)[0m HOSTQUEUE <0x564c79ffd640>: ptr arg index: 39, ptr: 0x7fceeadcfe00
[36m(vLLMHttpServer pid=36528)[0m HOSTQUEUE <0x5567c798de30>: setup: 3
[36m(vLLMHttpServer pid=36528)[0m HOSTQUEUE <0x564c79ffd640>: origin ptr: 0x7fceeac00000, size byte: 2097152
[36m(vLLMHttpServer pid=36528)[0m HOSTQUEUE <0x5567c798de30>: workgroup: x:256, y:1, z:1
[36m(vLLMHttpServer pid=36528)[0m HOSTQUEUE <0x564c79ffd640>: ptr arg index: 40, ptr: 0x7fceeadd8200
[36m(vLLMHttpServer pid=36528)[0m HOSTQUEUE <0x5567c798de30>: grid: x:2097152, y:1, z:1
[36m(vLLMHttpServer pid=36528)[0m HOSTQUEUE <0x564c79ffd640>: origin ptr: 0x7fceeac00000, size byte: 2097152
[36m(vLLMHttpServer pid=36528)[0m HOSTQUEUE <0x5567c798de30>: group_segment_size: 20
[36m(vLLMHttpServer pid=36528)[0m 
[36m(vLLMHttpServer pid=36528)[0m HOSTQUEUE <0x564c79ffd640>: >>>>>>>> DUMP AQL 0x7fd060802000 PACKET WITH INDEX 84478 <<<<<<<<<
[36m(vLLMHttpServer pid=36528)[0m HOSTQUEUE <0x5567c798de30>: private_segment_size: 0
[36m(vLLMHttpServer pid=36528)[0m HOSTQUEUE <0x564c79ffd640>: >>>>>>>> MATCH KERNEL COMMAND <<<<<<<<<
[36m(vLLMHttpServer pid=36528)[0m HOSTQUEUE <0x5567c798de30>: completion_signal: 0x0
[36m(vLLMHttpServer pid=36528)[0m HOSTQUEUE <0x564c79ffd640>: header: 0xb02
[36m(vLLMHttpServer pid=36528)[0m HOSTQUEUE <0x5567c798de30>: kernel_object: 0x7f1438f62d00
[36m(vLLMHttpServer pid=36528)[0m HOSTQUEUE <0x564c79ffd640>: setup: 3
[36m(vLLMHttpServer pid=36528)[0m HOSTQUEUE <0x5567c798de30>: device id: 3
[36m(vLLMHttpServer pid=36528)[0m HOSTQUEUE <0x564c79ffd640>: workgroup: x:256, y:1, z:1
[36m(vLLMHttpServer pid=36528)[0m HOSTQUEUE <0x564c79ffd640>: grid: x:8192, y:1, z:1
[36m(vLLMHttpServer pid=36528)[0m HOSTQUEUE <0x564c79ffd640>: group_segment_size: 0
[36m(vLLMHttpServer pid=36528)[0m HOSTQUEUE <0x564c79ffd640>: private_segment_size: 0
[36m(vLLMHttpServer pid=36528)[0m HOSTQUEUE <0x564c79ffd640>: completion_signal: 0x0
[36m(vLLMHttpServer pid=36528)[0m HOSTQUEUE <0x564c79ffd640>: kernel_object: 0x7fcf8c4cbf40
[36m(vLLMHttpServer pid=36528)[0m HOSTQUEUE <0x564c79ffd640>: device id: 0
[36m(vLLMHttpServer pid=36528)[0m 
[36m(vLLMHttpServer pid=36528)[0m HOSTQUEUE <0x5578b2e755b0>: >>>>>>>> FIND MATCH KERNEL DETAILS <<<<<<<<<
[36m(vLLMHttpServer pid=36528)[0m HOSTQUEUE <0x5578b2e755b0>: kernel name: _ZN2at6native12_GLOBAL__N_143distribution_elementwise_grid_stride_kernelIfLi4EZNS0_9templates4cuda20normal_and_transformIN3c108BFloat16EfPNS_17CUDAGeneratorImplEZZZNS4_13normal_kernelIS9_EEvRKNS_10TensorBaseEddT_ENKUlvE_clEvENKUlvE2_clEvEUlfE_EEvRNS_18TensorIteratorBaseET1_T2_EUlP25hiprandStatePhilox4_32_10E0_ZNS1_27distribution_nullary_kernelIS7_f15HIP_vector_typeIfLj4EES9_SO_SH_EEvSJ_SL_RKT3_T4_EUlifE_EEvlNS_15PhiloxCudaStateESK_SL_
[36m(vLLMHttpServer pid=36528)[0m HOSTQUEUE <0x5578b2e755b0>: >>>>>>>> DUMP KERNEL ARGS: size: 328 <<<<<<<<<
[36m(vLLMHttpServer pid=36528)[0m 
[36m(vLLMHttpServer pid=36528)[0m 80 00 00 00 00 00 00 00 00 00 00 00 00 00 00 00 
[36m(vLLMHttpServer pid=36528)[0m 10 01 00 00 00 00 00 00 00 00 00 00 00 00 00 00 
[36m(vLLMHttpServer pid=36528)[0m 00 00 00 00 00 00 00 00 00 00 00 00 00 00 00 00 
[36m(vLLMHttpServer pid=36528)[0m 00 e8 1f 85 c0 7f 00 00 02 00 00 00 00 00 00 00 
[36m(vLLMHttpServer pid=36528)[0m 00 00 80 3f 00 00 00 00 01 00 00 00 01 00 00 00 
[36m(vLLMHttpServer pid=36528)[0m 01 00 00 00 00 01 01 00 01 00 00 00 00 00 00 00 
[36m(vLLMHttpServer pid=36528)[0m 00 00 00 00 00 00 00 00 00 00 00 00 00 00 00 00 
[36m(vLLMHttpServer pid=36528)[0m 00 00 00 00 00 00 00 00 00 00 00 00 00 00 00 00 
[36m(vLLMHttpServer pid=36528)[0m 00 00 00 00 00 00 00 00 03 00 00 00 00 00 00 00 
[36m(vLLMHttpServer pid=36528)[0m 00 00 00 00 00 00 00 00 00 00 00 00 00 00 00 00 
[36m(vLLMHttpServer pid=36528)[0m 00 00 00 00 00 00 00 00 00 00 00 00 00 00 00 00 
[36m(vLLMHttpServer pid=36528)[0m 00 00 00 00 00 00 00 00 00 00 00 00 00 00 00 00 
[36m(vLLMHttpServer pid=36528)[0m 00 00 00 00 00 00 00 00 00 00 00 00 02 00 00 00 
[36m(vLLMHttpServer pid=36528)[0m 02 00 00 00 00 00 00 00 80 00 00 00 00 00 00 00 
[36m(vLLMHttpServer pid=36528)[0m 08 00 00 00 00 00 10 00 00 00 00 00 08 00 01 00 
[36m(vLLMHttpServer pid=36528)[0m 00 00 00 00 00 00 00 00 00 00 00 00 00 00 00 00 
[36m(vLLMHttpServer pid=36528)[0m 00 00 00 00 00 00 00 00 00 00 00 00 00 00 00 00 
[36m(vLLMHttpServer pid=36528)[0m 00 00 00 00 00 00 00 00 00 00 00 00 00 00 00 00 
[36m(vLLMHttpServer pid=36528)[0m 00 00 00 00 00 00 00 00 00 00 00 00 00 00 00 00 
[36m(vLLMHttpServer pid=36528)[0m 00 00 00 00 00 00 00 00 00 00 00 00 00 00 00 00 
[36m(vLLMHttpServer pid=36528)[0m 00 00 00 00 00 00 00 00 
[36m(vLLMHttpServer pid=36528)[0m 
[36m(vLLMHttpServer pid=36528)[0m HOSTQUEUE <0x5578b2e755b0>: >>>>>>>> DUMP KERNEL ARGS PTR INFO <<<<<<<<<
[36m(vLLMHttpServer pid=36528)[0m HOSTQUEUE <0x5578b2e755b0>: ptr arg index: 6, ptr: 0x7fc0851fe800
[36m(vLLMHttpServer pid=36528)[0m HOSTQUEUE <0x5578b2e755b0>: origin ptr: 0x7fc085000000, size byte: 2097152
[36m(vLLMHttpServer pid=36528)[0m 
[36m(vLLMHttpServer pid=36528)[0m HOSTQUEUE <0x5578b2e755b0>: >>>>>>>> DUMP AQL 0x7fc1ed20f000 PACKET WITH INDEX 84027 <<<<<<<<<
[36m(vLLMHttpServer pid=36528)[0m HOSTQUEUE <0x5578b2e755b0>: >>>>>>>> MATCH KERNEL COMMAND <<<<<<<<<
[36m(vLLMHttpServer pid=36528)[0m HOSTQUEUE <0x5578b2e755b0>: header: 0xb02
[36m(vLLMHttpServer pid=36528)[0m HOSTQUEUE <0x5578b2e755b0>: setup: 3
[36m(vLLMHttpServer pid=36528)[0m HOSTQUEUE <0x5578b2e755b0>: workgroup: x:256, y:1, z:1
[36m(vLLMHttpServer pid=36528)[0m HOSTQUEUE <0x5578b2e755b0>: grid: x:32768, y:1, z:1
[36m(vLLMHttpServer pid=36528)[0m HOSTQUEUE <0x5578b2e755b0>: group_segment_size: 0
[36m(vLLMHttpServer pid=36528)[0m HOSTQUEUE <0x5578b2e755b0>: private_segment_size: 0
[36m(vLLMHttpServer pid=36528)[0m HOSTQUEUE <0x5578b2e755b0>: completion_signal: 0x0
[36m(vLLMHttpServer pid=36528)[0m HOSTQUEUE <0x5578b2e755b0>: kernel_object: 0x7fc084e2eb40
[36m(vLLMHttpServer pid=36528)[0m HOSTQUEUE <0x5578b2e755b0>: device id: 2
[36m(vLLMHttpServer pid=36528)[0m 
[36m(vLLMHttpServer pid=36528)[0m HOSTQUEUE <0x564c79ffd640>: >>>>>>>> FIND MATCH KERNEL DETAILS <<<<<<<<<
[36m(vLLMHttpServer pid=36528)[0m HOSTQUEUE <0x564c79ffd640>: kernel name: _ZN2at6native12_GLOBAL__N_143distribution_elementwise_grid_stride_kernelIfLi4EZNS0_9templates4cuda20normal_and_transformIN3c108BFloat16EfPNS_17CUDAGeneratorImplEZZZNS4_13normal_kernelIS9_EEvRKNS_10TensorBaseEddT_ENKUlvE_clEvENKUlvE2_clEvEUlfE_EEvRNS_18TensorIteratorBaseET1_T2_EUlP25hiprandStatePhilox4_32_10E0_ZNS1_27distribution_nullary_kernelIS7_f15HIP_vector_typeIfLj4EES9_SO_SH_EEvSJ_SL_RKT3_T4_EUlifE_EEvlNS_15PhiloxCudaStateESK_SL_
[36m(vLLMHttpServer pid=36528)[0m HOSTQUEUE <0x564c79ffd640>: >>>>>>>> DUMP KERNEL ARGS: size: 328 <<<<<<<<<
[36m(vLLMHttpServer pid=36528)[0m 
[36m(vLLMHttpServer pid=36528)[0m 00 20 00 00 00 00 00 00 00 00 00 00 00 00 00 00 
[36m(vLLMHttpServer pid=36528)[0m 04 01 00 00 00 00 00 00 00 00 00 00 00 00 00 00 
[36m(vLLMHttpServer pid=36528)[0m 00 00 
[36m(vLLMHttpServer pid=36528)[0m HOSTQUEUE <0x5578b2e755b0>: >>>>>>>> FIND MATCH KERNEL DETAILS <<<<<<<<<
[36m(vLLMHttpServer pid=36528)[0m 00 HOSTQUEUE <0x5578b2e755b0>: kernel name: _ZN2at6native29vectorized_elementwise_kernelILi4ENS0_11FillFunctorIfEESt5arrayIPcLm1EEEEviT0_T1_
[36m(vLLMHttpServer pid=36528)[0m 00 HOSTQUEUE <0x5578b2e755b0>: >>>>>>>> DUMP KERNEL ARGS: size: 16 <<<<<<<<<
[36m(vLLMHttpServer pid=36528)[0m 00 
[36m(vLLMHttpServer pid=36528)[0m 00 00 00 00 00 02 00 00 00 00 00 00 00 00 00 00 00 00 00 00 00 20 
[36m(vLLMHttpServer pid=36528)[0m 84 00 7c ca 7f de 00 ea 00 ce 
[36m(vLLMHttpServer pid=36528)[0m 
[36m(vLLMHttpServer pid=36528)[0m 7f HOSTQUEUE <0x5578b2e755b0>: >>>>>>>> DUMP KERNEL ARGS PTR INFO <<<<<<<<<
[36m(vLLMHttpServer pid=36528)[0m 00 00 HOSTQUEUE <0x5578b2e755b0>: ptr arg index: 1, ptr: 0x7f7c84200000
[36m(vLLMHttpServer pid=36528)[0m 02 HOSTQUEUE <0x5578b2e755b0>: origin ptr: 0x7f7c84200000, size byte: 2097152
[36m(vLLMHttpServer pid=36528)[0m 00 
[36m(vLLMHttpServer pid=36528)[0m HOSTQUEUE <0x5578b2e755b0>: >>>>>>>> DUMP AQL 0x7fc1ed20f000 PACKET WITH INDEX 84028 <<<<<<<<<
[36m(vLLMHttpServer pid=36528)[0m 00 HOSTQUEUE <0x5578b2e755b0>: >>>>>>>> MATCH BARRIER AND COMMAND <<<<<<<<<
[36m(vLLMHttpServer pid=36528)[0m 00 HOSTQUEUE <0x5578b2e755b0>: header: 0x1503
[36m(vLLMHttpServer pid=36528)[0m 00 HOSTQUEUE <0x5578b2e755b0>: dep_signal[0]: 0x0
[36m(vLLMHttpServer pid=36528)[0m 00 HOSTQUEUE <0x5578b2e755b0>: dep_signal[1]: 0x0
[36m(vLLMHttpServer pid=36528)[0m 00 HOSTQUEUE <0x5578b2e755b0>: dep_signal[2]: 0x0
[36m(vLLMHttpServer pid=36528)[0m 00 HOSTQUEUE <0x5578b2e755b0>: dep_signal[3]: 0x0
[36m(vLLMHttpServer pid=36528)[0m 
[36m(vLLMHttpServer pid=36528)[0m HOSTQUEUE <0x5578b2e755b0>: dep_signal[4]: 0x0
[36m(vLLMHttpServer pid=36528)[0m 00 HOSTQUEUE <0x5578b2e755b0>: completion_signal: 0x7fca079ef200
[36m(vLLMHttpServer pid=36528)[0m 00 
[36m(vLLMHttpServer pid=36528)[0m 
[36m(vLLMHttpServer pid=36528)[0m 80 
[36m(vLLMHttpServer pid=36528)[0m ===========================================================================================
[36m(vLLMHttpServer pid=36528)[0m 3f =========> HOSTQUEUE <0x5578afcd1b40>: VMFault HSA QUEUE ANALYSIS <=========
[36m(vLLMHttpServer pid=36528)[0m 00 HOSTQUEUE <0x5578afcd1b40>: base_address 0x7fc118400000
[36m(vLLMHttpServer pid=36528)[0m 00 HOSTQUEUE <0x5578afcd1b40>: hsa queue id 1, stream id 0
[36m(vLLMHttpServer pid=36528)[0m 00 00 HOSTQUEUE <0x5578afcd1b40>: get hsa queue W/R ptr: write index: 941, read index: 941
[36m(vLLMHttpServer pid=36528)[0m 20 HOSTQUEUE <0x5578afcd1b40>: all command executed
[36m(vLLMHttpServer pid=36528)[0m 00 
[36m(vLLMHttpServer pid=36528)[0m >>>>>>>> FOR DEVICE 0x557861ab5d70 <<<<<<
[36m(vLLMHttpServer pid=36528)[0m 
[36m(vLLMHttpServer pid=36528)[0m 00 
[36m(vLLMHttpServer pid=36528)[0m >>>>>>>> KERNEL VMFault Analysis END !!!! <<<<<<
[36m(vLLMHttpServer pid=36528)[0m 
[36m(vLLMHttpServer pid=36528)[0m 00 =========> HW QUEUE INFO ANALYSIS <==========
[36m(vLLMHttpServer pid=36528)[0m 01 00 00 00 
[36m(vLLMHttpServer pid=36528)[0m 01 00 00 00 00 01 01 00 01 Can't read for directory: 00 /sys/kernel/debug/kfd/process00 
[36m(vLLMHttpServer pid=36528)[0m 00 Please check mount/permission00 
[36m(vLLMHttpServer pid=36528)[0m 00 00 00 
[36m(vLLMHttpServer pid=36528)[0m 00 00 00 00 00 00 00 00 Fatal Python error: 00 Aborted00 
[36m(vLLMHttpServer pid=36528)[0m 
[36m(vLLMHttpServer pid=36528)[0m 00 Thread 0x00 00007f7fc99fa64000  (most recent call first):
[36m(vLLMHttpServer pid=36528)[0m 00   File 00 "00 /usr/lib/python3.10/multiprocessing/connection.py
[36m(vLLMHttpServer pid=36528)[0m "00 , line 00 37900  in 00 _recv00 
[36m(vLLMHttpServer pid=36528)[0m 00   File 00 "00 /usr/lib/python3.10/multiprocessing/connection.py00 "00 , line 00 41400  in 00 _recv_bytes00 
[36m(vLLMHttpServer pid=36528)[0m 00   File 00 "
[36m(vLLMHttpServer pid=36528)[0m /usr/lib/python3.10/multiprocessing/connection.py00 "00 , line 00 25000  in 00 recv00 
[36m(vLLMHttpServer pid=36528)[0m 00   File 00 "03 /usr/local/lib/python3.10/dist-packages/vllm/v1/executor/multiproc_executor.py00 "00 , line 00 75700  in 00 death_pipe_monitor00 
[36m(vLLMHttpServer pid=36528)[0m 00   File 
[36m(vLLMHttpServer pid=36528)[0m "00 /usr/lib/python3.10/threading.py00 "00 , line 00 95300  in 00 run00 
[36m(vLLMHttpServer pid=36528)[0m 00   File 00 "00 /usr/lib/python3.10/threading.py00 "00 , line 00 101600  in 00 _bootstrap_inner00 
[36m(vLLMHttpServer pid=36528)[0m 
[36m(vLLMHttpServer pid=36528)[0m   File 00 "00 /usr/lib/python3.10/threading.py00 "00 , line 00 97300  in 00 _bootstrap00 
[36m(vLLMHttpServer pid=36528)[0m 00 
[36m(vLLMHttpServer pid=36528)[0m 00 Thread 0x00 00007f7fcc1ff64000  (most recent call first):
[36m(vLLMHttpServer pid=36528)[0m 00   File 00 "00 /usr/lib/python3.10/threading.py00 "
[36m(vLLMHttpServer pid=36528)[0m , line 00 32400  in 00 wait00 
[36m(vLLMHttpServer pid=36528)[0m 00   File 00 "00 /usr/lib/python3.10/threading.py00 "00 , line 00 60700  in 00 wait00 
[36m(vLLMHttpServer pid=36528)[0m 00   File 00 "00 /usr/local/lib/python3.10/dist-packages/tqdm/_monitor.py
[36m(vLLMHttpServer pid=36528)[0m "00 , line 00 6900  in 00 run00 
[36m(vLLMHttpServer pid=36528)[0m 00   File 00 "00 /usr/lib/python3.10/threading.py00 "00 , line 00 101600  in 02 _bootstrap_inner00 
[36m(vLLMHttpServer pid=36528)[0m 00   File 00 "
[36m(vLLMHttpServer pid=36528)[0m /usr/lib/python3.10/threading.py02 "00 , line 00 97300  in 00 _bootstrap02 
[36m(vLLMHttpServer pid=36528)[0m 00 
[36m(vLLMHttpServer pid=36528)[0m 00 Thread 0x00 00007fc13381364014  (most recent call first):
[36m(vLLMHttpServer pid=36528)[0m 00   File 00 "00 /usr/lib/python3.10/threading.py00 "00 , line 00 320
[36m(vLLMHttpServer pid=36528)[0m  in wait
[36m(vLLMHttpServer pid=36528)[0m   File "00 /usr/lib/python3.10/queue.py00 "00 , line 00 17100  in 00 get00 
[36m(vLLMHttpServer pid=36528)[0m 00   File 00 "00 /usr/local/lib/python3.10/dist-packages/vllm/v1/executor/multiproc_executor.py00 "00 , line 00 91100  in 00 async_output_busy_loop00 
[36m(vLLMHttpServer pid=36528)[0m 
[36m(vLLMHttpServer pid=36528)[0m   File 00 "00 /usr/lib/python3.10/threading.py00 "00 , line 00 95300  in 00 run00 
[36m(vLLMHttpServer pid=36528)[0m 00   File 00 "00 /usr/lib/python3.10/threading.py00 "00 , line 00 101600  in 00 _bootstrap_inner
[36m(vLLMHttpServer pid=36528)[0m 
[36m(vLLMHttpServer pid=36528)[0m 00   File 00 "00 /usr/lib/python3.10/threading.py00 "00 
[36m(vLLMHttpServer pid=36528)[0m HOSTQUEUE <0x5567c798de30>: >>>>>>>> FIND MATCH KERNEL DETAILS <<<<<<<<<
[36m(vLLMHttpServer pid=36528)[0m , line 00 HOSTQUEUE <0x5567c798de30>: kernel name: _ZN2at6native24fused_add_rms_kernel_optIN3c108BFloat16EfLi8ELi256ELb1EEEvPT_S5_S5_iT0_i
[36m(vLLMHttpServer pid=36528)[0m 97300 HOSTQUEUE <0x5567c798de30>: >>>>>>>> DUMP KERNEL ARGS: size: 296 <<<<<<<<<
[36m(vLLMHttpServer pid=36528)[0m  in 00 
[36m(vLLMHttpServer pid=36528)[0m _bootstrap00 00 
[36m(vLLMHttpServer pid=36528)[0m 00 00 
[36m(vLLMHttpServer pid=36528)[0m 00 c0 Thread 0x00 d0 00007fcb67e9a74000 ce  (most recent call first):
[36m(vLLMHttpServer pid=36528)[0m 00 7e   File 00 00 "00 00 /usr/local/lib/python3.10/dist-packages/vllm/model_executor/models/qwen3_next.py
[36m(vLLMHttpServer pid=36528)[0m 00 "00 00 , line 00 20 76100 33  in 00 13 _warmup_prefill_kernels00 7f 
[36m(vLLMHttpServer pid=36528)[0m 00 00   File 00 00 "00 
[36m(vLLMHttpServer pid=36528)[0m /usr/local/lib/python3.10/dist-packages/vllm/model_executor/models/qwen3_next.py00 00 "00 da , line 00 ff 80800 3d  in 00 d3 _forward_core00 7e 
[36m(vLLMHttpServer pid=36528)[0m 00 00   File 00 00 "
[36m(vLLMHttpServer pid=36528)[0m 00 /usr/local/lib/python3.10/dist-packages/vllm/model_executor/models/qwen3_next.py00 08 "00 00 , line 00 00 172200 bd  in 00 37 gdn_attention_core00 86 
[36m(vLLMHttpServer pid=36528)[0m 00 35   File 00 
[36m(vLLMHttpServer pid=36528)[0m "00 00 /usr/local/lib/python3.10/dist-packages/torch/_ops.py00 20 "00 00 , line 00 00 120900 00  in 00 00 __call__00 00 
[36m(vLLMHttpServer pid=36528)[0m 00 00   File 
[36m(vLLMHttpServer pid=36528)[0m 00 "00 20 /usr/local/lib/python3.10/dist-packages/vllm/model_executor/models/qwen3_5.py00 00 "00 00 , line 00 01 20600 00  in 00 00 forward00 00 
[36m(vLLMHttpServer pid=36528)[0m 00 
[36m(vLLMHttpServer pid=36528)[0m   File 00 01 "00 00 /usr/local/lib/python3.10/dist-packages/torch/nn/modules/module.py00 00 "00 00 , line 00 00 178700 01  in 00 01 _call_impl00 00 
[36m(vLLMHttpServer pid=36528)[0m 
[36m(vLLMHttpServer pid=36528)[0m 01   File 00 00 "00 00 /usr/local/lib/python3.10/dist-packages/torch/nn/modules/module.py00 00 "00 00 , line 00 00 177600 00  in 00 00 _wrapped_call_impl00 
[36m(vLLMHttpServer pid=36528)[0m 
[36m(vLLMHttpServer pid=36528)[0m 
[36m(vLLMHttpServer pid=36528)[0m 
[36m(vLLMHttpServer pid=36528)[0m 00   File HOSTQUEUE <0x564c79ffd640>: >>>>>>>> DUMP KERNEL ARGS PTR INFO <<<<<<<<<
[36m(vLLMHttpServer pid=36528)[0m 00 "HOSTQUEUE <0x564c79ffd640>: ptr arg index: 6, ptr: 0x7fceeadeca00
[36m(vLLMHttpServer pid=36528)[0m 00 /usr/local/lib/python3.10/dist-packages/vllm/model_executor/models/qwen3_next.pyHOSTQUEUE <0x564c79ffd640>: origin ptr: 0x7fceeac00000, size byte: 2097152
[36m(vLLMHttpServer pid=36528)[0m 00 "00 
[36m(vLLMHttpServer pid=36528)[0m HOSTQUEUE <0x564c79ffd640>: >>>>>>>> DUMP AQL 0x7fd060802000 PACKET WITH INDEX 84479 <<<<<<<<<
[36m(vLLMHttpServer pid=36528)[0m , line 00 HOSTQUEUE <0x564c79ffd640>: >>>>>>>> MATCH KERNEL COMMAND <<<<<<<<<
[36m(vLLMHttpServer pid=36528)[0m 130400 HOSTQUEUE <0x564c79ffd640>: header: 0xb02
[36m(vLLMHttpServer pid=36528)[0m  in 00 HOSTQUEUE <0x564c79ffd640>: setup: 3
[36m(vLLMHttpServer pid=36528)[0m forward00 HOSTQUEUE <0x564c79ffd640>: workgroup: x:256, y:1, z:1
[36m(vLLMHttpServer pid=36528)[0m 
[36m(vLLMHttpServer pid=36528)[0m 00 HOSTQUEUE <0x564c79ffd640>: grid: x:16384, y:1, z:1
[36m(vLLMHttpServer pid=36528)[0m   File 00 HOSTQUEUE <0x564c79ffd640>: group_segment_size: 0
[36m(vLLMHttpServer pid=36528)[0m "00 HOSTQUEUE <0x564c79ffd640>: private_segment_size: 0
[36m(vLLMHttpServer pid=36528)[0m /usr/local/lib/python3.10/dist-packages/torch/nn/modules/module.py00 HOSTQUEUE <0x564c79ffd640>: completion_signal: 0x0
[36m(vLLMHttpServer pid=36528)[0m "00 HOSTQUEUE <0x564c79ffd640>: kernel_object: 0x7fcf8c4cbf40
[36m(vLLMHttpServer pid=36528)[0m , line 00 HOSTQUEUE <0x564c79ffd640>: device id: 0
[36m(vLLMHttpServer pid=36528)[0m 178700  in 
[36m(vLLMHttpServer pid=36528)[0m _call_impl00 
[36m(vLLMHttpServer pid=36528)[0m 00   File 00 "00 /usr/local/lib/python3.10/dist-packages/torch/nn/modules/module.py00 "00 , line 00 177600  in 00 _wrapped_call_impl00 
[36m(vLLMHttpServer pid=36528)[0m 00   File 00 "00 /usr/local/lib/python3.10/dist-packages/vllm/model_executor/models/qwen3_next.py00 "00 , line 00 1420
[36m(vLLMHttpServer pid=36528)[0m  in 00 forward00 
[36m(vLLMHttpServer pid=36528)[0m 00   File 00 "00 /usr/local/lib/python3.10/dist-packages/vllm/compilation/decorators.py00 "00 , line 00 43903  in 00 __call__00 
[36m(vLLMHttpServer pid=36528)[0m 00   File 00 "00 /usr/local/lib/python3.10/dist-packages/vllm/model_executor/models/qwen3_5.py00 "00 , line 
[36m(vLLMHttpServer pid=36528)[0m 76600  in 00 forward00 
[36m(vLLMHttpServer pid=36528)[0m 00   File 00 "00 /usr/local/lib/python3.10/dist-packages/torch/nn/modules/module.py00 "00 , line 00 178700  in 00 _call_impl00 
[36m(vLLMHttpServer pid=36528)[0m 00   File 00 "00 /usr/local/lib/python3.10/dist-packages/torch/nn/modules/module.py00 "
[36m(vLLMHttpServer pid=36528)[0m , line 00 177640  in bd _wrapped_call_imple4 
[36m(vLLMHttpServer pid=36528)[0m 13   File 7f "00 /usr/local/lib/python3.10/dist-packages/vllm_hcu/v1/hcu_model_runner.py00 "00 , line 7a 5718bc  in e4 _dummy_run13 
[36m(vLLMHttpServer pid=36528)[0m 7f   File 00 "00 /usr/local/lib/python3.10/dist-packages/torch/utils/_contextlib.py
[36m(vLLMHttpServer pid=36528)[0m "00 , line fc 124bc  in e4 decorate_context13 
[36m(vLLMHttpServer pid=36528)[0m 7f   File 00 "00 /usr/local/lib/python3.10/dist-packages/vllm_hcu/v1/hcu_model_runner.py00 "46 , line be 6024e4  in 13 profile_run7f 
[36m(vLLMHttpServer pid=36528)[0m 00   File 00 "
[36m(vLLMHttpServer pid=36528)[0m /usr/local/lib/python3.10/dist-packages/vllm/v1/worker/gpu_worker.py00 "86 , line bd 388e4  in 13 determine_available_memory7f 
[36m(vLLMHttpServer pid=36528)[0m 00   File 00 "00 /usr/local/lib/python3.10/dist-packages/torch/utils/_contextlib.py06 "be , line e4 12413  in 7f decorate_context00 
[36m(vLLMHttpServer pid=36528)[0m 00   File 
[36m(vLLMHttpServer pid=36528)[0m "00 /usr/local/lib/python3.10/dist-packages/vllm/v1/executor/multiproc_executor.py84 "bd , line e4 92713  in 7f worker_busy_loop00 
[36m(vLLMHttpServer pid=36528)[0m 00   File 00 "fe /usr/local/lib/python3.10/dist-packages/vllm/v1/executor/multiproc_executor.pybc "e4 , line 13 8437f  in 00 worker_main00 
[36m(vLLMHttpServer pid=36528)[0m 
[36m(vLLMHttpServer pid=36528)[0m   File 00 "82 /usr/lib/python3.10/multiprocessing/process.pybd "e4 , line 13 1087f  in 00 
[36m(vLLMHttpServer pid=36528)[0m HOSTQUEUE <0x559dacd2a9c0>: >>>>>>>> FIND MATCH KERNEL DETAILS <<<<<<<<<
[36m(vLLMHttpServer pid=36528)[0m run00 HOSTQUEUE <0x559dacd2a9c0>: kernel name: Cijk_Ailk_Bljk_BBH_MT64x64x32_SE_AMAS3_BW_DTL0_BL1_DRB16_ALT_KME0_ETSP_EPS1_FL0_GRVW4_GSU1_ISA938_IU1_KME_GRCMn1_K1_KLA_LDL1_LRVW4_MAC_MMAC_BW1_MMAC_KM0_MMAC_KME1_NLCA1_NLCB1_OLDSR0_PGR1_PLR1_RK1_SU0_SUM0_SUS256_SVW4_TT4_4_TLM0_ULDSWM0_USFGRO0_USSB0_VAW2_VSn1_VW4_WG16_16_1_WGM8
[36m(vLLMHttpServer pid=36528)[0m 
[36m(vLLMHttpServer pid=36528)[0m 10 HOSTQUEUE <0x559dacd2a9c0>: >>>>>>>> DUMP KERNEL ARGS: size: 160 <<<<<<<<<
[36m(vLLMHttpServer pid=36528)[0m   File 00 
[36m(vLLMHttpServer pid=36528)[0m "00 00 /usr/lib/python3.10/multiprocessing/process.py00 00 "00 02 , line 00 00 31400 00  in 00 00 _bootstrap
[36m(vLLMHttpServer pid=36528)[0m 00 
[36m(vLLMHttpServer pid=36528)[0m 00 00   File 00 00 "00 80 /usr/lib/python3.10/multiprocessing/spawn.py00 00 "00 00 , line 00 00 12900 00  in 00 00 _main00 00 
[36m(vLLMHttpServer pid=36528)[0m 00 
[36m(vLLMHttpServer pid=36528)[0m   File 00 00 "00 00 /usr/lib/python3.10/multiprocessing/spawn.py00 00 "00 01 , line 00 00 11600 00  in 
[36m(vLLMHttpServer pid=36528)[0m 00 spawn_main00 00 
[36m(vLLMHttpServer pid=36528)[0m 00 00   File 00 fa "00 b3 <string>00 e7 "00 db , line 00 7f 100 00  in 00 00 <module>00 
[36m(vLLMHttpServer pid=36528)[0m 
[36m(vLLMHttpServer pid=36528)[0m 00 00 00 fa 00 b3 00 e7 00 db 00 7f 
[36m(vLLMHttpServer pid=36528)[0m 00 00 00 00 00 00 20 00 9a 00 43 00 9b 00 7f 00 00 00 00 00 
[36m(vLLMHttpServer pid=36528)[0m 00 00 00 00 00 80 00 d5 00 96 00 7f 
[36m(vLLMHttpServer pid=36528)[0m 00 00 00 00 00 00 00 04 80 00 3f 00 00 00 00 00 00 00 00 00 
[36m(vLLMHttpServer pid=36528)[0m 
[36m(vLLMHttpServer pid=36528)[0m Extension modules: 80 10 msgpack._cmsgpackd9 00 ce 00 7e 00 00 01 , 00 00 google._upb._message
[36m(vLLMHttpServer pid=36528)[0m 00 00 00 fc 10 bc , 00 e4 psutil._psutil_linux00 13 00 7f 01 00 00 00 00 00 00 46 
[36m(vLLMHttpServer pid=36528)[0m , be 10 charset_normalizer.mde4 00 13 00 7f , 00 00 charset_normalizer.cd01 00 00 
[36m(vLLMHttpServer pid=36528)[0m 00 00 00 86 00 bd 08 e4 00 13 00 , 7f 01 requests.packages.charset_normalizer.md00 00 , 00 00 requests.packages.chardet.md
[36m(vLLMHttpServer pid=36528)[0m 
[36m(vLLMHttpServer pid=36528)[0m 00 , HOSTQUEUE <0x5567c798de30>: >>>>>>>> DUMP KERNEL ARGS PTR INFO <<<<<<<<<
[36m(vLLMHttpServer pid=36528)[0m 
[36m(vLLMHttpServer pid=36528)[0m requests.packages.charset_normalizer.cd10 HOSTQUEUE <0x5567c798de30>: ptr arg index: 0, ptr: 0x7eced0c00000
[36m(vLLMHttpServer pid=36528)[0m , 00 HOSTQUEUE <0x5567c798de30>: origin ptr: 0x7eced0c00000, size byte: 603979776
[36m(vLLMHttpServer pid=36528)[0m requests.packages.chardet.cd00 HOSTQUEUE <0x5567c798de30>: ptr arg index: 1, ptr: 0x7f1333200000
[36m(vLLMHttpServer pid=36528)[0m 00 HOSTQUEUE <0x5567c798de30>: origin ptr: 0x7f1333200000, size byte: 33554432
[36m(vLLMHttpServer pid=36528)[0m 00 , HOSTQUEUE <0x5567c798de30>: ptr arg index: 2, ptr: 0x7ed33dffda00
[36m(vLLMHttpServer pid=36528)[0m 20 yaml._yamlHOSTQUEUE <0x5567c798de30>: origin ptr: 0x7ed33de00000, size byte: 2097152
[36m(vLLMHttpServer pid=36528)[0m 00 00 01 00 00 , 00 HOSTQUEUE <0x5567c798de30>: ptr arg index: 16, ptr: 0x7f13e4bd4000
[36m(vLLMHttpServer pid=36528)[0m uvloop.loop00 HOSTQUEUE <0x5567c798de30>: origin ptr: 0x7f13e4a00000, size byte: 2097152
[36m(vLLMHttpServer pid=36528)[0m 08 , HOSTQUEUE <0x5567c798de30>: ptr arg index: 17, ptr: 0x7f13e4bc7a00
[36m(vLLMHttpServer pid=36528)[0m 00 ray._rayletHOSTQUEUE <0x5567c798de30>: origin ptr: 0x7f13e4a00000, size byte: 2097152
[36m(vLLMHttpServer pid=36528)[0m 00 HOSTQUEUE <0x5567c798de30>: ptr arg index: 18, ptr: 0x7f13e4bcfc00
[36m(vLLMHttpServer pid=36528)[0m 
[36m(vLLMHttpServer pid=36528)[0m HOSTQUEUE <0x5567c798de30>: origin ptr: 0x7f13e4a00000, size byte: 2097152
[36m(vLLMHttpServer pid=36528)[0m 00 HOSTQUEUE <0x5567c798de30>: ptr arg index: 19, ptr: 0x7f13e4be4600
[36m(vLLMHttpServer pid=36528)[0m 00 HOSTQUEUE <0x5567c798de30>: origin ptr: 0x7f13e4a00000, size byte: 2097152
[36m(vLLMHttpServer pid=36528)[0m 00 HOSTQUEUE <0x5567c798de30>: ptr arg index: 20, ptr: 0x7f13e4bd8600
[36m(vLLMHttpServer pid=36528)[0m 00 HOSTQUEUE <0x5567c798de30>: origin ptr: 0x7f13e4a00000, size byte: 2097152
[36m(vLLMHttpServer pid=36528)[0m 01 HOSTQUEUE <0x5567c798de30>: ptr arg index: 21, ptr: 0x7f13e4be0600
[36m(vLLMHttpServer pid=36528)[0m 00 , HOSTQUEUE <0x5567c798de30>: origin ptr: 0x7f13e4a00000, size byte: 2097152
[36m(vLLMHttpServer pid=36528)[0m 00 numpy._core._multiarray_umathHOSTQUEUE <0x5567c798de30>: ptr arg index: 22, ptr: 0x7f13e4bd8400
[36m(vLLMHttpServer pid=36528)[0m 00 HOSTQUEUE <0x5567c798de30>: origin ptr: 0x7f13e4a00000, size byte: 2097152
[36m(vLLMHttpServer pid=36528)[0m 80 , HOSTQUEUE <0x5567c798de30>: ptr arg index: 23, ptr: 0x7f13e4bcfe00
[36m(vLLMHttpServer pid=36528)[0m 00 numpy.linalg._umath_linalgHOSTQUEUE <0x5567c798de30>: origin ptr: 0x7f13e4a00000, size byte: 2097152
[36m(vLLMHttpServer pid=36528)[0m 00 HOSTQUEUE <0x5567c798de30>: ptr arg index: 24, ptr: 0x7f13e4bd8200
[36m(vLLMHttpServer pid=36528)[0m 00 HOSTQUEUE <0x5567c798de30>: origin ptr: 0x7f13e4a00000, size byte: 2097152
[36m(vLLMHttpServer pid=36528)[0m , 10 HOSTQUEUE <0x5567c798de30>: ptr arg index: 33, ptr: 0x7eced9800000
[36m(vLLMHttpServer pid=36528)[0m torch._C00 HOSTQUEUE <0x5567c798de30>: origin ptr: 0x7eced0c00000, size byte: 603979776
[36m(vLLMHttpServer pid=36528)[0m 00 , HOSTQUEUE <0x5567c798de30>: ptr arg index: 34, ptr: 0x7f13e4bcfc00
[36m(vLLMHttpServer pid=36528)[0m 00 torch._C._dynamo.autograd_compilerHOSTQUEUE <0x5567c798de30>: origin ptr: 0x7f13e4a00000, size byte: 2097152
[36m(vLLMHttpServer pid=36528)[0m 
[36m(vLLMHttpServer pid=36528)[0m , HOSTQUEUE <0x5567c798de30>: ptr arg index: 35, ptr: 0x7f13e4be4600
[36m(vLLMHttpServer pid=36528)[0m 08 torch._C._dynamo.eval_frameHOSTQUEUE <0x5567c798de30>: origin ptr: 0x7f13e4a00000, size byte: 2097152
[36m(vLLMHttpServer pid=36528)[0m 00 , HOSTQUEUE <0x5567c798de30>: ptr arg index: 36, ptr: 0x7f13e4bd8600
[36m(vLLMHttpServer pid=36528)[0m 00 torch._C._dynamo.guardsHOSTQUEUE <0x5567c798de30>: origin ptr: 0x7f13e4a00000, size byte: 2097152
[36m(vLLMHttpServer pid=36528)[0m 00 , 
[36m(vLLMHttpServer pid=36528)[0m HOSTQUEUE <0x5567c798de30>: >>>>>>>> DUMP AQL 0x7f149015e000 PACKET WITH INDEX 84252 <<<<<<<<<
[36m(vLLMHttpServer pid=36528)[0m 01 torch._C._dynamo.utilsHOSTQUEUE <0x5567c798de30>: >>>>>>>> MATCH KERNEL COMMAND <<<<<<<<<
[36m(vLLMHttpServer pid=36528)[0m 00 , HOSTQUEUE <0x5567c798de30>: header: 0xb02
[36m(vLLMHttpServer pid=36528)[0m 00 torch._C._fftHOSTQUEUE <0x5567c798de30>: setup: 3
[36m(vLLMHttpServer pid=36528)[0m 10 , HOSTQUEUE <0x5567c798de30>: workgroup: x:512, y:1, z:1
[36m(vLLMHttpServer pid=36528)[0m 00 torch._C._linalgHOSTQUEUE <0x5567c798de30>: grid: x:6144, y:32, z:1
[36m(vLLMHttpServer pid=36528)[0m 00 HOSTQUEUE <0x5567c798de30>: group_segment_size: 65536
[36m(vLLMHttpServer pid=36528)[0m , 00 HOSTQUEUE <0x5567c798de30>: private_segment_size: 0
[36m(vLLMHttpServer pid=36528)[0m torch._C._nested00 HOSTQUEUE <0x5567c798de30>: completion_signal: 0x0
[36m(vLLMHttpServer pid=36528)[0m 00 , HOSTQUEUE <0x5567c798de30>: kernel_object: 0x7eceab1adec0
[36m(vLLMHttpServer pid=36528)[0m 00 torch._C._nnHOSTQUEUE <0x5567c798de30>: device id: 3
[36m(vLLMHttpServer pid=36528)[0m 00 , 00 torch._C._sparse
[36m(vLLMHttpServer pid=36528)[0m 00 , 00 torch._C._special00 00 00 00 00 00 00 00 00 00 00 00 00 00 
[36m(vLLMHttpServer pid=36528)[0m 
[36m(vLLMHttpServer pid=36528)[0m HOSTQUEUE <0x559dacd2a9c0>: >>>>>>>> DUMP KERNEL ARGS PTR INFO <<<<<<<<<
[36m(vLLMHttpServer pid=36528)[0m HOSTQUEUE <0x559dacd2a9c0>: ptr arg index: 3, ptr: 0x7fdbe7b3fa00
[36m(vLLMHttpServer pid=36528)[0m HOSTQUEUE <0x559dacd2a9c0>: origin ptr: 0x7fdbe7a00000, size byte: 2097152
[36m(vLLMHttpServer pid=36528)[0m HOSTQUEUE <0x559dacd2a9c0>: ptr arg index: 4, ptr: 0x7fdbe7b3fa00
[36m(vLLMHttpServer pid=36528)[0m HOSTQUEUE <0x559dacd2a9c0>: origin ptr: 0x7fdbe7a00000, size byte: 2097152
[36m(vLLMHttpServer pid=36528)[0m HOSTQUEUE <0x559dacd2a9c0>: ptr arg index: 5, ptr: 0x7f9b439a2000
[36m(vLLMHttpServer pid=36528)[0m HOSTQUEUE <0x559dacd2a9c0>: origin ptr: 0x7f9b43800000, size byte: 2097152
[36m(vLLMHttpServer pid=36528)[0m HOSTQUEUE <0x559dacd2a9c0>: ptr arg index: 6, ptr: 0x7f96d5800000
[36m(vLLMHttpServer pid=36528)[0m HOSTQUEUE <0x559dacd2a9c0>: origin ptr: 0x7f96d5800000, size byte: 603979776
[36m(vLLMHttpServer pid=36528)[0m 
[36m(vLLMHttpServer pid=36528)[0m HOSTQUEUE <0x559dacd2a9c0>: >>>>>>>> DUMP AQL 0x7fdc94378000 PACKET WITH INDEX 84422 <<<<<<<<<
[36m(vLLMHttpServer pid=36528)[0m HOSTQUEUE <0x559dacd2a9c0>: >>>>>>>> MATCH KERNEL COMMAND <<<<<<<<<
[36m(vLLMHttpServer pid=36528)[0m HOSTQUEUE <0x559dacd2a9c0>: header: 0xb02
[36m(vLLMHttpServer pid=36528)[0m HOSTQUEUE <0x559dacd2a9c0>: setup: 3
[36m(vLLMHttpServer pid=36528)[0m HOSTQUEUE <0x559dacd2a9c0>: workgroup: x:128, y:1, z:1
[36m(vLLMHttpServer pid=36528)[0m HOSTQUEUE <0x559dacd2a9c0>: grid: x:8192, y:1, z:1
[36m(vLLMHttpServer pid=36528)[0m HOSTQUEUE <0x559dacd2a9c0>: group_segment_size: 0
[36m(vLLMHttpServer pid=36528)[0m HOSTQUEUE <0x559dacd2a9c0>: private_segment_size: 0
[36m(vLLMHttpServer pid=36528)[0m HOSTQUEUE <0x559dacd2a9c0>: completion_signal: 0x0
[36m(vLLMHttpServer pid=36528)[0m HOSTQUEUE <0x559dacd2a9c0>: kernel_object: 0x7f9b30e76600
[36m(vLLMHttpServer pid=36528)[0m HOSTQUEUE <0x559dacd2a9c0>: device id: 1
[36m(vLLMHttpServer pid=36528)[0m , numpy.random._common, numpy.random.bit_generator, numpy.random._bounded_integers, numpy.random._mt19937, numpy.random.mtrand, numpy.random._philox, numpy.random._pcg64, numpy.random._sfc64, numpy.random._generator, regex._regex, xxhash._xxhash, zstandard.backend_c, markupsafe._speedups, PIL._imaging, PIL._imagingft, av._core, av.logging, av.buffer, av.audio.format, av.error, av.dictionary, av.container.pyio, av.format, av.index, av.utils, av.stream, av.container.streams, av.sidedata.encparams, av.sidedata.motionvectors, av.sidedata.sidedata, av.opaque, av.packet, av.container.input, av.container.output, av.container.core, av.codec.context, av.video.format, av.video.reformatter, av.plane, av.video.plane, av.video.frame, av.video.stream, av.codec.hwaccel, av.codec.codec, av.frame, av.audio.layout, av.audio.plane, av.audio.frame, av.audio.stream, av.filter.link, av.filter.context, av.filter.graph, av.filter.filter, av.filter.loudnorm, av.audio.resampler, av.audio.codeccontext, av.audio.fifo, av.bitstream, av.device, av.video.codeccontext, _cffi_backend, scipy._lib._ccallback_c, scipy.linalg._fblas, scipy.linalg._flapack, scipy.linalg.cython_lapack, scipy.linalg._cythonized_array_utils, scipy.linalg._solve_toeplitz, scipy.linalg._decomp_lu_cython, scipy.linalg._matfuncs_sqrtm_triu, scipy.linalg._matfuncs_expm, scipy.linalg._linalg_pythran, scipy.linalg.cython_blas, scipy.linalg._decomp_update, scipy.sparse._sparsetools, _csparsetools, scipy.sparse._csparsetools, scipy.sparse.linalg._dsolve._superlu, scipy.sparse.linalg._eigen.arpack._arpack, scipy.sparse.linalg._propack._spropack, scipy.sparse.linalg._propack._dpropack, scipy.sparse.linalg._propack._cpropack, scipy.sparse.linalg._propack._zpropack, scipy.sparse.csgraph._tools, scipy.sparse.csgraph._shortest_path, scipy.sparse.csgraph._traversal, scipy.sparse.csgraph._min_spanning_tree, scipy.sparse.csgraph._flow, scipy.sparse.csgraph._matching, scipy.sparse.csgraph._reordering, scipy.optimize._group_columns, scipy._lib.messagestream, scipy.optimize._trlib._trlib, scipy.optimize._lbfgsb, _moduleTNC, scipy.optimize._moduleTNC, scipy.optimize._cobyla, scipy.optimize._slsqp, scipy.optimize._minpack, scipy.optimize._lsq.givens_elimination, scipy.optimize._zeros, scipy.optimize._cython_nnls, scipy._lib._uarray._uarray, scipy.special._ufuncs_cxx, scipy.special._ufuncs, scipy.special._specfun, scipy.special._comb, scipy.special._ellip_harm_2, scipy.linalg._decomp_interpolative, scipy.optimize._bglu_dense, scipy.optimize._lsap, scipy.spatial._ckdtree, scipy.spatial._qhull, scipy.spatial._voronoi, scipy.spatial._distance_wrap, scipy.spatial._hausdorff, scipy.spatial.transform._rotation, scipy.optimize._direct, sentencepiece._sentencepiece, multidict._multidict, yarl._quoting_c, propcache._helpers_c, aiohttp._http_writer, aiohttp._http_parser, aiohttp._websocket.mask, aiohttp._websocket.reader_c, frozenlist._frozenlist, zmq.backend.cython._zmq, msgspec._core, grpc._cython.cygrpc, pybase64._pybase64, scipy.signal._sigtools, scipy.signal._max_len_seq_inner, scipy.signal._upfirdn_apply, 
[36m(vLLMHttpServer pid=36528)[0m HOSTQUEUE <0x564c79ffd640>: >>>>>>>> FIND MATCH KERNEL DETAILS <<<<<<<<<
[36m(vLLMHttpServer pid=36528)[0m scipy.signal._splineHOSTQUEUE <0x564c79ffd640>: kernel name: _ZN2at6native12_GLOBAL__N_143distribution_elementwise_grid_stride_kernelIfLi4EZNS0_9templates4cuda20normal_and_transformIN3c108BFloat16EfPNS_17CUDAGeneratorImplEZZZNS4_13normal_kernelIS9_EEvRKNS_10TensorBaseEddT_ENKUlvE_clEvENKUlvE2_clEvEUlfE_EEvRNS_18TensorIteratorBaseET1_T2_EUlP25hiprandStatePhilox4_32_10E0_ZNS1_27distribution_nullary_kernelIS7_f15HIP_vector_typeIfLj4EES9_SO_SH_EEvSJ_SL_RKT3_T4_EUlifE_EEvlNS_15PhiloxCudaStateESK_SL_
[36m(vLLMHttpServer pid=36528)[0m , HOSTQUEUE <0x564c79ffd640>: >>>>>>>> DUMP KERNEL ARGS: size: 328 <<<<<<<<<
[36m(vLLMHttpServer pid=36528)[0m scipy.interpolate._fitpack
[36m(vLLMHttpServer pid=36528)[0m , 00 scipy.interpolate._dfitpack40 00 , 00 scipy.interpolate._dierckx00 00 , 00 scipy.interpolate._ppoly00 , 00 scipy.interpolate._interpnd00 00 , 00 scipy.interpolate._rbfinterp_pythran00 00 , 00 scipy.interpolate._rgi_cython00 
[36m(vLLMHttpServer pid=36528)[0m , 08 scipy.interpolate._bspl01 00 00 , 00 scipy.ndimage._nd_image, scipy.ndimage._rank_filter_1d00 , 00 _ni_label00 00 , 00 scipy.ndimage._ni_label00 00 00 , 00 scipy.signal._sosfilt00 00 , 
[36m(vLLMHttpServer pid=36528)[0m scipy.integrate._odepack00 00 , 00 scipy.integrate._quadpack00 00 , 00 scipy.integrate._vode00 00 , 00 scipy.integrate._dop00 00 , 00 scipy.integrate._lsoda00 00 00 , 00 scipy.special.cython_special
[36m(vLLMHttpServer pid=36528)[0m 00 , 4a scipy.stats._statsdf ea , ce scipy.stats._sobol7f 00 , 00 scipy.stats._qmc_cy02 00 , 00 scipy.stats._biasedurn00 00 , 00 scipy.stats._stats_pythran00 00 , 
[36m(vLLMHttpServer pid=36528)[0m scipy.stats._levy_stable.levyst00 00 80 , 3f scipy.stats._ansari_swilk_statistics00 00 00 , 00 scipy.stats._mvn40 00 00 , 00 scipy.stats._rcont.rcont01 00 00 , 00 scipy.signal._peak_finding_utils
[36m(vLLMHttpServer pid=36528)[0m 01 00 00 00 00 01 01 00 01 00 00 00 00 , 00 hiredis.hiredis00 00 
[36m(vLLMHttpServer pid=36528)[0m 00 00 00 00 00 00 00 00 00 00 00 00 00 00 00 00 
[36m(vLLMHttpServer pid=36528)[0m 00 00 00 00 00 00 00 00 00 00 00 00 00 00 00 00 
[36m(vLLMHttpServer pid=36528)[0m 00 00 00 00 00 00 00 00 03 00 00 00 00 00 00 00 
[36m(vLLMHttpServer pid=36528)[0m 00 00 00 00 00 00 00 00 00 00 00 00 00 00 00 00 
[36m(vLLMHttpServer pid=36528)[0m 00 00 00 00 00 00 00 00 00 00 00 00 00 00 00 00 
[36m(vLLMHttpServer pid=36528)[0m 00 , 00 cuda.bindings._bindings.cydriver00 00 , 00 cuda.bindings.cydriver00 00 , 00 cuda.bindings.driver00 00 00 , 00 tvm_ffi.core00 00 00 00 
[36m(vLLMHttpServer pid=36528)[0m 00 00 00 00 00 00 00 00 00 00 00 00 02 00 00 00 
[36m(vLLMHttpServer pid=36528)[0m 02 00 00 00 , 00 pyarrow.lib02 00 00 00 14 , 00 pandas._libs.tslibs.ccalendar00 00 , 00 pandas._libs.tslibs.np_datetime00 00 , 
[36m(vLLMHttpServer pid=36528)[0m pandas._libs.tslibs.dtypes00 00 , 00 pandas._libs.tslibs.base00 00 , 00 pandas._libs.tslibs.nattype00 00 , 00 pandas._libs.tslibs.timezones00 00 , 00 pandas._libs.tslibs.fields00 00 , 00 pandas._libs.tslibs.timedeltas00 
[36m(vLLMHttpServer pid=36528)[0m , 00 pandas._libs.tslibs.tzconversion00 00 , 00 pandas._libs.tslibs.timestamps00 00 , 00 pandas._libs.properties00 00 , 00 pandas._libs.tslibs.offsets00 00 , 00 pandas._libs.tslibs.strptime00 00 , 00 pandas._libs.tslibs.parsing
[36m(vLLMHttpServer pid=36528)[0m 00 , 00 pandas._libs.tslibs.conversion00 00 , 00 pandas._libs.tslibs.period00 00 , 00 pandas._libs.tslibs.vectorized00 00 , 00 pandas._libs.ops_dispatch00 00 , 00 pandas._libs.missing00 00 , 
[36m(vLLMHttpServer pid=36528)[0m pandas._libs.hashtable00 00 , 00 pandas._libs.algos00 00 , 00 pandas._libs.interval00 00 00 , 00 pandas._libs.lib00 00 00 00 , 00 pyarrow._compute00 
[36m(vLLMHttpServer pid=36528)[0m 00 , 00 pandas._libs.ops00 00 00 00 , 00 pandas._libs.hashing00 00 , 00 pandas._libs.arrays00 00 00 , 00 pandas._libs.tslib00 00 
[36m(vLLMHttpServer pid=36528)[0m , 00 pandas._libs.sparse00 00 , 00 pandas._libs.internals00 00 00 , 00 pandas._libs.indexing00 00 , 00 pandas._libs.index00 00 00 , 00 pandas._libs.writers00 
[36m(vLLMHttpServer pid=36528)[0m , 00 pandas._libs.join00 00 00 00 00 , 00 pandas._libs.window.aggregations00 
[36m(vLLMHttpServer pid=36528)[0m 
[36m(vLLMHttpServer pid=36528)[0m , HOSTQUEUE <0x564c79ffd640>: >>>>>>>> DUMP KERNEL ARGS PTR INFO <<<<<<<<<
[36m(vLLMHttpServer pid=36528)[0m pandas._libs.window.indexersHOSTQUEUE <0x564c79ffd640>: ptr arg index: 6, ptr: 0x7fceeadf4a00
[36m(vLLMHttpServer pid=36528)[0m HOSTQUEUE <0x564c79ffd640>: origin ptr: 0x7fceeac00000, size byte: 2097152
[36m(vLLMHttpServer pid=36528)[0m , pandas._libs.reshape
[36m(vLLMHttpServer pid=36528)[0m HOSTQUEUE <0x564c79ffd640>: >>>>>>>> DUMP AQL 0x7fd060802000 PACKET WITH INDEX 84480 <<<<<<<<<
[36m(vLLMHttpServer pid=36528)[0m , HOSTQUEUE <0x564c79ffd640>: >>>>>>>> MATCH KERNEL COMMAND <<<<<<<<<
[36m(vLLMHttpServer pid=36528)[0m pandas._libs.groupbyHOSTQUEUE <0x564c79ffd640>: header: 0xb02
[36m(vLLMHttpServer pid=36528)[0m HOSTQUEUE <0x564c79ffd640>: setup: 3
[36m(vLLMHttpServer pid=36528)[0m HOSTQUEUE <0x564c79ffd640>: workgroup: x:256, y:1, z:1
[36m(vLLMHttpServer pid=36528)[0m HOSTQUEUE <0x564c79ffd640>: grid: x:256, y:1, z:1
[36m(vLLMHttpServer pid=36528)[0m , HOSTQUEUE <0x564c79ffd640>: group_segment_size: 0
[36m(vLLMHttpServer pid=36528)[0m pandas._libs.jsonHOSTQUEUE <0x564c79ffd640>: private_segment_size: 0
[36m(vLLMHttpServer pid=36528)[0m HOSTQUEUE <0x564c79ffd640>: completion_signal: 0x0
[36m(vLLMHttpServer pid=36528)[0m , HOSTQUEUE <0x564c79ffd640>: kernel_object: 0x7fcf8c4cbf40
[36m(vLLMHttpServer pid=36528)[0m pandas._libs.parsersHOSTQUEUE <0x564c79ffd640>: device id: 0
[36m(vLLMHttpServer pid=36528)[0m , pandas._libs.testing, cuda.bindings._internal.utils, cuda.bindings._internal.nvrtc, cuda.bindings.cynvrtc, cuda.bindings._internal.nvvm, cuda.bindings.cynvvm, cuda.bindings._internal.nvjitlink, cuda.bindings.cynvjitlink, cuda.bindings.nvrtc, cuda.bindings._bindings.cyruntime_ptds, cuda.bindings._bindings.cyruntime, cuda.bindings.cyruntime, cuda.bindings.runtime, cuda.bindings.nvvm, cuda.bindings.nvjitlink, cuda.core._utils.cuda_utils, cuda.core._utils.version, cuda.core._resource_handles, cuda.core._device_resources, cuda.core._event, cuda.core._stream, cuda.core._context, cuda.bindings._internal.nvml, cuda.bindings.cynvml, cuda.bindings.nvml, cuda.core.system._nvml_context, cuda.core.system._system, cuda.core.system._device, cuda.core.system._system_events, cuda.core.cu13.system._system, cuda.core.cu13.system._device, cuda.core.cu13.system._system_events, cuda.core._layout, cuda.core._dlpack, cuda.core._memory._ipc, cuda.core._memory._memory_pool, cuda.core._memory._peer_access_utils, cuda.core._memory._device_memory_resource, cuda.core._memory._pinned_memory_resource, cuda.core._device, cuda.core._memory._buffer, cuda.core._memory._graph_memory_resource, cuda.core._memory._managed_memory_resource, cuda.core._memoryview, cuda.core._launch_config, cuda.core._linker, cuda.core._program, cuda.core._module, cuda.core._graphics, cuda.core._tensor_map, cuda.core.graph._utils, cuda.core.graph._subclasses, cuda.core.graph._adjacency_set_proxy, cuda.core.graph._graph_node, cuda.core.graph._graph_definition, cuda.core.graph._graph_builder, cuda.core._kernel_arg_handler, cuda.core._launcher, cuda.core.experimental._stream, cupy_backends.cuda._softlink, cupy_backends.cuda.api._runtime_enum, cupy_backends.cuda.api.runtime, cupy._util, cupy.cuda.device, cupy.cuda.memory_hook, cupy_backends.cuda.stream, cupy.cuda.graph, cupy.cuda.stream, cupy_backends.cuda.api._driver_enum, cupy_backends.cuda.api.driver, cupy.cuda.memory, cupy._core.internal, cupy._core._carray, cupy._core._dtype, cupy._core._scalar, cupy.cuda.texture, cupy.cuda.function, cupy_backends.cuda.libs.nvrtc, cupy.cuda.pinned_memory, cupy.cuda.common, cupy.cuda.cub, cupy_backends.cuda.libs.nvtx, cupy.cuda.thrust, cupy._core._accelerator, cupy._core._memory_range, cupy._core._fusion_thread_local, cupy._core._kernel, cupy._core._routines_manipulation, cupy._core._routines_binary, cupy._core._optimize_config, cupy._core._cub_reduction, cupy._core._reduction, cupy._core._routines_math, cupy._core._routines_indexing, cupy._core._routines_linalg, cupy._core._routines_logic, cupy._core._routines_sorting, cupy._core._routines_statistics, cupy._core.dlpack, cupy._core.flags, cupy._core.core, cupy._core._fusion_variable, cupy._core._fusion_trace, cupy._core._fusion_kernel, cupy._core.new_fusion, cupy._core.fusion, cupy._core.raw, cupy.fft._cache, cupy.fft._callback, cupy.random._generator_api, cupy.random._bit_generator, cupy.lib._polynomial, hip_utils, _xxsubinterpreters, tilelang_cython_wrapper, setproctitle._setproctitle, vllm.cumem_allocator, __triton_launcher (total: 352)
[36m(vLLMHttpServer pid=36528)[0m 
[36m(vLLMHttpServer pid=36528)[0m HOSTQUEUE <0x564c79ffd640>: >>>>>>>> FIND MATCH KERNEL DETAILS <<<<<<<<<
[36m(vLLMHttpServer pid=36528)[0m HOSTQUEUE <0x564c79ffd640>: kernel name: _ZN2at6native12_GLOBAL__N_143distribution_elementwise_grid_stride_kernelIfLi4EZNS0_9templates4cuda20normal_and_transformIN3c108BFloat16EfPNS_17CUDAGeneratorImplEZZZNS4_13normal_kernelIS9_EEvRKNS_10TensorBaseEddT_ENKUlvE_clEvENKUlvE2_clEvEUlfE_EEvRNS_18TensorIteratorBaseET1_T2_EUlP25hiprandStatePhilox4_32_10E0_ZNS1_27distribution_nullary_kernelIS7_f15HIP_vector_typeIfLj4EES9_SO_SH_EEvSJ_SL_RKT3_T4_EUlifE_EEvlNS_15PhiloxCudaStateESK_SL_
[36m(vLLMHttpServer pid=36528)[0m HOSTQUEUE <0x564c79ffd640>: >>>>>>>> DUMP KERNEL ARGS: size: 328 <<<<<<<<<
[36m(vLLMHttpServer pid=36528)[0m 
[36m(vLLMHttpServer pid=36528)[0m 80 00 00 00 00 00 00 00 00 00 00 00 00 00 00 00 
[36m(vLLMHttpServer pid=36528)[0m 0c 01 00 00 00 00 00 00 00 00 00 00 00 00 00 00 
[36m(vLLMHttpServer pid=36528)[0m 00 00 00 00 00 00 00 00 00 00 00 00 00 00 00 00 
[36m(vLLMHttpServer pid=36528)[0m 00 de df ea ce 7f 00 00 02 00 00 00 00 00 00 00 
[36m(vLLMHttpServer pid=36528)[0m 00 00 80 3f 00 00 00 00 01 00 00 00 01 00 00 00 
[36m(vLLMHttpServer pid=36528)[0m 01 00 00 00 00 01 01 00 01 00 00 00 00 00 00 00 
[36m(vLLMHttpServer pid=36528)[0m 00 00 00 00 00 00 00 00 00 00 00 00 00 00 00 00 
[36m(vLLMHttpServer pid=36528)[0m 00 00 00 00 00 00 00 00 00 00 00 00 00 00 00 00 
[36m(vLLMHttpServer pid=36528)[0m 00 00 00 00 00 00 00 00 03 00 00 00 00 00 00 00 
[36m(vLLMHttpServer pid=36528)[0m 00 fc dc ea ce 7f 00 00 00 46 de ea ce 7f 00 00 
[36m(vLLMHttpServer pid=36528)[0m 00 86 dd ea ce 7f 00 00 00 06 de ea ce 7f 00 00 
[36m(vLLMHttpServer pid=36528)[0m 00 84 dd ea ce 7f 00 00 00 fe dc ea ce 7f 00 00 
[36m(vLLMHttpServer pid=36528)[0m 00 82 dd ea ce 7f 00 00 10 00 00 00 00 00 00 00 
[36m(vLLMHttpServer pid=36528)[0m 00 00 00 00 00 00 00 00 00 00 00 00 00 00 00 00 
[36m(vLLMHttpServer pid=36528)[0m 00 00 00 00 00 00 00 00 00 00 00 00 00 00 00 00 
[36m(vLLMHttpServer pid=36528)[0m 00 00 00 00 00 00 00 00 00 00 00 00 00 00 00 00 
[36m(vLLMHttpServer pid=36528)[0m 00 00 00 04 00 00 00 00 00 00 80 dc 89 7f 00 00 
[36m(vLLMHttpServer pid=36528)[0m 00 fc dc ea ce 7f 00 00 00 46 de ea ce 7f 00 00 
[36m(vLLMHttpServer pid=36528)[0m 00 86 dd ea ce 7f 00 00 00 06 de ea ce 7f 00 00 
[36m(vLLMHttpServer pid=36528)[0m 00 84 dd ea ce 7f 00 00 00 fe dc ea ce 7f 00 00 
[36m(vLLMHttpServer pid=36528)[0m 00 82 dd ea ce 7f 00 00 
[36m(vLLMHttpServer pid=36528)[0m 
[36m(vLLMHttpServer pid=36528)[0m HOSTQUEUE <0x564c79ffd640>: >>>>>>>> DUMP KERNEL ARGS PTR INFO <<<<<<<<<
[36m(vLLMHttpServer pid=36528)[0m HOSTQUEUE <0x564c79ffd640>: ptr arg index: 6, ptr: 0x7fceeadfde00
[36m(vLLMHttpServer pid=36528)[0m HOSTQUEUE <0x564c79ffd640>: origin ptr: 0x7fceeac00000, size byte: 2097152
[36m(vLLMHttpServer pid=36528)[0m HOSTQUEUE <0x564c79ffd640>: ptr arg index: 18, ptr: 0x7fceeadcfc00
[36m(vLLMHttpServer pid=36528)[0m HOSTQUEUE <0x564c79ffd640>: origin ptr: 0x7fceeac00000, size byte: 2097152
[36m(vLLMHttpServer pid=36528)[0m HOSTQUEUE <0x564c79ffd640>: ptr arg index: 19, ptr: 0x7fceeade4600
[36m(vLLMHttpServer pid=36528)[0m HOSTQUEUE <0x564c79ffd640>: origin ptr: 0x7fceeac00000, size byte: 2097152
[36m(vLLMHttpServer pid=36528)[0m HOSTQUEUE <0x564c79ffd640>: ptr arg index: 20, ptr: 0x7fceeadd8600
[36m(vLLMHttpServer pid=36528)[0m HOSTQUEUE <0x564c79ffd640>: origin ptr: 0x7fceeac00000, size byte: 2097152
[36m(vLLMHttpServer pid=36528)[0m HOSTQUEUE <0x564c79ffd640>: ptr arg index: 21, ptr: 0x7fceeade0600
[36m(vLLMHttpServer pid=36528)[0m HOSTQUEUE <0x564c79ffd640>: origin ptr: 0x7fceeac00000, size byte: 2097152
[36m(vLLMHttpServer pid=36528)[0m HOSTQUEUE <0x564c79ffd640>: ptr arg index: 22, ptr: 0x7fceeadd8400
[36m(vLLMHttpServer pid=36528)[0m HOSTQUEUE <0x564c79ffd640>: origin ptr: 0x7fceeac00000, size byte: 2097152
[36m(vLLMHttpServer pid=36528)[0m HOSTQUEUE <0x564c79ffd640>: ptr arg index: 23, ptr: 0x7fceeadcfe00
[36m(vLLMHttpServer pid=36528)[0m HOSTQUEUE <0x564c79ffd640>: origin ptr: 0x7fceeac00000, size byte: 2097152
[36m(vLLMHttpServer pid=36528)[0m HOSTQUEUE <0x564c79ffd640>: ptr arg index: 24, ptr: 0x7fceeadd8200
[36m(vLLMHttpServer pid=36528)[0m HOSTQUEUE <0x564c79ffd640>: origin ptr: 0x7fceeac00000, size byte: 2097152
[36m(vLLMHttpServer pid=36528)[0m HOSTQUEUE <0x564c79ffd640>: ptr arg index: 33, ptr: 0x7f89dc800000
[36m(vLLMHttpServer pid=36528)[0m HOSTQUEUE <0x564c79ffd640>: origin ptr: 0x7f89d3c00000, size byte: 603979776
[36m(vLLMHttpServer pid=36528)[0m HOSTQUEUE <0x564c79ffd640>: ptr arg index: 34, ptr: 0x7fceeadcfc00
[36m(vLLMHttpServer pid=36528)[0m HOSTQUEUE <0x564c79ffd640>: origin ptr: 0x7fceeac00000, size byte: 2097152
[36m(vLLMHttpServer pid=36528)[0m HOSTQUEUE <0x564c79ffd640>: ptr arg index: 35, ptr: 0x7fceeade4600
[36m(vLLMHttpServer pid=36528)[0m HOSTQUEUE <0x564c79ffd640>: origin ptr: 0x7fceeac00000, size byte: 2097152
[36m(vLLMHttpServer pid=36528)[0m HOSTQUEUE <0x564c79ffd640>: ptr arg index: 36, ptr: 0x7fceeadd8600
[36m(vLLMHttpServer pid=36528)[0m HOSTQUEUE <0x564c79ffd640>: origin ptr: 0x7fceeac00000, size byte: 2097152
[36m(vLLMHttpServer pid=36528)[0m HOSTQUEUE <0x564c79ffd640>: ptr arg index: 37, ptr: 0x7fceeade0600
[36m(vLLMHttpServer pid=36528)[0m HOSTQUEUE <0x564c79ffd640>: origin ptr: 0x7fceeac00000, size byte: 2097152
[36m(vLLMHttpServer pid=36528)[0m HOSTQUEUE <0x564c79ffd640>: ptr arg index: 38, ptr: 0x7fceeadd8400
[36m(vLLMHttpServer pid=36528)[0m HOSTQUEUE <0x564c79ffd640>: origin ptr: 0x7fceeac00000, size byte: 2097152
[36m(vLLMHttpServer pid=36528)[0m HOSTQUEUE <0x564c79ffd640>: ptr arg index: 39, ptr: 0x7fceeadcfe00
[36m(vLLMHttpServer pid=36528)[0m HOSTQUEUE <0x564c79ffd640>: origin ptr: 0x7fceeac00000, size byte: 2097152
[36m(vLLMHttpServer pid=36528)[0m HOSTQUEUE <0x564c79ffd640>: ptr arg index: 40, ptr: 0x7fceeadd8200
[36m(vLLMHttpServer pid=36528)[0m HOSTQUEUE <0x564c79ffd640>: origin ptr: 0x7fceeac00000, size byte: 2097152
[36m(vLLMHttpServer pid=36528)[0m 
[36m(vLLMHttpServer pid=36528)[0m HOSTQUEUE <0x564c79ffd640>: >>>>>>>> DUMP AQL 0x7fd060802000 PACKET WITH INDEX 84481 <<<<<<<<<
[36m(vLLMHttpServer pid=36528)[0m HOSTQUEUE <0x564c79ffd640>: >>>>>>>> MATCH KERNEL COMMAND <<<<<<<<<
[36m(vLLMHttpServer pid=36528)[0m HOSTQUEUE <0x564c79ffd640>: header: 0xb02
[36m(vLLMHttpServer pid=36528)[0m HOSTQUEUE <0x564c79ffd640>: setup: 3
[36m(vLLMHttpServer pid=36528)[0m HOSTQUEUE <0x564c79ffd640>: workgroup: x:256, y:1, z:1
[36m(vLLMHttpServer pid=36528)[0m HOSTQUEUE <0x564c79ffd640>: grid: x:256, y:1, z:1
[36m(vLLMHttpServer pid=36528)[0m HOSTQUEUE <0x564c79ffd640>: group_segment_size: 0
[36m(vLLMHttpServer pid=36528)[0m HOSTQUEUE <0x564c79ffd640>: private_segment_size: 0
[36m(vLLMHttpServer pid=36528)[0m HOSTQUEUE <0x564c79ffd640>: completion_signal: 0x0
[36m(vLLMHttpServer pid=36528)[0m HOSTQUEUE <0x564c79ffd640>: kernel_object: 0x7fcf8c4cbf40
[36m(vLLMHttpServer pid=36528)[0m HOSTQUEUE <0x564c79ffd640>: device id: 0
[36m(vLLMHttpServer pid=36528)[0m 
[36m(vLLMHttpServer pid=36528)[0m HOSTQUEUE <0x559dacd2a9c0>: >>>>>>>> FIND MATCH KERNEL DETAILS <<<<<<<<<
[36m(vLLMHttpServer pid=36528)[0m HOSTQUEUE <0x559dacd2a9c0>: kernel name: _ZN2at6native32elementwise_kernel_manual_unrollILi128ELi8EZNS0_22gpu_kernel_impl_nocastIZZZNS0_23direct_copy_kernel_cudaERNS_18TensorIteratorBaseEENKUlvE1_clEvENKUlvE10_clEvEUlN3c108BFloat16EE_EEvS4_RKT_EUlibE_EEviT1_
[36m(vLLMHttpServer pid=36528)[0m HOSTQUEUE <0x559dacd2a9c0>: >>>>>>>> DUMP KERNEL ARGS: size: 360 <<<<<<<<<
[36m(vLLMHttpServer pid=36528)[0m 
[36m(vLLMHttpServer pid=36528)[0m 00 00 01 00 00 00 00 00 02 00 00 00 08 00 00 00 
[36m(vLLMHttpServer pid=36528)[0m 01 00 00 00 03 00 00 00 00 20 00 00 01 00 00 00 
[36m(vLLMHttpServer pid=36528)[0m 0d 00 00 00 00 00 00 00 00 00 00 00 00 00 00 00 
[36m(vLLMHttpServer pid=36528)[0m 00 00 00 00 00 00 00 00 00 00 00 00 00 00 00 00 
[36m(vLLMHttpServer pid=36528)[0m 00 00 00 00 00 00 00 00 00 00 00 00 00 00 00 00 
[36m(vLLMHttpServer pid=36528)[0m 00 00 00 00 00 00 00 00 00 00 00 00 00 00 00 00 
[36m(vLLMHttpServer pid=36528)[0m 00 00 00 00 00 00 00 00 00 00 00 00 00 00 00 00 
[36m(vLLMHttpServer pid=36528)[0m 00 00 00 00 00 00 00 00 00 00 00 00 00 00 00 00 
[36m(vLLMHttpServer pid=36528)[0m 00 00 00 00 00 00 00 00 00 00 00 00 00 00 00 00 
[36m(vLLMHttpServer pid=36528)[0m 00 00 00 00 00 00 00 00 00 00 00 00 00 00 00 00 
[36m(vLLMHttpServer pid=36528)[0m 00 00 00 00 00 00 00 00 00 00 00 00 00 00 00 00 
[36m(vLLMHttpServer pid=36528)[0m 00 00 00 00 00 00 00 00 00 00 00 00 00 00 00 00 
[36m(vLLMHttpServer pid=36528)[0m 00 00 00 00 00 00 00 00 00 00 00 00 02 00 00 00 
[36m(vLLMHttpServer pid=36528)[0m 02 00 00 00 10 00 00 00 20 00 00 00 00 00 00 00 
[36m(vLLMHttpServer pid=36528)[0m 00 00 00 00 00 00 00 00 00 00 00 00 00 00 00 00 
[36m(vLLMHttpServer pid=36528)[0m 00 00 00 00 00 00 00 00 00 00 00 00 00 00 00 00 
[36m(vLLMHttpServer pid=36528)[0m 00 00 00 00 00 00 00 00 00 00 00 00 00 00 00 00 
[36m(vLLMHttpServer pid=36528)[0m 00 00 00 00 00 00 00 00 00 00 00 00 00 00 00 00 
[36m(vLLMHttpServer pid=36528)[0m 00 00 00 00 00 00 00 00 00 00 00 00 00 00 00 00 
[36m(vLLMHttpServer pid=36528)[0m 00 00 00 00 00 00 00 00 00 00 00 00 00 00 00 00 
[36m(vLLMHttpServer pid=36528)[0m 00 00 00 00 00 00 00 00 00 00 00 00 00 00 00 00 
[36m(vLLMHttpServer pid=36528)[0m 00 fa b7 e7 db 7f 00 00 00 fa b3 e7 db 7f 00 00 
[36m(vLLMHttpServer pid=36528)[0m 00 00 00 00 00 00 00 00 
[36m(vLLMHttpServer pid=36528)[0m 
[36m(vLLMHttpServer pid=36528)[0m HOSTQUEUE <0x559dacd2a9c0>: >>>>>>>> DUMP KERNEL ARGS PTR INFO <<<<<<<<<
[36m(vLLMHttpServer pid=36528)[0m HOSTQUEUE <0x559dacd2a9c0>: ptr arg index: 42, ptr: 0x7fdbe7b7fa00
[36m(vLLMHttpServer pid=36528)[0m HOSTQUEUE <0x559dacd2a9c0>: origin ptr: 0x7fdbe7a00000, size byte: 2097152
[36m(vLLMHttpServer pid=36528)[0m HOSTQUEUE <0x559dacd2a9c0>: ptr arg index: 43, ptr: 0x7fdbe7b3fa00
[36m(vLLMHttpServer pid=36528)[0m HOSTQUEUE <0x559dacd2a9c0>: origin ptr: 0x7fdbe7a00000, size byte: 2097152
[36m(vLLMHttpServer pid=36528)[0m 
[36m(vLLMHttpServer pid=36528)[0m HOSTQUEUE <0x559dacd2a9c0>: >>>>>>>> DUMP AQL 0x7fdc94378000 PACKET WITH INDEX 84423 <<<<<<<<<
[36m(vLLMHttpServer pid=36528)[0m HOSTQUEUE <0x559dacd2a9c0>: >>>>>>>> MATCH KERNEL COMMAND <<<<<<<<<
[36m(vLLMHttpServer pid=36528)[0m HOSTQUEUE <0x559dacd2a9c0>: header: 0xb02
[36m(vLLMHttpServer pid=36528)[0m HOSTQUEUE <0x559dacd2a9c0>: setup: 3
[36m(vLLMHttpServer pid=36528)[0m HOSTQUEUE <0x559dacd2a9c0>: workgroup: x:128, y:1, z:1
[36m(vLLMHttpServer pid=36528)[0m HOSTQUEUE <0x559dacd2a9c0>: grid: x:8192, y:1, z:1
[36m(vLLMHttpServer pid=36528)[0m HOSTQUEUE <0x559dacd2a9c0>: group_segment_size: 0
[36m(vLLMHttpServer pid=36528)[0m HOSTQUEUE <0x559dacd2a9c0>: private_segment_size: 0
[36m(vLLMHttpServer pid=36528)[0m HOSTQUEUE <0x559dacd2a9c0>: completion_signal: 0x0
[36m(vLLMHttpServer pid=36528)[0m HOSTQUEUE <0x559dacd2a9c0>: kernel_object: 0x7f9b30e76600
[36m(vLLMHttpServer pid=36528)[0m HOSTQUEUE <0x559dacd2a9c0>: device id: 1
[36m(vLLMHttpServer pid=36528)[0m 
[36m(vLLMHttpServer pid=36528)[0m HOSTQUEUE <0x564c79ffd640>: >>>>>>>> FIND MATCH KERNEL DETAILS <<<<<<<<<
[36m(vLLMHttpServer pid=36528)[0m HOSTQUEUE <0x564c79ffd640>: kernel name: _ZN2at6native12_GLOBAL__N_143distribution_elementwise_grid_stride_kernelIfLi4EZNS0_9templates4cuda20normal_and_transformIN3c108BFloat16EfPNS_17CUDAGeneratorImplEZZZNS4_13normal_kernelIS9_EEvRKNS_10TensorBaseEddT_ENKUlvE_clEvENKUlvE2_clEvEUlfE_EEvRNS_18TensorIteratorBaseET1_T2_EUlP25hiprandStatePhilox4_32_10E0_ZNS1_27distribution_nullary_kernelIS7_f15HIP_vector_typeIfLj4EES9_SO_SH_EEvSJ_SL_RKT3_T4_EUlifE_EEvlNS_15PhiloxCudaStateESK_SL_
[36m(vLLMHttpServer pid=36528)[0m HOSTQUEUE <0x564c79ffd640>: >>>>>>>> DUMP KERNEL ARGS: size: 328 <<<<<<<<<
[36m(vLLMHttpServer pid=36528)[0m 
[36m(vLLMHttpServer pid=36528)[0m 80 00 00 00 00 00 00 00 00 00 00 00 00 00 00 00 
[36m(vLLMHttpServer pid=36528)[0m 10 01 00 00 00 00 00 00 00 00 00 00 00 00 00 00 
[36m(vLLMHttpServer pid=36528)[0m 00 00 00 00 00 00 00 00 00 00 00 00 00 00 00 00 
[36m(vLLMHttpServer pid=36528)[0m 00 e8 df ea ce 7f 00 00 02 00 00 00 00 00 00 00 
[36m(vLLMHttpServer pid=36528)[0m 00 00 80 3f 00 00 00 00 01 00 00 00 01 00 00 00 
[36m(vLLMHttpServer pid=36528)[0m 01 00 00 00 00 01 01 00 01 00 00 00 00 00 00 00 
[36m(vLLMHttpServer pid=36528)[0m 00 00 00 00 00 00 00 00 00 00 00 00 00 00 00 00 
[36m(vLLMHttpServer pid=36528)[0m 00 00 00 00 00 00 00 00 00 00 00 00 00 00 00 00 
[36m(vLLMHttpServer pid=36528)[0m 00 00 00 00 00 00 00 00 03 00 00 00 00 00 00 00 
[36m(vLLMHttpServer pid=36528)[0m 00 00 00 00 00 00 00 00 00 00 00 00 00 00 00 00 
[36m(vLLMHttpServer pid=36528)[0m 00 00 00 00 00 00 00 00 00 00 00 00 00 00 00 00 
[36m(vLLMHttpServer pid=36528)[0m 00 00 00 00 00 00 00 00 00 00 00 00 00 00 00 00 
[36m(vLLMHttpServer pid=36528)[0m 00 00 00 00 00 00 00 00 00 00 00 00 02 00 00 00 
[36m(vLLMHttpServer pid=36528)[0m 02 00 00 00 00 00 00 00 80 00 00 00 00 00 00 00 
[36m(vLLMHttpServer pid=36528)[0m 08 00 00 00 00 00 10 00 00 00 00 00 08 00 01 00 
[36m(vLLMHttpServer pid=36528)[0m 00 00 00 00 00 00 00 00 00 00 00 00 00 00 00 00 
[36m(vLLMHttpServer pid=36528)[0m 00 00 00 00 00 00 00 00 00 00 00 00 00 00 00 00 
[36m(vLLMHttpServer pid=36528)[0m 00 00 00 00 00 00 00 00 00 00 00 00 00 00 00 00 
[36m(vLLMHttpServer pid=36528)[0m 00 00 00 00 00 00 00 00 00 00 00 00 00 00 00 00 
[36m(vLLMHttpServer pid=36528)[0m 00 00 00 00 00 00 00 00 00 00 00 00 00 00 00 00 
[36m(vLLMHttpServer pid=36528)[0m 00 00 00 00 00 00 00 00 
[36m(vLLMHttpServer pid=36528)[0m 
[36m(vLLMHttpServer pid=36528)[0m HOSTQUEUE <0x564c79ffd640>: >>>>>>>> DUMP KERNEL ARGS PTR INFO <<<<<<<<<
[36m(vLLMHttpServer pid=36528)[0m HOSTQUEUE <0x564c79ffd640>: ptr arg index: 6, ptr: 0x7fceeadfe800
[36m(vLLMHttpServer pid=36528)[0m HOSTQUEUE <0x564c79ffd640>: origin ptr: 0x7fceeac00000, size byte: 2097152
[36m(vLLMHttpServer pid=36528)[0m 
[36m(vLLMHttpServer pid=36528)[0m HOSTQUEUE <0x564c79ffd640>: >>>>>>>> DUMP AQL 0x7fd060802000 PACKET WITH INDEX 84482 <<<<<<<<<
[36m(vLLMHttpServer pid=36528)[0m HOSTQUEUE <0x564c79ffd640>: >>>>>>>> MATCH KERNEL COMMAND <<<<<<<<<
[36m(vLLMHttpServer pid=36528)[0m HOSTQUEUE <0x564c79ffd640>: header: 0xb02
[36m(vLLMHttpServer pid=36528)[0m HOSTQUEUE <0x564c79ffd640>: setup: 3
[36m(vLLMHttpServer pid=36528)[0m HOSTQUEUE <0x564c79ffd640>: workgroup: x:256, y:1, z:1
[36m(vLLMHttpServer pid=36528)[0m HOSTQUEUE <0x564c79ffd640>: grid: x:32768, y:1, z:1
[36m(vLLMHttpServer pid=36528)[0m HOSTQUEUE <0x564c79ffd640>: group_segment_size: 0
[36m(vLLMHttpServer pid=36528)[0m HOSTQUEUE <0x564c79ffd640>: private_segment_size: 0
[36m(vLLMHttpServer pid=36528)[0m HOSTQUEUE <0x564c79ffd640>: completion_signal: 0x0
[36m(vLLMHttpServer pid=36528)[0m HOSTQUEUE <0x564c79ffd640>: kernel_object: 0x7fceeaa2eb40
[36m(vLLMHttpServer pid=36528)[0m HOSTQUEUE <0x564c79ffd640>: device id: 0
[36m(vLLMHttpServer pid=36528)[0m 
[36m(vLLMHttpServer pid=36528)[0m HOSTQUEUE <0x564c79ffd640>: >>>>>>>> FIND MATCH KERNEL DETAILS <<<<<<<<<
[36m(vLLMHttpServer pid=36528)[0m HOSTQUEUE <0x564c79ffd640>: kernel name: _ZN2at6native29vectorized_elementwise_kernelILi4ENS0_11FillFunctorIfEESt5arrayIPcLm1EEEEviT0_T1_
[36m(vLLMHttpServer pid=36528)[0m HOSTQUEUE <0x564c79ffd640>: >>>>>>>> DUMP KERNEL ARGS: size: 16 <<<<<<<<<
[36m(vLLMHttpServer pid=36528)[0m 
[36m(vLLMHttpServer pid=36528)[0m 00 00 02 00 00 00 00 00 00 00 60 cf 8a 7f 00 00 
[36m(vLLMHttpServer pid=36528)[0m 
[36m(vLLMHttpServer pid=36528)[0m HOSTQUEUE <0x564c79ffd640>: >>>>>>>> DUMP KERNEL ARGS PTR INFO <<<<<<<<<
[36m(vLLMHttpServer pid=36528)[0m HOSTQUEUE <0x564c79ffd640>: ptr arg index: 1, ptr: 0x7f8acf600000
[36m(vLLMHttpServer pid=36528)[0m HOSTQUEUE <0x564c79ffd640>: origin ptr: 0x7f8acf600000, size byte: 2097152
[36m(vLLMHttpServer pid=36528)[0m 
[36m(vLLMHttpServer pid=36528)[0m HOSTQUEUE <0x564c79ffd640>: >>>>>>>> DUMP AQL 0x7fd060802000 PACKET WITH INDEX 84483 <<<<<<<<<
[36m(vLLMHttpServer pid=36528)[0m HOSTQUEUE <0x564c79ffd640>: >>>>>>>> MATCH BARRIER AND COMMAND <<<<<<<<<
[36m(vLLMHttpServer pid=36528)[0m HOSTQUEUE <0x564c79ffd640>: header: 0x1503
[36m(vLLMHttpServer pid=36528)[0m HOSTQUEUE <0x564c79ffd640>: dep_signal[0]: 0x0
[36m(vLLMHttpServer pid=36528)[0m HOSTQUEUE <0x564c79ffd640>: dep_signal[1]: 0x0
[36m(vLLMHttpServer pid=36528)[0m HOSTQUEUE <0x564c79ffd640>: dep_signal[2]: 0x0
[36m(vLLMHttpServer pid=36528)[0m HOSTQUEUE <0x564c79ffd640>: dep_signal[3]: 0x0
[36m(vLLMHttpServer pid=36528)[0m HOSTQUEUE <0x564c79ffd640>: dep_signal[4]: 0x0
[36m(vLLMHttpServer pid=36528)[0m HOSTQUEUE <0x564c79ffd640>: completion_signal: 0x7fd8721eef00
[36m(vLLMHttpServer pid=36528)[0m 
[36m(vLLMHttpServer pid=36528)[0m 
[36m(vLLMHttpServer pid=36528)[0m 
[36m(vLLMHttpServer pid=36528)[0m ===========================================================================================
[36m(vLLMHttpServer pid=36528)[0m =========> HOSTQUEUE <0x564c76dce8f0>: VMFault HSA QUEUE ANALYSIS <=========
[36m(vLLMHttpServer pid=36528)[0m HOSTQUEUE <0x564c76dce8f0>: base_address 0x7fcf74600000
[36m(vLLMHttpServer pid=36528)[0m HOSTQUEUE <0x564c76dce8f0>: hsa queue id 2, stream id 3
[36m(vLLMHttpServer pid=36528)[0m HOSTQUEUE <0x564c76dce8f0>: get hsa queue W/R ptr: write index: 328, read index: 328
[36m(vLLMHttpServer pid=36528)[0m HOSTQUEUE <0x564c76dce8f0>: all command executed
[36m(vLLMHttpServer pid=36528)[0m 
[36m(vLLMHttpServer pid=36528)[0m ===========================================================================================
[36m(vLLMHttpServer pid=36528)[0m =========> HOSTQUEUE <0x564c76dce4a0>: VMFault HSA QUEUE ANALYSIS <=========
[36m(vLLMHttpServer pid=36528)[0m 
[36m(vLLMHttpServer pid=36528)[0m HOSTQUEUE <0x559dacd2a9c0>: >>>>>>>> FIND MATCH KERNEL DETAILS <<<<<<<<<
[36m(vLLMHttpServer pid=36528)[0m HOSTQUEUE <0x559dacd2a9c0>: kernel name: _ZN2at6native32elementwise_kernel_manual_unrollILi128ELi8EZNS0_22gpu_kernel_impl_nocastIZZZNS0_23direct_copy_kernel_cudaERNS_18TensorIteratorBaseEENKUlvE1_clEvENKUlvE10_clEvEUlN3c108BFloat16EE_EEvS4_RKT_EUlibE_EEviT1_
[36m(vLLMHttpServer pid=36528)[0m HOSTQUEUE <0x559dacd2a9c0>: >>>>>>>> DUMP KERNEL ARGS: size: 360 <<<<<<<<<
[36m(vLLMHttpServer pid=36528)[0m 
[36m(vLLMHttpServer pid=36528)[0m 00 00 01 00 00 00 00 00 02 00 00 00 08 00 00 00 
[36m(vLLMHttpServer pid=36528)[0m 01 00 00 00 03 00 00 00 00 20 00 00 01 00 00 00 
[36m(vLLMHttpServer pid=36528)[0m 0d 00 00 00 00 00 00 00 00 00 00 00 00 00 00 00 
[36m(vLLMHttpServer pid=36528)[0m 00 00 00 00 00 00 00 00 00 00 00 00 00 00 00 00 
[36m(vLLMHttpServer pid=36528)[0m 00 00 00 00 00 00 00 00 00 00 00 00 00 00 00 00 
[36m(vLLMHttpServer pid=36528)[0m 00 00 00 00 00 00 00 00 00 00 00 00 00 00 00 00 
[36m(vLLMHttpServer pid=36528)[0m 00 00 00 00 00 00 00 00 00 00 00 00 00 00 00 00 
[36m(vLLMHttpServer pid=36528)[0m 00 00 00 00 00 00 00 00 00 00 00 00 00 00 00 00 
[36m(vLLMHttpServer pid=36528)[0m 00 00 00 00 00 00 00 00 00 00 00 00 00 00 00 00 
[36m(vLLMHttpServer pid=36528)[0m 00 00 00 00 00 00 00 00 00 00 00 00 00 00 00 00 
[36m(vLLMHttpServer pid=36528)[0m 00 00 00 00 00 00 00 00 00 00 00 00 00 00 00 00 
[36m(vLLMHttpServer pid=36528)[0m 00 00 00 00 00 00 00 00 00 00 00 00 00 00 00 00 
[36m(vLLMHttpServer pid=36528)[0m 00 00 00 00 00 00 00 00 00 00 00 00 02 00 00 00 
[36m(vLLMHttpServer pid=36528)[0m 02 00 00 00 10 00 00 00 20 00 00 00 00 00 00 00 
[36m(vLLMHttpServer pid=36528)[0m 00 00 00 00 00 00 00 00 00 00 00 00 00 00 00 00 
[36m(vLLMHttpServer pid=36528)[0m 00 00 00 00 00 00 00 00 00 00 00 00 00 00 00 00 
[36m(vLLMHttpServer pid=36528)[0m 00 00 00 00 00 00 00 00 00 00 00 00 00 00 00 00 
[36m(vLLMHttpServer pid=36528)[0m 00 00 00 00 00 00 00 00 00 00 00 00 00 00 00 00 
[36m(vLLMHttpServer pid=36528)[0m 00 00 00 00 00 00 00 00 00 00 00 00 00 00 00 00 
[36m(vLLMHttpServer pid=36528)[0m 00 00 00 00 00 00 00 00 00 00 00 00 00 00 00 00 
[36m(vLLMHttpServer pid=36528)[0m 00 00 00 00 00 00 00 00 00 00 00 00 00 00 00 00 
[36m(vLLMHttpServer pid=36528)[0m 00 fa b9 e7 db 7f 00 00 10 fa b3 e7 db 7f 00 00 
[36m(vLLMHttpServer pid=36528)[0m 00 00 00 00 00 00 00 00 
[36m(vLLMHttpServer pid=36528)[0m 
[36m(vLLMHttpServer pid=36528)[0m HOSTQUEUE <0x559dacd2a9c0>: >>>>>>>> DUMP KERNEL ARGS PTR INFO <<<<<<<<<
[36m(vLLMHttpServer pid=36528)[0m HOSTQUEUE <0x559dacd2a9c0>: ptr arg index: 42, ptr: 0x7fdbe7b9fa00
[36m(vLLMHttpServer pid=36528)[0m HOSTQUEUE <0x559dacd2a9c0>: origin ptr: 0x7fdbe7a00000, size byte: 2097152
[36m(vLLMHttpServer pid=36528)[0m HOSTQUEUE <0x559dacd2a9c0>: ptr arg index: 43, ptr: 0x7fdbe7b3fa10
[36m(vLLMHttpServer pid=36528)[0m HOSTQUEUE <0x559dacd2a9c0>: origin ptr: 0x7fdbe7a00000, size byte: 2097152
[36m(vLLMHttpServer pid=36528)[0m 
[36m(vLLMHttpServer pid=36528)[0m HOSTQUEUE <0x559dacd2a9c0>: >>>>>>>> DUMP AQL 0x7fdc94378000 PACKET WITH INDEX 84424 <<<<<<<<<
[36m(vLLMHttpServer pid=36528)[0m HOSTQUEUE <0x559dacd2a9c0>: >>>>>>>> MATCH KERNEL COMMAND <<<<<<<<<
[36m(vLLMHttpServer pid=36528)[0m HOSTQUEUE <0x559dacd2a9c0>: header: 0xb02
[36m(vLLMHttpServer pid=36528)[0m HOSTQUEUE <0x559dacd2a9c0>: setup: 3
[36m(vLLMHttpServer pid=36528)[0m HOSTQUEUE <0x559dacd2a9c0>: workgroup: x:256, y:1, z:1
[36m(vLLMHttpServer pid=36528)[0m HOSTQUEUE <0x559dacd2a9c0>: grid: x:1048576, y:1, z:1
[36m(vLLMHttpServer pid=36528)[0m HOSTQUEUE <0x559dacd2a9c0>: group_segment_size: 0
[36m(vLLMHttpServer pid=36528)[0m HOSTQUEUE <0x559dacd2a9c0>: private_segment_size: 0
[36m(vLLMHttpServer pid=36528)[0m HOSTQUEUE <0x559dacd2a9c0>: completion_signal: 0x0
[36m(vLLMHttpServer pid=36528)[0m HOSTQUEUE <0x559dacd2a9c0>: kernel_object: 0x7fdbe782f700
[36m(vLLMHttpServer pid=36528)[0m HOSTQUEUE <0x559dacd2a9c0>: device id: 1
[36m(vLLMHttpServer pid=36528)[0m 
[36m(vLLMHttpServer pid=36528)[0m HOSTQUEUE <0x5567c798de30>: >>>>>>>> FIND MATCH KERNEL DETAILS <<<<<<<<<
[36m(vLLMHttpServer pid=36528)[0m HOSTQUEUE <0x5567c798de30>: kernel name: Cijk_Ailk_Bljk_BBH_MT256x256x16_SE_AMAS3_BW_DTL0_BL1_DRB16_ALT_KME0_ETSP_EPS1_FL0_GRVW8_GSU1_ISA938_IU1_KME_GRCMn1_K1_KLA_LDL1_LRVW8_MAC_MMAC_BW1_MMAC_KM0_MMAC_KME1_NLCA1_NLCB1_OLDSR0_PGR1_PLR1_RK1_SU0_SUM0_SUS256_SVW4_TT16_8_TLM0_ULDSWM0_USFGRO0_USSB0_VAW2_VSn1_VW8_WG16_32_1_WGM1
[36m(vLLMHttpServer pid=36528)[0m HOSTQUEUE <0x5567c798de30>: >>>>>>>> DUMP KERNEL ARGS: size: 160 <<<<<<<<<
[36m(vLLMHttpServer pid=36528)[0m 
[36m(vLLMHttpServer pid=36528)[0m 00 00 80 01 00 00 00 00 00 00 60 00 00 00 00 00 
[36m(vLLMHttpServer pid=36528)[0m 00 00 00 01 00 00 00 00 00 00 80 c6 cf 7e 00 00 
[36m(vLLMHttpServer pid=36528)[0m 00 00 80 c6 cf 7e 00 00 00 00 80 d6 d3 7e 00 00 
[36m(vLLMHttpServer pid=36528)[0m 00 00 c0 d0 ce 7e 00 00 00 00 80 3f 00 00 00 00 
[36m(vLLMHttpServer pid=36528)[0m 00 0c 00 00 01 00 00 00 00 0c 00 00 01 00 00 00 
[36m(vLLMHttpServer pid=36528)[0m 00 0c 00 00 01 00 00 00 00 08 00 00 01 00 00 00 
[36m(vLLMHttpServer pid=36528)[0m 00 0c 00 00 00 20 00 00 01 00 00 00 00 08 00 00 
[36m(vLLMHttpServer pid=36528)[0m 00 00 00 00 0c 00 00 00 20 00 00 00 20 00 00 00 
[36m(vLLMHttpServer pid=36528)[0m 01 00 00 00 01 00 00 80 00 00 00 00 00 00 00 00 
[36m(vLLMHttpServer pid=36528)[0m 00 00 00 00 00 00 00 00 00 00 00 00 00 00 00 00 
[36m(vLLMHttpServer pid=36528)[0m 
[36m(vLLMHttpServer pid=36528)[0m HOSTQUEUE <0x5567c798de30>: >>>>>>>> DUMP KERNEL ARGS PTR INFO <<<<<<<<<
[36m(vLLMHttpServer pid=36528)[0m HOSTQUEUE <0x5567c798de30>: ptr arg index: 3, ptr: 0x7ecfc6800000
[36m(vLLMHttpServer pid=36528)[0m HOSTQUEUE <0x5567c798de30>: origin ptr: 0x7ecfc2800000, size byte: 150994944
[36m(vLLMHttpServer pid=36528)[0m HOSTQUEUE <0x5567c798de30>: ptr arg index: 4, ptr: 0x7ecfc6800000
[36m(vLLMHttpServer pid=36528)[0m HOSTQUEUE <0x5567c798de30>: origin ptr: 0x7ecfc2800000, size byte: 150994944
[36m(vLLMHttpServer pid=36528)[0m HOSTQUEUE <0x5567c798de30>: ptr arg index: 5, ptr: 0x7ed3d6800000
[36m(vLLMHttpServer pid=36528)[0m HOSTQUEUE <0x5567c798de30>: origin ptr: 0x7ed3d6800000, size byte: 12582912
[36m(vLLMHttpServer pid=36528)[0m HOSTQUEUE <0x5567c798de30>: ptr arg index: 6, ptr: 0x7eced0c00000
[36m(vLLMHttpServer pid=36528)[0m HOSTQUEUE <0x5567c798de30>: origin ptr: 0x7eced0c00000, size byte: 603979776
[36m(vLLMHttpServer pid=36528)[0m 
[36m(vLLMHttpServer pid=36528)[0m HOSTQUEUE <0x5567c798de30>: >>>>>>>> DUMP AQL 0x7f149015e000 PACKET WITH INDEX 84253 <<<<<<<<<
[36m(vLLMHttpServer pid=36528)[0m HOSTQUEUE <0x5567c798de30>: >>>>>>>> MATCH KERNEL COMMAND <<<<<<<<<
[36m(vLLMHttpServer pid=36528)[0m HOSTQUEUE <0x5567c798de30>: header: 0xb02
[36m(vLLMHttpServer pid=36528)[0m HOSTQUEUE <0x5567c798de30>: setup: 3
[36m(vLLMHttpServer pid=36528)[0m HOSTQUEUE <0x5567c798de30>: workgroup: x:256, y:1, z:1
[36m(vLLMHttpServer pid=36528)[0m HOSTQUEUE <0x5567c798de30>: grid: x:256, y:128, z:1
[36m(vLLMHttpServer pid=36528)[0m HOSTQUEUE <0x5567c798de30>: group_segment_size: 32768
[36m(vLLMHttpServer pid=36528)[0m HOSTQUEUE <0x5567c798de30>: private_segment_size: 0
[36m(vLLMHttpServer pid=36528)[0m HOSTQUEUE <0x5567c798de30>: completion_signal: 0x0
[36m(vLLMHttpServer pid=36528)[0m HOSTQUEUE <0x5567c798de30>: kernel_object: 0x7eceab1ae640
[36m(vLLMHttpServer pid=36528)[0m HOSTQUEUE <0x5567c798de30>: device id: 3
[36m(vLLMHttpServer pid=36528)[0m 
[36m(vLLMHttpServer pid=36528)[0m HOSTQUEUE <0x559dacd2a9c0>: >>>>>>>> FIND MATCH KERNEL DETAILS <<<<<<<<<
[36m(vLLMHttpServer pid=36528)[0m HOSTQUEUE <0x559dacd2a9c0>: kernel name: _ZN2at6native29vectorized_elementwise_kernelILi8ENS0_11FillFunctorIN3c108BFloat16EEESt5arrayIPcLm1EEEEviT0_T1_
[36m(vLLMHttpServer pid=36528)[0m HOSTQUEUE <0x559dacd2a9c0>: >>>>>>>> DUMP KERNEL ARGS: size: 16 <<<<<<<<<
[36m(vLLMHttpServer pid=36528)[0m 
[36m(vLLMHttpServer pid=36528)[0m 00 00 80 00 00 00 00 00 00 00 80 c9 97 7f 00 00 
[36m(vLLMHttpServer pid=36528)[0m 
[36m(vLLMHttpServer pid=36528)[0m HOSTQUEUE <0x559dacd2a9c0>: >>>>>>>> DUMP KERNEL ARGS PTR INFO <<<<<<<<<
[36m(vLLMHttpServer pid=36528)[0m HOSTQUEUE <0x559dacd2a9c0>: ptr arg index: 1, ptr: 0x7f97c9800000
[36m(vLLMHttpServer pid=36528)[0m HOSTQUEUE <0x559dacd2a9c0>: origin ptr: 0x7f97c2800000, size byte: 150994944
[36m(vLLMHttpServer pid=36528)[0m 
[36m(vLLMHttpServer pid=36528)[0m HOSTQUEUE <0x559dacd2a9c0>: >>>>>>>> DUMP AQL 0x7fdc94378000 PACKET WITH INDEX 84425 <<<<<<<<<
[36m(vLLMHttpServer pid=36528)[0m HOSTQUEUE <0x559dacd2a9c0>: >>>>>>>> MATCH KERNEL COMMAND <<<<<<<<<
[36m(vLLMHttpServer pid=36528)[0m HOSTQUEUE <0x559dacd2a9c0>: header: 0xb02
[36m(vLLMHttpServer pid=36528)[0m HOSTQUEUE <0x559dacd2a9c0>: setup: 3
[36m(vLLMHttpServer pid=36528)[0m HOSTQUEUE <0x559dacd2a9c0>: workgroup: x:256, y:1, z:1
[36m(vLLMHttpServer pid=36528)[0m HOSTQUEUE <0x559dacd2a9c0>: grid: x:8192, y:1, z:1
[36m(vLLMHttpServer pid=36528)[0m HOSTQUEUE <0x559dacd2a9c0>: group_segment_size: 0
[36m(vLLMHttpServer pid=36528)[0m HOSTQUEUE <0x559dacd2a9c0>: private_segment_size: 0
[36m(vLLMHttpServer pid=36528)[0m HOSTQUEUE <0x559dacd2a9c0>: completion_signal: 0x0
[36m(vLLMHttpServer pid=36528)[0m HOSTQUEUE <0x559dacd2a9c0>: kernel_object: 0x7fdc847dbf40
[36m(vLLMHttpServer pid=36528)[0m HOSTQUEUE <0x559dacd2a9c0>: device id: 1
[36m(vLLMHttpServer pid=36528)[0m HOSTQUEUE <0x564c76dce4a0>: base_address 0x7f8ace200000
[36m(vLLMHttpServer pid=36528)[0m HOSTQUEUE <0x564c76dce4a0>: hsa queue id 8, stream id 235
[36m(vLLMHttpServer pid=36528)[0m HOSTQUEUE <0x564c76dce4a0>: get hsa queue W/R ptr: write index: 0, read index: 0
[36m(vLLMHttpServer pid=36528)[0m HOSTQUEUE <0x564c76dce4a0>: all command executed
[36m(vLLMHttpServer pid=36528)[0m 
[36m(vLLMHttpServer pid=36528)[0m ===========================================================================================
[36m(vLLMHttpServer pid=36528)[0m =========> HOSTQUEUE <0x564c76dd0c60>: VMFault HSA QUEUE ANALYSIS <=========
[36m(vLLMHttpServer pid=36528)[0m HOSTQUEUE <0x564c76dd0c60>: base_address 0x7fcf4b600000
[36m(vLLMHttpServer pid=36528)[0m HOSTQUEUE <0x564c76dd0c60>: hsa queue id 3, stream id 68
[36m(vLLMHttpServer pid=36528)[0m HOSTQUEUE <0x564c76dd0c60>: get hsa queue W/R ptr: write index: 242, read index: 242
[36m(vLLMHttpServer pid=36528)[0m HOSTQUEUE <0x564c76dd0c60>: all command executed
[36m(vLLMHttpServer pid=36528)[0m 
[36m(vLLMHttpServer pid=36528)[0m ===========================================================================================
[36m(vLLMHttpServer pid=36528)[0m =========> HOSTQUEUE <0x564c76e26160>: VMFault HSA QUEUE ANALYSIS <=========
[36m(vLLMHttpServer pid=36528)[0m HOSTQUEUE <0x564c76e26160>: base_address 0x7fcf9c200000
[36m(vLLMHttpServer pid=36528)[0m HOSTQUEUE <0x564c76e26160>: hsa queue id 1, stream id 0
[36m(vLLMHttpServer pid=36528)[0m HOSTQUEUE <0x564c76e26160>: get hsa queue W/R ptr: write index: 941, read index: 941
[36m(vLLMHttpServer pid=36528)[0m HOSTQUEUE <0x564c76e26160>: all command executed
[36m(vLLMHttpServer pid=36528)[0m 
[36m(vLLMHttpServer pid=36528)[0m >>>>>>>> FOR DEVICE 0x564c28077c30 <<<<<<
[36m(vLLMHttpServer pid=36528)[0m 
[36m(vLLMHttpServer pid=36528)[0m 
[36m(vLLMHttpServer pid=36528)[0m >>>>>>>> FOR DEVICE 0x564c28c6cdb0 <<<<<<
[36m(vLLMHttpServer pid=36528)[0m 
[36m(vLLMHttpServer pid=36528)[0m 
[36m(vLLMHttpServer pid=36528)[0m >>>>>>>> FOR DEVICE 0x564c28c6dc60 <<<<<<
[36m(vLLMHttpServer pid=36528)[0m 
[36m(vLLMHttpServer pid=36528)[0m 
[36m(vLLMHttpServer pid=36528)[0m >>>>>>>> KERNEL VMFault Analysis END !!!! <<<<<<
[36m(vLLMHttpServer pid=36528)[0m 
[36m(vLLMHttpServer pid=36528)[0m =========> HW QUEUE INFO ANALYSIS <==========
[36m(vLLMHttpServer pid=36528)[0m Can't read for directory: /sys/kernel/debug/kfd/process
[36m(vLLMHttpServer pid=36528)[0m Please check mount/permission
[36m(vLLMHttpServer pid=36528)[0m Fatal Python error: Aborted
[36m(vLLMHttpServer pid=36528)[0m 
[36m(vLLMHttpServer pid=36528)[0m Thread 0x00007f8e08ffe640 (most recent call first):
[36m(vLLMHttpServer pid=36528)[0m   File "/usr/lib/python3.10/multiprocessing/connection.py", line 379 in _recv
[36m(vLLMHttpServer pid=36528)[0m   File "/usr/lib/python3.10/multiprocessing/connection.py", line 414 in _recv_bytes
[36m(vLLMHttpServer pid=36528)[0m   File "/usr/lib/python3.10/multiprocessing/connection.py", line 250 in recv
[36m(vLLMHttpServer pid=36528)[0m   File "/usr/local/lib/python3.10/dist-packages/vllm/v1/executor/multiproc_executor.py", line 757 in death_pipe_monitor
[36m(vLLMHttpServer pid=36528)[0m   File "/usr/lib/python3.10/threading.py", line 953 in run
[36m(vLLMHttpServer pid=36528)[0m   File "/usr/lib/python3.10/threading.py", line 1016 in _bootstrap_inner
[36m(vLLMHttpServer pid=36528)[0m   File "/usr/lib/python3.10/threading.py", line 973 in _bootstrap
[36m(vLLMHttpServer pid=36528)[0m 
[36m(vLLMHttpServer pid=36528)[0m Thread 0x00007f8e2d5ff640 (most recent call first):
[36m(vLLMHttpServer pid=36528)[0m   File "/usr/lib/python3.10/threading.py", line 324 in wait
[36m(vLLMHttpServer pid=36528)[0m   File "/usr/lib/python3.10/threading.py", line 607 in wait
[36m(vLLMHttpServer pid=36528)[0m   File "/usr/local/lib/python3.10/dist-packages/tqdm/_monitor.py", line 69 in run
[36m(vLLMHttpServer pid=36528)[0m   File "/usr/lib/python3.10/threading.py", line 1016 in _bootstrap_inner
[36m(vLLMHttpServer pid=36528)[0m   File "/usr/lib/python3.10/threading.py", line 973 in _bootstrap
[36m(vLLMHttpServer pid=36528)[0m 
[36m(vLLMHttpServer pid=36528)[0m Thread 0x00007fce397ff640 (most recent call first):
[36m(vLLMHttpServer pid=36528)[0m   File "/usr/local/lib/python3.10/dist-packages/vllm/usage/usage_lib.py", line 251 in _report_continuous_usage
[36m(vLLMHttpServer pid=36528)[0m   File "/usr/local/lib/python3.10/dist-packages/vllm/usage/usage_lib.py", line 174 in _report_usage_worker
[36m(vLLMHttpServer pid=36528)[0m   File "/usr/lib/python3.10/threading.py", line 953 in run
[36m(vLLMHttpServer pid=36528)[0m   File "/usr/lib/python3.10/threading.py", line 1016 in _bootstrap_inner
[36m(vLLMHttpServer pid=36528)[0m   File "/usr/lib/python3.10/threading.py", line 973 in _bootstrap
[36m(vLLMHttpServer pid=36528)[0m 
[36m(vLLMHttpServer pid=36528)[0m Thread 0x00007fcf9ded4640 (most recent call first):
[36m(vLLMHttpServer pid=36528)[0m   File "/usr/lib/python3.10/threading.py", line 320 in wait
[36m(vLLMHttpServer pid=36528)[0m   File "/usr/lib/python3.10/queue.py", line 171 in get
[36m(vLLMHttpServer pid=36528)[0m   File "/usr/local/lib/python3.10/dist-packages/vllm/v1/executor/multiproc_executor.py", line 911 in async_output_busy_loop
[36m(vLLMHttpServer pid=36528)[0m   File "/usr/lib/python3.10/threading.py", line 953 in run
[36m(vLLMHttpServer pid=36528)[0m   File "/usr/lib/python3.10/threading.py", line 1016 in _bootstrap_inner
[36m(vLLMHttpServer pid=36528)[0m   File "/usr/lib/python3.10/threading.py", line 973 in _bootstrap
[36m(vLLMHttpServer pid=36528)[0m 
[36m(vLLMHttpServer pid=36528)[0m Thread 0x00007fd9d2684740 (most recent call first):
[36m(vLLMHttpServer pid=36528)[0m   File "/usr/local/lib/python3.10/dist-packages/vllm/model_executor/models/qwen3_next.py", line 761 in _warmup_prefill_kernels
[36m(vLLMHttpServer pid=36528)[0m   File "/usr/local/lib/python3.10/dist-packages/vllm/model_executor/models/qwen3_next.py", line 808 in _forward_core
[36m(vLLMHttpServer pid=36528)[0m   File "/usr/local/lib/python3.10/dist-packages/vllm/model_executor/models/qwen3_next.py", line 
[36m(vLLMHttpServer pid=36528)[0m HOSTQUEUE <0x559dacd2a9c0>: >>>>>>>> FIND MATCH KERNEL DETAILS <<<<<<<<<
[36m(vLLMHttpServer pid=36528)[0m 1722HOSTQUEUE <0x559dacd2a9c0>: kernel name: _ZN2at6native12_GLOBAL__N_143distribution_elementwise_grid_stride_kernelIfLi4EZNS0_9templates4cuda20normal_and_transformIN3c108BFloat16EfPNS_17CUDAGeneratorImplEZZZNS4_13normal_kernelIS9_EEvRKNS_10TensorBaseEddT_ENKUlvE_clEvENKUlvE2_clEvEUlfE_EEvRNS_18TensorIteratorBaseET1_T2_EUlP25hiprandStatePhilox4_32_10E0_ZNS1_27distribution_nullary_kernelIS7_f15HIP_vector_typeIfLj4EES9_SO_SH_EEvSJ_SL_RKT3_T4_EUlifE_EEvlNS_15PhiloxCudaStateESK_SL_
[36m(vLLMHttpServer pid=36528)[0m  in HOSTQUEUE <0x559dacd2a9c0>: >>>>>>>> DUMP KERNEL ARGS: size: 328 <<<<<<<<<
[36m(vLLMHttpServer pid=36528)[0m gdn_attention_core
[36m(vLLMHttpServer pid=36528)[0m 
[36m(vLLMHttpServer pid=36528)[0m 00   File 20 "00 /usr/local/lib/python3.10/dist-packages/torch/_ops.py00 "00 , line 00 120900  in 00 __call__00 
[36m(vLLMHttpServer pid=36528)[0m 00   File 00 "00 /usr/local/lib/python3.10/dist-packages/vllm/model_executor/models/qwen3_5.py00 "00 , line 00 20600  in 
[36m(vLLMHttpServer pid=36528)[0m forward00 
[36m(vLLMHttpServer pid=36528)[0m 01   File 00 "00 /usr/local/lib/python3.10/dist-packages/torch/nn/modules/module.py00 "00 , line 00 178700  in 00 _call_impl00 
[36m(vLLMHttpServer pid=36528)[0m 00   File 00 "00 /usr/local/lib/python3.10/dist-packages/torch/nn/modules/module.py00 "00 , line 00 1776
[36m(vLLMHttpServer pid=36528)[0m  in 00 _wrapped_call_impl00 
[36m(vLLMHttpServer pid=36528)[0m 00   File 00 "00 /usr/local/lib/python3.10/dist-packages/vllm/model_executor/models/qwen3_next.py00 "00 , line 00 130400  in 00 forward00 
[36m(vLLMHttpServer pid=36528)[0m 00   File 00 "00 /usr/local/lib/python3.10/dist-packages/torch/nn/modules/module.py00 "00 , line 
[36m(vLLMHttpServer pid=36528)[0m 178700  in 8a _call_implbe 
[36m(vLLMHttpServer pid=36528)[0m e7   File db "7f /usr/local/lib/python3.10/dist-packages/torch/nn/modules/module.py00 "00 , line 02 177600  in 00 _wrapped_call_impl00 
[36m(vLLMHttpServer pid=36528)[0m 00   File 00 "00 /usr/local/lib/python3.10/dist-packages/vllm/model_executor/models/qwen3_next.py00 "
[36m(vLLMHttpServer pid=36528)[0m , line 00 142000  in 80 forward3f 
[36m(vLLMHttpServer pid=36528)[0m 00   File 00 "00 /usr/local/lib/python3.10/dist-packages/vllm/compilation/decorators.py00 "20 , line 00 43900  in 00 __call__01 
[36m(vLLMHttpServer pid=36528)[0m 00   File 00 "00 /usr/local/lib/python3.10/dist-packages/vllm/model_executor/models/qwen3_5.py
[36m(vLLMHttpServer pid=36528)[0m "01 , line 00 76600  in 00 forward00 
[36m(vLLMHttpServer pid=36528)[0m 01   File 01 "00 /usr/local/lib/python3.10/dist-packages/torch/nn/modules/module.py01 "00 , line 00 178700  in 00 _call_impl00 
[36m(vLLMHttpServer pid=36528)[0m 00   File 00 "
[36m(vLLMHttpServer pid=36528)[0m /usr/local/lib/python3.10/dist-packages/torch/nn/modules/module.py00 "00 , line 00 177600  in 00 _wrapped_call_impl00 
[36m(vLLMHttpServer pid=36528)[0m 00   File 00 "00 /usr/local/lib/python3.10/dist-packages/vllm_hcu/v1/hcu_model_runner.py00 "00 , line 00 571800  in 00 _dummy_run00 
[36m(vLLMHttpServer pid=36528)[0m 00   File 
[36m(vLLMHttpServer pid=36528)[0m "00 /usr/local/lib/python3.10/dist-packages/torch/utils/_contextlib.py00 "00 , line 00 12400  in 00 decorate_context00 
[36m(vLLMHttpServer pid=36528)[0m 00   File 00 "00 /usr/local/lib/python3.10/dist-packages/vllm_hcu/v1/hcu_model_runner.py00 "00 , line 00 602400  in 00 profile_run00 
[36m(vLLMHttpServer pid=36528)[0m 
[36m(vLLMHttpServer pid=36528)[0m   File 00 "00 /usr/local/lib/python3.10/dist-packages/vllm/v1/worker/gpu_worker.py00 "00 , line 00 38800  in 00 determine_available_memory00 
[36m(vLLMHttpServer pid=36528)[0m 03   File 00 "00 /usr/local/lib/python3.10/dist-packages/torch/utils/_contextlib.py00 "00 , line 00 12400  in 00 decorate_context
[36m(vLLMHttpServer pid=36528)[0m 
[36m(vLLMHttpServer pid=36528)[0m 00   File fc "bc /usr/local/lib/python3.10/dist-packages/vllm/v1/executor/multiproc_executor.pye7 "db , line 7f 92700  in 00 worker_busy_loop00 
[36m(vLLMHttpServer pid=36528)[0m 46   File be "e7 /usr/local/lib/python3.10/dist-packages/vllm/v1/executor/multiproc_executor.pydb "7f , line 00 84300  in 
[36m(vLLMHttpServer pid=36528)[0m worker_main00 
[36m(vLLMHttpServer pid=36528)[0m 86   File bd "e7 /usr/lib/python3.10/multiprocessing/process.pydb "7f , line 00 10800  in 00 run06 
[36m(vLLMHttpServer pid=36528)[0m be   File e7 "db /usr/lib/python3.10/multiprocessing/process.py7f "00 , line 00 314
[36m(vLLMHttpServer pid=36528)[0m  in 00 _bootstrap84 
[36m(vLLMHttpServer pid=36528)[0m bd   File e7 "db /usr/lib/python3.10/multiprocessing/spawn.py7f "00 , line 00 12900  in fe _mainbc 
[36m(vLLMHttpServer pid=36528)[0m e7   File db "7f /usr/lib/python3.10/multiprocessing/spawn.py00 "00 , line 
[36m(vLLMHttpServer pid=36528)[0m 11600  in 82 spawn_mainbd 
[36m(vLLMHttpServer pid=36528)[0m e7   File db "7f <string>00 "00 , line 10 100  in 00 <module>00 
[36m(vLLMHttpServer pid=36528)[0m 00 00 00 00 
[36m(vLLMHttpServer pid=36528)[0m 00 00 00 00 00 00 00 00 00 00 00 00 00 00 00 00 
[36m(vLLMHttpServer pid=36528)[0m 00 80 b6 01 30 02 00 00 01 00 00 00 00 00 00 00 
[36m(vLLMHttpServer pid=36528)[0m 00 80 b6 01 30 02 00 00 01 00 00 00 00 00 00 00 
[36m(vLLMHttpServer pid=36528)[0m 00 00 00 04 00 00 00 00 00 00 40 de 96 7f 00 00 
[36m(vLLMHttpServer pid=36528)[0m 00 fc bc e7 db 7f 00 00 00 46 be e7 db 7f 00 00 
[36m(vLLMHttpServer pid=36528)[0m 00 86 bd e7 db 7f 00 00 00 06 be e7 db 7f 00 00 
[36m(vLLMHttpServer pid=36528)[0m 00 84 bd e7 
[36m(vLLMHttpServer pid=36528)[0m Extension modules: db msgpack._cmsgpack7f 00 00 00 fe bc e7 db , 7f google._upb._message00 00 
[36m(vLLMHttpServer pid=36528)[0m 00 82 bd e7 db 7f , 00 psutil._psutil_linux00 
[36m(vLLMHttpServer pid=36528)[0m 
[36m(vLLMHttpServer pid=36528)[0m HOSTQUEUE <0x559dacd2a9c0>: >>>>>>>> DUMP KERNEL ARGS PTR INFO <<<<<<<<<
[36m(vLLMHttpServer pid=36528)[0m HOSTQUEUE <0x559dacd2a9c0>: ptr arg index: 6, ptr: 0x7fdbe7be8a00
[36m(vLLMHttpServer pid=36528)[0m HOSTQUEUE <0x559dacd2a9c0>: origin ptr: 0x7fdbe7a00000, size byte: 2097152
[36m(vLLMHttpServer pid=36528)[0m , HOSTQUEUE <0x559dacd2a9c0>: ptr arg index: 18, ptr: 0x7fdbe7bcfc00
[36m(vLLMHttpServer pid=36528)[0m charset_normalizer.mdHOSTQUEUE <0x559dacd2a9c0>: origin ptr: 0x7fdbe7a00000, size byte: 2097152
[36m(vLLMHttpServer pid=36528)[0m HOSTQUEUE <0x559dacd2a9c0>: ptr arg index: 19, ptr: 0x7fdbe7be4600
[36m(vLLMHttpServer pid=36528)[0m HOSTQUEUE <0x559dacd2a9c0>: origin ptr: 0x7fdbe7a00000, size byte: 2097152
[36m(vLLMHttpServer pid=36528)[0m HOSTQUEUE <0x559dacd2a9c0>: ptr arg index: 20, ptr: 0x7fdbe7bd8600
[36m(vLLMHttpServer pid=36528)[0m HOSTQUEUE <0x559dacd2a9c0>: origin ptr: 0x7fdbe7a00000, size byte: 2097152
[36m(vLLMHttpServer pid=36528)[0m HOSTQUEUE <0x559dacd2a9c0>: ptr arg index: 21, ptr: 0x7fdbe7be0600
[36m(vLLMHttpServer pid=36528)[0m HOSTQUEUE <0x559dacd2a9c0>: origin ptr: 0x7fdbe7a00000, size byte: 2097152
[36m(vLLMHttpServer pid=36528)[0m HOSTQUEUE <0x559dacd2a9c0>: ptr arg index: 22, ptr: 0x7fdbe7bd8400
[36m(vLLMHttpServer pid=36528)[0m , HOSTQUEUE <0x559dacd2a9c0>: origin ptr: 0x7fdbe7a00000, size byte: 2097152
[36m(vLLMHttpServer pid=36528)[0m charset_normalizer.cdHOSTQUEUE <0x559dacd2a9c0>: ptr arg index: 23, ptr: 0x7fdbe7bcfe00
[36m(vLLMHttpServer pid=36528)[0m HOSTQUEUE <0x559dacd2a9c0>: origin ptr: 0x7fdbe7a00000, size byte: 2097152
[36m(vLLMHttpServer pid=36528)[0m HOSTQUEUE <0x559dacd2a9c0>: ptr arg index: 24, ptr: 0x7fdbe7bd8200
[36m(vLLMHttpServer pid=36528)[0m HOSTQUEUE <0x559dacd2a9c0>: origin ptr: 0x7fdbe7a00000, size byte: 2097152
[36m(vLLMHttpServer pid=36528)[0m HOSTQUEUE <0x559dacd2a9c0>: ptr arg index: 33, ptr: 0x7f96de400000
[36m(vLLMHttpServer pid=36528)[0m HOSTQUEUE <0x559dacd2a9c0>: origin ptr: 0x7f96d5800000, size byte: 603979776
[36m(vLLMHttpServer pid=36528)[0m HOSTQUEUE <0x559dacd2a9c0>: ptr arg index: 34, ptr: 0x7fdbe7bcfc00
[36m(vLLMHttpServer pid=36528)[0m HOSTQUEUE <0x559dacd2a9c0>: origin ptr: 0x7fdbe7a00000, size byte: 2097152
[36m(vLLMHttpServer pid=36528)[0m HOSTQUEUE <0x559dacd2a9c0>: ptr arg index: 35, ptr: 0x7fdbe7be4600
[36m(vLLMHttpServer pid=36528)[0m HOSTQUEUE <0x559dacd2a9c0>: origin ptr: 0x7fdbe7a00000, size byte: 2097152
[36m(vLLMHttpServer pid=36528)[0m HOSTQUEUE <0x559dacd2a9c0>: ptr arg index: 36, ptr: 0x7fdbe7bd8600
[36m(vLLMHttpServer pid=36528)[0m HOSTQUEUE <0x559dacd2a9c0>: origin ptr: 0x7fdbe7a00000, size byte: 2097152
[36m(vLLMHttpServer pid=36528)[0m HOSTQUEUE <0x559dacd2a9c0>: ptr arg index: 37, ptr: 0x7fdbe7be0600
[36m(vLLMHttpServer pid=36528)[0m HOSTQUEUE <0x559dacd2a9c0>: origin ptr: 0x7fdbe7a00000, size byte: 2097152
[36m(vLLMHttpServer pid=36528)[0m HOSTQUEUE <0x559dacd2a9c0>: ptr arg index: 38, ptr: 0x7fdbe7bd8400
[36m(vLLMHttpServer pid=36528)[0m , HOSTQUEUE <0x559dacd2a9c0>: origin ptr: 0x7fdbe7a00000, size byte: 2097152
[36m(vLLMHttpServer pid=36528)[0m requests.packages.charset_normalizer.mdHOSTQUEUE <0x559dacd2a9c0>: ptr arg index: 39, ptr: 0x7fdbe7bcfe00
[36m(vLLMHttpServer pid=36528)[0m HOSTQUEUE <0x559dacd2a9c0>: origin ptr: 0x7fdbe7a00000, size byte: 2097152
[36m(vLLMHttpServer pid=36528)[0m HOSTQUEUE <0x559dacd2a9c0>: ptr arg index: 40, ptr: 0x7fdbe7bd8200
[36m(vLLMHttpServer pid=36528)[0m , HOSTQUEUE <0x559dacd2a9c0>: origin ptr: 0x7fdbe7a00000, size byte: 2097152
[36m(vLLMHttpServer pid=36528)[0m requests.packages.chardet.md
[36m(vLLMHttpServer pid=36528)[0m HOSTQUEUE <0x559dacd2a9c0>: >>>>>>>> DUMP AQL 0x7fdc94378000 PACKET WITH INDEX 84426 <<<<<<<<<
[36m(vLLMHttpServer pid=36528)[0m HOSTQUEUE <0x559dacd2a9c0>: >>>>>>>> MATCH KERNEL COMMAND <<<<<<<<<
[36m(vLLMHttpServer pid=36528)[0m HOSTQUEUE <0x559dacd2a9c0>: header: 0xb02
[36m(vLLMHttpServer pid=36528)[0m , HOSTQUEUE <0x559dacd2a9c0>: setup: 3
[36m(vLLMHttpServer pid=36528)[0m requests.packages.charset_normalizer.cdHOSTQUEUE <0x559dacd2a9c0>: workgroup: x:256, y:1, z:1
[36m(vLLMHttpServer pid=36528)[0m HOSTQUEUE <0x559dacd2a9c0>: grid: x:8192, y:1, z:1
[36m(vLLMHttpServer pid=36528)[0m , HOSTQUEUE <0x559dacd2a9c0>: group_segment_size: 0
[36m(vLLMHttpServer pid=36528)[0m requests.packages.chardet.cdHOSTQUEUE <0x559dacd2a9c0>: private_segment_size: 0
[36m(vLLMHttpServer pid=36528)[0m HOSTQUEUE <0x559dacd2a9c0>: completion_signal: 0x0
[36m(vLLMHttpServer pid=36528)[0m HOSTQUEUE <0x559dacd2a9c0>: kernel_object: 0x7fdc847dbf40
[36m(vLLMHttpServer pid=36528)[0m HOSTQUEUE <0x559dacd2a9c0>: device id: 1
[36m(vLLMHttpServer pid=36528)[0m , yaml._yaml, uvloop.loop, ray._raylet, numpy._core._multiarray_umath, numpy.linalg._umath_linalg, torch._C, torch._C._dynamo.autograd_compiler, torch._C._dynamo.eval_frame, torch._C._dynamo.guards, torch._C._dynamo.utils, torch._C._fft, torch._C._linalg, torch._C._nested, torch._C._nn, torch._C._sparse, torch._C._special, numpy.random._common, numpy.random.bit_generator, numpy.random._bounded_integers, numpy.random._mt19937, numpy.random.mtrand, numpy.random._philox, numpy.random._pcg64, numpy.random._sfc64, numpy.random._generator, regex._regex, xxhash._xxhash, zstandard.backend_c, markupsafe._speedups, PIL._imaging, PIL._imagingft, av._core, av.logging, av.buffer, av.audio.format, av.error, av.dictionary, av.container.pyio, av.format, av.index, av.utils, av.stream, av.container.streams, av.sidedata.encparams, av.sidedata.motionvectors, av.sidedata.sidedata, av.opaque, av.packet, av.container.input, av.container.output, av.container.core, av.codec.context, av.video.format, av.video.reformatter, av.plane, av.video.plane, av.video.frame, av.video.stream, av.codec.hwaccel, av.codec.codec, av.frame, av.audio.layout, av.audio.plane, av.audio.frame, av.audio.stream, av.filter.link, av.filter.context, av.filter.graph, av.filter.filter, av.filter.loudnorm, av.audio.resampler, av.audio.codeccontext, av.audio.fifo, av.bitstream, av.device, av.video.codeccontext, _cffi_backend, scipy._lib._ccallback_c, scipy.linalg._fblas, scipy.linalg._flapack, scipy.linalg.cython_lapack, scipy.linalg._cythonized_array_utils, scipy.linalg._solve_toeplitz, scipy.linalg._decomp_lu_cython, scipy.linalg._matfuncs_sqrtm_triu, scipy.linalg._matfuncs_expm, scipy.linalg._linalg_pythran, scipy.linalg.cython_blas, scipy.linalg._decomp_update, scipy.sparse._sparsetools, _csparsetools, scipy.sparse._csparsetools, scipy.sparse.linalg._dsolve._superlu, scipy.sparse.linalg._eigen.arpack._arpack, scipy.sparse.linalg._propack._spropack, scipy.sparse.linalg._propack._dpropack, scipy.sparse.linalg._propack._cpropack, scipy.sparse.linalg._propack._zpropack, scipy.sparse.csgraph._tools, scipy.sparse.csgraph._shortest_path, scipy.sparse.csgraph._traversal, scipy.sparse.csgraph._min_spanning_tree, scipy.sparse.csgraph._flow, scipy.sparse.csgraph._matching, scipy.sparse.csgraph._reordering, scipy.optimize._group_columns, scipy._lib.messagestream, scipy.optimize._trlib._trlib, scipy.optimize._lbfgsb, _moduleTNC, scipy.optimize._moduleTNC, scipy.optimize._cobyla, scipy.optimize._slsqp, scipy.optimize._minpack, scipy.optimize._lsq.givens_elimination, scipy.optimize._zeros, scipy.optimize._cython_nnls, scipy._lib._uarray._uarray, scipy.special._ufuncs_cxx, scipy.special._ufuncs, scipy.special._specfun, scipy.special._comb, scipy.special._ellip_harm_2, scipy.linalg._decomp_interpolative, scipy.optimize._bglu_dense, scipy.optimize._lsap, scipy.spatial._ckdtree, scipy.spatial._qhull, scipy.spatial._voronoi, scipy.spatial._distance_wrap, scipy.spatial._hausdorff, scipy.spatial.transform._rotation, scipy.optimize._direct, sentencepiece._sentencepiece, multidict._multidict, yarl._quoting_c, propcache._helpers_c, aiohttp._http_writer, aiohttp._http_parser, aiohttp._websocket.mask, aiohttp._websocket.reader_c, frozenlist._frozenlist, zmq.backend.cython._zmq, msgspec._core, grpc._cython.cygrpc, pybase64._pybase64, scipy.signal._sigtools, scipy.signal._max_len_seq_inner, scipy.signal._upfirdn_apply, scipy.signal._spline, scipy.interpolate._fitpack, scipy.interpolate._dfitpack, scipy.interpolate._dierckx, scipy.interpolate._ppoly, scipy.interpolate._interpnd, scipy.interpolate._rbfinterp_pythran, scipy.interpolate._rgi_cython, scipy.interpolate._bspl, scipy.ndimage._nd_image, scipy.ndimage._rank_filter_1d, _ni_label, scipy.ndimage._ni_label, scipy.signal._sosfilt, scipy.integrate._odepack, scipy.integrate._quadpack, scipy.integrate._vode, scipy.integrate._dop, scipy.integrate._lsoda, scipy.special.cython_special, scipy.stats._stats, scipy.stats._sobol, scipy.stats._qmc_cy, scipy.stats._biasedurn, scipy.stats._stats_pythran, scipy.stats._levy_stable.levyst, scipy.stats._ansari_swilk_statistics, scipy.stats._mvn, scipy.stats._rcont.rcont, scipy.signal._peak_finding_utils, hiredis.hiredis, cuda.bindings._bindings.cydriver, cuda.bindings.cydriver, cuda.bindings.driver, tvm_ffi.core, pyarrow.lib, pandas._libs.tslibs.ccalendar, pandas._libs.tslibs.np_datetime, pandas._libs.tslibs.dtypes, pandas._libs.tslibs.base, pandas._libs.tslibs.nattype, pandas._libs.tslibs.timezones, pandas._libs.tslibs.fields, pandas._libs.tslibs.timedeltas, pandas._libs.tslibs.tzconversion, pandas._libs.tslibs.timestamps, pandas._libs.properties, pandas._libs.tslibs.offsets, pandas._libs.tslibs.strptime, pandas._libs.tslibs.parsing, pandas._libs.tslibs.conversion, pandas._libs.tslibs.period, pandas._libs.tslibs.vectorized, pandas._libs.ops_dispatch, pandas._libs.missing, pandas._libs.hashtable, pandas._libs.algos, pandas._libs.interval, pandas._libs.lib, pyarrow._compute, pandas._libs.ops, pandas._libs.hashing, pandas._libs.arrays, pandas._libs.tslib, pandas._libs.sparse, pandas._libs.internals, pandas._libs.indexing, pandas._libs.index, pandas._libs.writers, pandas._libs.join, pandas._libs.window.aggregations, pandas._libs.window.indexers, pandas._libs.reshape, pandas._libs.groupby, pandas._libs.json, pandas._libs.parsers, pandas._libs.testing, cuda.bindings._internal.utils, cuda.bindings._internal.nvrtc, cuda.bindings.cynvrtc, cuda.bindings._internal.nvvm, cuda.bindings.cynvvm, cuda.bindings._internal.nvjitlink, cuda.bindings.cynvjitlink, cuda.bindings.nvrtc, cuda.bindings._bindings.cyruntime_ptds, cuda.bindings._bindings.cyruntime, cuda.bindings.cyruntime, cuda.bindings.runtime, cuda.bindings.nvvm, cuda.bindings.nvjitlink
[36m(vLLMHttpServer pid=36528)[0m , cuda.core._utils.cuda_utils, cuda.core._utils.version, cuda.core._resource_handles, cuda.core._device_resources, cuda.core._event, cuda.core._stream, cuda.core._context, cuda.bindings._internal.nvml, cuda.bindings.cynvml, cuda.bindings.nvml, cuda.core.system._nvml_context, cuda.core.system._system, cuda.core.system._device, cuda.core.system._system_events, cuda.core.cu13.system._system, cuda.core.cu13.system._device, cuda.core.cu13.system._system_events, cuda.core._layout, cuda.core._dlpack, cuda.core._memory._ipc, cuda.core._memory._memory_pool, cuda.core._memory._peer_access_utils, cuda.core._memory._device_memory_resource, cuda.core._memory._pinned_memory_resource, cuda.core._device, cuda.core._memory._buffer, cuda.core._memory._graph_memory_resource, cuda.core._memory._managed_memory_resource, cuda.core._memoryview, cuda.core._launch_config, cuda.core._linker, cuda.core._program, cuda.core._module, cuda.core._graphics, cuda.core._tensor_map, cuda.core.graph._utils, cuda.core.graph._subclasses, cuda.core.graph._adjacency_set_proxy, cuda.core.graph._graph_node, cuda.core.graph._graph_definition, cuda.core.graph._graph_builder, cuda.core._kernel_arg_handler, cuda.core._launcher, cuda.core.experimental._stream, cupy_backends.cuda._softlink, cupy_backends.cuda.api._runtime_enum, cupy_backends.cuda.api.runtime, cupy._util, cupy.cuda.device, cupy.cuda.memory_hook, cupy_backends.cuda.stream, cupy.cuda.graph, cupy.cuda.stream, cupy_backends.cuda.api._driver_enum, cupy_backends.cuda.api.driver, cupy.cuda.memory, cupy._core.internal, cupy._core._carray, cupy._core._dtype, cupy._core._scalar, cupy.cuda.texture, cupy.cuda.function, cupy_backends.cuda.libs.nvrtc, cupy.cuda.pinned_memory, cupy.cuda.common, cupy.cuda.cub, cupy_backends.cuda.libs.nvtx, cupy.cuda.thrust, cupy._core._accelerator, cupy._core._memory_range, cupy._core._fusion_thread_local, cupy._core._kernel, cupy._core._routines_manipulation, cupy._core._routines_binary, cupy._core._optimize_config, cupy._core._cub_reduction, cupy._core._reduction, cupy._core._routines_math, cupy._core._routines_indexing, cupy._core._routines_linalg, cupy._core._routines_logic, cupy._core._routines_sorting, cupy._core._routines_statistics, cupy._core.dlpack, cupy._core.flags, cupy._core.core, cupy._core._fusion_variable, cupy._core._fusion_trace, cupy._core._fusion_kernel, cupy._core.new_fusion, cupy._core.fusion, cupy._core.raw, cupy.fft._cache, cupy.fft._callback, cupy.random._generator_api, cupy.random._bit_generator, cupy.lib._polynomial, hip_utils, _xxsubinterpreters, tilelang_cython_wrapper, setproctitle._setproctitle, vllm.cumem_allocator, __triton_launcher (total: 352)
[36m(vLLMHttpServer pid=36528)[0m 
[36m(vLLMHttpServer pid=36528)[0m HOSTQUEUE <0x559dacd2a9c0>: >>>>>>>> FIND MATCH KERNEL DETAILS <<<<<<<<<
[36m(vLLMHttpServer pid=36528)[0m HOSTQUEUE <0x559dacd2a9c0>: kernel name: _ZN2at6native12_GLOBAL__N_143distribution_elementwise_grid_stride_kernelIfLi4EZNS0_9templates4cuda20normal_and_transformIN3c108BFloat16EfPNS_17CUDAGeneratorImplEZZZNS4_13normal_kernelIS9_EEvRKNS_10TensorBaseEddT_ENKUlvE_clEvENKUlvE2_clEvEUlfE_EEvRNS_18TensorIteratorBaseET1_T2_EUlP25hiprandStatePhilox4_32_10E0_ZNS1_27distribution_nullary_kernelIS7_f15HIP_vector_typeIfLj4EES9_SO_SH_EEvSJ_SL_RKT3_T4_EUlifE_EEvlNS_15PhiloxCudaStateESK_SL_
[36m(vLLMHttpServer pid=36528)[0m HOSTQUEUE <0x559dacd2a9c0>: >>>>>>>> DUMP KERNEL ARGS: size: 328 <<<<<<<<<
[36m(vLLMHttpServer pid=36528)[0m 
[36m(vLLMHttpServer pid=36528)[0m 00 20 00 00 00 00 00 00 00 00 00 00 00 00 00 00 
[36m(vLLMHttpServer pid=36528)[0m 04 01 00 00 00 00 00 00 00 00 00 00 00 00 00 00 
[36m(vLLMHttpServer pid=36528)[0m 00 00 00 00 00 00 00 00 00 00 00 00 00 00 00 00 
[36m(vLLMHttpServer pid=36528)[0m 00 ca be e7 db 7f 00 00 02 00 00 00 00 00 00 00 
[36m(vLLMHttpServer pid=36528)[0m 00 00 80 3f 00 00 00 00 20 00 00 00 01 00 00 00 
[36m(vLLMHttpServer pid=36528)[0m 01 00 00 00 00 01 01 00 01 00 00 00 00 00 00 00 
[36m(vLLMHttpServer pid=36528)[0m 00 00 00 00 00 00 00 00 00 00 00 00 00 00 00 00 
[36m(vLLMHttpServer pid=36528)[0m 00 00 00 00 00 00 00 00 00 00 00 00 00 00 00 00 
[36m(vLLMHttpServer pid=36528)[0m 00 00 00 00 00 00 00 00 03 00 00 00 00 00 00 00 
[36m(vLLMHttpServer pid=36528)[0m 00 00 00 00 00 00 00 00 00 00 00 00 00 00 00 00 
[36m(vLLMHttpServer pid=36528)[0m 00 00 00 00 00 00 00 00 00 00 00 00 00 00 00 00 
[36m(vLLMHttpServer pid=36528)[0m 00 00 00 00 00 00 00 00 00 00 00 00 00 00 00 00 
[36m(vLLMHttpServer pid=36528)[0m 00 00 00 00 00 00 00 00 00 00 00 00 02 00 00 00 
[36m(vLLMHttpServer pid=36528)[0m 02 00 00 00 00 02 00 00 00 14 00 00 00 00 00 00 
[36m(vLLMHttpServer pid=36528)[0m 00 00 00 00 00 00 00 00 00 00 00 00 00 00 00 00 
[36m(vLLMHttpServer pid=36528)[0m 00 00 00 00 00 00 00 00 00 00 00 00 00 00 00 00 
[36m(vLLMHttpServer pid=36528)[0m 00 00 00 00 00 00 00 00 00 00 00 00 00 00 00 00 
[36m(vLLMHttpServer pid=36528)[0m 00 00 00 00 00 00 00 00 00 00 00 00 00 00 00 00 
[36m(vLLMHttpServer pid=36528)[0m 00 00 00 00 00 00 00 00 00 00 00 00 00 00 00 00 
[36m(vLLMHttpServer pid=36528)[0m 00 00 00 00 00 00 00 00 00 00 00 00 00 00 00 00 
[36m(vLLMHttpServer pid=36528)[0m 00 00 00 00 00 00 00 00 
[36m(vLLMHttpServer pid=36528)[0m 
[36m(vLLMHttpServer pid=36528)[0m HOSTQUEUE <0x559dacd2a9c0>: >>>>>>>> DUMP KERNEL ARGS PTR INFO <<<<<<<<<
[36m(vLLMHttpServer pid=36528)[0m HOSTQUEUE <0x559dacd2a9c0>: ptr arg index: 6, ptr: 0x7fdbe7beca00
[36m(vLLMHttpServer pid=36528)[0m HOSTQUEUE <0x559dacd2a9c0>: origin ptr: 0x7fdbe7a00000, size byte: 2097152
[36m(vLLMHttpServer pid=36528)[0m 
[36m(vLLMHttpServer pid=36528)[0m HOSTQUEUE <0x559dacd2a9c0>: >>>>>>>> DUMP AQL 0x7fdc94378000 PACKET WITH INDEX 84427 <<<<<<<<<
[36m(vLLMHttpServer pid=36528)[0m HOSTQUEUE <0x559dacd2a9c0>: >>>>>>>> MATCH KERNEL COMMAND <<<<<<<<<
[36m(vLLMHttpServer pid=36528)[0m HOSTQUEUE <0x559dacd2a9c0>: header: 0xb02
[36m(vLLMHttpServer pid=36528)[0m HOSTQUEUE <0x559dacd2a9c0>: setup: 3
[36m(vLLMHttpServer pid=36528)[0m HOSTQUEUE <0x559dacd2a9c0>: workgroup: x:256, y:1, z:1
[36m(vLLMHttpServer pid=36528)[0m HOSTQUEUE <0x559dacd2a9c0>: grid: x:16384, y:1, z:1
[36m(vLLMHttpServer pid=36528)[0m HOSTQUEUE <0x559dacd2a9c0>: group_segment_size: 0
[36m(vLLMHttpServer pid=36528)[0m HOSTQUEUE <0x559dacd2a9c0>: private_segment_size: 0
[36m(vLLMHttpServer pid=36528)[0m HOSTQUEUE <0x559dacd2a9c0>: completion_signal: 0x0
[36m(vLLMHttpServer pid=36528)[0m HOSTQUEUE <0x559dacd2a9c0>: kernel_object: 0x7fdc847dbf40
[36m(vLLMHttpServer pid=36528)[0m HOSTQUEUE <0x559dacd2a9c0>: device id: 1
[36m(vLLMHttpServer pid=36528)[0m 
[36m(vLLMHttpServer pid=36528)[0m HOSTQUEUE <0x559dacd2a9c0>: >>>>>>>> FIND MATCH KERNEL DETAILS <<<<<<<<<
[36m(vLLMHttpServer pid=36528)[0m HOSTQUEUE <0x559dacd2a9c0>: kernel name: _ZN2at6native12_GLOBAL__N_143distribution_elementwise_grid_stride_kernelIfLi4EZNS0_9templates4cuda20normal_and_transformIN3c108BFloat16EfPNS_17CUDAGeneratorImplEZZZNS4_13normal_kernelIS9_EEvRKNS_10TensorBaseEddT_ENKUlvE_clEvENKUlvE2_clEvEUlfE_EEvRNS_18TensorIteratorBaseET1_T2_EUlP25hiprandStatePhilox4_32_10E0_ZNS1_27distribution_nullary_kernelIS7_f15HIP_vector_typeIfLj4EES9_SO_SH_EEvSJ_SL_RKT3_T4_EUlifE_EEvlNS_15PhiloxCudaStateESK_SL_
[36m(vLLMHttpServer pid=36528)[0m HOSTQUEUE <0x559dacd2a9c0>: >>>>>>>> DUMP KERNEL ARGS: size: 328 <<<<<<<<<
[36m(vLLMHttpServer pid=36528)[0m 
[36m(vLLMHttpServer pid=36528)[0m 00 40 00 00 00 00 00 00 00 00 00 00 00 00 00 00 
[36m(vLLMHttpServer pid=36528)[0m 08 01 00 00 00 00 00 00 00 00 00 00 00 00 00 00 
[36m(vLLMHttpServer pid=36528)[0m 00 00 00 00 00 00 00 00 00 00 00 00 00 00 00 00 
[36m(vLLMHttpServer pid=36528)[0m 00 4a bf e7 db 7f 00 00 02 00 00 00 00 00 00 00 
[36m(vLLMHttpServer pid=36528)[0m 00 00 80 3f 00 00 00 00 40 00 00 00 01 00 00 00 
[36m(vLLMHttpServer pid=36528)[0m 01 00 00 00 00 01 01 00 01 00 00 00 00 00 00 00 
[36m(vLLMHttpServer pid=36528)[0m 00 00 00 00 00 00 00 00 00 00 00 00 00 00 00 00 
[36m(vLLMHttpServer pid=36528)[0m 00 00 00 00 00 00 00 00 00 00 00 00 00 00 00 00 
[36m(vLLMHttpServer pid=36528)[0m 00 00 00 00 00 00 00 00 03 00 00 00 00 00 00 00 
[36m(vLLMHttpServer pid=36528)[0m 00 00 00 00 00 00 00 00 00 00 00 00 00 00 00 00 
[36m(vLLMHttpServer pid=36528)[0m 00 00 00 00 00 00 00 00 00 00 00 00 00 00 00 00 
[36m(vLLMHttpServer pid=36528)[0m 00 00 00 00 00 00 00 00 00 00 00 00 00 00 00 00 
[36m(vLLMHttpServer pid=36528)[0m 00 00 00 00 00 00 00 00 00 00 00 00 02 00 00 00 
[36m(vLLMHttpServer pid=36528)[0m 02 00 00 00 00 02 00 00 00 14 00 00 00 00 00 00 
[36m(vLLMHttpServer pid=36528)[0m 00 00 00 00 00 00 00 00 00 00 00 00 00 00 00 00 
[36m(vLLMHttpServer pid=36528)[0m 00 00 00 00 00 00 00 00 00 00 00 00 00 00 00 00 
[36m(vLLMHttpServer pid=36528)[0m 00 00 00 00 00 00 00 00 00 00 00 00 00 00 00 00 
[36m(vLLMHttpServer pid=36528)[0m 00 00 00 00 00 00 00 00 00 00 00 00 00 00 00 00 
[36m(vLLMHttpServer pid=36528)[0m 00 00 00 00 00 00 00 00 00 00 00 00 00 00 00 00 
[36m(vLLMHttpServer pid=36528)[0m 00 00 00 00 00 00 00 00 00 00 00 00 00 00 00 00 
[36m(vLLMHttpServer pid=36528)[0m 00 00 00 00 00 00 00 00 
[36m(vLLMHttpServer pid=36528)[0m 
[36m(vLLMHttpServer pid=36528)[0m HOSTQUEUE <0x559dacd2a9c0>: >>>>>>>> DUMP KERNEL ARGS PTR INFO <<<<<<<<<
[36m(vLLMHttpServer pid=36528)[0m HOSTQUEUE <0x559dacd2a9c0>: ptr arg index: 6, ptr: 0x7fdbe7bf4a00
[36m(vLLMHttpServer pid=36528)[0m HOSTQUEUE <0x559dacd2a9c0>: origin ptr: 0x7fdbe7a00000, size byte: 2097152
[36m(vLLMHttpServer pid=36528)[0m 
[36m(vLLMHttpServer pid=36528)[0m HOSTQUEUE <0x559dacd2a9c0>: >>>>>>>> DUMP AQL 0x7fdc94378000 PACKET WITH INDEX 84428 <<<<<<<<<
[36m(vLLMHttpServer pid=36528)[0m HOSTQUEUE <0x559dacd2a9c0>: >>>>>>>> MATCH KERNEL COMMAND <<<<<<<<<
[36m(vLLMHttpServer pid=36528)[0m HOSTQUEUE <0x559dacd2a9c0>: header: 0xb02
[36m(vLLMHttpServer pid=36528)[0m HOSTQUEUE <0x559dacd2a9c0>: setup: 3
[36m(vLLMHttpServer pid=36528)[0m HOSTQUEUE <0x559dacd2a9c0>: workgroup: x:256, y:1, z:1
[36m(vLLMHttpServer pid=36528)[0m HOSTQUEUE <0x559dacd2a9c0>: grid: x:256, y:1, z:1
[36m(vLLMHttpServer pid=36528)[0m HOSTQUEUE <0x559dacd2a9c0>: group_segment_size: 0
[36m(vLLMHttpServer pid=36528)[0m HOSTQUEUE <0x559dacd2a9c0>: private_segment_size: 0
[36m(vLLMHttpServer pid=36528)[0m HOSTQUEUE <0x559dacd2a9c0>: completion_signal: 0x0
[36m(vLLMHttpServer pid=36528)[0m HOSTQUEUE <0x559dacd2a9c0>: kernel_object: 0x7fdc847dbf40
[36m(vLLMHttpServer pid=36528)[0m HOSTQUEUE <0x559dacd2a9c0>: device id: 1
[36m(vLLMHttpServer pid=36528)[0m 
[36m(vLLMHttpServer pid=36528)[0m HOSTQUEUE <0x559dacd2a9c0>: >>>>>>>> FIND MATCH KERNEL DETAILS <<<<<<<<<
[36m(vLLMHttpServer pid=36528)[0m HOSTQUEUE <0x559dacd2a9c0>: kernel name: _ZN2at6native12_GLOBAL__N_143distribution_elementwise_grid_stride_kernelIfLi4EZNS0_9templates4cuda20normal_and_transformIN3c108BFloat16EfPNS_17CUDAGeneratorImplEZZZNS4_13normal_kernelIS9_EEvRKNS_10TensorBaseEddT_ENKUlvE_clEvENKUlvE2_clEvEUlfE_EEvRNS_18TensorIteratorBaseET1_T2_EUlP25hiprandStatePhilox4_32_10E0_ZNS1_27distribution_nullary_kernelIS7_f15HIP_vector_typeIfLj4EES9_SO_SH_EEvSJ_SL_RKT3_T4_EUlifE_EEvlNS_15PhiloxCudaStateESK_SL_
[36m(vLLMHttpServer pid=36528)[0m HOSTQUEUE <0x559dacd2a9c0>: >>>>>>>> DUMP KERNEL ARGS: size: 328 <<<<<<<<<
[36m(vLLMHttpServer pid=36528)[0m 
[36m(vLLMHttpServer pid=36528)[0m 80 00 00 00 00 00 00 00 00 00 00 00 00 00 00 00 
[36m(vLLMHttpServer pid=36528)[0m 0c 01 00 00 00 00 00 00 00 00 00 00 00 00 00 00 
[36m(vLLMHttpServer pid=36528)[0m 00 00 00 00 00 00 00 00 00 00 00 00 00 00 00 00 
[36m(vLLMHttpServer pid=36528)[0m 00 de bf e7 db 7f 00 00 02 00 00 00 00 00 00 00 
[36m(vLLMHttpServer pid=36528)[0m 00 00 80 3f 00 00 00 00 01 00 00 00 01 00 00 00 
[36m(vLLMHttpServer pid=36528)[0m 01 00 00 00 00 01 01 00 01 00 00 00 00 00 00 00 
[36m(vLLMHttpServer pid=36528)[0m 00 00 00 00 00 00 00 00 00 00 00 00 00 00 00 00 
[36m(vLLMHttpServer pid=36528)[0m 00 00 00 00 00 00 00 00 00 00 00 00 00 00 00 00 
[36m(vLLMHttpServer pid=36528)[0m 00 00 00 00 00 00 00 00 03 00 00 
[36m(vLLMHttpServer pid=36528)[0m 00 
[36m(vLLMHttpServer pid=36528)[0m 00 
[36m(vLLMHttpServer pid=36528)[0m 00 
[36m(vLLMHttpServer pid=36528)[0m 00 00 
[36m(vLLMHttpServer pid=36528)[0m 
[36m(vLLMHttpServer pid=36528)[0m 00 fc bc e7 db 7f 00 00 00 46 be e7 db 7f 00 00 
[36m(vLLMHttpServer pid=36528)[0m 00 86 bd e7 db 7f 00 00 00 06 be e7 db 7f 00 00 
[36m(vLLMHttpServer pid=36528)[0m 00 84 bd e7 db 7f 00 00 00 fe bc e7 db 7f 00 00 
[36m(vLLMHttpServer pid=36528)[0m 00 82 bd e7 db 7f 00 00 10 00 00 00 00 00 00 00 
[36m(vLLMHttpServer pid=36528)[0m 00 00 00 00 00 00 00 00 00 00 00 00 00 00 00 00 
[36m(vLLMHttpServer pid=36528)[0m 00 00 00 00 00 00 00 00 00 00 00 00 00 00 00 00 
[36m(vLLMHttpServer pid=36528)[0m 00 00 00 00 00 00 00 00 00 00 00 00 00 00 00 00 
[36m(vLLMHttpServer pid=36528)[0m 00 40 bd e7 db 7f 00 00 00 7a bc e7 db 7f 00 00 
[36m(vLLMHttpServer pid=36528)[0m 00 fc bc e7 db 7f 00 00 00 46 be e7 db 7f 00 00 
[36m(vLLMHttpServer pid=36528)[0m 00 86 bd e7 db 7f 00 00 00 06 be e7 db 7f 00 00 
[36m(vLLMHttpServer pid=36528)[0m 00 84 bd e7 db 7f 00 00 00 fe bc e7 db 7f 00 00 
[36m(vLLMHttpServer pid=36528)[0m 00 82 bd e7 db 7f 00 00 
[36m(vLLMHttpServer pid=36528)[0m 
[36m(vLLMHttpServer pid=36528)[0m HOSTQUEUE <0x559dacd2a9c0>: >>>>>>>> DUMP KERNEL ARGS PTR INFO <<<<<<<<<
[36m(vLLMHttpServer pid=36528)[0m HOSTQUEUE <0x559dacd2a9c0>: ptr arg index: 6, ptr: 0x7fdbe7bfde00
[36m(vLLMHttpServer pid=36528)[0m HOSTQUEUE <0x559dacd2a9c0>: origin ptr: 0x7fdbe7a00000, size byte: 2097152
[36m(vLLMHttpServer pid=36528)[0m HOSTQUEUE <0x559dacd2a9c0>: ptr arg index: 18, ptr: 0x7fdbe7bcfc00
[36m(vLLMHttpServer pid=36528)[0m HOSTQUEUE <0x559dacd2a9c0>: origin ptr: 0x7fdbe7a00000, size byte: 2097152
[36m(vLLMHttpServer pid=36528)[0m HOSTQUEUE <0x559dacd2a9c0>: ptr arg index: 19, ptr: 0x7fdbe7be4600
[36m(vLLMHttpServer pid=36528)[0m HOSTQUEUE <0x559dacd2a9c0>: origin ptr: 0x7fdbe7a00000, size byte: 2097152
[36m(vLLMHttpServer pid=36528)[0m HOSTQUEUE <0x559dacd2a9c0>: ptr arg index: 20, ptr: 0x7fdbe7bd8600
[36m(vLLMHttpServer pid=36528)[0m HOSTQUEUE <0x559dacd2a9c0>: origin ptr: 0x7fdbe7a00000, size byte: 2097152
[36m(vLLMHttpServer pid=36528)[0m HOSTQUEUE <0x559dacd2a9c0>: ptr arg index: 21, ptr: 0x7fdbe7be0600
[36m(vLLMHttpServer pid=36528)[0m HOSTQUEUE <0x559dacd2a9c0>: origin ptr: 0x7fdbe7a00000, size byte: 2097152
[36m(vLLMHttpServer pid=36528)[0m HOSTQUEUE <0x559dacd2a9c0>: ptr arg index: 22, ptr: 0x7fdbe7bd8400
[36m(vLLMHttpServer pid=36528)[0m HOSTQUEUE <0x559dacd2a9c0>: origin ptr: 0x7fdbe7a00000, size byte: 2097152
[36m(vLLMHttpServer pid=36528)[0m HOSTQUEUE <0x559dacd2a9c0>: ptr arg index: 23, ptr: 0x7fdbe7bcfe00
[36m(vLLMHttpServer pid=36528)[0m HOSTQUEUE <0x559dacd2a9c0>: origin ptr: 0x7fdbe7a00000, size byte: 2097152
[36m(vLLMHttpServer pid=36528)[0m HOSTQUEUE <0x559dacd2a9c0>: ptr arg index: 24, ptr: 0x7fdbe7bd8200
[36m(vLLMHttpServer pid=36528)[0m HOSTQUEUE <0x559dacd2a9c0>: origin ptr: 0x7fdbe7a00000, size byte: 2097152
[36m(vLLMHttpServer pid=36528)[0m HOSTQUEUE <0x559dacd2a9c0>: ptr arg index: 32, ptr: 0x7fdbe7bd4000
[36m(vLLMHttpServer pid=36528)[0m HOSTQUEUE <0x559dacd2a9c0>: origin ptr: 0x7fdbe7a00000, size byte: 2097152
[36m(vLLMHttpServer pid=36528)[0m HOSTQUEUE <0x559dacd2a9c0>: ptr arg index: 33, ptr: 0x7fdbe7bc7a00
[36m(vLLMHttpServer pid=36528)[0m HOSTQUEUE <0x559dacd2a9c0>: origin ptr: 0x7fdbe7a00000, size byte: 2097152
[36m(vLLMHttpServer pid=36528)[0m HOSTQUEUE <0x559dacd2a9c0>: ptr arg index: 34, ptr: 0x7fdbe7bcfc00
[36m(vLLMHttpServer pid=36528)[0m HOSTQUEUE <0x559dacd2a9c0>: origin ptr: 0x7fdbe7a00000, size byte: 2097152
[36m(vLLMHttpServer pid=36528)[0m HOSTQUEUE <0x559dacd2a9c0>: ptr arg index: 35, ptr: 0x7fdbe7be4600
[36m(vLLMHttpServer pid=36528)[0m HOSTQUEUE <0x559dacd2a9c0>: origin ptr: 0x7fdbe7a00000, size byte: 2097152
[36m(vLLMHttpServer pid=36528)[0m HOSTQUEUE <0x559dacd2a9c0>: ptr arg index: 36, ptr: 0x7fdbe7bd8600
[36m(vLLMHttpServer pid=36528)[0m HOSTQUEUE <0x559dacd2a9c0>: origin ptr: 0x7fdbe7a00000, size byte: 2097152
[36m(vLLMHttpServer pid=36528)[0m HOSTQUEUE <0x559dacd2a9c0>: ptr arg index: 37, ptr: 0x7fdbe7be0600
[36m(vLLMHttpServer pid=36528)[0m HOSTQUEUE <0x559dacd2a9c0>: origin ptr: 0x7fdbe7a00000, size byte: 2097152
[36m(vLLMHttpServer pid=36528)[0m HOSTQUEUE <0x559dacd2a9c0>: ptr arg index: 38, ptr: 0x7fdbe7bd8400
[36m(vLLMHttpServer pid=36528)[0m HOSTQUEUE <0x559dacd2a9c0>: origin ptr: 0x7fdbe7a00000, size byte: 2097152
[36m(vLLMHttpServer pid=36528)[0m HOSTQUEUE <0x559dacd2a9c0>: ptr arg index: 39, ptr: 0x7fdbe7bcfe00
[36m(vLLMHttpServer pid=36528)[0m HOSTQUEUE <0x559dacd2a9c0>: origin ptr: 0x7fdbe7a00000, size byte: 2097152
[36m(vLLMHttpServer pid=36528)[0m HOSTQUEUE <0x559dacd2a9c0>: ptr arg index: 40, ptr: 0x7fdbe7bd8200
[36m(vLLMHttpServer pid=36528)[0m HOSTQUEUE <0x559dacd2a9c0>: origin ptr: 0x7fdbe7a00000, size byte: 2097152
[36m(vLLMHttpServer pid=36528)[0m 
[36m(vLLMHttpServer pid=36528)[0m HOSTQUEUE <0x559dacd2a9c0>: >>>>>>>> DUMP AQL 0x7fdc94378000 PACKET WITH INDEX 84429 <<<<<<<<<
[36m(vLLMHttpServer pid=36528)[0m HOSTQUEUE <0x559dacd2a9c0>: >>>>>>>> MATCH KERNEL COMMAND <<<<<<<<<
[36m(vLLMHttpServer pid=36528)[0m HOSTQUEUE <0x559dacd2a9c0>: header: 0xb02
[36m(vLLMHttpServer pid=36528)[0m HOSTQUEUE <0x559dacd2a9c0>: setup: 3
[36m(vLLMHttpServer pid=36528)[0m HOSTQUEUE <0x559dacd2a9c0>: workgroup: x:256, y:1, z:1
[36m(vLLMHttpServer pid=36528)[0m HOSTQUEUE <0x559dacd2a9c0>: grid: x:256, y:1, z:1
[36m(vLLMHttpServer pid=36528)[0m HOSTQUEUE <0x559dacd2a9c0>: group_segment_size: 0
[36m(vLLMHttpServer pid=36528)[0m HOSTQUEUE <0x559dacd2a9c0>: private_segment_size: 0
[36m(vLLMHttpServer pid=36528)[0m HOSTQUEUE <0x559dacd2a9c0>: completion_signal: 0x0
[36m(vLLMHttpServer pid=36528)[0m HOSTQUEUE <0x559dacd2a9c0>: kernel_object: 0x7fdc847dbf40
[36m(vLLMHttpServer pid=36528)[0m HOSTQUEUE <0x559dacd2a9c0>: device id: 1
[36m(vLLMHttpServer pid=36528)[0m 
[36m(vLLMHttpServer pid=36528)[0m HOSTQUEUE <0x5567c798de30>: >>>>>>>> FIND MATCH KERNEL DETAILS <<<<<<<<<
[36m(vLLMHttpServer pid=36528)[0m HOSTQUEUE <0x5567c798de30>: kernel name: Cijk_Ailk_Bljk_BBH_MT64x64x32_SE_AMAS3_BW_DTL0_BL1_DRB16_ALT_KME0_ETSP_EPS1_FL0_GRVW4_GSU1_ISA938_IU1_KME_GRCMn1_K1_KLA_LDL1_LRVW4_MAC_MMAC_BW1_MMAC_KM0_MMAC_KME1_NLCA1_NLCB1_OLDSR0_PGR1_PLR1_RK1_SU0_SUM0_SUS256_SVW4_TT4_4_TLM0_ULDSWM0_USFGRO0_USSB0_VAW2_VSn1_VW4_WG16_16_1_WGM8
[36m(vLLMHttpServer pid=36528)[0m HOSTQUEUE <0x5567c798de30>: >>>>>>>> DUMP KERNEL ARGS: size: 160 <<<<<<<<<
[36m(vLLMHttpServer pid=36528)[0m 
[36m(vLLMHttpServer pid=36528)[0m 00 00 02 00 00 00 00 00 00 80 00 00 00 00 00 00 
[36m(vLLMHttpServer pid=36528)[0m 00 00 00 01 00 00 00 00 00 fa b3 e4 13 7f 00 00 
[36m(vLLMHttpServer pid=36528)[0m 00 fa b3 e4 13 7f 00 00 00 20 ba 40 d3 7e 00 00 
[36m(vLLMHttpServer pid=36528)[0m 00 00 c0 d0 ce 7e 00 00 00 00 80 3f 00 00 00 00 
[36m(vLLMHttpServer pid=36528)[0m 10 00 00 00 01 00 00 00 10 00 00 00 01 00 00 00 
[36m(vLLMHttpServer pid=36528)[0m 10 00 00 00 01 00 00 00 00 08 00 00 01 00 00 00 
[36m(vLLMHttpServer pid=36528)[0m 10 00 00 00 00 20 00 00 01 00 00 00 00 08 00 00 
[36m(vLLMHttpServer pid=36528)[0m 00 00 00 00 01 00 00 00 80 00 00 00 10 00 00 00 
[36m(vLLMHttpServer pid=36528)[0m 08 00 00 00 01 00 00 10 00 00 00 00 00 00 00 00 
[36m(vLLMHttpServer pid=36528)[0m 00 00 00 00 00 00 00 00 00 00 00 00 00 00 00 00 
[36m(vLLMHttpServer pid=36528)[0m 
[36m(vLLMHttpServer pid=36528)[0m HOSTQUEUE <0x5567c798de30>: >>>>>>>> DUMP KERNEL ARGS PTR INFO <<<<<<<<<
[36m(vLLMHttpServer pid=36528)[0m HOSTQUEUE <0x5567c798de30>: ptr arg index: 3, ptr: 0x7f13e4b3fa00
[36m(vLLMHttpServer pid=36528)[0m HOSTQUEUE <0x5567c798de30>: origin ptr: 0x7f13e4a00000, size byte: 2097152
[36m(vLLMHttpServer pid=36528)[0m HOSTQUEUE <0x5567c798de30>: ptr arg index: 4, ptr: 0x7f13e4b3fa00
[36m(vLLMHttpServer pid=36528)[0m HOSTQUEUE <0x5567c798de30>: origin ptr: 0x7f13e4a00000, size byte: 2097152
[36m(vLLMHttpServer pid=36528)[0m HOSTQUEUE <0x5567c798de30>: ptr arg index: 5, ptr: 0x7ed340ba2000
[36m(vLLMHttpServer pid=36528)[0m HOSTQUEUE <0x5567c798de30>: origin ptr: 0x7ed340a00000, size byte: 2097152
[36m(vLLMHttpServer pid=36528)[0m HOSTQUEUE <0x5567c798de30>: ptr arg index: 6, ptr: 0x7eced0c00000
[36m(vLLMHttpServer pid=36528)[0m HOSTQUEUE <0x5567c798de30>: origin ptr: 0x7eced0c00000, size byte: 603979776
[36m(vLLMHttpServer pid=36528)[0m 
[36m(vLLMHttpServer pid=36528)[0m HOSTQUEUE <0x5567c798de30>: >>>>>>>> DUMP AQL 0x7f149015e000 PACKET WITH INDEX 84254 <<<<<<<<<
[36m(vLLMHttpServer pid=36528)[0m HOSTQUEUE <0x5567c798de30>: >>>>>>>> MATCH KERNEL COMMAND <<<<<<<<<
[36m(vLLMHttpServer pid=36528)[0m HOSTQUEUE <0x5567c798de30>: header: 0xb02
[36m(vLLMHttpServer pid=36528)[0m HOSTQUEUE <0x5567c798de30>: setup: 3
[36m(vLLMHttpServer pid=36528)[0m HOSTQUEUE <0x5567c798de30>: workgroup: x:128, y:1, z:1
[36m(vLLMHttpServer pid=36528)[0m HOSTQUEUE <0x5567c798de30>: grid: x:8192, y:1, z:1
[36m(vLLMHttpServer pid=36528)[0m HOSTQUEUE <0x5567c798de30>: group_segment_size: 0
[36m(vLLMHttpServer pid=36528)[0m HOSTQUEUE <0x5567c798de30>: private_segment_size: 0
[36m(vLLMHttpServer pid=36528)[0m HOSTQUEUE <0x5567c798de30>: completion_signal: 0x0
[36m(vLLMHttpServer pid=36528)[0m HOSTQUEUE <0x5567c798de30>: kernel_object: 0x7ed32e076600
[36m(vLLMHttpServer pid=36528)[0m HOSTQUEUE <0x5567c798de30>: device id: 3
[36m(vLLMHttpServer pid=36528)[0m 
[36m(vLLMHttpServer pid=36528)[0m HOSTQUEUE <0x559dacd2a9c0>: >>>>>>>> FIND MATCH KERNEL DETAILS <<<<<<<<<
[36m(vLLMHttpServer pid=36528)[0m HOSTQUEUE <0x559dacd2a9c0>: kernel name: _ZN2at6native12_GLOBAL__N_143distribution_elementwise_grid_stride_kernelIfLi4EZNS0_9templates4cuda20normal_and_transformIN3c108BFloat16EfPNS_17CUDAGeneratorImplEZZZNS4_13normal_kernelIS9_EEvRKNS_10TensorBaseEddT_ENKUlvE_clEvENKUlvE2_clEvEUlfE_EEvRNS_18TensorIteratorBaseET1_T2_EUlP25hiprandStatePhilox4_32_10E0_ZNS1_27distribution_nullary_kernelIS7_f15HIP_vector_typeIfLj4EES9_SO_SH_EEvSJ_SL_RKT3_T4_EUlifE_EEvlNS_15PhiloxCudaStateESK_SL_
[36m(vLLMHttpServer pid=36528)[0m HOSTQUEUE <0x559dacd2a9c0>: >>>>>>>> DUMP KERNEL ARGS: size: 328 <<<<<<<<<
[36m(vLLMHttpServer pid=36528)[0m 
[36m(vLLMHttpServer pid=36528)[0m 80 00 00 00 00 00 00 00 00 00 00 00 00 00 00 00 
[36m(vLLMHttpServer pid=36528)[0m 10 01 00 00 00 00 00 00 00 00 00 00 00 00 00 00 
[36m(vLLMHttpServer pid=36528)[0m 00 00 00 00 00 00 00 00 00 00 00 00 00 00 00 00 
[36m(vLLMHttpServer pid=36528)[0m 00 e8 bf e7 db 7f 00 00 02 00 00 00 00 00 00 00 
[36m(vLLMHttpServer pid=36528)[0m 00 00 80 3f 00 00 00 00 01 00 00 00 01 00 00 00 
[36m(vLLMHttpServer pid=36528)[0m 01 00 00 00 00 01 01 00 01 00 00 00 00 00 00 00 
[36m(vLLMHttpServer pid=36528)[0m 00 00 00 00 00 00 00 00 00 00 00 00 00 00 00 00 
[36m(vLLMHttpServer pid=36528)[0m 00 00 00 00 00 00 00 00 00 00 00 00 00 00 00 00 
[36m(vLLMHttpServer pid=36528)[0m 00 00 00 00 00 00 00 00 03 00 00 00 00 00 00 00 
[36m(vLLMHttpServer pid=36528)[0m 00 00 00 00 00 00 00 00 00 00 00 00 00 00 00 00 
[36m(vLLMHttpServer pid=36528)[0m 00 00 00 00 00 00 00 00 00 00 00 00 00 00 00 00 
[36m(vLLMHttpServer pid=36528)[0m 00 00 00 00 00 00 00 00 00 00 00 00 00 00 00 00 
[36m(vLLMHttpServer pid=36528)[0m 00 00 00 00 00 00 00 00 00 00 00 00 02 00 00 00 
[36m(vLLMHttpServer pid=36528)[0m 02 00 00 00 00 00 00 00 80 00 00 00 00 00 00 00 
[36m(vLLMHttpServer pid=36528)[0m 08 00 00 00 00 00 10 00 00 00 00 00 08 00 01 00 
[36m(vLLMHttpServer pid=36528)[0m 00 00 00 00 00 00 00 00 00 00 00 00 00 00 00 00 
[36m(vLLMHttpServer pid=36528)[0m 00 00 00 00 00 00 00 00 00 00 00 00 00 00 00 00 
[36m(vLLMHttpServer pid=36528)[0m 00 00 00 00 00 00 00 00 00 00 00 00 00 00 00 00 
[36m(vLLMHttpServer pid=36528)[0m 00 00 00 00 00 00 00 00 00 00 00 00 00 00 00 00 
[36m(vLLMHttpServer pid=36528)[0m 00 00 00 00 00 00 00 00 00 00 00 00 00 00 00 00 
[36m(vLLMHttpServer pid=36528)[0m 00 00 00 00 00 00 00 00 
[36m(vLLMHttpServer pid=36528)[0m 
[36m(vLLMHttpServer pid=36528)[0m HOSTQUEUE <0x559dacd2a9c0>: >>>>>>>> DUMP KERNEL ARGS PTR INFO <<<<<<<<<
[36m(vLLMHttpServer pid=36528)[0m HOSTQUEUE <0x559dacd2a9c0>: ptr arg index: 6, ptr: 0x7fdbe7bfe800
[36m(vLLMHttpServer pid=36528)[0m HOSTQUEUE <0x559dacd2a9c0>: origin ptr: 0x7fdbe7a00000, size byte: 2097152
[36m(vLLMHttpServer pid=36528)[0m 
[36m(vLLMHttpServer pid=36528)[0m HOSTQUEUE <0x559dacd2a9c0>: >>>>>>>> DUMP AQL 0x7fdc94378000 PACKET WITH INDEX 84430 <<<<<<<<<
[36m(vLLMHttpServer pid=36528)[0m HOSTQUEUE <0x559dacd2a9c0>: >>>>>>>> MATCH KERNEL COMMAND <<<<<<<<<
[36m(vLLMHttpServer pid=36528)[0m HOSTQUEUE <0x559dacd2a9c0>: header: 0xb02
[36m(vLLMHttpServer pid=36528)[0m HOSTQUEUE <0x559dacd2a9c0>: setup: 3
[36m(vLLMHttpServer pid=36528)[0m HOSTQUEUE <0x559dacd2a9c0>: workgroup: x:256, y:1, z:1
[36m(vLLMHttpServer pid=36528)[0m HOSTQUEUE <0x559dacd2a9c0>: grid: x:32768, y:1, z:1
[36m(vLLMHttpServer pid=36528)[0m HOSTQUEUE <0x559dacd2a9c0>: group_segment_size: 0
[36m(vLLMHttpServer pid=36528)[0m HOSTQUEUE <0x559dacd2a9c0>: private_segment_size: 0
[36m(vLLMHttpServer pid=36528)[0m HOSTQUEUE <0x559dacd2a9c0>: completion_signal: 0x0
[36m(vLLMHttpServer pid=36528)[0m HOSTQUEUE <0x559dacd2a9c0>: kernel_object: 0x7fdbe782eb40
[36m(vLLMHttpServer pid=36528)[0m HOSTQUEUE <0x559dacd2a9c0>: device id: 1
[36m(vLLMHttpServer pid=36528)[0m 
[36m(vLLMHttpServer pid=36528)[0m HOSTQUEUE <0x559dacd2a9c0>: >>>>>>>> FIND MATCH KERNEL DETAILS <<<<<<<<<
[36m(vLLMHttpServer pid=36528)[0m HOSTQUEUE <0x559dacd2a9c0>: kernel name: _ZN2at6native29vectorized_elementwise_kernelILi4ENS0_11FillFunctorIfEESt5arrayIPcLm1EEEEviT0_T1_
[36m(vLLMHttpServer pid=36528)[0m HOSTQUEUE <0x559dacd2a9c0>: >>>>>>>> DUMP KERNEL ARGS: size: 16 <<<<<<<<<
[36m(vLLMHttpServer pid=36528)[0m 
[36m(vLLMHttpServer pid=36528)[0m 00 00 02 00 00 00 00 00 00 00 20 b0 97 7f 00 00 
[36m(vLLMHttpServer pid=36528)[0m 
[36m(vLLMHttpServer pid=36528)[0m HOSTQUEUE <0x559dacd2a9c0>: >>>>>>>> DUMP KERNEL ARGS PTR INFO <<<<<<<<<
[36m(vLLMHttpServer pid=36528)[0m HOSTQUEUE <0x559dacd2a9c0>: ptr arg index: 1, ptr: 0x7f97b0200000
[36m(vLLMHttpServer pid=36528)[0m HOSTQUEUE <0x559dacd2a9c0>: origin ptr: 0x7f97b0200000, size byte: 2097152
[36m(vLLMHttpServer pid=36528)[0m 
[36m(vLLMHttpServer pid=36528)[0m HOSTQUEUE <0x559dacd2a9c0>: >>>>>>>> DUMP AQL 0x7fdc94378000 PACKET WITH INDEX 84431 <<<<<<<<<
[36m(vLLMHttpServer pid=36528)[0m HOSTQUEUE <0x559dacd2a9c0>: >>>>>>>> MATCH BARRIER AND COMMAND <<<<<<<<<
[36m(vLLMHttpServer pid=36528)[0m HOSTQUEUE <0x559dacd2a9c0>: header: 0x1503
[36m(vLLMHttpServer pid=36528)[0m HOSTQUEUE <0x559dacd2a9c0>: dep_signal[0]: 0x0
[36m(vLLMHttpServer pid=36528)[0m HOSTQUEUE <0x559dacd2a9c0>: dep_signal[1]: 0x0
[36m(vLLMHttpServer pid=36528)[0m HOSTQUEUE <0x559dacd2a9c0>: dep_signal[2]: 0x0
[36m(vLLMHttpServer pid=36528)[0m HOSTQUEUE <0x559dacd2a9c0>: dep_signal[3]: 0x0
[36m(vLLMHttpServer pid=36528)[0m HOSTQUEUE <0x559dacd2a9c0>: dep_signal[4]: 0x0
[36m(vLLMHttpServer pid=36528)[0m HOSTQUEUE <0x559dacd2a9c0>: completion_signal: 0x7fe56a9f3f80
[36m(vLLMHttpServer pid=36528)[0m 
[36m(vLLMHttpServer pid=36528)[0m 
[36m(vLLMHttpServer pid=36528)[0m 
[36m(vLLMHttpServer pid=36528)[0m ===========================================================================================
[36m(vLLMHttpServer pid=36528)[0m =========> HOSTQUEUE <0x559da9c79080>: VMFault HSA QUEUE ANALYSIS <=========
[36m(vLLMHttpServer pid=36528)[0m HOSTQUEUE <0x559da9c79080>: base_address 0x7fdc94200000
[36m(vLLMHttpServer pid=36528)[0m HOSTQUEUE <0x559da9c79080>: hsa queue id 1, stream id 0
[36m(vLLMHttpServer pid=36528)[0m HOSTQUEUE <0x559da9c79080>: get hsa queue W/R ptr: write index: 941, read index: 941
[36m(vLLMHttpServer pid=36528)[0m HOSTQUEUE <0x559da9c79080>: all command executed
[36m(vLLMHttpServer pid=36528)[0m 
[36m(vLLMHttpServer pid=36528)[0m >>>>>>>> FOR DEVICE 0x559d5b8212f0 <<<<<<
[36m(vLLMHttpServer pid=36528)[0m 
[36m(vLLMHttpServer pid=36528)[0m 
[36m(vLLMHttpServer pid=36528)[0m >>>>>>>> FOR DEVICE 0x559d5b8221a0 <<<<<<
[36m(vLLMHttpServer pid=36528)[0m 
[36m(vLLMHttpServer pid=36528)[0m 
[36m(vLLMHttpServer pid=36528)[0m >>>>>>>> KERNEL VMFault Analysis END !!!! <<<<<<
[36m(vLLMHttpServer pid=36528)[0m 
[36m(vLLMHttpServer pid=36528)[0m =========> HW QUEUE INFO ANALYSIS <==========
[36m(vLLMHttpServer pid=36528)[0m Can't read for directory: /sys/kernel/debug/kfd/process
[36m(vLLMHttpServer pid=36528)[0m Please check mount/permission
[36m(vLLMHttpServer pid=36528)[0m Fatal Python error: Aborted
[36m(vLLMHttpServer pid=36528)[0m 
[36m(vLLMHttpServer pid=36528)[0m Thread 0x00007f9b1dffe640 (most recent call first):
[36m(vLLMHttpServer pid=36528)[0m   File "/usr/lib/python3.10/multiprocessing/connection.py", line 379 in _recv
[36m(vLLMHttpServer pid=36528)[0m   File "/usr/lib/python3.10/multiprocessing/connection.py", line 414 in _recv_bytes
[36m(vLLMHttpServer pid=36528)[0m   File "/usr/lib/python3.10/multiprocessing/connection.py", line 250 in recv
[36m(vLLMHttpServer pid=36528)[0m   File "/usr/local/lib/python3.10/dist-packages/vllm/v1/executor/multiproc_executor.py", line 757 in death_pipe_monitor
[36m(vLLMHttpServer pid=36528)[0m   File "/usr/lib/python3.10/threading.py", line 953 in run
[36m(vLLMHttpServer pid=36528)[0m   File "/usr/lib/python3.10/threading.py", line 1016 in _bootstrap_inner
[36m(vLLMHttpServer pid=36528)[0m   File "/usr/lib/python3.10/threading.py", line 973 in _bootstrap
[36m(vLLMHttpServer pid=36528)[0m 
[36m(vLLMHttpServer pid=36528)[0m Thread 0x00007f9b2e9ff640 (most recent call first):
[36m(vLLMHttpServer pid=36528)[0m   File "/usr/lib/python3.10/threading.py", line 324 in wait
[36m(vLLMHttpServer pid=36528)[0m   File "/usr/lib/python3.10/threading.py", line 607 in wait
[36m(vLLMHttpServer pid=36528)[0m   File "/usr/local/lib/python3.10/dist-packages/tqdm/_monitor.py", line 69 in run
[36m(vLLMHttpServer pid=36528)[0m   File "/usr/lib/python3.10/threading.py", line 1016 in _bootstrap_inner
[36m(vLLMHttpServer pid=36528)[0m   File "/usr/lib/python3.10/threading.py", line 973 in _bootstrap
[36m(vLLMHttpServer pid=36528)[0m 
[36m(vLLMHttpServer pid=36528)[0m Thread 0x00007fdc965b6640 (most recent call first):
[36m(vLLMHttpServer pid=36528)[0m   File "/usr/lib/python3.10/threading.py", line 320 in wait
[36m(vLLMHttpServer pid=36528)[0m   File "/usr/lib/python3.10/queue.py", line 171 in get
[36m(vLLMHttpServer pid=36528)[0m   File "/usr/local/lib/python3.10/dist-packages/vllm/v1/executor/multiproc_executor.py", line 911 in async_output_busy_loop
[36m(vLLMHttpServer pid=36528)[0m   File "/usr/lib/python3.10/threading.py", line 953 in run
[36m(vLLMHttpServer pid=36528)[0m   File "/usr/lib/python3.10/threading.py", line 1016 in _bootstrap_inner
[36m(vLLMHttpServer pid=36528)[0m   File "/usr/lib/python3.10/threading.py", line 973 in _bootstrap
[36m(vLLMHttpServer pid=36528)[0m 
[36m(vLLMHttpServer pid=36528)[0m Thread 0x00007fe6cae24740 (most recent call first):
[36m(vLLMHttpServer pid=36528)[0m   File "/usr/local/lib/python3.10/dist-packages/vllm/model_executor/models/qwen3_next.py", line 761 in _warmup_prefill_kernels
[36m(vLLMHttpServer pid=36528)[0m   File "/usr/local/lib/python3.10/dist-packages/vllm/model_executor/models/qwen3_next.py", line 808 in _forward_core
[36m(vLLMHttpServer pid=36528)[0m   File "/usr/local/lib/python3.10/dist-packages/vllm/model_executor/models/qwen3_next.py", line 1722 in gdn_attention_core
[36m(vLLMHttpServer pid=36528)[0m   File "/usr/local/lib/python3.10/dist-packages/torch/_ops.py", line 1209 in __call__
[36m(vLLMHttpServer pid=36528)[0m   File "/usr/local/lib/python3.10/dist-packages/vllm/model_executor/models/qwen3_5.py", line 206 in forward
[36m(vLLMHttpServer pid=36528)[0m   File "/usr/local/lib/python3.10/dist-packages/torch/nn/modules/module.py", line 1787 in _call_impl
[36m(vLLMHttpServer pid=36528)[0m   File "/usr/local/lib/python3.10/dist-packages/torch/nn/modules/module.py", line 1776 in _wrapped_call_impl
[36m(vLLMHttpServer pid=36528)[0m   File "/usr/local/lib/python3.10/dist-packages/vllm/model_executor/models/qwen3_next.py", line 1304 in forward
[36m(vLLMHttpServer pid=36528)[0m   File "/usr/local/lib/python3.10/dist-packages/torch/nn/modules/module.py", line 1787 in _call_impl
[36m(vLLMHttpServer pid=36528)[0m   File "/usr/local/lib/python3.10/dist-packages/torch/nn/modules/module.py", line 1776 in _wrapped_call_impl
[36m(vLLMHttpServer pid=36528)[0m   File "/usr/local/lib/python3.10/dist-packages/vllm/model_executor/models/qwen3_next.py", line 1420 in forward
[36m(vLLMHttpServer pid=36528)[0m   File "/usr/local/lib/python3.10/dist-packages/vllm/compilation/decorators.py", line 439 in __call__
[36m(vLLMHttpServer pid=36528)[0m   File "/usr/local/lib/python3.10/dist-packages/vllm/model_executor/models/qwen3_5.py", line 766 in forward
[36m(vLLMHttpServer pid=36528)[0m   File "/usr/local/lib/python3.10/dist-packages/torch/nn/modules/module.py", line 1787 in _call_impl
[36m(vLLMHttpServer pid=36528)[0m   File "/usr/local/lib/python3.10/dist-packages/torch/nn/modules/module.py", line 1776 in _wrapped_call_impl
[36m(vLLMHttpServer pid=36528)[0m   File "/usr/local/lib/python3.10/dist-packages/vllm_hcu/v1/hcu_model_runner.py", line 5718 in _dummy_run
[36m(vLLMHttpServer pid=36528)[0m   File "/usr/local/lib/python3.10/dist-packages/torch/utils/_contextlib.py", line 124 in decorate_context
[36m(vLLMHttpServer pid=36528)[0m   File "/usr/local/lib/python3.10/dist-packages/vllm_hcu/v1/hcu_model_runner.py", line 6024 in profile_run
[36m(vLLMHttpServer pid=36528)[0m   File "/usr/local/lib/python3.10/dist-packages/vllm/v1/worker/gpu_worker.py", line 388 in determine_available_memory
[36m(vLLMHttpServer pid=36528)[0m   File "/usr/local/lib/python3.10/dist-packages/torch/utils/_contextlib.py", line 124 in decorate_context
[36m(vLLMHttpServer pid=36528)[0m   File "/usr/local/lib/python3.10/dist-packages/vllm/v1/executor/multiproc_executor.py", line 927 in worker_busy_loop
[36m(vLLMHttpServer pid=36528)[0m   File "/usr/local/lib/python3.10/dist-packages/vllm/v1/executor/multiproc_executor.py", line 843 in worker_main
[36m(vLLMHttpServer pid=36528)[0m   File "/usr/lib/python3.10/multiprocessing/process.py", line 108 in run
[36m(vLLMHttpServer pid=36528)[0m   File "/usr/lib/python3.10/multiprocessing/process.py", line 314 in _bootstrap
[36m(vLLMHttpServer pid=36528)[0m   File "/usr/lib/python3.10/multiprocessing/spawn.py", line 129 in _main
[36m(vLLMHttpServer pid=36528)[0m   File "/usr/lib/python3.10/multiprocessing/spawn.py", line 116 in spawn_main
[36m(vLLMHttpServer pid=36528)[0m   File "<string>", line 1 in <module>
[36m(vLLMHttpServer pid=36528)[0m 
[36m(vLLMHttpServer pid=36528)[0m Extension modules: msgpack._cmsgpack, google._upb._message, psutil._psutil_linux, charset_normalizer.md, charset_normalizer.cd, requests.packages.charset_normalizer.md, requests.packages.chardet.md, requests.packages.charset_normalizer.cd, requests.packages.chardet.cd, yaml._yaml, uvloop.loop, ray._raylet, numpy._core._multiarray_umath, numpy.linalg._umath_linalg, torch._C, torch._C._dynamo.autograd_compiler, torch._C._dynamo.eval_frame, torch._C._dynamo.guards, torch._C._dynamo.utils, torch._C._fft, torch._C._linalg, torch._C._nested, torch._C._nn, torch._C._sparse, torch._C._special, numpy.random._common, numpy.random.bit_generator, numpy.random._bounded_integers, numpy.random._mt19937, numpy.random.mtrand, numpy.random._philox, numpy.random._pcg64, numpy.random._sfc64, numpy.random._generator, regex._regex, xxhash._xxhash, zstandard.backend_c, markupsafe._speedups, PIL._imaging, PIL._imagingft, av._core, av.logging, av.buffer, av.audio.format, av.error, av.dictionary, av.container.pyio, av.format, av.index, av.utils, av.stream, av.container.streams, av.sidedata.encparams, av.sidedata.motionvectors, av.sidedata.sidedata, av.opaque, av.packet, av.container.input, av.container.output, av.container.core, av.codec.context, av.video.format, av.video.reformatter, av.plane, av.video.plane, av.video.frame, av.video.stream, av.codec.hwaccel, av.codec.codec, av.frame, av.audio.layout, av.audio.plane, av.audio.frame, av.audio.stream, av.filter.link, av.filter.context, av.filter.graph, av.filter.filter, av.filter.loudnorm, av.audio.resampler, av.audio.codeccontext, av.audio.fifo, av.bitstream, av.device, av.video.codeccontext, _cffi_backend, scipy._lib._ccallback_c, scipy.linalg._fblas, scipy.linalg._flapack, scipy.linalg.cython_lapack, scipy.linalg._cythonized_array_utils, scipy.linalg._solve_toeplitz, scipy.linalg._decomp_lu_cython, scipy.linalg._matfuncs_sqrtm_triu, scipy.linalg._matfuncs_expm, scipy.linalg._linalg_pythran, scipy.linalg.cython_blas, scipy.linalg._decomp_update, scipy.sparse._sparsetools, _csparsetools, scipy.sparse._csparsetools, scipy.sparse.linalg._dsolve._superlu, scipy.sparse.linalg._eigen.arpack._arpack, scipy.sparse.linalg._propack._spropack, scipy.sparse.linalg._propack._dpropack, scipy.sparse.linalg._propack._cpropack, scipy.sparse.linalg._propack._zpropack, scipy.sparse.csgraph._tools, scipy.sparse.csgraph._shortest_path, scipy.sparse.csgraph._traversal, scipy.sparse.csgraph._min_spanning_tree, scipy.sparse.csgraph._flow, scipy.sparse.csgraph._matching, scipy.sparse.csgraph._reordering, scipy.optimize._group_columns, scipy._lib.messagestream, scipy.optimize._trlib._trlib
[36m(vLLMHttpServer pid=36528)[0m HOSTQUEUE <0x5567c798de30>: >>>>>>>> FIND MATCH KERNEL DETAILS <<<<<<<<<
[36m(vLLMHttpServer pid=36528)[0m , HOSTQUEUE <0x5567c798de30>: kernel name: _ZN2at6native32elementwise_kernel_manual_unrollILi128ELi8EZNS0_22gpu_kernel_impl_nocastIZZZNS0_23direct_copy_kernel_cudaERNS_18TensorIteratorBaseEENKUlvE1_clEvENKUlvE10_clEvEUlN3c108BFloat16EE_EEvS4_RKT_EUlibE_EEviT1_
[36m(vLLMHttpServer pid=36528)[0m scipy.optimize._lbfgsbHOSTQUEUE <0x5567c798de30>: >>>>>>>> DUMP KERNEL ARGS: size: 360 <<<<<<<<<
[36m(vLLMHttpServer pid=36528)[0m 
[36m(vLLMHttpServer pid=36528)[0m 00 , 00 _moduleTNC01 00 00 , 00 scipy.optimize._moduleTNC00 00 02 , 00 scipy.optimize._cobyla00 00 , 08 scipy.optimize._slsqp00 00 00 , 
[36m(vLLMHttpServer pid=36528)[0m scipy.optimize._minpack01 00 00 , 00 scipy.optimize._lsq.givens_elimination03 00 00 00 , 00 scipy.optimize._zeros20 00 00 , 01 scipy.optimize._cython_nnls00 00 00 
[36m(vLLMHttpServer pid=36528)[0m , 0d scipy._lib._uarray._uarray00 00 00 , 00 scipy.special._ufuncs_cxx00 00 00 , 00 scipy.special._ufuncs00 00 00 , 00 scipy.special._specfun00 00 00 , 
[36m(vLLMHttpServer pid=36528)[0m scipy.special._comb00 00 00 , 00 scipy.special._ellip_harm_200 00 00 00 , 00 scipy.linalg._decomp_interpolative00 00 00 , 00 scipy.optimize._bglu_dense00 00 , 00 scipy.optimize._lsap
[36m(vLLMHttpServer pid=36528)[0m 00 00 , 00 scipy.spatial._ckdtree00 00 00 , 00 scipy.spatial._qhull00 00 , 00 scipy.spatial._voronoi00 00 00 , 00 scipy.spatial._distance_wrap00 00 
[36m(vLLMHttpServer pid=36528)[0m , 00 scipy.spatial._hausdorff00 00 00 , 00 scipy.spatial.transform._rotation00 00 00 , 00 scipy.optimize._direct00 00 00 00 00 00 , 00 sentencepiece._sentencepiece
[36m(vLLMHttpServer pid=36528)[0m 00 00 00 00 00 00 00 00 , 00 multidict._multidict00 00 00 00 , 00 yarl._quoting_c00 00 
[36m(vLLMHttpServer pid=36528)[0m 00 , 00 propcache._helpers_c00 00 00 00 00 , 00 aiohttp._http_writer00 00 00 , 00 aiohttp._http_parser00 00 00 , 00 aiohttp._websocket.mask
[36m(vLLMHttpServer pid=36528)[0m 00 00 , 00 aiohttp._websocket.reader_c00 00 00 00 00 , 00 frozenlist._frozenlist00 00 00 00 00 , 00 zmq.backend.cython._zmq00 
[36m(vLLMHttpServer pid=36528)[0m 00 00 00 00 00 00 00 00 00 , 00 msgspec._core00 00 00 00 00 , 00 grpc._cython.cygrpc
[36m(vLLMHttpServer pid=36528)[0m 00 00 00 00 00 00 00 00 , 00 pybase64._pybase6400 00 00 00 , 00 scipy.signal._sigtools00 00 
[36m(vLLMHttpServer pid=36528)[0m , 00 scipy.signal._max_len_seq_inner00 00 00 , 00 scipy.signal._upfirdn_apply00 00 , 00 scipy.signal._spline00 00 00 , 00 scipy.interpolate._fitpack00 00 , 00 scipy.interpolate._dfitpack00 
[36m(vLLMHttpServer pid=36528)[0m 00 , 00 scipy.interpolate._dierckx00 00 00 , 00 scipy.interpolate._ppoly00 00 , 00 scipy.interpolate._interpnd00 00 00 , 02 scipy.interpolate._rbfinterp_pythran00 00 00 , 
[36m(vLLMHttpServer pid=36528)[0m scipy.interpolate._rgi_cython02 00 , 00 scipy.interpolate._bspl00 10 00 , 00 scipy.ndimage._nd_image00 20 00 , 00 scipy.ndimage._rank_filter_1d00 00 00 , 00 _ni_label00 
[36m(vLLMHttpServer pid=36528)[0m , 00 scipy.ndimage._ni_label00 00 00 , 00 scipy.signal._sosfilt00 00 00 , 00 scipy.integrate._odepack00 00 , 00 scipy.integrate._quadpack00 00 00 , 00 scipy.integrate._vode
[36m(vLLMHttpServer pid=36528)[0m 00 , 00 scipy.integrate._dop00 00 00 , 00 scipy.integrate._lsoda00 00 00 , 00 scipy.special.cython_special00 00 00 , 00 scipy.stats._stats00 00 
[36m(vLLMHttpServer pid=36528)[0m , 00 scipy.stats._sobol00 00 , 00 scipy.stats._qmc_cy00 00 00 , 00 scipy.stats._biasedurn00 00 , 00 scipy.stats._stats_pythran00 00 00 , 00 scipy.stats._levy_stable.levyst00 
[36m(vLLMHttpServer pid=36528)[0m 00 , 00 scipy.stats._ansari_swilk_statistics00 00 00 , 00 scipy.stats._mvn00 00 00 , 00 scipy.stats._rcont.rcont00 00 00 , 00 scipy.signal._peak_finding_utils00 00 
[36m(vLLMHttpServer pid=36528)[0m 00 00 00 00 00 00 00 00 00 , 00 hiredis.hiredis00 00 00 00 00 00 
[36m(vLLMHttpServer pid=36528)[0m 00 00 00 00 00 00 00 00 00 00 00 00 00 00 00 00 
[36m(vLLMHttpServer pid=36528)[0m 00 00 00 00 00 00 00 00 00 00 00 00 00 00 00 00 
[36m(vLLMHttpServer pid=36528)[0m 00 fa b7 e4 13 7f 00 00 00 fa b3 e4 13 7f 00 00 
[36m(vLLMHttpServer pid=36528)[0m 00 00 00 00 00 00 00 00 , 
[36m(vLLMHttpServer pid=36528)[0m 
[36m(vLLMHttpServer pid=36528)[0m cuda.bindings._bindings.cydriverHOSTQUEUE <0x5567c798de30>: >>>>>>>> DUMP KERNEL ARGS PTR INFO <<<<<<<<<
[36m(vLLMHttpServer pid=36528)[0m , cuda.bindings.cydriverHOSTQUEUE <0x5567c798de30>: ptr arg index: 42, ptr: 0x7f13e4b7fa00
[36m(vLLMHttpServer pid=36528)[0m HOSTQUEUE <0x5567c798de30>: origin ptr: 0x7f13e4a00000, size byte: 2097152
[36m(vLLMHttpServer pid=36528)[0m , HOSTQUEUE <0x5567c798de30>: ptr arg index: 43, ptr: 0x7f13e4b3fa00
[36m(vLLMHttpServer pid=36528)[0m cuda.bindings.driverHOSTQUEUE <0x5567c798de30>: origin ptr: 0x7f13e4a00000, size byte: 2097152
[36m(vLLMHttpServer pid=36528)[0m 
[36m(vLLMHttpServer pid=36528)[0m HOSTQUEUE <0x5567c798de30>: >>>>>>>> DUMP AQL 0x7f149015e000 PACKET WITH INDEX 84255 <<<<<<<<<
[36m(vLLMHttpServer pid=36528)[0m HOSTQUEUE <0x5567c798de30>: >>>>>>>> MATCH KERNEL COMMAND <<<<<<<<<
[36m(vLLMHttpServer pid=36528)[0m , HOSTQUEUE <0x5567c798de30>: header: 0xb02
[36m(vLLMHttpServer pid=36528)[0m tvm_ffi.coreHOSTQUEUE <0x5567c798de30>: setup: 3
[36m(vLLMHttpServer pid=36528)[0m HOSTQUEUE <0x5567c798de30>: workgroup: x:128, y:1, z:1
[36m(vLLMHttpServer pid=36528)[0m HOSTQUEUE <0x5567c798de30>: grid: x:8192, y:1, z:1
[36m(vLLMHttpServer pid=36528)[0m HOSTQUEUE <0x5567c798de30>: group_segment_size: 0
[36m(vLLMHttpServer pid=36528)[0m HOSTQUEUE <0x5567c798de30>: private_segment_size: 0
[36m(vLLMHttpServer pid=36528)[0m HOSTQUEUE <0x5567c798de30>: completion_signal: 0x0
[36m(vLLMHttpServer pid=36528)[0m HOSTQUEUE <0x5567c798de30>: kernel_object: 0x7ed32e076600
[36m(vLLMHttpServer pid=36528)[0m HOSTQUEUE <0x5567c798de30>: device id: 3
[36m(vLLMHttpServer pid=36528)[0m , pyarrow.lib, pandas._libs.tslibs.ccalendar, pandas._libs.tslibs.np_datetime, pandas._libs.tslibs.dtypes, pandas._libs.tslibs.base, pandas._libs.tslibs.nattype, pandas._libs.tslibs.timezones, pandas._libs.tslibs.fields, pandas._libs.tslibs.timedeltas, pandas._libs.tslibs.tzconversion, pandas._libs.tslibs.timestamps, pandas._libs.properties, pandas._libs.tslibs.offsets, pandas._libs.tslibs.strptime, pandas._libs.tslibs.parsing, pandas._libs.tslibs.conversion, pandas._libs.tslibs.period, pandas._libs.tslibs.vectorized, pandas._libs.ops_dispatch, pandas._libs.missing, pandas._libs.hashtable, pandas._libs.algos, pandas._libs.interval, pandas._libs.lib, pyarrow._compute, pandas._libs.ops, pandas._libs.hashing, pandas._libs.arrays, pandas._libs.tslib, pandas._libs.sparse, pandas._libs.internals, pandas._libs.indexing, pandas._libs.index, pandas._libs.writers, pandas._libs.join, pandas._libs.window.aggregations, pandas._libs.window.indexers, pandas._libs.reshape, pandas._libs.groupby, pandas._libs.json, pandas._libs.parsers, pandas._libs.testing
[36m(vLLMHttpServer pid=36528)[0m , cuda.bindings._internal.utils, cuda.bindings._internal.nvrtc, cuda.bindings.cynvrtc, cuda.bindings._internal.nvvm, cuda.bindings.cynvvm, cuda.bindings._internal.nvjitlink, cuda.bindings.cynvjitlink, cuda.bindings.nvrtc, cuda.bindings._bindings.cyruntime_ptds, cuda.bindings._bindings.cyruntime, cuda.bindings.cyruntime, cuda.bindings.runtime, cuda.bindings.nvvm, cuda.bindings.nvjitlink, cuda.core._utils.cuda_utils, cuda.core._utils.version, cuda.core._resource_handles, cuda.core._device_resources, cuda.core._event, cuda.core._stream, cuda.core._context, cuda.bindings._internal.nvml, cuda.bindings.cynvml, cuda.bindings.nvml, cuda.core.system._nvml_context, cuda.core.system._system, cuda.core.system._device, cuda.core.system._system_events, cuda.core.cu13.system._system, cuda.core.cu13.system._device, cuda.core.cu13.system._system_events, cuda.core._layout, cuda.core._dlpack, cuda.core._memory._ipc, cuda.core._memory._memory_pool, cuda.core._memory._peer_access_utils, cuda.core._memory._device_memory_resource, cuda.core._memory._pinned_memory_resource, cuda.core._device, cuda.core._memory._buffer, cuda.core._memory._graph_memory_resource, cuda.core._memory._managed_memory_resource, cuda.core._memoryview, cuda.core._launch_config, cuda.core._linker, cuda.core._program, cuda.core._module, cuda.core._graphics, cuda.core._tensor_map, cuda.core.graph._utils, cuda.core.graph._subclasses, cuda.core.graph._adjacency_set_proxy, cuda.core.graph._graph_node, cuda.core.graph._graph_definition, cuda.core.graph._graph_builder, cuda.core._kernel_arg_handler, cuda.core._launcher, cuda.core.experimental._stream, cupy_backends.cuda._softlink, cupy_backends.cuda.api._runtime_enum, cupy_backends.cuda.api.runtime, cupy._util, cupy.cuda.device, cupy.cuda.memory_hook, cupy_backends.cuda.stream, cupy.cuda.graph, cupy.cuda.stream, cupy_backends.cuda.api._driver_enum, cupy_backends.cuda.api.driver, cupy.cuda.memory, cupy._core.internal, cupy._core._carray, cupy._core._dtype, cupy._core._scalar, cupy.cuda.texture, cupy.cuda.function, cupy_backends.cuda.libs.nvrtc, cupy.cuda.pinned_memory, cupy.cuda.common, cupy.cuda.cub, cupy_backends.cuda.libs.nvtx, cupy.cuda.thrust, cupy._core._accelerator, cupy._core._memory_range, cupy._core._fusion_thread_local, cupy._core._kernel, cupy._core._routines_manipulation, cupy._core._routines_binary, cupy._core._optimize_config, cupy._core._cub_reduction, cupy._core._reduction, cupy._core._routines_math, cupy._core._routines_indexing, cupy._core._routines_linalg, cupy._core._routines_logic, cupy._core._routines_sorting, cupy._core._routines_statistics, cupy._core.dlpack, cupy._core.flags, cupy._core.core, cupy._core._fusion_variable, cupy._core._fusion_trace, cupy._core._fusion_kernel, cupy._core.new_fusion, cupy._core.fusion, cupy._core.raw, cupy.fft._cache, cupy.fft._callback, cupy.random._generator_api, cupy.random._bit_generator, cupy.lib._polynomial, hip_utils, _xxsubinterpreters, tilelang_cython_wrapper, setproctitle._setproctitle, vllm.cumem_allocator, __triton_launcher (total: 352)
[36m(vLLMHttpServer pid=36528)[0m 
[36m(vLLMHttpServer pid=36528)[0m HOSTQUEUE <0x5567c798de30>: >>>>>>>> FIND MATCH KERNEL DETAILS <<<<<<<<<
[36m(vLLMHttpServer pid=36528)[0m HOSTQUEUE <0x5567c798de30>: kernel name: _ZN2at6native32elementwise_kernel_manual_unrollILi128ELi8EZNS0_22gpu_kernel_impl_nocastIZZZNS0_23direct_copy_kernel_cudaERNS_18TensorIteratorBaseEENKUlvE1_clEvENKUlvE10_clEvEUlN3c108BFloat16EE_EEvS4_RKT_EUlibE_EEviT1_
[36m(vLLMHttpServer pid=36528)[0m HOSTQUEUE <0x5567c798de30>: >>>>>>>> DUMP KERNEL ARGS: size: 360 <<<<<<<<<
[36m(vLLMHttpServer pid=36528)[0m 
[36m(vLLMHttpServer pid=36528)[0m 00 00 01 00 00 00 00 00 02 00 00 00 08 00 00 00 
[36m(vLLMHttpServer pid=36528)[0m 01 00 00 00 03 00 00 00 00 20 00 00 01 00 00 00 
[36m(vLLMHttpServer pid=36528)[0m 0d 00 00 00 00 00 00 00 00 00 00 00 00 00 00 00 
[36m(vLLMHttpServer pid=36528)[0m 00 00 00 00 00 00 00 00 00 00 00 00 00 00 00 00 
[36m(vLLMHttpServer pid=36528)[0m 00 00 00 00 00 00 00 00 00 00 00 00 00 00 00 00 
[36m(vLLMHttpServer pid=36528)[0m 00 00 00 00 00 00 00 00 00 00 00 00 00 00 00 00 
[36m(vLLMHttpServer pid=36528)[0m 00 00 00 00 00 00 00 00 00 00 00 00 00 00 00 00 
[36m(vLLMHttpServer pid=36528)[0m 00 00 00 00 00 00 00 00 00 00 00 00 00 00 00 00 
[36m(vLLMHttpServer pid=36528)[0m 00 00 00 00 00 00 00 00 00 00 00 00 00 00 00 00 
[36m(vLLMHttpServer pid=36528)[0m 00 00 00 00 00 00 00 00 00 00 00 00 00 00 00 00 
[36m(vLLMHttpServer pid=36528)[0m 00 00 00 00 00 00 00 00 00 00 00 00 00 00 00 00 
[36m(vLLMHttpServer pid=36528)[0m 00 00 00 00 00 00 00 00 00 00 00 00 00 00 00 00 
[36m(vLLMHttpServer pid=36528)[0m 00 00 00 00 00 00 00 00 00 00 00 00 02 00 00 00 
[36m(vLLMHttpServer pid=36528)[0m 02 00 00 00 10 00 00 00 20 00 00 00 00 00 00 00 
[36m(vLLMHttpServer pid=36528)[0m 00 00 00 00 00 00 00 00 00 00 00 00 00 00 00 00 
[36m(vLLMHttpServer pid=36528)[0m 00 00 00 00 00 00 00 00 00 00 00 00 00 00 00 00 
[36m(vLLMHttpServer pid=36528)[0m 00 00 00 00 00 00 00 00 00 00 00 00 00 00 00 00 
[36m(vLLMHttpServer pid=36528)[0m 00 00 00 00 00 00 00 00 00 00 00 00 00 00 00 00 
[36m(vLLMHttpServer pid=36528)[0m 00 00 00 00 00 00 00 00 00 00 00 00 00 00 00 00 
[36m(vLLMHttpServer pid=36528)[0m 00 00 00 00 00 00 00 00 00 00 00 00 00 00 00 00 
[36m(vLLMHttpServer pid=36528)[0m 00 00 00 00 00 00 00 00 00 00 00 00 00 00 00 00 
[36m(vLLMHttpServer pid=36528)[0m 00 fa b9 e4 13 7f 00 00 10 fa b3 e4 13 7f 00 00 
[36m(vLLMHttpServer pid=36528)[0m 00 00 00 00 00 00 00 00 
[36m(vLLMHttpServer pid=36528)[0m 
[36m(vLLMHttpServer pid=36528)[0m HOSTQUEUE <0x5567c798de30>: >>>>>>>> DUMP KERNEL ARGS PTR INFO <<<<<<<<<
[36m(vLLMHttpServer pid=36528)[0m HOSTQUEUE <0x5567c798de30>: ptr arg index: 42, ptr: 0x7f13e4b9fa00
[36m(vLLMHttpServer pid=36528)[0m HOSTQUEUE <0x5567c798de30>: origin ptr: 0x7f13e4a00000, size byte: 2097152
[36m(vLLMHttpServer pid=36528)[0m HOSTQUEUE <0x5567c798de30>: ptr arg index: 43, ptr: 0x7f13e4b3fa10
[36m(vLLMHttpServer pid=36528)[0m HOSTQUEUE <0x5567c798de30>: origin ptr: 0x7f13e4a00000, size byte: 2097152
[36m(vLLMHttpServer pid=36528)[0m 
[36m(vLLMHttpServer pid=36528)[0m HOSTQUEUE <0x5567c798de30>: >>>>>>>> DUMP AQL 0x7f149015e000 PACKET WITH INDEX 84256 <<<<<<<<<
[36m(vLLMHttpServer pid=36528)[0m HOSTQUEUE <0x5567c798de30>: >>>>>>>> MATCH KERNEL COMMAND <<<<<<<<<
[36m(vLLMHttpServer pid=36528)[0m HOSTQUEUE <0x5567c798de30>: header: 0xb02
[36m(vLLMHttpServer pid=36528)[0m HOSTQUEUE <0x5567c798de30>: setup: 3
[36m(vLLMHttpServer pid=36528)[0m HOSTQUEUE <0x5567c798de30>: workgroup: x:256, y:1, z:1
[36m(vLLMHttpServer pid=36528)[0m HOSTQUEUE <0x5567c798de30>: grid: x:1048576, y:1, z:1
[36m(vLLMHttpServer pid=36528)[0m HOSTQUEUE <0x5567c798de30>: group_segment_size: 0
[36m(vLLMHttpServer pid=36528)[0m HOSTQUEUE <0x5567c798de30>: private_segment_size: 0
[36m(vLLMHttpServer pid=36528)[0m HOSTQUEUE <0x5567c798de30>: completion_signal: 0x0
[36m(vLLMHttpServer pid=36528)[0m HOSTQUEUE <0x5567c798de30>: kernel_object: 0x7f13e482f700
[36m(vLLMHttpServer pid=36528)[0m HOSTQUEUE <0x5567c798de30>: device id: 3
[36m(vLLMHttpServer pid=36528)[0m 
[36m(vLLMHttpServer pid=36528)[0m HOSTQUEUE <0x5567c798de30>: >>>>>>>> FIND MATCH KERNEL DETAILS <<<<<<<<<
[36m(vLLMHttpServer pid=36528)[0m HOSTQUEUE <0x5567c798de30>: kernel name: _ZN2at6native29vectorized_elementwise_kernelILi8ENS0_11FillFunctorIN3c108BFloat16EEESt5arrayIPcLm1EEEEviT0_T1_
[36m(vLLMHttpServer pid=36528)[0m HOSTQUEUE <0x5567c798de30>: >>>>>>>> DUMP KERNEL ARGS: size: 16 <<<<<<<<<
[36m(vLLMHttpServer pid=36528)[0m 
[36m(vLLMHttpServer pid=36528)[0m 00 00 80 00 00 00 00 00 00 00 80 c9 cf 7e 00 00 
[36m(vLLMHttpServer pid=36528)[0m 
[36m(vLLMHttpServer pid=36528)[0m HOSTQUEUE <0x5567c798de30>: >>>>>>>> DUMP KERNEL ARGS PTR INFO <<<<<<<<<
[36m(vLLMHttpServer pid=36528)[0m HOSTQUEUE <0x5567c798de30>: ptr arg index: 1, ptr: 0x7ecfc9800000
[36m(vLLMHttpServer pid=36528)[0m HOSTQUEUE <0x5567c798de30>: origin ptr: 0x7ecfc2800000, size byte: 150994944
[36m(vLLMHttpServer pid=36528)[0m 
[36m(vLLMHttpServer pid=36528)[0m HOSTQUEUE <0x5567c798de30>: >>>>>>>> DUMP AQL 0x7f149015e000 PACKET WITH INDEX 84257 <<<<<<<<<
[36m(vLLMHttpServer pid=36528)[0m HOSTQUEUE <0x5567c798de30>: >>>>>>>> MATCH KERNEL COMMAND <<<<<<<<<
[36m(vLLMHttpServer pid=36528)[0m HOSTQUEUE <0x5567c798de30>: header: 0xb02
[36m(vLLMHttpServer pid=36528)[0m HOSTQUEUE <0x5567c798de30>: setup: 3
[36m(vLLMHttpServer pid=36528)[0m HOSTQUEUE <0x5567c798de30>: workgroup: x:256, y:1, z:1
[36m(vLLMHttpServer pid=36528)[0m HOSTQUEUE <0x5567c798de30>: grid: x:8192, y:1, z:1
[36m(vLLMHttpServer pid=36528)[0m HOSTQUEUE <0x5567c798de30>: group_segment_size: 0
[36m(vLLMHttpServer pid=36528)[0m HOSTQUEUE <0x5567c798de30>: private_segment_size: 0
[36m(vLLMHttpServer pid=36528)[0m HOSTQUEUE <0x5567c798de30>: completion_signal: 0x0
[36m(vLLMHttpServer pid=36528)[0m HOSTQUEUE <0x5567c798de30>: kernel_object: 0x7f147876bf40
[36m(vLLMHttpServer pid=36528)[0m HOSTQUEUE <0x5567c798de30>: device id: 3
[36m(vLLMHttpServer pid=36528)[0m 
[36m(vLLMHttpServer pid=36528)[0m HOSTQUEUE <0x5567c798de30>: >>>>>>>> FIND MATCH KERNEL DETAILS <<<<<<<<<
[36m(vLLMHttpServer pid=36528)[0m HOSTQUEUE <0x5567c798de30>: kernel name: _ZN2at6native12_GLOBAL__N_143distribution_elementwise_grid_stride_kernelIfLi4EZNS0_9templates4cuda20normal_and_transformIN3c108BFloat16EfPNS_17CUDAGeneratorImplEZZZNS4_13normal_kernelIS9_EEvRKNS_10TensorBaseEddT_ENKUlvE_clEvENKUlvE2_clEvEUlfE_EEvRNS_18TensorIteratorBaseET1_T2_EUlP25hiprandStatePhilox4_32_10E0_ZNS1_27distribution_nullary_kernelIS7_f15HIP_vector_typeIfLj4EES9_SO_SH_EEvSJ_SL_RKT3_T4_EUlifE_EEvlNS_15PhiloxCudaStateESK_SL_
[36m(vLLMHttpServer pid=36528)[0m HOSTQUEUE <0x5567c798de30>: >>>>>>>> DUMP KERNEL ARGS: size: 328 <<<<<<<<<
[36m(vLLMHttpServer pid=36528)[0m 
[36m(vLLMHttpServer pid=36528)[0m 00 20 00 00 00 00 00 00 00 00 00 00 00 00 00 00 
[36m(vLLMHttpServer pid=36528)[0m 00 01 00 00 00 00 00 00 00 00 00 00 00 00 00 00 
[36m(vLLMHttpServer pid=36528)[0m 00 00 00 00 00 00 00 00 00 00 00 00 00 00 00 00 
[36m(vLLMHttpServer pid=36528)[0m 00 8a be e4 13 7f 00 00 02 00 00 00 00 00 00 00 
[36m(vLLMHttpServer pid=36528)[0m 00 00 80 3f 00 00 00 00 20 00 00 00 01 00 00 00 
[36m(vLLMHttpServer pid=36528)[0m 01 00 00 00 00 01 01 00 01 00 00 00 00 00 00 00 
[36m(vLLMHttpServer pid=36528)[0m 00 00 00 00 00 00 00 00 00 00 00 00 00 00 00 00 
[36m(vLLMHttpServer pid=36528)[0m 00 00 00 00 00 00 00 00 00 00 00 00 00 00 00 00 
[36m(vLLMHttpServer pid=36528)[0m 00 00 00 00 00 00 00 00 03 00 00 00 00 00 00 00 
[36m(vLLMHttpServer pid=36528)[0m 00 fc bc e4 13 7f 00 00 00 46 be e4 13 7f 00 00 
[36m(vLLMHttpServer pid=36528)[0m 00 86 bd e4 13 7f 00 00 00 06 be e4 13 7f 00 00 
[36m(vLLMHttpServer pid=36528)[0m 00 84 bd e4 13 7f 00 00 00 fe bc e4 13 7f 00 00 
[36m(vLLMHttpServer pid=36528)[0m 00 82 bd e4 13 7f 00 00 10 00 00 00 00 00 00 00 
[36m(vLLMHttpServer pid=36528)[0m 00 00 00 00 00 00 00 00 00 00 00 00 00 00 00 00 
[36m(vLLMHttpServer pid=36528)[0m 00 80 b6 01 30 02 00 00 01 00 00 00 00 00 00 00 
[36m(vLLMHttpServer pid=36528)[0m 00 80 b6 01 30 02 00 00 01 00 00 00 00 00 00 00 
[36m(vLLMHttpServer pid=36528)[0m 00 00 00 04 00 00 00 00 00 00 80 d9 ce 7e 00 00 
[36m(vLLMHttpServer pid=36528)[0m 00 fc bc e4 13 7f 00 00 00 46 be e4 13 7f 00 00 
[36m(vLLMHttpServer pid=36528)[0m 00 86 bd e4 13 7f 00 00 00 06 be e4 13 7f 00 00 
[36m(vLLMHttpServer pid=36528)[0m 00 84 bd e4 13 7f 00 00 00 fe bc e4 13 7f 00 00 
[36m(vLLMHttpServer pid=36528)[0m 00 82 bd e4 13 7f 00 00 
[36m(vLLMHttpServer pid=36528)[0m 
[36m(vLLMHttpServer pid=36528)[0m HOSTQUEUE <0x5567c798de30>: >>>>>>>> DUMP KERNEL ARGS PTR INFO <<<<<<<<<
[36m(vLLMHttpServer pid=36528)[0m HOSTQUEUE <0x5567c798de30>: ptr arg index: 6, ptr: 0x7f13e4be8a00
[36m(vLLMHttpServer pid=36528)[0m HOSTQUEUE <0x5567c798de30>: origin ptr: 0x7f13e4a00000, size byte: 2097152
[36m(vLLMHttpServer pid=36528)[0m HOSTQUEUE <0x5567c798de30>: ptr arg index: 18, ptr: 0x7f13e4bcfc00
[36m(vLLMHttpServer pid=36528)[0m HOSTQUEUE <0x5567c798de30>: origin ptr: 0x7f13e4a00000, size byte: 2097152
[36m(vLLMHttpServer pid=36528)[0m HOSTQUEUE <0x5567c798de30>: ptr arg index: 19, ptr: 0x7f13e4be4600
[36m(vLLMHttpServer pid=36528)[0m HOSTQUEUE <0x5567c798de30>: origin ptr: 0x7f13e4a00000, size byte: 2097152
[36m(vLLMHttpServer pid=36528)[0m HOSTQUEUE <0x5567c798de30>: ptr arg index: 20, ptr: 0x7f13e4bd8600
[36m(vLLMHttpServer pid=36528)[0m HOSTQUEUE <0x5567c798de30>: origin ptr: 0x7f13e4a00000, size byte: 2097152
[36m(vLLMHttpServer pid=36528)[0m HOSTQUEUE <0x5567c798de30>: ptr arg index: 21, ptr: 0x7f13e4be0600
[36m(vLLMHttpServer pid=36528)[0m HOSTQUEUE <0x5567c798de30>: origin ptr: 0x7f13e4a00000, size byte: 2097152
[36m(vLLMHttpServer pid=36528)[0m HOSTQUEUE <0x5567c798de30>: ptr arg index: 22, ptr: 0x7f13e4bd8400
[36m(vLLMHttpServer pid=36528)[0m HOSTQUEUE <0x5567c798de30>: origin ptr: 0x7f13e4a00000, size byte: 2097152
[36m(vLLMHttpServer pid=36528)[0m HOSTQUEUE <0x5567c798de30>: ptr arg index: 23, ptr: 0x7f13e4bcfe00
[36m(vLLMHttpServer pid=36528)[0m HOSTQUEUE <0x5567c798de30>: origin ptr: 0x7f13e4a00000, size byte: 2097152
[36m(vLLMHttpServer pid=36528)[0m HOSTQUEUE <0x5567c798de30>: ptr arg index: 24, ptr: 0x7f13e4bd8200
[36m(vLLMHttpServer pid=36528)[0m HOSTQUEUE <0x5567c798de30>: origin ptr: 0x7f13e4a00000, size byte: 2097152
[36m(vLLMHttpServer pid=36528)[0m HOSTQUEUE <0x5567c798de30>: ptr arg index: 33, ptr: 0x7eced9800000
[36m(vLLMHttpServer pid=36528)[0m HOSTQUEUE <0x5567c798de30>: origin ptr: 0x7eced0c00000, size byte: 603979776
[36m(vLLMHttpServer pid=36528)[0m HOSTQUEUE <0x5567c798de30>: ptr arg index: 34, ptr: 0x7f13e4bcfc00
[36m(vLLMHttpServer pid=36528)[0m HOSTQUEUE <0x5567c798de30>: origin ptr: 0x7f13e4a00000, size byte: 2097152
[36m(vLLMHttpServer pid=36528)[0m HOSTQUEUE <0x5567c798de30>: ptr arg index: 35, ptr: 0x7f13e4be4600
[36m(vLLMHttpServer pid=36528)[0m HOSTQUEUE <0x5567c798de30>: origin ptr: 0x7f13e4a00000, size byte: 2097152
[36m(vLLMHttpServer pid=36528)[0m HOSTQUEUE <0x5567c798de30>: ptr arg index: 36, ptr: 0x7f13e4bd8600
[36m(vLLMHttpServer pid=36528)[0m HOSTQUEUE <0x5567c798de30>: origin ptr: 0x7f13e4a00000, size byte: 2097152
[36m(vLLMHttpServer pid=36528)[0m HOSTQUEUE <0x5567c798de30>: ptr arg index: 37, ptr: 0x7f13e4be0600
[36m(vLLMHttpServer pid=36528)[0m HOSTQUEUE <0x5567c798de30>: origin ptr: 0x7f13e4a00000, size byte: 2097152
[36m(vLLMHttpServer pid=36528)[0m HOSTQUEUE <0x5567c798de30>: ptr arg index: 38, ptr: 0x7f13e4bd8400
[36m(vLLMHttpServer pid=36528)[0m HOSTQUEUE <0x5567c798de30>: origin ptr: 0x7f13e4a00000, size byte: 2097152
[36m(vLLMHttpServer pid=36528)[0m HOSTQUEUE <0x5567c798de30>: ptr arg index: 39, ptr: 0x7f13e4bcfe00
[36m(vLLMHttpServer pid=36528)[0m HOSTQUEUE <0x5567c798de30>: origin ptr: 0x7f13e4a00000, size byte: 2097152
[36m(vLLMHttpServer pid=36528)[0m HOSTQUEUE <0x5567c798de30>: ptr arg index: 40, ptr: 0x7f13e4bd8200
[36m(vLLMHttpServer pid=36528)[0m HOSTQUEUE <0x5567c798de30>: origin ptr: 0x7f13e4a00000, size byte: 2097152
[36m(vLLMHttpServer pid=36528)[0m 
[36m(vLLMHttpServer pid=36528)[0m HOSTQUEUE <0x5567c798de30>: >>>>>>>> DUMP AQL 0x7f149015e000 PACKET WITH INDEX 84258 <<<<<<<<<
[36m(vLLMHttpServer pid=36528)[0m HOSTQUEUE <0x5567c798de30>: >>>>>>>> MATCH KERNEL COMMAND <<<<<<<<<
[36m(vLLMHttpServer pid=36528)[0m HOSTQUEUE <0x5567c798de30>: header: 0xb02
[36m(vLLMHttpServer pid=36528)[0m HOSTQUEUE <0x5567c798de30>: setup: 3
[36m(vLLMHttpServer pid=36528)[0m HOSTQUEUE <0x5567c798de30>: workgroup: x:256, y:1, z:1
[36m(vLLMHttpServer pid=36528)[0m HOSTQUEUE <0x5567c798de30>: grid: x:8192, y:1, z:1
[36m(vLLMHttpServer pid=36528)[0m HOSTQUEUE <0x5567c798de30>: group_segment_size: 0
[36m(vLLMHttpServer pid=36528)[0m HOSTQUEUE <0x5567c798de30>: private_segment_size: 0
[36m(vLLMHttpServer pid=36528)[0m HOSTQUEUE <0x5567c798de30>: completion_signal: 0x0
[36m(vLLMHttpServer pid=36528)[0m HOSTQUEUE <0x5567c798de30>: kernel_object: 0x7f147876bf40
[36m(vLLMHttpServer pid=36528)[0m HOSTQUEUE <0x5567c798de30>: device id: 3
[36m(vLLMHttpServer pid=36528)[0m 
[36m(vLLMHttpServer pid=36528)[0m HOSTQUEUE <0x5567c798de30>: >>>>>>>> FIND MATCH KERNEL DETAILS <<<<<<<<<
[36m(vLLMHttpServer pid=36528)[0m HOSTQUEUE <0x5567c798de30>: kernel name: _ZN2at6native12_GLOBAL__N_143distribution_elementwise_grid_stride_kernelIfLi4EZNS0_9templates4cuda20normal_and_transformIN3c108BFloat16EfPNS_17CUDAGeneratorImplEZZZNS4_13normal_kernelIS9_EEvRKNS_10TensorBaseEddT_ENKUlvE_clEvENKUlvE2_clEvEUlfE_EEvRNS_18TensorIteratorBaseET1_T2_EUlP25hiprandStatePhilox4_32_10E0_ZNS1_27distribution_nullary_kernelIS7_f15HIP_vector_typeIfLj4EES9_SO_SH_EEvSJ_SL_RKT3_T4_EUlifE_EEvlNS_15PhiloxCudaStateESK_SL_
[36m(vLLMHttpServer pid=36528)[0m HOSTQUEUE <0x5567c798de30>: >>>>>>>> DUMP KERNEL ARGS: size: 328 <<<<<<<<<
[36m(vLLMHttpServer pid=36528)[0m 
[36m(vLLMHttpServer pid=36528)[0m 00 20 00 00 00 00 00 00 00 00 00 00 00 00 00 00 
[36m(vLLMHttpServer pid=36528)[0m 04 01 00 00 00 00 00 00 00 00 00 00 00 00 00 00 
[36m(vLLMHttpServer pid=36528)[0m 00 00 00 00 00 00 00 00 00 00 00 00 00 00 00 00 
[36m(vLLMHttpServer pid=36528)[0m 00 ca be e4 13 7f 00 00 02 00 00 00 00 00 00 00 
[36m(vLLMHttpServer pid=36528)[0m 00 00 80 3f 00 00 00 00 20 00 00 00 01 00 00 00 
[36m(vLLMHttpServer pid=36528)[0m 01 00 00 00 00 01 01 00 01 00 00 00 00 00 00 00 
[36m(vLLMHttpServer pid=36528)[0m 00 00 00 00 00 00 00 00 00 00 00 00 00 00 00 00 
[36m(vLLMHttpServer pid=36528)[0m 00 00 00 00 00 00 00 00 00 00 00 00 00 00 00 00 
[36m(vLLMHttpServer pid=36528)[0m 00 00 00 00 00 00 00 00 03 00 00 00 00 00 00 00 
[36m(vLLMHttpServer pid=36528)[0m 00 00 00 00 00 00 00 00 00 00 00 00 00 00 00 00 
[36m(vLLMHttpServer pid=36528)[0m 00 00 00 00 00 00 00 00 00 00 00 00 00 00 00 00 
[36m(vLLMHttpServer pid=36528)[0m 00 00 00 00 00 00 00 00 00 00 00 00 00 00 00 00 
[36m(vLLMHttpServer pid=36528)[0m 00 00 00 00 00 00 00 00 00 00 00 00 02 00 00 00 
[36m(vLLMHttpServer pid=36528)[0m 02 00 00 00 00 02 00 00 00 14 00 00 00 00 00 00 
[36m(vLLMHttpServer pid=36528)[0m 00 00 00 00 00 00 00 00 00 00 00 00 00 00 00 00 
[36m(vLLMHttpServer pid=36528)[0m 00 00 00 00 00 00 00 00 00 00 00 00 00 00 00 00 
[36m(vLLMHttpServer pid=36528)[0m 00 00 00 00 00 00 00 00 00 00 00 00 00 00 00 00 
[36m(vLLMHttpServer pid=36528)[0m 00 00 00 00 00 00 00 00 00 00 00 00 00 00 00 00 
[36m(vLLMHttpServer pid=36528)[0m 00 00 00 00 00 00 00 00 00 00 00 00 00 00 00 00 
[36m(vLLMHttpServer pid=36528)[0m 00 00 00 00 00 00 00 00 00 00 00 00 00 00 00 00 
[36m(vLLMHttpServer pid=36528)[0m 00 00 00 00 00 00 00 00 
[36m(vLLMHttpServer pid=36528)[0m 
[36m(vLLMHttpServer pid=36528)[0m HOSTQUEUE <0x5567c798de30>: >>>>>>>> DUMP KERNEL ARGS PTR INFO <<<<<<<<<
[36m(vLLMHttpServer pid=36528)[0m HOSTQUEUE <0x5567c798de30>: ptr arg index: 6, ptr: 0x7f13e4beca00
[36m(vLLMHttpServer pid=36528)[0m HOSTQUEUE <0x5567c798de30>: origin ptr: 0x7f13e4a00000, size byte: 2097152
[36m(vLLMHttpServer pid=36528)[0m 
[36m(vLLMHttpServer pid=36528)[0m HOSTQUEUE <0x5567c798de30>: >>>>>>>> DUMP AQL 0x7f149015e000 PACKET WITH INDEX 84259 <<<<<<<<<
[36m(vLLMHttpServer pid=36528)[0m HOSTQUEUE <0x5567c798de30>: >>>>>>>> MATCH KERNEL COMMAND <<<<<<<<<
[36m(vLLMHttpServer pid=36528)[0m HOSTQUEUE <0x5567c798de30>: header: 0xb02
[36m(vLLMHttpServer pid=36528)[0m HOSTQUEUE <0x5567c798de30>: setup: 3
[36m(vLLMHttpServer pid=36528)[0m HOSTQUEUE <0x5567c798de30>: workgroup: x:256, y:1, z:1
[36m(vLLMHttpServer pid=36528)[0m HOSTQUEUE <0x5567c798de30>: grid: x:16384, y:1, z:1
[36m(vLLMHttpServer pid=36528)[0m HOSTQUEUE <0x5567c798de30>: group_segment_size: 0
[36m(vLLMHttpServer pid=36528)[0m HOSTQUEUE <0x5567c798de30>: private_segment_size: 0
[36m(vLLMHttpServer pid=36528)[0m HOSTQUEUE <0x5567c798de30>: completion_signal: 0x0
[36m(vLLMHttpServer pid=36528)[0m HOSTQUEUE <0x5567c798de30>: kernel_object: 0x7f147876bf40
[36m(vLLMHttpServer pid=36528)[0m HOSTQUEUE <0x5567c798de30>: device id: 3
[36m(vLLMHttpServer pid=36528)[0m 
[36m(vLLMHttpServer pid=36528)[0m HOSTQUEUE <0x5567c798de30>: >>>>>>>> FIND MATCH KERNEL DETAILS <<<<<<<<<
[36m(vLLMHttpServer pid=36528)[0m HOSTQUEUE <0x5567c798de30>: kernel name: _ZN2at6native12_GLOBAL__N_143distribution_elementwise_grid_stride_kernelIfLi4EZNS0_9templates4cuda20normal_and_transformIN3c108BFloat16EfPNS_17CUDAGeneratorImplEZZZNS4_13normal_kernelIS9_EEvRKNS_10TensorBaseEddT_ENKUlvE_clEvENKUlvE2_clEvEUlfE_EEvRNS_18TensorIteratorBaseET1_T2_EUlP25hiprandStatePhilox4_32_10E0_ZNS1_27distribution_nullary_kernelIS7_f15HIP_vector_typeIfLj4EES9_SO_SH_EEvSJ_SL_RKT3_T4_EUlifE_EEvlNS_15PhiloxCudaStateESK_SL_
[36m(vLLMHttpServer pid=36528)[0m HOSTQUEUE <0x5567c798de30>: >>>>>>>> DUMP KERNEL ARGS: size: 328 <<<<<<<<<
[36m(vLLMHttpServer pid=36528)[0m 
[36m(vLLMHttpServer pid=36528)[0m 00 40 00 00 00 00 00 00 00 00 00 00 00 00 00 00 
[36m(vLLMHttpServer pid=36528)[0m 08 01 00 00 00 00 00 00 00 00 00 00 00 00 00 00 
[36m(vLLMHttpServer pid=36528)[0m 00 00 00 00 00 00 00 00 00 00 00 00 00 00 00 00 
[36m(vLLMHttpServer pid=36528)[0m 00 4a bf e4 13 7f 00 00 02 00 00 00 00 00 00 00 
[36m(vLLMHttpServer pid=36528)[0m 00 00 80 3f 00 00 00 00 40 00 00 00 01 00 00 00 
[36m(vLLMHttpServer pid=36528)[0m 01 00 00 00 00 01 01 00 01 00 00 00 00 00 00 00 
[36m(vLLMHttpServer pid=36528)[0m 00 00 00 00 00 00 00 00 00 00 00 00 00 00 00 00 
[36m(vLLMHttpServer pid=36528)[0m 00 00 00 00 00 00 00 00 00 00 00 00 00 00 00 00 
[36m(vLLMHttpServer pid=36528)[0m 00 00 00 00 00 00 00 00 03 00 00 00 00 00 00 00 
[36m(vLLMHttpServer pid=36528)[0m 00 00 00 00 00 00 00 00 00 00 00 00 00 00 00 00 
[36m(vLLMHttpServer pid=36528)[0m 00 00 00 00 00 00 00 00 00 
[36m(vLLMHttpServer pid=36528)[0m 00 
[36m(vLLMHttpServer pid=36528)[0m 00 
[36m(vLLMHttpServer pid=36528)[0m 00 
[36m(vLLMHttpServer pid=36528)[0m 00 
[36m(vLLMHttpServer pid=36528)[0m 00 
[36m(vLLMHttpServer pid=36528)[0m 00 
[36m(vLLMHttpServer pid=36528)[0m 00 
[36m(vLLMHttpServer pid=36528)[0m 00 00 00 00 00 00 00 00 00 00 00 00 00 00 00 00 
[36m(vLLMHttpServer pid=36528)[0m 00 00 00 00 00 00 00 00 00 00 00 00 02 00 00 00 
[36m(vLLMHttpServer pid=36528)[0m 02 00 00 00 00 02 00 00 00 14 00 00 00 00 00 00 
[36m(vLLMHttpServer pid=36528)[0m 00 00 00 00 00 00 00 00 00 00 00 00 00 00 00 00 
[36m(vLLMHttpServer pid=36528)[0m 00 00 00 00 00 00 00 00 00 00 00 00 00 00 00 00 
[36m(vLLMHttpServer pid=36528)[0m 00 00 00 00 00 00 00 00 00 00 00 00 00 00 00 00 
[36m(vLLMHttpServer pid=36528)[0m 00 00 00 00 00 00 00 00 00 00 00 00 00 00 00 00 
[36m(vLLMHttpServer pid=36528)[0m 00 00 00 00 00 00 00 00 00 00 00 00 00 00 00 00 
[36m(vLLMHttpServer pid=36528)[0m 00 00 00 00 00 00 00 00 00 00 00 00 00 00 00 00 
[36m(vLLMHttpServer pid=36528)[0m 00 00 00 00 00 00 00 00 
[36m(vLLMHttpServer pid=36528)[0m 
[36m(vLLMHttpServer pid=36528)[0m HOSTQUEUE <0x5567c798de30>: >>>>>>>> DUMP KERNEL ARGS PTR INFO <<<<<<<<<
[36m(vLLMHttpServer pid=36528)[0m HOSTQUEUE <0x5567c798de30>: ptr arg index: 6, ptr: 0x7f13e4bf4a00
[36m(vLLMHttpServer pid=36528)[0m HOSTQUEUE <0x5567c798de30>: origin ptr: 0x7f13e4a00000, size byte: 2097152
[36m(vLLMHttpServer pid=36528)[0m 
[36m(vLLMHttpServer pid=36528)[0m HOSTQUEUE <0x5567c798de30>: >>>>>>>> DUMP AQL 0x7f149015e000 PACKET WITH INDEX 84260 <<<<<<<<<
[36m(vLLMHttpServer pid=36528)[0m HOSTQUEUE <0x5567c798de30>: >>>>>>>> MATCH KERNEL COMMAND <<<<<<<<<
[36m(vLLMHttpServer pid=36528)[0m HOSTQUEUE <0x5567c798de30>: header: 0xb02
[36m(vLLMHttpServer pid=36528)[0m HOSTQUEUE <0x5567c798de30>: setup: 3
[36m(vLLMHttpServer pid=36528)[0m HOSTQUEUE <0x5567c798de30>: workgroup: x:256, y:1, z:1
[36m(vLLMHttpServer pid=36528)[0m HOSTQUEUE <0x5567c798de30>: grid: x:256, y:1, z:1
[36m(vLLMHttpServer pid=36528)[0m HOSTQUEUE <0x5567c798de30>: group_segment_size: 0
[36m(vLLMHttpServer pid=36528)[0m HOSTQUEUE <0x5567c798de30>: private_segment_size: 0
[36m(vLLMHttpServer pid=36528)[0m HOSTQUEUE <0x5567c798de30>: completion_signal: 0x0
[36m(vLLMHttpServer pid=36528)[0m HOSTQUEUE <0x5567c798de30>: kernel_object: 0x7f147876bf40
[36m(vLLMHttpServer pid=36528)[0m HOSTQUEUE <0x5567c798de30>: device id: 3
[36m(vLLMHttpServer pid=36528)[0m 
[36m(vLLMHttpServer pid=36528)[0m HOSTQUEUE <0x5567c798de30>: >>>>>>>> FIND MATCH KERNEL DETAILS <<<<<<<<<
[36m(vLLMHttpServer pid=36528)[0m HOSTQUEUE <0x5567c798de30>: kernel name: _ZN2at6native12_GLOBAL__N_143distribution_elementwise_grid_stride_kernelIfLi4EZNS0_9templates4cuda20normal_and_transformIN3c108BFloat16EfPNS_17CUDAGeneratorImplEZZZNS4_13normal_kernelIS9_EEvRKNS_10TensorBaseEddT_ENKUlvE_clEvENKUlvE2_clEvEUlfE_EEvRNS_18TensorIteratorBaseET1_T2_EUlP25hiprandStatePhilox4_32_10E0_ZNS1_27distribution_nullary_kernelIS7_f15HIP_vector_typeIfLj4EES9_SO_SH_EEvSJ_SL_RKT3_T4_EUlifE_EEvlNS_15PhiloxCudaStateESK_SL_
[36m(vLLMHttpServer pid=36528)[0m HOSTQUEUE <0x5567c798de30>: >>>>>>>> DUMP KERNEL ARGS: size: 328 <<<<<<<<<
[36m(vLLMHttpServer pid=36528)[0m 
[36m(vLLMHttpServer pid=36528)[0m 80 00 00 00 00 00 00 00 00 00 00 00 00 00 00 00 
[36m(vLLMHttpServer pid=36528)[0m 0c 01 00 00 00 00 00 00 00 00 00 00 00 00 00 00 
[36m(vLLMHttpServer pid=36528)[0m 00 00 00 00 00 00 00 00 00 00 00 00 00 00 00 00 
[36m(vLLMHttpServer pid=36528)[0m 00 de bf e4 13 7f 00 00 02 00 00 00 00 00 00 00 
[36m(vLLMHttpServer pid=36528)[0m 00 00 80 3f 00 00 00 00 01 00 00 00 01 00 00 00 
[36m(vLLMHttpServer pid=36528)[0m 01 00 00 00 00 01 01 00 01 00 00 00 00 00 00 00 
[36m(vLLMHttpServer pid=36528)[0m 00 00 00 00 00 00 00 00 00 00 00 00 00 00 00 00 
[36m(vLLMHttpServer pid=36528)[0m 00 00 00 00 00 00 00 00 00 00 00 00 00 00 00 00 
[36m(vLLMHttpServer pid=36528)[0m 00 00 00 00 00 00 00 00 03 00 00 00 00 00 00 00 
[36m(vLLMHttpServer pid=36528)[0m 00 fc bc e4 13 7f 00 00 00 46 be e4 13 7f 00 00 
[36m(vLLMHttpServer pid=36528)[0m 00 86 bd e4 13 7f 00 00 00 06 be e4 13 7f 00 00 
[36m(vLLMHttpServer pid=36528)[0m 00 84 bd e4 13 7f 00 00 00 fe bc e4 13 7f 00 00 
[36m(vLLMHttpServer pid=36528)[0m 00 82 bd e4 13 7f 00 00 10 00 00 00 00 00 00 00 
[36m(vLLMHttpServer pid=36528)[0m 00 00 00 00 00 00 00 00 00 00 00 00 00 00 00 00 
[36m(vLLMHttpServer pid=36528)[0m 00 00 00 00 00 00 00 00 00 00 00 00 00 00 00 00 
[36m(vLLMHttpServer pid=36528)[0m 00 00 00 00 00 00 00 00 00 00 00 00 00 00 00 00 
[36m(vLLMHttpServer pid=36528)[0m 00 40 bd e4 13 7f 00 00 00 7a bc e4 13 7f 00 00 
[36m(vLLMHttpServer pid=36528)[0m 00 fc bc e4 13 7f 00 00 00 46 be e4 13 7f 00 00 
[36m(vLLMHttpServer pid=36528)[0m 00 86 bd e4 13 7f 00 00 00 06 be e4 13 7f 00 00 
[36m(vLLMHttpServer pid=36528)[0m 00 84 bd e4 13 7f 00 00 00 fe bc e4 13 7f 00 00 
[36m(vLLMHttpServer pid=36528)[0m 00 82 bd e4 13 7f 00 00 
[36m(vLLMHttpServer pid=36528)[0m 
[36m(vLLMHttpServer pid=36528)[0m HOSTQUEUE <0x5567c798de30>: >>>>>>>> DUMP KERNEL ARGS PTR INFO <<<<<<<<<
[36m(vLLMHttpServer pid=36528)[0m HOSTQUEUE <0x5567c798de30>: ptr arg index: 6, ptr: 0x7f13e4bfde00
[36m(vLLMHttpServer pid=36528)[0m HOSTQUEUE <0x5567c798de30>: origin ptr: 0x7f13e4a00000, size byte: 2097152
[36m(vLLMHttpServer pid=36528)[0m HOSTQUEUE <0x5567c798de30>: ptr arg index: 18, ptr: 0x7f13e4bcfc00
[36m(vLLMHttpServer pid=36528)[0m HOSTQUEUE <0x5567c798de30>: origin ptr: 0x7f13e4a00000, size byte: 2097152
[36m(vLLMHttpServer pid=36528)[0m HOSTQUEUE <0x5567c798de30>: ptr arg index: 19, ptr: 0x7f13e4be4600
[36m(vLLMHttpServer pid=36528)[0m HOSTQUEUE <0x5567c798de30>: origin ptr: 0x7f13e4a00000, size byte: 2097152
[36m(vLLMHttpServer pid=36528)[0m HOSTQUEUE <0x5567c798de30>: ptr arg index: 20, ptr: 0x7f13e4bd8600
[36m(vLLMHttpServer pid=36528)[0m HOSTQUEUE <0x5567c798de30>: origin ptr: 0x7f13e4a00000, size byte: 2097152
[36m(vLLMHttpServer pid=36528)[0m HOSTQUEUE <0x5567c798de30>: ptr arg index: 21, ptr: 0x7f13e4be0600
[36m(vLLMHttpServer pid=36528)[0m HOSTQUEUE <0x5567c798de30>: origin ptr: 0x7f13e4a00000, size byte: 2097152
[36m(vLLMHttpServer pid=36528)[0m HOSTQUEUE <0x5567c798de30>: ptr arg index: 22, ptr: 0x7f13e4bd8400
[36m(vLLMHttpServer pid=36528)[0m HOSTQUEUE <0x5567c798de30>: origin ptr: 0x7f13e4a00000, size byte: 2097152
[36m(vLLMHttpServer pid=36528)[0m HOSTQUEUE <0x5567c798de30>: ptr arg index: 23, ptr: 0x7f13e4bcfe00
[36m(vLLMHttpServer pid=36528)[0m HOSTQUEUE <0x5567c798de30>: origin ptr: 0x7f13e4a00000, size byte: 2097152
[36m(vLLMHttpServer pid=36528)[0m HOSTQUEUE <0x5567c798de30>: ptr arg index: 24, ptr: 0x7f13e4bd8200
[36m(vLLMHttpServer pid=36528)[0m HOSTQUEUE <0x5567c798de30>: origin ptr: 0x7f13e4a00000, size byte: 2097152
[36m(vLLMHttpServer pid=36528)[0m HOSTQUEUE <0x5567c798de30>: ptr arg index: 32, ptr: 0x7f13e4bd4000
[36m(vLLMHttpServer pid=36528)[0m HOSTQUEUE <0x5567c798de30>: origin ptr: 0x7f13e4a00000, size byte: 2097152
[36m(vLLMHttpServer pid=36528)[0m HOSTQUEUE <0x5567c798de30>: ptr arg index: 33, ptr: 0x7f13e4bc7a00
[36m(vLLMHttpServer pid=36528)[0m HOSTQUEUE <0x5567c798de30>: origin ptr: 0x7f13e4a00000, size byte: 2097152
[36m(vLLMHttpServer pid=36528)[0m HOSTQUEUE <0x5567c798de30>: ptr arg index: 34, ptr: 0x7f13e4bcfc00
[36m(vLLMHttpServer pid=36528)[0m HOSTQUEUE <0x5567c798de30>: origin ptr: 0x7f13e4a00000, size byte: 2097152
[36m(vLLMHttpServer pid=36528)[0m HOSTQUEUE <0x5567c798de30>: ptr arg index: 35, ptr: 0x7f13e4be4600
[36m(vLLMHttpServer pid=36528)[0m HOSTQUEUE <0x5567c798de30>: origin ptr: 0x7f13e4a00000, size byte: 2097152
[36m(vLLMHttpServer pid=36528)[0m HOSTQUEUE <0x5567c798de30>: ptr arg index: 36, ptr: 0x7f13e4bd8600
[36m(vLLMHttpServer pid=36528)[0m HOSTQUEUE <0x5567c798de30>: origin ptr: 0x7f13e4a00000, size byte: 2097152
[36m(vLLMHttpServer pid=36528)[0m HOSTQUEUE <0x5567c798de30>: ptr arg index: 37, ptr: 0x7f13e4be0600
[36m(vLLMHttpServer pid=36528)[0m HOSTQUEUE <0x5567c798de30>: origin ptr: 0x7f13e4a00000, size byte: 2097152
[36m(vLLMHttpServer pid=36528)[0m HOSTQUEUE <0x5567c798de30>: ptr arg index: 38, ptr: 0x7f13e4bd8400
[36m(vLLMHttpServer pid=36528)[0m HOSTQUEUE <0x5567c798de30>: origin ptr: 0x7f13e4a00000, size byte: 2097152
[36m(vLLMHttpServer pid=36528)[0m HOSTQUEUE <0x5567c798de30>: ptr arg index: 39, ptr: 0x7f13e4bcfe00
[36m(vLLMHttpServer pid=36528)[0m HOSTQUEUE <0x5567c798de30>: origin ptr: 0x7f13e4a00000, size byte: 2097152
[36m(vLLMHttpServer pid=36528)[0m HOSTQUEUE <0x5567c798de30>: ptr arg index: 40, ptr: 0x7f13e4bd8200
[36m(vLLMHttpServer pid=36528)[0m HOSTQUEUE <0x5567c798de30>: origin ptr: 0x7f13e4a00000, size byte: 2097152
[36m(vLLMHttpServer pid=36528)[0m 
[36m(vLLMHttpServer pid=36528)[0m HOSTQUEUE <0x5567c798de30>: >>>>>>>> DUMP AQL 0x7f149015e000 PACKET WITH INDEX 84261 <<<<<<<<<
[36m(vLLMHttpServer pid=36528)[0m HOSTQUEUE <0x5567c798de30>: >>>>>>>> MATCH KERNEL COMMAND <<<<<<<<<
[36m(vLLMHttpServer pid=36528)[0m HOSTQUEUE <0x5567c798de30>: header: 0xb02
[36m(vLLMHttpServer pid=36528)[0m HOSTQUEUE <0x5567c798de30>: setup: 3
[36m(vLLMHttpServer pid=36528)[0m HOSTQUEUE <0x5567c798de30>: workgroup: x:256, y:1, z:1
[36m(vLLMHttpServer pid=36528)[0m HOSTQUEUE <0x5567c798de30>: grid: x:256, y:1, z:1
[36m(vLLMHttpServer pid=36528)[0m HOSTQUEUE <0x5567c798de30>: group_segment_size: 0
[36m(vLLMHttpServer pid=36528)[0m HOSTQUEUE <0x5567c798de30>: private_segment_size: 0
[36m(vLLMHttpServer pid=36528)[0m HOSTQUEUE <0x5567c798de30>: completion_signal: 0x0
[36m(vLLMHttpServer pid=36528)[0m HOSTQUEUE <0x5567c798de30>: kernel_object: 0x7f147876bf40
[36m(vLLMHttpServer pid=36528)[0m HOSTQUEUE <0x5567c798de30>: device id: 3
[36m(vLLMHttpServer pid=36528)[0m 
[36m(vLLMHttpServer pid=36528)[0m HOSTQUEUE <0x5567c798de30>: >>>>>>>> FIND MATCH KERNEL DETAILS <<<<<<<<<
[36m(vLLMHttpServer pid=36528)[0m HOSTQUEUE <0x5567c798de30>: kernel name: _ZN2at6native12_GLOBAL__N_143distribution_elementwise_grid_stride_kernelIfLi4EZNS0_9templates4cuda20normal_and_transformIN3c108BFloat16EfPNS_17CUDAGeneratorImplEZZZNS4_13normal_kernelIS9_EEvRKNS_10TensorBaseEddT_ENKUlvE_clEvENKUlvE2_clEvEUlfE_EEvRNS_18TensorIteratorBaseET1_T2_EUlP25hiprandStatePhilox4_32_10E0_ZNS1_27distribution_nullary_kernelIS7_f15HIP_vector_typeIfLj4EES9_SO_SH_EEvSJ_SL_RKT3_T4_EUlifE_EEvlNS_15PhiloxCudaStateESK_SL_
[36m(vLLMHttpServer pid=36528)[0m HOSTQUEUE <0x5567c798de30>: >>>>>>>> DUMP KERNEL ARGS: size: 328 <<<<<<<<<
[36m(vLLMHttpServer pid=36528)[0m 
[36m(vLLMHttpServer pid=36528)[0m 80 00 00 00 00 00 00 00 00 00 00 00 00 00 00 00 
[36m(vLLMHttpServer pid=36528)[0m 10 01 00 00 00 00 00 00 00 00 00 00 00 00 00 00 
[36m(vLLMHttpServer pid=36528)[0m 00 00 00 00 00 00 00 00 00 00 00 00 00 00 00 00 
[36m(vLLMHttpServer pid=36528)[0m 00 e8 bf e4 13 7f 00 00 02 00 00 00 00 00 00 00 
[36m(vLLMHttpServer pid=36528)[0m 00 00 80 3f 00 00 00 00 01 00 00 00 01 00 00 00 
[36m(vLLMHttpServer pid=36528)[0m 01 00 00 00 00 01 01 00 01 00 00 00 00 00 00 00 
[36m(vLLMHttpServer pid=36528)[0m 00 00 00 00 00 00 00 00 00 00 00 00 00 00 00 00 
[36m(vLLMHttpServer pid=36528)[0m 00 00 00 00 00 00 00 00 00 00 00 00 00 00 00 00 
[36m(vLLMHttpServer pid=36528)[0m 00 00 00 00 00 00 00 00 03 00 00 00 00 00 00 00 
[36m(vLLMHttpServer pid=36528)[0m 00 00 00 00 00 00 00 00 00 00 00 00 00 00 00 00 
[36m(vLLMHttpServer pid=36528)[0m 00 00 00 00 00 00 00 00 00 00 00 00 00 00 00 00 
[36m(vLLMHttpServer pid=36528)[0m 00 00 00 00 00 00 00 00 00 00 00 00 00 00 00 00 
[36m(vLLMHttpServer pid=36528)[0m 00 00 00 00 00 00 00 00 00 00 00 00 02 00 00 00 
[36m(vLLMHttpServer pid=36528)[0m 02 00 00 00 00 00 00 00 80 00 00 00 00 00 00 00 
[36m(vLLMHttpServer pid=36528)[0m 08 00 00 00 00 00 10 00 00 00 00 00 08 00 01 00 
[36m(vLLMHttpServer pid=36528)[0m 00 00 00 00 00 00 00 00 00 00 00 00 00 00 00 00 
[36m(vLLMHttpServer pid=36528)[0m 00 00 00 00 00 00 00 00 00 00 00 00 00 00 00 00 
[36m(vLLMHttpServer pid=36528)[0m 00 00 00 00 00 00 00 00 00 00 00 00 00 00 00 00 
[36m(vLLMHttpServer pid=36528)[0m 00 00 00 00 00 00 00 00 00 00 00 00 00 00 00 00 
[36m(vLLMHttpServer pid=36528)[0m 00 00 00 00 00 00 00 00 00 00 00 00 00 00 00 00 
[36m(vLLMHttpServer pid=36528)[0m 00 00 00 00 00 00 00 00 
[36m(vLLMHttpServer pid=36528)[0m 
[36m(vLLMHttpServer pid=36528)[0m HOSTQUEUE <0x5567c798de30>: >>>>>>>> DUMP KERNEL ARGS PTR INFO <<<<<<<<<
[36m(vLLMHttpServer pid=36528)[0m HOSTQUEUE <0x5567c798de30>: ptr arg index: 6, ptr: 0x7f13e4bfe800
[36m(vLLMHttpServer pid=36528)[0m HOSTQUEUE <0x5567c798de30>: origin ptr: 0x7f13e4a00000, size byte: 2097152
[36m(vLLMHttpServer pid=36528)[0m 
[36m(vLLMHttpServer pid=36528)[0m HOSTQUEUE <0x5567c798de30>: >>>>>>>> DUMP AQL 0x7f149015e000 PACKET WITH INDEX 84262 <<<<<<<<<
[36m(vLLMHttpServer pid=36528)[0m HOSTQUEUE <0x5567c798de30>: >>>>>>>> MATCH KERNEL COMMAND <<<<<<<<<
[36m(vLLMHttpServer pid=36528)[0m HOSTQUEUE <0x5567c798de30>: header: 0xb02
[36m(vLLMHttpServer pid=36528)[0m HOSTQUEUE <0x5567c798de30>: setup: 3
[36m(vLLMHttpServer pid=36528)[0m HOSTQUEUE <0x5567c798de30>: workgroup: x:256, y:1, z:1
[36m(vLLMHttpServer pid=36528)[0m HOSTQUEUE <0x5567c798de30>: grid: x:32768, y:1, z:1
[36m(vLLMHttpServer pid=36528)[0m HOSTQUEUE <0x5567c798de30>: group_segment_size: 0
[36m(vLLMHttpServer pid=36528)[0m HOSTQUEUE <0x5567c798de30>: private_segment_size: 0
[36m(vLLMHttpServer pid=36528)[0m HOSTQUEUE <0x5567c798de30>: completion_signal: 0x0
[36m(vLLMHttpServer pid=36528)[0m HOSTQUEUE <0x5567c798de30>: kernel_object: 0x7f13e482eb40
[36m(vLLMHttpServer pid=36528)[0m HOSTQUEUE <0x5567c798de30>: device id: 3
[36m(vLLMHttpServer pid=36528)[0m 
[36m(vLLMHttpServer pid=36528)[0m HOSTQUEUE <0x5567c798de30>: >>>>>>>> FIND MATCH KERNEL DETAILS <<<<<<<<<
[36m(vLLMHttpServer pid=36528)[0m HOSTQUEUE <0x5567c798de30>: kernel name: _ZN2at6native29vectorized_elementwise_kernelILi4ENS0_11FillFunctorIfEESt5arrayIPcLm1EEEEviT0_T1_
[36m(vLLMHttpServer pid=36528)[0m HOSTQUEUE <0x5567c798de30>: >>>>>>>> DUMP KERNEL ARGS: size: 16 <<<<<<<<<
[36m(vLLMHttpServer pid=36528)[0m 
[36m(vLLMHttpServer pid=36528)[0m 00 00 02 00 00 00 00 00 00 00 a0 93 cf 7e 00 00 
[36m(vLLMHttpServer pid=36528)[0m 
[36m(vLLMHttpServer pid=36528)[0m HOSTQUEUE <0x5567c798de30>: >>>>>>>> DUMP KERNEL ARGS PTR INFO <<<<<<<<<
[36m(vLLMHttpServer pid=36528)[0m HOSTQUEUE <0x5567c798de30>: ptr arg index: 1, ptr: 0x7ecf93a00000
[36m(vLLMHttpServer pid=36528)[0m HOSTQUEUE <0x5567c798de30>: origin ptr: 0x7ecf93a00000, size byte: 2097152
[36m(vLLMHttpServer pid=36528)[0m 
[36m(vLLMHttpServer pid=36528)[0m HOSTQUEUE <0x5567c798de30>: >>>>>>>> DUMP AQL 0x7f149015e000 PACKET WITH INDEX 84263 <<<<<<<<<
[36m(vLLMHttpServer pid=36528)[0m HOSTQUEUE <0x5567c798de30>: >>>>>>>> MATCH BARRIER AND COMMAND <<<<<<<<<
[36m(vLLMHttpServer pid=36528)[0m HOSTQUEUE <0x5567c798de30>: header: 0x1503
[36m(vLLMHttpServer pid=36528)[0m HOSTQUEUE <0x5567c798de30>: dep_signal[0]: 0x0
[36m(vLLMHttpServer pid=36528)[0m HOSTQUEUE <0x5567c798de30>: dep_signal[1]: 0x0
[36m(vLLMHttpServer pid=36528)[0m HOSTQUEUE <0x5567c798de30>: dep_signal[2]: 0x0
[36m(vLLMHttpServer pid=36528)[0m HOSTQUEUE <0x5567c798de30>: dep_signal[3]: 0x0
[36m(vLLMHttpServer pid=36528)[0m HOSTQUEUE <0x5567c798de30>: dep_signal[4]: 0x0
[36m(vLLMHttpServer pid=36528)[0m HOSTQUEUE <0x5567c798de30>: completion_signal: 0x7f1d6a7e1000
[36m(vLLMHttpServer pid=36528)[0m 
[36m(vLLMHttpServer pid=36528)[0m 
[36m(vLLMHttpServer pid=36528)[0m 
[36m(vLLMHttpServer pid=36528)[0m ===========================================================================================
[36m(vLLMHttpServer pid=36528)[0m =========> HOSTQUEUE <0x5567bf751820>: VMFault HSA QUEUE ANALYSIS <=========
[36m(vLLMHttpServer pid=36528)[0m HOSTQUEUE <0x5567bf751820>: base_address 0x7f1478600000
[36m(vLLMHttpServer pid=36528)[0m HOSTQUEUE <0x5567bf751820>: hsa queue id 1, stream id 0
[36m(vLLMHttpServer pid=36528)[0m HOSTQUEUE <0x5567bf751820>: get hsa queue W/R ptr: write index: 941, read index: 941
[36m(vLLMHttpServer pid=36528)[0m HOSTQUEUE <0x5567bf751820>: all command executed
[36m(vLLMHttpServer pid=36528)[0m 
[36m(vLLMHttpServer pid=36528)[0m >>>>>>>> KERNEL VMFault Analysis END !!!! <<<<<<
[36m(vLLMHttpServer pid=36528)[0m 
[36m(vLLMHttpServer pid=36528)[0m =========> HW QUEUE INFO ANALYSIS <==========
[36m(vLLMHttpServer pid=36528)[0m Can't read for directory: /sys/kernel/debug/kfd/process
[36m(vLLMHttpServer pid=36528)[0m Please check mount/permission
[36m(vLLMHttpServer pid=36528)[0m Fatal Python error: Aborted
[36m(vLLMHttpServer pid=36528)[0m 
[36m(vLLMHttpServer pid=36528)[0m Thread 0x00007ed3293fa640 (most recent call first):
[36m(vLLMHttpServer pid=36528)[0m   File "/usr/lib/python3.10/multiprocessing/connection.py", line 379 in _recv
[36m(vLLMHttpServer pid=36528)[0m   File "/usr/lib/python3.10/multiprocessing/connection.py", line 414 in _recv_bytes
[36m(vLLMHttpServer pid=36528)[0m   File "/usr/lib/python3.10/multiprocessing/connection.py", line 250 in recv
[36m(vLLMHttpServer pid=36528)[0m   File "/usr/local/lib/python3.10/dist-packages/vllm/v1/executor/multiproc_executor.py", line 757 in death_pipe_monitor
[36m(vLLMHttpServer pid=36528)[0m   File "/usr/lib/python3.10/threading.py", line 953 in run
[36m(vLLMHttpServer pid=36528)[0m   File "/usr/lib/python3.10/threading.py", line 1016 in _bootstrap_inner
[36m(vLLMHttpServer pid=36528)[0m   File "/usr/lib/python3.10/threading.py", line 973 in _bootstrap
[36m(vLLMHttpServer pid=36528)[0m 
[36m(vLLMHttpServer pid=36528)[0m Thread 0x00007ed32bbff640 (most recent call first):
[36m(vLLMHttpServer pid=36528)[0m   File "/usr/lib/python3.10/threading.py", line 324 in wait
[36m(vLLMHttpServer pid=36528)[0m   File "/usr/lib/python3.10/threading.py", line 607 in wait
[36m(vLLMHttpServer pid=36528)[0m   File "/usr/local/lib/python3.10/dist-packages/tqdm/_monitor.py", line 69 in run
[36m(vLLMHttpServer pid=36528)[0m   File "/usr/lib/python3.10/threading.py", line 1016 in _bootstrap_inner
[36m(vLLMHttpServer pid=36528)[0m   File "/usr/lib/python3.10/threading.py", line 973 in _bootstrap
[36m(vLLMHttpServer pid=36528)[0m 
[36m(vLLMHttpServer pid=36528)[0m Thread 0x00007f1493390640 (most recent call first):
[36m(vLLMHttpServer pid=36528)[0m   File "/usr/lib/python3.10/threading.py", line 320 in wait
[36m(vLLMHttpServer pid=36528)[0m   File "/usr/lib/python3.10/queue.py", line 171 in get
[36m(vLLMHttpServer pid=36528)[0m   File "/usr/local/lib/python3.10/dist-packages/vllm/v1/executor/multiproc_executor.py", line 911 in async_output_busy_loop
[36m(vLLMHttpServer pid=36528)[0m   File "/usr/lib/python3.10/threading.py", line 953 in run
[36m(vLLMHttpServer pid=36528)[0m   File "/usr/lib/python3.10/threading.py", line 1016 in _bootstrap_inner
[36m(vLLMHttpServer pid=36528)[0m   File "/usr/lib/python3.10/threading.py", line 973 in _bootstrap
[36m(vLLMHttpServer pid=36528)[0m 
[36m(vLLMHttpServer pid=36528)[0m Thread 0x00007f1ecaba2740 (most recent call first):
[36m(vLLMHttpServer pid=36528)[0m   File "/usr/local/lib/python3.10/dist-packages/vllm/model_executor/models/qwen3_next.py", line 761 in _warmup_prefill_kernels
[36m(vLLMHttpServer pid=36528)[0m   File "/usr/local/lib/python3.10/dist-packages/vllm/model_executor/models/qwen3_next.py", line 808 in _forward_core
[36m(vLLMHttpServer pid=36528)[0m   File "/usr/local/lib/python3.10/dist-packages/vllm/model_executor/models/qwen3_next.py", line 1722 in gdn_attention_core
[36m(vLLMHttpServer pid=36528)[0m   File "/usr/local/lib/python3.10/dist-packages/torch/_ops.py", line 1209 in __call__
[36m(vLLMHttpServer pid=36528)[0m   File "/usr/local/lib/python3.10/dist-packages/vllm/model_executor/models/qwen3_5.py", line 206 in forward
[36m(vLLMHttpServer pid=36528)[0m   File "/usr/local/lib/python3.10/dist-packages/torch/nn/modules/module.py", line 1787 in _call_impl
[36m(vLLMHttpServer pid=36528)[0m   File "/usr/local/lib/python3.10/dist-packages/torch/nn/modules/module.py", line 1776 in _wrapped_call_impl
[36m(vLLMHttpServer pid=36528)[0m   File "/usr/local/lib/python3.10/dist-packages/vllm/model_executor/models/qwen3_next.py", line 1304 in forward
[36m(vLLMHttpServer pid=36528)[0m   File "/usr/local/lib/python3.10/dist-packages/torch/nn/modules/module.py", line 1787 in _call_impl
[36m(vLLMHttpServer pid=36528)[0m   File "/usr/local/lib/python3.10/dist-packages/torch/nn/modules/module.py", line 1776 in _wrapped_call_impl
[36m(vLLMHttpServer pid=36528)[0m   File "/usr/local/lib/python3.10/dist-packages/vllm/model_executor/models/qwen3_next.py", line 1420 in forward
[36m(vLLMHttpServer pid=36528)[0m   File "/usr/local/lib/python3.10/dist-packages/vllm/compilation/decorators.py", line 439 in __call__
[36m(vLLMHttpServer pid=36528)[0m   File "/usr/local/lib/python3.10/dist-packages/vllm/model_executor/models/qwen3_5.py", line 766 in forward
[36m(vLLMHttpServer pid=36528)[0m   File "/usr/local/lib/python3.10/dist-packages/torch/nn/modules/module.py", line 1787 in _call_impl
[36m(vLLMHttpServer pid=36528)[0m   File "/usr/local/lib/python3.10/dist-packages/torch/nn/modules/module.py", line 1776 in _wrapped_call_impl
[36m(vLLMHttpServer pid=36528)[0m   File "/usr/local/lib/python3.10/dist-packages/vllm_hcu/v1/hcu_model_runner.py", line 5718 in _dummy_run
[36m(vLLMHttpServer pid=36528)[0m   File "/usr/local/lib/python3.10/dist-packages/torch/utils/_contextlib.py", line 124 in decorate_context
[36m(vLLMHttpServer pid=36528)[0m   File "/usr/local/lib/python3.10/dist-packages/vllm_hcu/v1/hcu_model_runner.py", line 6024 in profile_run
[36m(vLLMHttpServer pid=36528)[0m   File "/usr/local/lib/python3.10/dist-packages/vllm/v1/worker/gpu_worker.py", line 388 in determine_available_memory
[36m(vLLMHttpServer pid=36528)[0m   File "/usr/local/lib/python3.10/dist-packages/torch/utils/_contextlib.py", line 124 in decorate_context
[36m(vLLMHttpServer pid=36528)[0m   File "/usr/local/lib/python3.10/dist-packages/vllm/v1/executor/multiproc_executor.py", line 927 in worker_busy_loop
[36m(vLLMHttpServer pid=36528)[0m   File "/usr/local/lib/python3.10/dist-packages/vllm/v1/executor/multiproc_executor.py", line 843 in worker_main
[36m(vLLMHttpServer pid=36528)[0m   File "/usr/lib/python3.10/multiprocessing/process.py", line 108 in run
[36m(vLLMHttpServer pid=36528)[0m   File "/usr/lib/python3.10/multiprocessing/process.py", line 314 in _bootstrap
[36m(vLLMHttpServer pid=36528)[0m   File "/usr/lib/python3.10/multiprocessing/spawn.py", line 129 in _main
[36m(vLLMHttpServer pid=36528)[0m   File "/usr/lib/python3.10/multiprocessing/spawn.py", line 116 in spawn_main
[36m(vLLMHttpServer pid=36528)[0m   File "<string>", line 1 in <module>
[36m(vLLMHttpServer pid=36528)[0m 
[36m(vLLMHttpServer pid=36528)[0m Extension modules: msgpack._cmsgpack, google._upb._message, psutil._psutil_linux, charset_normalizer.md, charset_normalizer.cd, requests.packages.charset_normalizer.md, requests.packages.chardet.md, requests.packages.charset_normalizer.cd, requests.packages.chardet.cd, yaml._yaml, uvloop.loop, ray._raylet, numpy._core._multiarray_umath, numpy.linalg._umath_linalg, torch._C, torch._C._dynamo.autograd_compiler, torch._C._dynamo.eval_frame, torch._C._dynamo.guards, torch._C._dynamo.utils, torch._C._fft, torch._C._linalg, torch._C._nested, torch._C._nn, torch._C._sparse, torch._C._special, numpy.random._common, numpy.random.bit_generator, numpy.random._bounded_integers, numpy.random._mt19937, numpy.random.mtrand, numpy.random._philox, numpy.random._pcg64, numpy.random._sfc64, numpy.random._generator, regex._regex, xxhash._xxhash, zstandard.backend_c, markupsafe._speedups, PIL._imaging, PIL._imagingft, av._core, av.logging, av.buffer, av.audio.format, av.error, av.dictionary, av.container.pyio, av.format, av.index, av.utils, av.stream, av.container.streams, av.sidedata.encparams, av.sidedata.motionvectors, av.sidedata.sidedata, av.opaque, av.packet, av.container.input, av.container.output, av.container.core, av.codec.context, av.video.format, av.video.reformatter, av.plane, av.video.plane, av.video.frame, av.video.stream, av.codec.hwaccel, av.codec.codec, av.frame, av.audio.layout, av.audio.plane, av.audio.frame, av.audio.stream, av.filter.link, av.filter.context, av.filter.graph, av.filter.filter, av.filter.loudnorm, av.audio.resampler, av.audio.codeccontext, av.audio.fifo, av.bitstream, av.device, av.video.codeccontext, _cffi_backend, scipy._lib._ccallback_c, scipy.linalg._fblas, scipy.linalg._flapack, scipy.linalg.cython_lapack, scipy.linalg._cythonized_array_utils, scipy.linalg._solve_toeplitz, scipy.linalg._decomp_lu_cython, scipy.linalg._matfuncs_sqrtm_triu, scipy.linalg._matfuncs_expm, scipy.linalg._linalg_pythran, scipy.linalg.cython_blas, scipy.linalg._decomp_update, scipy.sparse._sparsetools, _csparsetools, scipy.sparse._csparsetools, scipy.sparse.linalg._dsolve._superlu, scipy.sparse.linalg._eigen.arpack._arpack, scipy.sparse.linalg._propack._spropack, scipy.sparse.linalg._propack._dpropack, scipy.sparse.linalg._propack._cpropack, scipy.sparse.linalg._propack._zpropack, scipy.sparse.csgraph._tools, scipy.sparse.csgraph._shortest_path, scipy.sparse.csgraph._traversal, scipy.sparse.csgraph._min_spanning_tree, scipy.sparse.csgraph._flow, scipy.sparse.csgraph._matching, scipy.sparse.csgraph._reordering, scipy.optimize._group_columns, scipy._lib.messagestream, scipy.optimize._trlib._trlib, scipy.optimize._lbfgsb, _moduleTNC, scipy.optimize._moduleTNC, scipy.optimize._cobyla, scipy.optimize._slsqp, scipy.optimize._minpack, scipy.optimize._lsq.givens_elimination, scipy.optimize._zeros, scipy.optimize._cython_nnls, scipy._lib._uarray._uarray, scipy.special._ufuncs_cxx, scipy.special._ufuncs, scipy.special._specfun, scipy.special._comb, scipy.special._ellip_harm_2, scipy.linalg._decomp_interpolative, scipy.optimize._bglu_dense, scipy.optimize._lsap, scipy.spatial._ckdtree, scipy.spatial._qhull, scipy.spatial._voronoi, scipy.spatial._distance_wrap, scipy.spatial._hausdorff, scipy.spatial.transform._rotation, scipy.optimize._direct, sentencepiece._sentencepiece, multidict._multidict, yarl._quoting_c, propcache._helpers_c, aiohttp._http_writer, aiohttp._http_parser, aiohttp._websocket.mask, aiohttp._websocket.reader_c, frozenlist._frozenlist, zmq.backend.cython._zmq, msgspec._core, grpc._cython.cygrpc, pybase64._pybase64, scipy.signal._sigtools, scipy.signal._max_len_seq_inner, scipy.signal._upfirdn_apply, scipy.signal._spline, scipy.interpolate._fitpack, scipy.interpolate._dfitpack, scipy.interpolate._dierckx, scipy.interpolate._ppoly, scipy.interpolate._interpnd, scipy.interpolate._rbfinterp_pythran, scipy.interpolate._rgi_cython, scipy.interpolate._bspl, scipy.ndimage._nd_image, scipy.ndimage._rank_filter_1d, _ni_label, scipy.ndimage._ni_label, scipy.signal._sosfilt, scipy.integrate._odepack, scipy.integrate._quadpack, scipy.integrate._vode, scipy.integrate._dop, scipy.integrate._lsoda, scipy.special.cython_special, scipy.stats._stats, scipy.stats._sobol, scipy.stats._qmc_cy, scipy.stats._biasedurn, scipy.stats._stats_pythran, scipy.stats._levy_stable.levyst, scipy.stats._ansari_swilk_statistics, scipy.stats._mvn, scipy.stats._rcont.rcont, scipy.signal._peak_finding_utils, hiredis.hiredis, cuda.bindings._bindings.cydriver, cuda.bindings.cydriver, cuda.bindings.driver, tvm_ffi.core, pyarrow.lib, pandas._libs.tslibs.ccalendar, pandas._libs.tslibs.np_datetime, pandas._libs.tslibs.dtypes, pandas._libs.tslibs.base, pandas._libs.tslibs.nattype, pandas._libs.tslibs.timezones, pandas._libs.tslibs.fields, pandas._libs.tslibs.timedeltas, pandas._libs.tslibs.tzconversion, pandas._libs.tslibs.timestamps, pandas._libs.properties, pandas._libs.tslibs.offsets, pandas._libs.tslibs.strptime, pandas._libs.tslibs.parsing, pandas._libs.tslibs.conversion, pandas._libs.tslibs.period, pandas._libs.tslibs.vectorized, pandas._libs.ops_dispatch, pandas._libs.missing, pandas._libs.hashtable, pandas._libs.algos, pandas._libs.interval, pandas._libs.lib, pyarrow._compute, pandas._libs.ops, pandas._libs.hashing, pandas._libs.arrays, pandas._libs.tslib, pandas._libs.sparse, pandas._libs.internals, pandas._libs.indexing, pandas._libs.index, pandas._libs.writers, pandas._libs.join, pandas._libs.window.aggregations, pandas._libs.window.indexers, pandas._libs.reshape, pandas._libs.groupby, pandas._libs.json, pandas._libs.parsers, pandas._libs.testing, cuda.bindings._internal.utils, cuda.bindings._internal.nvrtc, cuda.bindings.cynvrtc, cuda.bindings._internal.nvvm, cuda.bindings.cynvvm, cuda.bindings._internal.nvjitlink, cuda.bindings.cynvjitlink, cuda.bindings.nvrtc, cuda.bindings._bindings.cyruntime_ptds, cuda.bindings._bindings.cyruntime, cuda.bindings.cyruntime, cuda.bindings.runtime, cuda.bindings.nvvm, cuda.bindings.nvjitlink, cuda.core._utils.cuda_utils, cuda.core._utils.version, cuda.core._resource_handles, cuda.core._device_resources, cuda.core._event, cuda.core._stream, cuda.core._context, cuda.bindings._internal.nvml, cuda.bindings.cynvml, cuda.bindings.nvml, cuda.core.system._nvml_context, cuda.core.system._system, cuda.core.system._device, cuda.core.system._system_events, cuda.core.cu13.system._system, cuda.core.cu13.system._device, cuda.core.cu13.system._system_events, cuda.core._layout, cuda.core._dlpack, cuda.core._memory._ipc, cuda.core._memory._memory_pool, cuda.core._memory._peer_access_utils, cuda.core._memory._device_memory_resource, cuda.core._memory._pinned_memory_resource, cuda.core._device, cuda.core._memory._buffer, cuda.core._memory._graph_memory_resource, cuda.core._memory._managed_memory_resource, cuda.core._memoryview, cuda.core._launch_config, cuda.core._linker, cuda.core._program, cuda.core._module, cuda.core._graphics, cuda.core._tensor_map, cuda.core.graph._utils, cuda.core.graph._subclasses, cuda.core.graph._adjacency_set_proxy, cuda.core.graph._graph_node, cuda.core.graph._graph_definition, cuda.core.graph._graph_builder, cuda.core._kernel_arg_handler, cuda.core._launcher, cuda.core.experimental._stream, cupy_backends.cuda._softlink, cupy_backends.cuda.api._runtime_enum, cupy_backends.cuda.api.runtime, cupy._util, cupy.cuda.device, cupy.cuda.memory_hook, cupy_backends.cuda.stream, cupy.cuda.graph, cupy.cuda.stream, cupy_backends.cuda.api._driver_enum, cupy_backends.cuda.api.driver, cupy.cuda.memory, cupy._core.internal, cupy._core._carray, cupy._core._dtype, cupy._core._scalar, cupy.cuda.texture, cupy.cuda.function, cupy_backends.cuda.libs.nvrtc, cupy.cuda.pinned_memory, cupy.cuda.common, cupy.cuda.cub, cupy_backends.cuda.libs.nvtx, cupy.cuda.thrust, cupy._core._accelerator, cupy._core._memory_range, cupy._core._fusion_thread_local, cupy._core._kernel, cupy._core._routines_manipulation, cupy._core._routines_binary, cupy._core._optimize_config, cupy._core._cub_reduction, cupy._core._reduction, cupy._core._routines_math, cupy._core._routines_indexing, cupy._core._routines_linalg, cupy._core._routines_logic, cupy._core._routines_sorting, cupy._core._routines_statistics, cupy._core.dlpack, cupy._core.flags, cupy._core.core, cupy._core._fusion_variable, cupy._core._fusion_trace, cupy._core._fusion_kernel, cupy._core.new_fusion, cupy._core.fusion, cupy._core.raw, cupy.fft._cache, cupy.fft._callback, cupy.random._generator_api, cupy.random._bit_generator, cupy.lib._polynomial, hip_utils, _xxsubinterpreters, tilelang_cython_wrapper, setproctitle._setproctitle, vllm.cumem_allocator, __triton_launcher (total: 352)
[36m(vLLMHttpServer pid=36528)[0m WARNING 07-31 11:03:07 [registry.py:911] Model architecture GlmMoeDsaForCausalLM is already registered, and will be overwritten by the new model class vllm_hcu.models.deepseek_v2:GlmMoeDsaForCausalLM.
[36m(vLLMHttpServer pid=36528)[0m WARNING 07-31 11:03:07 [registry.py:911] Model architecture Glm4MoeForCausalLM is already registered, and will be overwritten by the new model class vllm_hcu.models.glm4_moe:Glm4MoeForCausalLM.
[36m(vLLMHttpServer pid=36528)[0m WARNING 07-31 11:03:07 [registry.py:911] Model architecture DeepseekV3ForCausalLM is already registered, and will be overwritten by the new model class vllm_hcu.models.deepseek_v2:DeepseekV3ForCausalLM.
[36m(vLLMHttpServer pid=36528)[0m WARNING 07-31 11:03:07 [registry.py:911] Model architecture DeepseekV32ForCausalLM is already registered, and will be overwritten by the new model class vllm_hcu.models.deepseek_v2:DeepseekV3ForCausalLM.
[36m(vLLMHttpServer pid=36528)[0m WARNING 07-31 11:03:07 [registry.py:911] Model architecture DeepSeekMTPModel is already registered, and will be overwritten by the new model class vllm_hcu.models.deepseek_mtp:DeepSeekMTP.
[36m(vLLMHttpServer pid=36528)[0m WARNING 07-31 11:03:07 [registry.py:911] Model architecture GlmMoeDsaForCausalLM is already registered, and will be overwritten by the new model class vllm_hcu.models.deepseek_v2:GlmMoeDsaForCausalLM.
[36m(vLLMHttpServer pid=36528)[0m WARNING 07-31 11:03:07 [registry.py:911] Model architecture Glm4MoeForCausalLM is already registered, and will be overwritten by the new model class vllm_hcu.models.glm4_moe:Glm4MoeForCausalLM.
[36m(vLLMHttpServer pid=36528)[0m WARNING 07-31 11:03:07 [registry.py:911] Model architecture DeepseekV3ForCausalLM is already registered, and will be overwritten by the new model class vllm_hcu.models.deepseek_v2:DeepseekV3ForCausalLM.
[36m(vLLMHttpServer pid=36528)[0m WARNING 07-31 11:03:07 [registry.py:911] Model architecture DeepseekV32ForCausalLM is already registered, and will be overwritten by the new model class vllm_hcu.models.deepseek_v2:DeepseekV3ForCausalLM.
[36m(vLLMHttpServer pid=36528)[0m WARNING 07-31 11:03:07 [registry.py:911] Model architecture DeepSeekMTPModel is already registered, and will be overwritten by the new model class vllm_hcu.models.deepseek_mtp:DeepSeekMTP.
[36m(vLLMHttpServer pid=36528)[0m WARNING 07-31 11:03:07 [registry.py:911] Model architecture GlmMoeDsaForCausalLM is already registered, and will be overwritten by the new model class vllm_hcu.models.deepseek_v2:GlmMoeDsaForCausalLM.
[36m(vLLMHttpServer pid=36528)[0m WARNING 07-31 11:03:07 [registry.py:911] Model architecture Glm4MoeForCausalLM is already registered, and will be overwritten by the new model class vllm_hcu.models.glm4_moe:Glm4MoeForCausalLM.
[36m(vLLMHttpServer pid=36528)[0m WARNING 07-31 11:03:07 [registry.py:911] Model architecture DeepseekV3ForCausalLM is already registered, and will be overwritten by the new model class vllm_hcu.models.deepseek_v2:DeepseekV3ForCausalLM.
[36m(vLLMHttpServer pid=36528)[0m WARNING 07-31 11:03:07 [registry.py:911] Model architecture DeepseekV32ForCausalLM is already registered, and will be overwritten by the new model class vllm_hcu.models.deepseek_v2:DeepseekV3ForCausalLM.
[36m(vLLMHttpServer pid=36528)[0m WARNING 07-31 11:03:07 [registry.py:911] Model architecture DeepSeekMTPModel is already registered, and will be overwritten by the new model class vllm_hcu.models.deepseek_mtp:DeepSeekMTP.
[36m(vLLMHttpServer pid=36528)[0m WARNING 07-31 11:03:07 [registry.py:911] Model architecture GlmMoeDsaForCausalLM is already registered, and will be overwritten by the new model class vllm_hcu.models.deepseek_v2:GlmMoeDsaForCausalLM.
[36m(vLLMHttpServer pid=36528)[0m WARNING 07-31 11:03:07 [registry.py:911] Model architecture Glm4MoeForCausalLM is already registered, and will be overwritten by the new model class vllm_hcu.models.glm4_moe:Glm4MoeForCausalLM.
[36m(vLLMHttpServer pid=36528)[0m LANG_RL Log directory: None
[36m(vLLMHttpServer pid=36528)[0m [HCU_ADAPT] Patch has been applied in worker
[36m(vLLMHttpServer pid=36528)[0m LANG_RL Log directory: None
[36m(vLLMHttpServer pid=36528)[0m [HCU_ADAPT] Patch has been applied in worker
[36m(vLLMHttpServer pid=36528)[0m LANG_RL Log directory: None
[36m(vLLMHttpServer pid=36528)[0m [HCU_ADAPT] Patch has been applied in worker
[36m(vLLMHttpServer pid=36528)[0m LANG_RL Log directory: None
[36m(vLLMHttpServer pid=36528)[0m [HCU_ADAPT] Patch has been applied in worker
[36m(vLLMHttpServer pid=36528)[0m (Worker_TP2_EP2 pid=38493) WARNING 07-31 11:03:33 [activation.py:643] [ROCm] PyTorch's native GELU with tanh approximation is unstable. Falling back to GELU(approximate='none').
[36m(vLLMHttpServer pid=36528)[0m (Worker_TP2_EP2 pid=38493) ###################self.global_num_experts:256, self.logical_num_experts:256 self.moe_parallel_config:FusedMoEParallelConfig(tp_size=1, pcp_size=1, dp_size=1, ep_size=4, tp_rank=0, pcp_rank=0, dp_rank=0, ep_rank=2, sp_size=1, use_ep=True, all2all_backend='allgather_reducescatter', enable_eplb=False)
[36m(vLLMHttpServer pid=36528)[0m (Worker_TP2_EP2 pid=38493) WARNING 07-31 11:03:33 [compilation.py:1136] Op 'sparse_attn_indexer' not present in model, enabling with '+sparse_attn_indexer' has no effect
[36m(vLLMHttpServer pid=36528)[0m (Worker_TP1_EP1 pid=38492) WARNING 07-31 11:03:34 [activation.py:643] [ROCm] PyTorch's native GELU with tanh approximation is unstable. Falling back to GELU(approximate='none').
[36m(vLLMHttpServer pid=36528)[0m (Worker_TP3_EP3 pid=38494) WARNING 07-31 11:03:34 [activation.py:643] [ROCm] PyTorch's native GELU with tanh approximation is unstable. Falling back to GELU(approximate='none').
[36m(vLLMHttpServer pid=36528)[0m (Worker_TP0_EP0 pid=38491) WARNING 07-31 11:03:34 [activation.py:643] [ROCm] PyTorch's native GELU with tanh approximation is unstable. Falling back to GELU(approximate='none').
[36m(vLLMHttpServer pid=36528)[0m (Worker_TP1_EP1 pid=38492) ###################self.global_num_experts:256, self.logical_num_experts:256 self.moe_parallel_config:FusedMoEParallelConfig(tp_size=1, pcp_size=1, dp_size=1, ep_size=4, tp_rank=0, pcp_rank=0, dp_rank=0, ep_rank=1, sp_size=1, use_ep=True, all2all_backend='allgather_reducescatter', enable_eplb=False)
[36m(vLLMHttpServer pid=36528)[0m (Worker_TP1_EP1 pid=38492) WARNING 07-31 11:03:34 [compilation.py:1136] Op 'sparse_attn_indexer' not present in model, enabling with '+sparse_attn_indexer' has no effect
[36m(vLLMHttpServer pid=36528)[0m (Worker_TP3_EP3 pid=38494) ###################self.global_num_experts:256, self.logical_num_experts:256 self.moe_parallel_config:FusedMoEParallelConfig(tp_size=1, pcp_size=1, dp_size=1, ep_size=4, tp_rank=0, pcp_rank=0, dp_rank=0, ep_rank=3, sp_size=1, use_ep=True, all2all_backend='allgather_reducescatter', enable_eplb=False)
[36m(vLLMHttpServer pid=36528)[0m (Worker_TP3_EP3 pid=38494) WARNING 07-31 11:03:34 [compilation.py:1136] Op 'sparse_attn_indexer' not present in model, enabling with '+sparse_attn_indexer' has no effect
[36m(vLLMHttpServer pid=36528)[0m (Worker_TP0_EP0 pid=38491) ###################self.global_num_experts:256, self.logical_num_experts:256 self.moe_parallel_config:FusedMoEParallelConfig(tp_size=1, pcp_size=1, dp_size=1, ep_size=4, tp_rank=0, pcp_rank=0, dp_rank=0, ep_rank=0, sp_size=1, use_ep=True, all2all_backend='allgather_reducescatter', enable_eplb=False)
[36m(vLLMHttpServer pid=36528)[0m (Worker_TP0_EP0 pid=38491) WARNING 07-31 11:03:34 [compilation.py:1136] Op 'sparse_attn_indexer' not present in model, enabling with '+sparse_attn_indexer' has no effect
[36m(vLLMHttpServer pid=36528)[0m (Worker_TP0_EP0 pid=38491) WARNING 07-31 11:05:16 [fused_moe.py:1112] Using default MoE config. Performance might be sub-optimal! Config file not found at /usr/local/lib/python3.10/dist-packages/vllm/model_executor/layers/fused_moe/configs/E=64,N=512,device_name=BW1100.json
[36m(vLLMHttpServer pid=36528)[0m (EngineCore pid=38025) ERROR 07-31 11:05:30 [multiproc_executor.py:273] Worker proc VllmWorker-0 died unexpectedly, shutting down executor.
[36m(vLLMHttpServer pid=36528)[0m (EngineCore pid=38025) Process EngineCore:
[36m(vLLMHttpServer pid=36528)[0m (EngineCore pid=38025) Traceback (most recent call last):
[36m(vLLMHttpServer pid=36528)[0m (EngineCore pid=38025)   File "/usr/lib/python3.10/multiprocessing/process.py", line 314, in _bootstrap
[36m(vLLMHttpServer pid=36528)[0m (EngineCore pid=38025)     self.run()
[36m(vLLMHttpServer pid=36528)[0m (EngineCore pid=38025)   File "/usr/lib/python3.10/multiprocessing/process.py", line 108, in run
[36m(vLLMHttpServer pid=36528)[0m (EngineCore pid=38025)     self._target(*self._args, **self._kwargs)
[36m(vLLMHttpServer pid=36528)[0m (EngineCore pid=38025)   File "/usr/local/lib/python3.10/dist-packages/vllm/v1/engine/core.py", line 1104, in run_engine_core
[36m(vLLMHttpServer pid=36528)[0m (EngineCore pid=38025)     raise e
[36m(vLLMHttpServer pid=36528)[0m (EngineCore pid=38025)   File "/usr/local/lib/python3.10/dist-packages/vllm/v1/engine/core.py", line 1074, in run_engine_core
[36m(vLLMHttpServer pid=36528)[0m (EngineCore pid=38025)     engine_core = EngineCoreProc(*args, engine_index=dp_rank, **kwargs)
[36m(vLLMHttpServer pid=36528)[0m (EngineCore pid=38025)   File "/usr/local/lib/python3.10/dist-packages/vllm/tracing/otel.py", line 178, in sync_wrapper
[36m(vLLMHttpServer pid=36528)[0m (EngineCore pid=38025)     return func(*args, **kwargs)
[36m(vLLMHttpServer pid=36528)[0m (EngineCore pid=38025)   File "/usr/local/lib/python3.10/dist-packages/vllm/v1/engine/core.py", line 840, in __init__
[36m(vLLMHttpServer pid=36528)[0m (EngineCore pid=38025)     super().__init__(
[36m(vLLMHttpServer pid=36528)[0m (EngineCore pid=38025)   File "/usr/local/lib/python3.10/dist-packages/vllm/v1/engine/core.py", line 123, in __init__
[36m(vLLMHttpServer pid=36528)[0m (EngineCore pid=38025)     kv_cache_config = self._initialize_kv_caches(vllm_config)
[36m(vLLMHttpServer pid=36528)[0m (EngineCore pid=38025)   File "/usr/local/lib/python3.10/dist-packages/vllm/tracing/otel.py", line 178, in sync_wrapper
[36m(vLLMHttpServer pid=36528)[0m (EngineCore pid=38025)     return func(*args, **kwargs)
[36m(vLLMHttpServer pid=36528)[0m (EngineCore pid=38025)   File "/usr/local/lib/python3.10/dist-packages/vllm/v1/engine/core.py", line 246, in _initialize_kv_caches
[36m(vLLMHttpServer pid=36528)[0m (EngineCore pid=38025)     available_gpu_memory = self.model_executor.determine_available_memory()
[36m(vLLMHttpServer pid=36528)[0m (EngineCore pid=38025)   File "/usr/local/lib/python3.10/dist-packages/vllm/v1/executor/abstract.py", line 136, in determine_available_memory
[36m(vLLMHttpServer pid=36528)[0m (EngineCore pid=38025)     return self.collective_rpc("determine_available_memory")
[36m(vLLMHttpServer pid=36528)[0m (EngineCore pid=38025)   File "/usr/local/lib/python3.10/dist-packages/vllm/v1/executor/multiproc_executor.py", line 397, in collective_rpc
[36m(vLLMHttpServer pid=36528)[0m (EngineCore pid=38025)     return aggregate(get_response())
[36m(vLLMHttpServer pid=36528)[0m (EngineCore pid=38025)   File "/usr/local/lib/python3.10/dist-packages/vllm/v1/executor/multiproc_executor.py", line 376, in get_response
[36m(vLLMHttpServer pid=36528)[0m (EngineCore pid=38025)     status, result = mq.dequeue(timeout=dequeue_timeout)
[36m(vLLMHttpServer pid=36528)[0m (EngineCore pid=38025)   File "/usr/local/lib/python3.10/dist-packages/vllm/distributed/device_communicators/shm_broadcast.py", line 755, in dequeue
[36m(vLLMHttpServer pid=36528)[0m (EngineCore pid=38025)     with self.acquire_read(timeout, indefinite) as buf:
[36m(vLLMHttpServer pid=36528)[0m (EngineCore pid=38025)   File "/usr/lib/python3.10/contextlib.py", line 135, in __enter__
[36m(vLLMHttpServer pid=36528)[0m (EngineCore pid=38025)     return next(self.gen)
[36m(vLLMHttpServer pid=36528)[0m (EngineCore pid=38025)   File "/usr/local/lib/python3.10/dist-packages/vllm/distributed/device_communicators/shm_broadcast.py", line 677, in acquire_read
[36m(vLLMHttpServer pid=36528)[0m (EngineCore pid=38025)     raise RuntimeError("cancelled")
[36m(vLLMHttpServer pid=36528)[0m (EngineCore pid=38025) RuntimeError: cancelled
[36m(vLLMHttpServer pid=36528)[0m (EngineCore pid=38025) ERROR 07-31 11:05:31 [core.py:1100] EngineCore failed to start.
[36m(vLLMHttpServer pid=36528)[0m (EngineCore pid=38025) ERROR 07-31 11:05:31 [core.py:1100] Traceback (most recent call last):
[36m(vLLMHttpServer pid=36528)[0m (EngineCore pid=38025) ERROR 07-31 11:05:31 [core.py:1100]   File "/usr/local/lib/python3.10/dist-packages/vllm/v1/engine/core.py", line 1074, in run_engine_core
[36m(vLLMHttpServer pid=36528)[0m (EngineCore pid=38025) ERROR 07-31 11:05:31 [core.py:1100]     engine_core = EngineCoreProc(*args, engine_index=dp_rank, **kwargs)
[36m(vLLMHttpServer pid=36528)[0m (EngineCore pid=38025) ERROR 07-31 11:05:31 [core.py:1100]   File "/usr/local/lib/python3.10/dist-packages/vllm/tracing/otel.py", line 178, in sync_wrapper
[36m(vLLMHttpServer pid=36528)[0m (EngineCore pid=38025) ERROR 07-31 11:05:31 [core.py:1100]     return func(*args, **kwargs)
[36m(vLLMHttpServer pid=36528)[0m (EngineCore pid=38025) ERROR 07-31 11:05:31 [core.py:1100]   File "/usr/local/lib/python3.10/dist-packages/vllm/v1/engine/core.py", line 840, in __init__
[36m(vLLMHttpServer pid=36528)[0m (EngineCore pid=38025) ERROR 07-31 11:05:31 [core.py:1100]     super().__init__(
[36m(vLLMHttpServer pid=36528)[0m (EngineCore pid=38025) ERROR 07-31 11:05:31 [core.py:1100]   File "/usr/local/lib/python3.10/dist-packages/vllm/v1/engine/core.py", line 123, in __init__
[36m(vLLMHttpServer pid=36528)[0m (EngineCore pid=38025) ERROR 07-31 11:05:31 [core.py:1100]     kv_cache_config = self._initialize_kv_caches(vllm_config)
[36m(vLLMHttpServer pid=36528)[0m (EngineCore pid=38025) ERROR 07-31 11:05:31 [core.py:1100]   File "/usr/local/lib/python3.10/dist-packages/vllm/tracing/otel.py", line 178, in sync_wrapper
[36m(vLLMHttpServer pid=36528)[0m (EngineCore pid=38025) ERROR 07-31 11:05:31 [core.py:1100]     return func(*args, **kwargs)
[36m(vLLMHttpServer pid=36528)[0m (EngineCore pid=38025) ERROR 07-31 11:05:31 [core.py:1100]   File "/usr/local/lib/python3.10/dist-packages/vllm/v1/engine/core.py", line 246, in _initialize_kv_caches
[36m(vLLMHttpServer pid=36528)[0m (EngineCore pid=38025) ERROR 07-31 11:05:31 [core.py:1100]     available_gpu_memory = self.model_executor.determine_available_memory()
[36m(vLLMHttpServer pid=36528)[0m (EngineCore pid=38025) ERROR 07-31 11:05:31 [core.py:1100]   File "/usr/local/lib/python3.10/dist-packages/vllm/v1/executor/abstract.py", line 136, in determine_available_memory
[36m(vLLMHttpServer pid=36528)[0m (EngineCore pid=38025) ERROR 07-31 11:05:31 [core.py:1100]     return self.collective_rpc("determine_available_memory")
[36m(vLLMHttpServer pid=36528)[0m (EngineCore pid=38025) ERROR 07-31 11:05:31 [core.py:1100]   File "/usr/local/lib/python3.10/dist-packages/vllm/v1/executor/multiproc_executor.py", line 397, in collective_rpc
[36m(vLLMHttpServer pid=36528)[0m (EngineCore pid=38025) ERROR 07-31 11:05:31 [core.py:1100]     return aggregate(get_response())
[36m(vLLMHttpServer pid=36528)[0m (EngineCore pid=38025) ERROR 07-31 11:05:31 [core.py:1100]   File "/usr/local/lib/python3.10/dist-packages/vllm/v1/executor/multiproc_executor.py", line 376, in get_response
[36m(vLLMHttpServer pid=36528)[0m (EngineCore pid=38025) ERROR 07-31 11:05:31 [core.py:1100]     status, result = mq.dequeue(timeout=dequeue_timeout)
[36m(vLLMHttpServer pid=36528)[0m (EngineCore pid=38025) ERROR 07-31 11:05:31 [core.py:1100]   File "/usr/local/lib/python3.10/dist-packages/vllm/distributed/device_communicators/shm_broadcast.py", line 755, in dequeue
[36m(vLLMHttpServer pid=36528)[0m (EngineCore pid=38025) ERROR 07-31 11:05:31 [core.py:1100]     with self.acquire_read(timeout, indefinite) as buf:
[36m(vLLMHttpServer pid=36528)[0m (EngineCore pid=38025) ERROR 07-31 11:05:31 [core.py:1100]   File "/usr/lib/python3.10/contextlib.py", line 135, in __enter__
[36m(vLLMHttpServer pid=36528)[0m (EngineCore pid=38025) ERROR 07-31 11:05:31 [core.py:1100]     return next(self.gen)
[36m(vLLMHttpServer pid=36528)[0m (EngineCore pid=38025) ERROR 07-31 11:05:31 [core.py:1100]   File "/usr/local/lib/python3.10/dist-packages/vllm/distributed/device_communicators/shm_broadcast.py", line 677, in acquire_read
[36m(vLLMHttpServer pid=36528)[0m (EngineCore pid=38025) ERROR 07-31 11:05:31 [core.py:1100]     raise RuntimeError("cancelled")
[36m(vLLMHttpServer pid=36528)[0m (EngineCore pid=38025) ERROR 07-31 11:05:31 [core.py:1100] RuntimeError: cancelled
Error executing job with overrides: ['data.train_files=/public/home/xingjl/datasets/after/geo3k/train.parquet', 'data.val_files=/public/home/xingjl/datasets/after/geo3k/test.parquet', 'data.train_batch_size=128', 'data.max_prompt_length=1024', 'data.max_response_length=2048', 'data.filter_overlong_prompts=True', 'data.truncation=error', 'data.image_key=images', 'actor_rollout_ref.model.path=/public/home/xingjl/models/Qwen3.5-4B', 'actor_rollout_ref.model.use_remove_padding=True', 'actor_rollout_ref.model.enable_gradient_checkpointing=True', 'actor_rollout_ref.actor.optim.lr=1e-6', 'actor_rollout_ref.actor.ppo_mini_batch_size=128', 'actor_rollout_ref.actor.ppo_micro_batch_size_per_gpu=1', 'actor_rollout_ref.actor.ppo_max_token_len_per_gpu=24576', 'actor_rollout_ref.actor.use_dynamic_bsz=False', 'actor_rollout_ref.actor.use_torch_compile=False', 'actor_rollout_ref.actor.strategy=fsdp2', 'actor_rollout_ref.actor.fsdp_config.reshard_after_forward=True', 'actor_rollout_ref.actor.fsdp_config.entropy_checkpointing=True', 'actor_rollout_ref.actor.fsdp_config.entropy_from_logits_with_chunking=False', 'actor_rollout_ref.actor.fsdp_config.offload_policy=False', 'actor_rollout_ref.actor.fsdp_config.param_offload=True', 'actor_rollout_ref.actor.fsdp_config.optimizer_offload=True', 'actor_rollout_ref.ref.log_prob_micro_batch_size_per_gpu=1', 'actor_rollout_ref.ref.use_torch_compile=False', 'actor_rollout_ref.ref.strategy=fsdp2', 'actor_rollout_ref.ref.fsdp_config.offload_policy=False', 'actor_rollout_ref.ref.fsdp_config.param_offload=True', 'actor_rollout_ref.ref.fsdp_config.reshard_after_forward=True', 'actor_rollout_ref.ref.fsdp_config.entropy_from_logits_with_chunking=False', 'actor_rollout_ref.rollout.name=vllm', 'actor_rollout_ref.rollout.log_prob_micro_batch_size_per_gpu=1', 'actor_rollout_ref.rollout.tensor_model_parallel_size=2', 'actor_rollout_ref.rollout.gpu_memory_utilization=0.3', 'actor_rollout_ref.rollout.n=1', 'actor_rollout_ref.rollout.max_model_len=3073', 'actor_rollout_ref.rollout.log_prob_use_dynamic_bsz=False', 'actor_rollout_ref.rollout.log_prob_max_token_len_per_gpu=24576', 'actor_rollout_ref.rollout.calculate_log_probs=True', 'actor_rollout_ref.rollout.free_cache_engine=True', '+actor_rollout_ref.rollout.enable_sleep_mode=True', '+actor_rollout_ref.rollout.engine_kwargs.vllm.mm_processor_cache_gb=0', 'algorithm.adv_estimator=grpo', 'algorithm.use_kl_in_reward=False', 'distillation.enabled=True', 'distillation.n_gpus_per_node=4', 'distillation.nnodes=1', 'distillation.teacher_models.teacher_model.model_path=/public/home/xingjl/models/Qwen3.5-35B-A3B', 'distillation.teacher_models.teacher_model.inference.name=vllm', 'distillation.teacher_models.teacher_model.inference.tensor_model_parallel_size=4', 'distillation.teacher_models.teacher_model.inference.expert_parallel_size=4', 'distillation.teacher_models.teacher_model.inference.gpu_memory_utilization=0.3', 'distillation.teacher_models.teacher_model.inference.max_model_len=3073', 'distillation.teacher_models.teacher_model.inference.free_cache_engine=True', '+distillation.teacher_models.teacher_model.inference.enable_sleep_mode=True', 'distillation.distillation_loss.loss_mode=k1', 'distillation.distillation_loss.topk=64', 'distillation.distillation_loss.use_task_rewards=False', 'distillation.distillation_loss.use_policy_gradient=True', 'distillation.distillation_loss.loss_max_clamp=10.0', 'distillation.distillation_loss.log_prob_min_clamp=-10.0', 'trainer.balance_batch=True', 'trainer.logger=["console"]', 'trainer.project_name=DISTILLATION-Qwen3.5-4B-BASE-GEO3K', 'trainer.experiment_name=DISTILLATION-Qwen3.5-4B-BASE-FSDP2-vLLM', 'trainer.n_gpus_per_node=4', 'trainer.nnodes=1', 'trainer.save_freq=200', 'trainer.test_freq=5', 'trainer.total_epochs=15', 'trainer.val_before_train=False', 'trainer.default_local_dir=/public/home/xingjl/verl-das/examples/on_policy_distillation_trainer/ckpts/DISTILLATION-Qwen3.5-4B-BASE-GEO3K/DISTILLATION-Qwen3.5-4B-BASE-FSDP2-vLLM']
Traceback (most recent call last):
  File "/public/home/xingjl/verl-das/third_party/verl/verl/trainer/main_ppo.py", line 48, in main
    run_ppo(config)
  File "/public/home/xingjl/verl-das/third_party/verl/verl/trainer/main_ppo.py", line 102, in run_ppo
    ray.get(runner.run.remote(config))
  File "/usr/local/lib/python3.10/dist-packages/ray/_private/auto_init_hook.py", line 22, in auto_init_wrapper
    return fn(*args, **kwargs)
  File "/usr/local/lib/python3.10/dist-packages/ray/_private/client_mode_hook.py", line 110, in wrapper
    return func(*args, **kwargs)
  File "/usr/local/lib/python3.10/dist-packages/ray/_private/worker.py", line 2968, in get
    values, debugger_breakpoint = worker.get_objects(
  File "/usr/local/lib/python3.10/dist-packages/ray/_private/worker.py", line 1050, in get_objects
    raise value.as_instanceof_cause()
ray.exceptions.RayTaskError(RuntimeError): [36mray::TaskRunner.run()[39m (pid=30469, ip=10.16.1.5, actor_id=0c741945d58504eaeb8dff6701000000, repr=<main_ppo.TaskRunner object at 0x7ef4718d0f70>)
  File "/public/home/xingjl/verl-das/third_party/verl/verl/trainer/main_ppo.py", line 312, in run
    trainer.init_workers()
  File "/public/home/xingjl/verl-das/third_party/verl/verl/trainer/ppo/ray_trainer.py", line 921, in init_workers
    self.teacher_model_manager = MultiTeacherModelManager(
  File "/public/home/xingjl/verl-das/third_party/verl/verl/experimental/teacher_loop/teacher_model.py", line 178, in __init__
    self._initialize_teacher_model_managers()
  File "/public/home/xingjl/verl-das/third_party/verl/verl/experimental/teacher_loop/teacher_model.py", line 186, in _initialize_teacher_model_managers
    manager = TeacherModelManager(
  File "/public/home/xingjl/verl-das/third_party/verl/verl/experimental/teacher_loop/teacher_model.py", line 59, in __init__
    self._initialize_llm_servers()
  File "/public/home/xingjl/verl-das/third_party/verl/verl/experimental/teacher_loop/teacher_model.py", line 94, in _initialize_llm_servers
    _run_all(
  File "/public/home/xingjl/verl-das/third_party/verl/verl/utils/ray_utils.py", line 123, in wrapper
    return asyncio.run(coro)
  File "/usr/lib/python3.10/asyncio/runners.py", line 44, in run
    return loop.run_until_complete(main)
  File "uvloop/loop.pyx", line 1518, in uvloop.loop.Loop.run_until_complete
  File "/public/home/xingjl/verl-das/third_party/verl/verl/experimental/teacher_loop/teacher_model.py", line 34, in _run_all
    await asyncio.gather(*tasks)
  File "/public/home/xingjl/verl-das/third_party/verl/verl/workers/rollout/replica.py", line 187, in init_colocated
    await self.launch_servers()
  File "/public/home/xingjl/verl-das/third_party/verl/verl/workers/rollout/vllm_rollout/vllm_async_server.py", line 1038, in launch_servers
    await asyncio.gather(
  File "/usr/lib/python3.10/asyncio/tasks.py", line 650, in _wrap_awaitable
    return (yield from awaitable.__await__())
ray.exceptions.RayTaskError(RuntimeError): [36mray::vLLMHttpServer.launch_server()[39m (pid=36528, ip=10.16.1.5, actor_id=d4e535ed60432eaffbc7eabc01000000, repr=<verl.workers.rollout.vllm_rollout.vllm_async_server.vLLMHttpServer object at 0x7ed54a8d5ae0>)
  File "/usr/lib/python3.10/concurrent/futures/_base.py", line 458, in result
    return self.__get_result()
  File "/usr/lib/python3.10/concurrent/futures/_base.py", line 403, in __get_result
    raise self._exception
  File "/public/home/xingjl/verl-das/third_party/verl/verl/workers/rollout/vllm_rollout/vllm_async_server.py", line 381, in launch_server
    await self.run_server(server_args)
  File "/public/home/xingjl/verl-das/third_party/verl/verl/workers/rollout/vllm_rollout/vllm_async_server.py", line 398, in run_server
    engine_client = AsyncLLM.from_vllm_config(vllm_config=vllm_config, usage_context=usage_context, **kwargs)
  File "/usr/local/lib/python3.10/dist-packages/vllm/v1/engine/async_llm.py", line 225, in from_vllm_config
    return cls(
  File "/usr/local/lib/python3.10/dist-packages/vllm/v1/engine/async_llm.py", line 154, in __init__
    self.engine_core = EngineCoreClient.make_async_mp_client(
  File "/usr/local/lib/python3.10/dist-packages/vllm/tracing/otel.py", line 178, in sync_wrapper
    return func(*args, **kwargs)
  File "/usr/local/lib/python3.10/dist-packages/vllm/v1/engine/core_client.py", line 128, in make_async_mp_client
    return AsyncMPClient(*client_args)
  File "/usr/local/lib/python3.10/dist-packages/vllm/tracing/otel.py", line 178, in sync_wrapper
    return func(*args, **kwargs)
  File "/usr/local/lib/python3.10/dist-packages/vllm/v1/engine/core_client.py", line 924, in __init__
    super().__init__(
  File "/usr/local/lib/python3.10/dist-packages/vllm/v1/engine/core_client.py", line 583, in __init__
    with launch_core_engines(
  File "/usr/lib/python3.10/contextlib.py", line 142, in __exit__
    next(self.gen)
  File "/usr/local/lib/python3.10/dist-packages/vllm/v1/engine/utils.py", line 972, in launch_core_engines
    wait_for_engine_startup(
  File "/usr/local/lib/python3.10/dist-packages/vllm/v1/engine/utils.py", line 1031, in wait_for_engine_startup
    raise RuntimeError(
RuntimeError: Engine core initialization failed. See root cause above. Failed core proc(s): {}

Set the environment variable HYDRA_FULL_ERROR=1 for a complete stack trace.
