WARNING:2026-07-30 11:20:48,595:Current Python version 3.10 is below the recommended 3.11 version. It is recommended to upgrade to Python 3.11 or higher for the best experience.
LANG_RL Log directory: None
INFO 07-30 11:20:53 [__init__.py:44] Available plugins for group vllm.platform_plugins:
INFO 07-30 11:20:53 [__init__.py:46] - hcu -> vllm_hcu:hcu_platform_plugin
INFO 07-30 11:20:53 [__init__.py:49] All plugins in this group will be loaded. Set `VLLM_PLUGINS` to control which plugins to load.
INFO 07-30 11:20:53 [__init__.py:239] Platform plugin hcu is activated
[HCU_ADAPT] Patch has been applied in worker
[INFO|/public/home/xingjl/verl-das/third_party/VeOmni/veomni/ops/__init__.py:71] 07/30/2026 11:20:59 >> ✅ VeOmni attention patches applied.
[INFO|/public/home/xingjl/verl-das/third_party/VeOmni/veomni/__init__.py:25] 07/30/2026 11:20:59 >> 
========== Environment Variables ==========
MODELING_BACKEND=veomni (source=default)
===========================================
2026-07-30 11:21:08,550	INFO worker.py:2015 -- Started a local Ray instance. View the dashboard at [1m[32m127.0.0.1:8265 [39m[22m
[36m(pid=899085)[0m WARNING:2026-07-30 11:21:36,127:Current Python version 3.10 is below the recommended 3.11 version. It is recommended to upgrade to Python 3.11 or higher for the best experience.
ray init kwargs: {'num_cpus': None, 'runtime_env': {'env_vars': {'TOKENIZERS_PARALLELISM': 'true', 'VLLM_LOGGING_LEVEL': 'WARN', 'VLLM_ALLOW_RUNTIME_LORA_UPDATING': 'true', 'CUDA_DEVICE_MAX_CONNECTIONS': '1', 'VLLM_DISABLE_COMPILE_CACHE': '1', 'HCCL_HOST_SOCKET_PORT_RANGE': 'auto', 'HCCL_NPU_SOCKET_PORT_RANGE': 'auto', 'HSA_NO_SCRATCH_RECLAIM': '1', 'TORCH_CPP_LOG_LEVEL': 'fatal', 'GLOG_minloglevel': '3', 'GPU_MAX_HW_QUEUES': '10', 'RAY_ACCEL_ENV_VAR_OVERRIDE_ON_ZERO': '0', 'NCCL_IB_HCA': 'mlx5_2:1,mlx5_3:1,mlx5_4:1,mlx5_5:1,mlx5_6:1,mlx5_7:1,mlx5_8:1,mlx5_9:1', 'ROCSHMEM_MAX_NUM_CONTEXTS': '48', 'ROCSHMEM_HEAP_SIZE': '2684354560', 'ROCSHMEM_GDA_NUM_QPS_DEFAULT_CTX': '288', 'ROCSHMEM_TOPO_FILE_FORCE': '/public/home/xingjl/verl-das/examples/topo/topo.config', 'ROCSHMEM_ALLOWED_IBV_DEVICES': 'mlx5_2,mlx5_3,mlx5_4,mlx5_5,mlx5_6,mlx5_7,mlx5_8,mlx5_9'}, 'working_dir': None}}
[36m(pid=899085)[0m LANG_RL Log directory: None
[36m(pid=899085)[0m [HCU_ADAPT] Patch has been applied in worker
[36m(pid=899085)[0m [INFO|/public/home/xingjl/verl-das/third_party/VeOmni/veomni/ops/__init__.py:71] 07/30/2026 11:21:45 >> ✅ VeOmni attention patches applied.
[36m(pid=899085)[0m [INFO|/public/home/xingjl/verl-das/third_party/VeOmni/veomni/__init__.py:25] 07/30/2026 11:21:45 >> 
[36m(pid=899085)[0m ========== Environment Variables ==========
[36m(pid=899085)[0m MODELING_BACKEND=veomni (source=default)
[36m(pid=899085)[0m ===========================================
[36m(TaskRunner pid=899085)[0m TaskRunner hostname: nmz39, PID: 899085
[36m(TaskRunner pid=899085)[0m {'actor_rollout_ref': {'actor': {'_target_': 'verl.workers.config.VeOmniActorConfig',
[36m(TaskRunner pid=899085)[0m                                  'calculate_entropy': False,
[36m(TaskRunner pid=899085)[0m                                  'calculate_sum_pi_squared': False,
[36m(TaskRunner pid=899085)[0m                                  'checkpoint': {'_target_': 'verl.trainer.config.CheckpointConfig',
[36m(TaskRunner pid=899085)[0m                                                 'async_save': False,
[36m(TaskRunner pid=899085)[0m                                                 'load_contents': ['model',
[36m(TaskRunner pid=899085)[0m                                                                   'optimizer',
[36m(TaskRunner pid=899085)[0m                                                                   'extra'],
[36m(TaskRunner pid=899085)[0m                                                 'mbridge_config': {},
[36m(TaskRunner pid=899085)[0m                                                 'save_contents': ['model',
[36m(TaskRunner pid=899085)[0m                                                                   'optimizer',
[36m(TaskRunner pid=899085)[0m                                                                   'extra'],
[36m(TaskRunner pid=899085)[0m                                                 'strict': True},
[36m(TaskRunner pid=899085)[0m                                  'clip_ratio': 0.2,
[36m(TaskRunner pid=899085)[0m                                  'clip_ratio_c': 3.0,
[36m(TaskRunner pid=899085)[0m                                  'clip_ratio_high': 0.2,
[36m(TaskRunner pid=899085)[0m                                  'clip_ratio_low': 0.2,
[36m(TaskRunner pid=899085)[0m                                  'data_loader_seed': 42,
[36m(TaskRunner pid=899085)[0m                                  'entropy_coeff': 0,
[36m(TaskRunner pid=899085)[0m                                  'freeze_vision_tower': False,
[36m(TaskRunner pid=899085)[0m                                  'kl_loss_coef': 0.001,
[36m(TaskRunner pid=899085)[0m                                  'kl_loss_type': 'low_var_kl',
[36m(TaskRunner pid=899085)[0m                                  'loss_agg_mode': 'token-mean',
[36m(TaskRunner pid=899085)[0m                                  'loss_scale_factor': None,
[36m(TaskRunner pid=899085)[0m                                  'optim': {'_target_': 'verl.workers.config.VeOmniOptimizerConfig',
[36m(TaskRunner pid=899085)[0m                                            'betas': [0.9, 0.999],
[36m(TaskRunner pid=899085)[0m                                            'clip_grad': 1.0,
[36m(TaskRunner pid=899085)[0m                                            'lr': 1e-06,
[36m(TaskRunner pid=899085)[0m                                            'lr_decay_ratio': 1.0,
[36m(TaskRunner pid=899085)[0m                                            'lr_min': 0.0,
[36m(TaskRunner pid=899085)[0m                                            'lr_scheduler_type': 'cosine',
[36m(TaskRunner pid=899085)[0m                                            'lr_start': 0.0,
[36m(TaskRunner pid=899085)[0m                                            'lr_warmup_steps': -1,
[36m(TaskRunner pid=899085)[0m                                            'lr_warmup_steps_ratio': 0.0,
[36m(TaskRunner pid=899085)[0m                                            'optimizer': 'adamw',
[36m(TaskRunner pid=899085)[0m                                            'override_optimizer_config': {},
[36m(TaskRunner pid=899085)[0m                                            'total_training_steps': -1,
[36m(TaskRunner pid=899085)[0m                                            'weight_decay': 0.01},
[36m(TaskRunner pid=899085)[0m                                  'policy_loss': {'_target_': 'verl.workers.config.PolicyLossConfig',
[36m(TaskRunner pid=899085)[0m                                                  'clip_cov_lb': 1.0,
[36m(TaskRunner pid=899085)[0m                                                  'clip_cov_ratio': 0.0002,
[36m(TaskRunner pid=899085)[0m                                                  'clip_cov_ub': 5.0,
[36m(TaskRunner pid=899085)[0m                                                  'kl_cov_ratio': 0.0002,
[36m(TaskRunner pid=899085)[0m                                                  'loss_mode': 'vanilla',
[36m(TaskRunner pid=899085)[0m                                                  'ppo_kl_coef': 0.1},
[36m(TaskRunner pid=899085)[0m                                  'ppo_epochs': 1,
[36m(TaskRunner pid=899085)[0m                                  'ppo_max_token_len_per_gpu': 12288,
[36m(TaskRunner pid=899085)[0m                                  'ppo_micro_batch_size': None,
[36m(TaskRunner pid=899085)[0m                                  'ppo_micro_batch_size_per_gpu': None,
[36m(TaskRunner pid=899085)[0m                                  'ppo_mini_batch_size': 128,
[36m(TaskRunner pid=899085)[0m                                  'profiler': {'_target_': 'verl.utils.profiler.ProfilerConfig',
[36m(TaskRunner pid=899085)[0m                                               'all_ranks': False,
[36m(TaskRunner pid=899085)[0m                                               'enable': False,
[36m(TaskRunner pid=899085)[0m                                               'ranks': [],
[36m(TaskRunner pid=899085)[0m                                               'save_path': 'outputs/profile',
[36m(TaskRunner pid=899085)[0m                                               'tool': None,
[36m(TaskRunner pid=899085)[0m                                               'tool_config': {'npu': {'_target_': 'verl.utils.profiler.config.NPUToolConfig',
[36m(TaskRunner pid=899085)[0m                                                                       'analysis': True,
[36m(TaskRunner pid=899085)[0m                                                                       'contents': [],
[36m(TaskRunner pid=899085)[0m                                                                       'discrete': False,
[36m(TaskRunner pid=899085)[0m                                                                       'level': 'level0'},
[36m(TaskRunner pid=899085)[0m                                                               'nsys': {'_target_': 'verl.utils.profiler.config.NsightToolConfig',
[36m(TaskRunner pid=899085)[0m                                                                        'discrete': False},
[36m(TaskRunner pid=899085)[0m                                                               'precision_debugger': {'_target_': 'verl.utils.profiler.config.PrecisionDebuggerToolConfig',
[36m(TaskRunner pid=899085)[0m                                                                                      'config_path': None,
[36m(TaskRunner pid=899085)[0m                                                                                      'stages': None,
[36m(TaskRunner pid=899085)[0m                                                                                      'steps': None,
[36m(TaskRunner pid=899085)[0m                                                                                      'strict': False},
[36m(TaskRunner pid=899085)[0m                                                               'torch': {'_target_': 'verl.utils.profiler.config.TorchProfilerToolConfig',
[36m(TaskRunner pid=899085)[0m                                                                         'contents': [],
[36m(TaskRunner pid=899085)[0m                                                                         'discrete': False},
[36m(TaskRunner pid=899085)[0m                                                               'torch_memory': {'_target_': 'verl.utils.profiler.config.TorchMemoryToolConfig',
[36m(TaskRunner pid=899085)[0m                                                                                'stack_depth': 32,
[36m(TaskRunner pid=899085)[0m                                                                                'trace_alloc_max_entries': 100000}}},
[36m(TaskRunner pid=899085)[0m                                  'qat': {'activation_observer': 'static_minmax',
[36m(TaskRunner pid=899085)[0m                                          'enable': False,
[36m(TaskRunner pid=899085)[0m                                          'group_size': 16,
[36m(TaskRunner pid=899085)[0m                                          'ignore_patterns': ['lm_head',
[36m(TaskRunner pid=899085)[0m                                                              'embed_tokens',
[36m(TaskRunner pid=899085)[0m                                                              're:.*mlp.gate$'],
[36m(TaskRunner pid=899085)[0m                                          'mode': 'w4a16',
[36m(TaskRunner pid=899085)[0m                                          'quantization_config_path': None},
[36m(TaskRunner pid=899085)[0m                                  'rollout_n': 1,
[36m(TaskRunner pid=899085)[0m                                  'router_replay': {'_target_': 'verl.workers.config.RouterReplayConfig',
[36m(TaskRunner pid=899085)[0m                                                    'mode': 'disabled',
[36m(TaskRunner pid=899085)[0m                                                    'record_file': None,
[36m(TaskRunner pid=899085)[0m                                                    'replay_file': None},
[36m(TaskRunner pid=899085)[0m                                  'shuffle': False,
[36m(TaskRunner pid=899085)[0m                                  'strategy': 'veomni',
[36m(TaskRunner pid=899085)[0m                                  'tau_neg': 1.05,
[36m(TaskRunner pid=899085)[0m                                  'tau_pos': 1.0,
[36m(TaskRunner pid=899085)[0m                                  'use_dynamic_bsz': True,
[36m(TaskRunner pid=899085)[0m                                  'use_fused_kernels': True,
[36m(TaskRunner pid=899085)[0m                                  'use_kl_loss': False,
[36m(TaskRunner pid=899085)[0m                                  'use_prefix_grouper': False,
[36m(TaskRunner pid=899085)[0m                                  'use_remove_padding': True,
[36m(TaskRunner pid=899085)[0m                                  'use_torch_compile': False,
[36m(TaskRunner pid=899085)[0m                                  'veomni': {'_target_': 'verl.workers.config.VeOmniEngineConfig',
[36m(TaskRunner pid=899085)[0m                                             'activation_gpu_limit': 0.0,
[36m(TaskRunner pid=899085)[0m                                             'attn_implementation': 'flash_attention_2',
[36m(TaskRunner pid=899085)[0m                                             'ckpt_manager': 'dcp',
[36m(TaskRunner pid=899085)[0m                                             'cross_entropy_loss_implementation': 'eager',
[36m(TaskRunner pid=899085)[0m                                             'enable_fsdp_offload': False,
[36m(TaskRunner pid=899085)[0m                                             'enable_full_shard': True,
[36m(TaskRunner pid=899085)[0m                                             'enable_reentrant': False,
[36m(TaskRunner pid=899085)[0m                                             'expert_parallel_size': 1,
[36m(TaskRunner pid=899085)[0m                                             'force_use_huggingface': False,
[36m(TaskRunner pid=899085)[0m                                             'forward_only': False,
[36m(TaskRunner pid=899085)[0m                                             'forward_prefetch': True,
[36m(TaskRunner pid=899085)[0m                                             'fsdp_size': -1,
[36m(TaskRunner pid=899085)[0m                                             'full_determinism': False,
[36m(TaskRunner pid=899085)[0m                                             'init_device': 'meta',
[36m(TaskRunner pid=899085)[0m                                             'load_balancing_loss_implementation': 'eager',
[36m(TaskRunner pid=899085)[0m                                             'mixed_precision': True,
[36m(TaskRunner pid=899085)[0m                                             'moe_implementation': 'fused',
[36m(TaskRunner pid=899085)[0m                                             'moe_load_balance_monitor_interval': 0,
[36m(TaskRunner pid=899085)[0m                                             'optimizer_offload': True,
[36m(TaskRunner pid=899085)[0m                                             'param_offload': True,
[36m(TaskRunner pid=899085)[0m                                             'rms_norm_implementation': 'eager',
[36m(TaskRunner pid=899085)[0m                                             'rotary_pos_emb_implementation': 'eager',
[36m(TaskRunner pid=899085)[0m                                             'router_replay': {'_target_': 'verl.workers.config.EngineRouterReplayConfig',
[36m(TaskRunner pid=899085)[0m                                                               'mode': 'disabled'},
[36m(TaskRunner pid=899085)[0m                                             'seed': 42,
[36m(TaskRunner pid=899085)[0m                                             'strategy': 'veomni',
[36m(TaskRunner pid=899085)[0m                                             'swiglu_mlp_implementation': 'eager',
[36m(TaskRunner pid=899085)[0m                                             'ulysses_parallel_size': 1,
[36m(TaskRunner pid=899085)[0m                                             'use_torch_compile': False}},
[36m(TaskRunner pid=899085)[0m                        'hybrid_engine': True,
[36m(TaskRunner pid=899085)[0m                        'model': {'_target_': 'verl.workers.config.HFModelConfig',
[36m(TaskRunner pid=899085)[0m                                  'custom_chat_template': None,
[36m(TaskRunner pid=899085)[0m                                  'enable_activation_offload': False,
[36m(TaskRunner pid=899085)[0m                                  'enable_gradient_checkpointing': True,
[36m(TaskRunner pid=899085)[0m                                  'exclude_modules': None,
[36m(TaskRunner pid=899085)[0m                                  'external_lib': None,
[36m(TaskRunner pid=899085)[0m                                  'fused_kernel_options': {'impl_backend': 'torch'},
[36m(TaskRunner pid=899085)[0m                                  'hf_config_path': None,
[36m(TaskRunner pid=899085)[0m                                  'lora': {'a2a_experimental': False,
[36m(TaskRunner pid=899085)[0m                                           'adapter_path': None,
[36m(TaskRunner pid=899085)[0m                                           'alpha': 32,
[36m(TaskRunner pid=899085)[0m                                           'dropout': 0.0,
[36m(TaskRunner pid=899085)[0m                                           'dropout_position': 'pre',
[36m(TaskRunner pid=899085)[0m                                           'dtype': None,
[36m(TaskRunner pid=899085)[0m                                           'exclude_modules': [],
[36m(TaskRunner pid=899085)[0m                                           'freeze_language_model': True,
[36m(TaskRunner pid=899085)[0m                                           'freeze_vision_model': True,
[36m(TaskRunner pid=899085)[0m                                           'freeze_vision_projection': True,
[36m(TaskRunner pid=899085)[0m                                           'lora_A_init_method': 'xavier',
[36m(TaskRunner pid=899085)[0m                                           'lora_B_init_method': 'zero',
[36m(TaskRunner pid=899085)[0m                                           'merge': False,
[36m(TaskRunner pid=899085)[0m                                           'rank': 0,
[36m(TaskRunner pid=899085)[0m                                           'target_modules': ['linear_qkv',
[36m(TaskRunner pid=899085)[0m                                                              'linear_proj',
[36m(TaskRunner pid=899085)[0m                                                              'linear_fc1',
[36m(TaskRunner pid=899085)[0m                                                              'linear_fc2'],
[36m(TaskRunner pid=899085)[0m                                           'type': 'lora'},
[36m(TaskRunner pid=899085)[0m                                  'lora_adapter_path': None,
[36m(TaskRunner pid=899085)[0m                                  'lora_alpha': 16,
[36m(TaskRunner pid=899085)[0m                                  'lora_rank': 0,
[36m(TaskRunner pid=899085)[0m                                  'mtp': {'_target_': 'verl.workers.config.MtpConfig',
[36m(TaskRunner pid=899085)[0m                                          'detach_encoder': False,
[36m(TaskRunner pid=899085)[0m                                          'enable': False,
[36m(TaskRunner pid=899085)[0m                                          'enable_rollout': False,
[36m(TaskRunner pid=899085)[0m                                          'enable_train': False,
[36m(TaskRunner pid=899085)[0m                                          'method': 'mtp',
[36m(TaskRunner pid=899085)[0m                                          'mtp_loss_scaling_factor': 0.1,
[36m(TaskRunner pid=899085)[0m                                          'num_speculative_tokens': 1,
[36m(TaskRunner pid=899085)[0m                                          'speculative_algorithm': 'EAGLE',
[36m(TaskRunner pid=899085)[0m                                          'speculative_eagle_topk': 1,
[36m(TaskRunner pid=899085)[0m                                          'speculative_num_draft_tokens': 4,
[36m(TaskRunner pid=899085)[0m                                          'speculative_num_steps': 3},
[36m(TaskRunner pid=899085)[0m                                  'override_config': {},
[36m(TaskRunner pid=899085)[0m                                  'path': '/public/home/xingjl/models/Qwen3-VL-8B-Instruct',
[36m(TaskRunner pid=899085)[0m                                  'target_modules': 'all-linear',
[36m(TaskRunner pid=899085)[0m                                  'tiled_mlp': {'enabled': False,
[36m(TaskRunner pid=899085)[0m                                                'num_shards': 4},
[36m(TaskRunner pid=899085)[0m                                  'tokenizer_path': None,
[36m(TaskRunner pid=899085)[0m                                  'trust_remote_code': False,
[36m(TaskRunner pid=899085)[0m                                  'use_fused_kernels': True,
[36m(TaskRunner pid=899085)[0m                                  'use_liger': False,
[36m(TaskRunner pid=899085)[0m                                  'use_remove_padding': True,
[36m(TaskRunner pid=899085)[0m                                  'use_shm': False},
[36m(TaskRunner pid=899085)[0m                        'nccl_timeout': 600,
[36m(TaskRunner pid=899085)[0m                        'ref': {'_target_': 'verl.workers.config.VeOmniActorConfig',
[36m(TaskRunner pid=899085)[0m                                'log_prob_max_token_len_per_gpu': 12288,
[36m(TaskRunner pid=899085)[0m                                'log_prob_micro_batch_size': None,
[36m(TaskRunner pid=899085)[0m                                'log_prob_micro_batch_size_per_gpu': None,
[36m(TaskRunner pid=899085)[0m                                'log_prob_use_dynamic_bsz': True,
[36m(TaskRunner pid=899085)[0m                                'profiler': {'_target_': 'verl.utils.profiler.ProfilerConfig',
[36m(TaskRunner pid=899085)[0m                                             'all_ranks': False,
[36m(TaskRunner pid=899085)[0m                                             'enable': False,
[36m(TaskRunner pid=899085)[0m                                             'ranks': [],
[36m(TaskRunner pid=899085)[0m                                             'save_path': 'outputs/profile',
[36m(TaskRunner pid=899085)[0m                                             'tool': None,
[36m(TaskRunner pid=899085)[0m                                             'tool_config': {'npu': {'_target_': 'verl.utils.profiler.config.NPUToolConfig',
[36m(TaskRunner pid=899085)[0m                                                                     'analysis': True,
[36m(TaskRunner pid=899085)[0m                                                                     'contents': [],
[36m(TaskRunner pid=899085)[0m                                                                     'discrete': False,
[36m(TaskRunner pid=899085)[0m                                                                     'level': 'level0'},
[36m(TaskRunner pid=899085)[0m                                                             'nsys': {'_target_': 'verl.utils.profiler.config.NsightToolConfig',
[36m(TaskRunner pid=899085)[0m                                                                      'discrete': False},
[36m(TaskRunner pid=899085)[0m                                                             'precision_debugger': {'_target_': 'verl.utils.profiler.config.PrecisionDebuggerToolConfig',
[36m(TaskRunner pid=899085)[0m                                                                                    'config_path': None,
[36m(TaskRunner pid=899085)[0m                                                                                    'stages': None,
[36m(TaskRunner pid=899085)[0m                                                                                    'steps': None,
[36m(TaskRunner pid=899085)[0m                                                                                    'strict': False},
[36m(TaskRunner pid=899085)[0m                                                             'torch': {'_target_': 'verl.utils.profiler.config.TorchProfilerToolConfig',
[36m(TaskRunner pid=899085)[0m                                                                       'contents': [],
[36m(TaskRunner pid=899085)[0m                                                                       'discrete': False},
[36m(TaskRunner pid=899085)[0m                                                             'torch_memory': {'_target_': 'verl.utils.profiler.config.TorchMemoryToolConfig',
[36m(TaskRunner pid=899085)[0m                                                                              'stack_depth': 32,
[36m(TaskRunner pid=899085)[0m                                                                              'trace_alloc_max_entries': 100000}}},
[36m(TaskRunner pid=899085)[0m                                'rollout_n': 1,
[36m(TaskRunner pid=899085)[0m                                'router_replay': {'_target_': 'verl.workers.config.RouterReplayConfig',
[36m(TaskRunner pid=899085)[0m                                                  'mode': 'disabled',
[36m(TaskRunner pid=899085)[0m                                                  'record_file': None,
[36m(TaskRunner pid=899085)[0m                                                  'replay_file': None},
[36m(TaskRunner pid=899085)[0m                                'strategy': 'veomni',
[36m(TaskRunner pid=899085)[0m                                'use_torch_compile': False,
[36m(TaskRunner pid=899085)[0m                                'veomni': {'_target_': 'verl.workers.config.VeOmniEngineConfig',
[36m(TaskRunner pid=899085)[0m                                           'activation_gpu_limit': 0.0,
[36m(TaskRunner pid=899085)[0m                                           'attn_implementation': 'flash_attention_2',
[36m(TaskRunner pid=899085)[0m                                           'ckpt_manager': 'dcp',
[36m(TaskRunner pid=899085)[0m                                           'cross_entropy_loss_implementation': 'eager',
[36m(TaskRunner pid=899085)[0m                                           'enable_fsdp_offload': False,
[36m(TaskRunner pid=899085)[0m                                           'enable_full_shard': True,
[36m(TaskRunner pid=899085)[0m                                           'enable_reentrant': False,
[36m(TaskRunner pid=899085)[0m                                           'expert_parallel_size': 1,
[36m(TaskRunner pid=899085)[0m                                           'force_use_huggingface': False,
[36m(TaskRunner pid=899085)[0m                                           'forward_only': True,
[36m(TaskRunner pid=899085)[0m                                           'forward_prefetch': True,
[36m(TaskRunner pid=899085)[0m                                           'fsdp_size': -1,
[36m(TaskRunner pid=899085)[0m                                           'full_determinism': False,
[36m(TaskRunner pid=899085)[0m                                           'init_device': 'meta',
[36m(TaskRunner pid=899085)[0m                                           'load_balancing_loss_implementation': 'eager',
[36m(TaskRunner pid=899085)[0m                                           'mixed_precision': True,
[36m(TaskRunner pid=899085)[0m                                           'moe_implementation': 'fused',
[36m(TaskRunner pid=899085)[0m                                           'moe_load_balance_monitor_interval': 0,
[36m(TaskRunner pid=899085)[0m                                           'optimizer_offload': False,
[36m(TaskRunner pid=899085)[0m                                           'param_offload': True,
[36m(TaskRunner pid=899085)[0m                                           'rms_norm_implementation': 'eager',
[36m(TaskRunner pid=899085)[0m                                           'rotary_pos_emb_implementation': 'eager',
[36m(TaskRunner pid=899085)[0m                                           'router_replay': {'_target_': 'verl.workers.config.EngineRouterReplayConfig',
[36m(TaskRunner pid=899085)[0m                                                             'mode': 'disabled'},
[36m(TaskRunner pid=899085)[0m                                           'seed': 42,
[36m(TaskRunner pid=899085)[0m                                           'strategy': 'veomni',
[36m(TaskRunner pid=899085)[0m                                           'swiglu_mlp_implementation': 'eager',
[36m(TaskRunner pid=899085)[0m                                           'ulysses_parallel_size': 1,
[36m(TaskRunner pid=899085)[0m                                           'use_torch_compile': False}},
[36m(TaskRunner pid=899085)[0m                        'rollout': {'_target_': 'verl.workers.config.RolloutConfig',
[36m(TaskRunner pid=899085)[0m                                    'agent': {'_target_': 'verl.workers.config.AgentLoopConfig',
[36m(TaskRunner pid=899085)[0m                                              'agent_loop_config_path': None,
[36m(TaskRunner pid=899085)[0m                                              'custom_async_server': {'_target_': 'verl.workers.config.CustomAsyncServerConfig',
[36m(TaskRunner pid=899085)[0m                                                                      'name': None,
[36m(TaskRunner pid=899085)[0m                                                                      'path': None},
[36m(TaskRunner pid=899085)[0m                                              'default_agent_loop': 'single_turn_agent',
[36m(TaskRunner pid=899085)[0m                                              'num_workers': 8},
[36m(TaskRunner pid=899085)[0m                                    'calculate_log_probs': False,
[36m(TaskRunner pid=899085)[0m                                    'checkpoint_engine': {'_target_': 'verl.workers.config.CheckpointEngineConfig',
[36m(TaskRunner pid=899085)[0m                                                          'backend': 'naive',
[36m(TaskRunner pid=899085)[0m                                                          'custom_backend_module': None,
[36m(TaskRunner pid=899085)[0m                                                          'engine_kwargs': {},
[36m(TaskRunner pid=899085)[0m                                                          'update_weights_bucket_megabytes': 2048},
[36m(TaskRunner pid=899085)[0m                                    'cudagraph_capture_sizes': None,
[36m(TaskRunner pid=899085)[0m                                    'data_parallel_size': 1,
[36m(TaskRunner pid=899085)[0m                                    'disable_log_stats': True,
[36m(TaskRunner pid=899085)[0m                                    'disaggregation': {'bootstrap_port': None,
[36m(TaskRunner pid=899085)[0m                                                       'decode_replicas': 1,
[36m(TaskRunner pid=899085)[0m                                                       'decode_tensor_model_parallel_size': None,
[36m(TaskRunner pid=899085)[0m                                                       'enabled': False,
[36m(TaskRunner pid=899085)[0m                                                       'ib_device': None,
[36m(TaskRunner pid=899085)[0m                                                       'prefill_replicas': 1,
[36m(TaskRunner pid=899085)[0m                                                       'transfer_backend': 'nixl'},
[36m(TaskRunner pid=899085)[0m                                    'do_sample': True,
[36m(TaskRunner pid=899085)[0m                                    'dtype': 'bfloat16',
[36m(TaskRunner pid=899085)[0m                                    'enable_chunked_prefill': True,
[36m(TaskRunner pid=899085)[0m                                    'enable_prefix_caching': True,
[36m(TaskRunner pid=899085)[0m                                    'enable_rollout_routing_replay': False,
[36m(TaskRunner pid=899085)[0m                                    'enable_sleep_mode': True,
[36m(TaskRunner pid=899085)[0m                                    'enforce_eager': False,
[36m(TaskRunner pid=899085)[0m                                    'engine_kwargs': {'sglang': {},
[36m(TaskRunner pid=899085)[0m                                                      'trtllm': {},
[36m(TaskRunner pid=899085)[0m                                                      'vllm': {'mm_processor_cache_gb': 0}},
[36m(TaskRunner pid=899085)[0m                                    'expert_parallel_size': 1,
[36m(TaskRunner pid=899085)[0m                                    'free_cache_engine': True,
[36m(TaskRunner pid=899085)[0m                                    'gpu_memory_utilization': 0.3,
[36m(TaskRunner pid=899085)[0m                                    'ignore_eos': False,
[36m(TaskRunner pid=899085)[0m                                    'layered_summon': False,
[36m(TaskRunner pid=899085)[0m                                    'load_format': 'dummy',
[36m(TaskRunner pid=899085)[0m                                    'log_prob_max_token_len_per_gpu': 12288,
[36m(TaskRunner pid=899085)[0m                                    'log_prob_micro_batch_size': None,
[36m(TaskRunner pid=899085)[0m                                    'log_prob_micro_batch_size_per_gpu': None,
[36m(TaskRunner pid=899085)[0m                                    'log_prob_use_dynamic_bsz': True,
[36m(TaskRunner pid=899085)[0m                                    'logprobs_mode': 'processed_logprobs',
[36m(TaskRunner pid=899085)[0m                                    'max_model_len': 3073,
[36m(TaskRunner pid=899085)[0m                                    'max_num_batched_tokens': 8192,
[36m(TaskRunner pid=899085)[0m                                    'max_num_seqs': 1024,
[36m(TaskRunner pid=899085)[0m                                    'mode': 'async',
[36m(TaskRunner pid=899085)[0m                                    'mtp': {'_target_': 'verl.workers.config.MtpConfig',
[36m(TaskRunner pid=899085)[0m                                            'detach_encoder': False,
[36m(TaskRunner pid=899085)[0m                                            'enable': False,
[36m(TaskRunner pid=899085)[0m                                            'enable_rollout': False,
[36m(TaskRunner pid=899085)[0m                                            'enable_train': False,
[36m(TaskRunner pid=899085)[0m                                            'method': 'mtp',
[36m(TaskRunner pid=899085)[0m                                            'mtp_loss_scaling_factor': 0.1,
[36m(TaskRunner pid=899085)[0m                                            'num_speculative_tokens': 1,
[36m(TaskRunner pid=899085)[0m                                            'speculative_algorithm': 'EAGLE',
[36m(TaskRunner pid=899085)[0m                                            'speculative_eagle_topk': 1,
[36m(TaskRunner pid=899085)[0m                                            'speculative_num_draft_tokens': 4,
[36m(TaskRunner pid=899085)[0m                                            'speculative_num_steps': 3},
[36m(TaskRunner pid=899085)[0m                                    'multi_stage_wake_up': False,
[36m(TaskRunner pid=899085)[0m                                    'multi_turn': {'_target_': 'verl.workers.config.MultiTurnConfig',
[36m(TaskRunner pid=899085)[0m                                                   'enable': False,
[36m(TaskRunner pid=899085)[0m                                                   'format': 'hermes',
[36m(TaskRunner pid=899085)[0m                                                   'function_tool_path': None,
[36m(TaskRunner pid=899085)[0m                                                   'max_assistant_turns': None,
[36m(TaskRunner pid=899085)[0m                                                   'max_parallel_calls': 1,
[36m(TaskRunner pid=899085)[0m                                                   'max_tool_response_length': 256,
[36m(TaskRunner pid=899085)[0m                                                   'max_user_turns': None,
[36m(TaskRunner pid=899085)[0m                                                   'num_repeat_rollouts': None,
[36m(TaskRunner pid=899085)[0m                                                   'tokenization_sanity_check_mode': 'strict',
[36m(TaskRunner pid=899085)[0m                                                   'tool_config_path': None,
[36m(TaskRunner pid=899085)[0m                                                   'tool_response_truncate_side': 'middle',
[36m(TaskRunner pid=899085)[0m                                                   'use_inference_chat_template': False},
[36m(TaskRunner pid=899085)[0m                                    'n': 1,
[36m(TaskRunner pid=899085)[0m                                    'n_gpus_per_node': 4,
[36m(TaskRunner pid=899085)[0m                                    'name': 'vllm',
[36m(TaskRunner pid=899085)[0m                                    'nnodes': 0,
[36m(TaskRunner pid=899085)[0m                                    'over_sample_rate': 0,
[36m(TaskRunner pid=899085)[0m                                    'pipeline_model_parallel_size': 1,
[36m(TaskRunner pid=899085)[0m                                    'profiler': {'_target_': 'verl.utils.profiler.ProfilerConfig',
[36m(TaskRunner pid=899085)[0m                                                 'all_ranks': False,
[36m(TaskRunner pid=899085)[0m                                                 'enable': False,
[36m(TaskRunner pid=899085)[0m                                                 'ranks': [],
[36m(TaskRunner pid=899085)[0m                                                 'save_path': 'outputs/profile',
[36m(TaskRunner pid=899085)[0m                                                 'tool': None,
[36m(TaskRunner pid=899085)[0m                                                 'tool_config': {'npu': {'_target_': 'verl.utils.profiler.config.NPUToolConfig',
[36m(TaskRunner pid=899085)[0m                                                                         'analysis': True,
[36m(TaskRunner pid=899085)[0m                                                                         'contents': [],
[36m(TaskRunner pid=899085)[0m                                                                         'discrete': False,
[36m(TaskRunner pid=899085)[0m                                                                         'level': 'level0'},
[36m(TaskRunner pid=899085)[0m                                                                 'precision_debugger': {'_target_': 'verl.utils.profiler.config.PrecisionDebuggerToolConfig',
[36m(TaskRunner pid=899085)[0m                                                                                        'config_path': None,
[36m(TaskRunner pid=899085)[0m                                                                                        'stages': None,
[36m(TaskRunner pid=899085)[0m                                                                                        'steps': None,
[36m(TaskRunner pid=899085)[0m                                                                                        'strict': False},
[36m(TaskRunner pid=899085)[0m                                                                 'torch': {'_target_': 'verl.utils.profiler.config.TorchProfilerToolConfig',
[36m(TaskRunner pid=899085)[0m                                                                           'contents': [],
[36m(TaskRunner pid=899085)[0m                                                                           'discrete': False}}},
[36m(TaskRunner pid=899085)[0m                                    'prometheus': {'_target_': 'verl.workers.config.PrometheusConfig',
[36m(TaskRunner pid=899085)[0m                                                   'enable': False,
[36m(TaskRunner pid=899085)[0m                                                   'file': '/tmp/ray/session_latest/metrics/prometheus/prometheus.yml',
[36m(TaskRunner pid=899085)[0m                                                   'port': 9090,
[36m(TaskRunner pid=899085)[0m                                                   'served_model_name': '/public/home/xingjl/models/Qwen3-VL-8B-Instruct'},
[36m(TaskRunner pid=899085)[0m                                    'prompt_length': 1024,
[36m(TaskRunner pid=899085)[0m                                    'qat': None,
[36m(TaskRunner pid=899085)[0m                                    'quantization': None,
[36m(TaskRunner pid=899085)[0m                                    'quantization_config_file': None,
[36m(TaskRunner pid=899085)[0m                                    'response_length': 2048,
[36m(TaskRunner pid=899085)[0m                                    'scheduling_policy': 'fcfs',
[36m(TaskRunner pid=899085)[0m                                    'skip': {'_target_': 'verl.workers.config.SkipConfig',
[36m(TaskRunner pid=899085)[0m                                             'action': 'cache',
[36m(TaskRunner pid=899085)[0m                                             'dump_dir': '~/.verl/rollout_dump',
[36m(TaskRunner pid=899085)[0m                                             'enable': False,
[36m(TaskRunner pid=899085)[0m                                             'max_dump_step': 1},
[36m(TaskRunner pid=899085)[0m                                    'skip_tokenizer_init': True,
[36m(TaskRunner pid=899085)[0m                                    'temperature': 1.0,
[36m(TaskRunner pid=899085)[0m                                    'tensor_model_parallel_size': 2,
[36m(TaskRunner pid=899085)[0m                                    'top_k': -1,
[36m(TaskRunner pid=899085)[0m                                    'top_p': 1,
[36m(TaskRunner pid=899085)[0m                                    'trace': {'_target_': 'verl.workers.config.TraceConfig',
[36m(TaskRunner pid=899085)[0m                                              'backend': None,
[36m(TaskRunner pid=899085)[0m                                              'experiment_name': 'DISTILLATION-Qwen3-VL-8B-Instruct-BASE-MOPD-VEOMNI-vLLM',
[36m(TaskRunner pid=899085)[0m                                              'max_samples_per_step_per_worker': None,
[36m(TaskRunner pid=899085)[0m                                              'project_name': 'DISTILLATION-Qwen3-VL-8B-Instruct-BASE-GSM8K-GEO3K',
[36m(TaskRunner pid=899085)[0m                                              'token2text': False},
[36m(TaskRunner pid=899085)[0m                                    'val_kwargs': {'_target_': 'verl.workers.config.SamplingConfig',
[36m(TaskRunner pid=899085)[0m                                                   'do_sample': False,
[36m(TaskRunner pid=899085)[0m                                                   'n': 1,
[36m(TaskRunner pid=899085)[0m                                                   'temperature': 0,
[36m(TaskRunner pid=899085)[0m                                                   'top_k': -1,
[36m(TaskRunner pid=899085)[0m                                                   'top_p': 1.0}}},
[36m(TaskRunner pid=899085)[0m  'algorithm': {'_target_': 'verl.trainer.config.AlgoConfig',
[36m(TaskRunner pid=899085)[0m                'adv_estimator': 'grpo',
[36m(TaskRunner pid=899085)[0m                'gamma': 1.0,
[36m(TaskRunner pid=899085)[0m                'kl_ctrl': {'_target_': 'verl.trainer.config.KLControlConfig',
[36m(TaskRunner pid=899085)[0m                            'horizon': 10000,
[36m(TaskRunner pid=899085)[0m                            'kl_coef': 0.001,
[36m(TaskRunner pid=899085)[0m                            'target_kl': 0.1,
[36m(TaskRunner pid=899085)[0m                            'type': 'fixed'},
[36m(TaskRunner pid=899085)[0m                'kl_penalty': 'kl',
[36m(TaskRunner pid=899085)[0m                'lam': 1.0,
[36m(TaskRunner pid=899085)[0m                'norm_adv_by_std_in_grpo': True,
[36m(TaskRunner pid=899085)[0m                'pf_ppo': {'reweight_method': 'pow', 'weight_pow': 2.0},
[36m(TaskRunner pid=899085)[0m                'rollout_correction': {'bypass_mode': False,
[36m(TaskRunner pid=899085)[0m                                       'loss_type': 'ppo_clip',
[36m(TaskRunner pid=899085)[0m                                       'rollout_is': None,
[36m(TaskRunner pid=899085)[0m                                       'rollout_is_batch_normalize': False,
[36m(TaskRunner pid=899085)[0m                                       'rollout_is_threshold': 2.0,
[36m(TaskRunner pid=899085)[0m                                       'rollout_rs': None,
[36m(TaskRunner pid=899085)[0m                                       'rollout_rs_threshold': None},
[36m(TaskRunner pid=899085)[0m                'use_kl_in_reward': False,
[36m(TaskRunner pid=899085)[0m                'use_pf_ppo': False},
[36m(TaskRunner pid=899085)[0m  'critic': {'_target_': 'verl.workers.config.VeOmniCriticConfig',
[36m(TaskRunner pid=899085)[0m             'checkpoint': {'_target_': 'verl.trainer.config.CheckpointConfig',
[36m(TaskRunner pid=899085)[0m                            'async_save': False,
[36m(TaskRunner pid=899085)[0m                            'load_contents': ['model', 'optimizer', 'extra'],
[36m(TaskRunner pid=899085)[0m                            'mbridge_config': {},
[36m(TaskRunner pid=899085)[0m                            'save_contents': ['model', 'optimizer', 'extra']},
[36m(TaskRunner pid=899085)[0m             'cliprange_value': 0.5,
[36m(TaskRunner pid=899085)[0m             'data_loader_seed': 42,
[36m(TaskRunner pid=899085)[0m             'enable': None,
[36m(TaskRunner pid=899085)[0m             'forward_max_token_len_per_gpu': 32768,
[36m(TaskRunner pid=899085)[0m             'loss_agg_mode': 'token-mean',
[36m(TaskRunner pid=899085)[0m             'model': {'_target_': 'verl.workers.config.HFModelConfig',
[36m(TaskRunner pid=899085)[0m                       'custom_chat_template': None,
[36m(TaskRunner pid=899085)[0m                       'enable_activation_offload': False,
[36m(TaskRunner pid=899085)[0m                       'enable_gradient_checkpointing': True,
[36m(TaskRunner pid=899085)[0m                       'exclude_modules': None,
[36m(TaskRunner pid=899085)[0m                       'external_lib': None,
[36m(TaskRunner pid=899085)[0m                       'fused_kernel_options': {'impl_backend': 'torch'},
[36m(TaskRunner pid=899085)[0m                       'hf_config_path': None,
[36m(TaskRunner pid=899085)[0m                       'lora': {'a2a_experimental': False,
[36m(TaskRunner pid=899085)[0m                                'adapter_path': None,
[36m(TaskRunner pid=899085)[0m                                'alpha': 32,
[36m(TaskRunner pid=899085)[0m                                'dropout': 0.0,
[36m(TaskRunner pid=899085)[0m                                'dropout_position': 'pre',
[36m(TaskRunner pid=899085)[0m                                'dtype': None,
[36m(TaskRunner pid=899085)[0m                                'exclude_modules': [],
[36m(TaskRunner pid=899085)[0m                                'freeze_language_model': True,
[36m(TaskRunner pid=899085)[0m                                'freeze_vision_model': True,
[36m(TaskRunner pid=899085)[0m                                'freeze_vision_projection': True,
[36m(TaskRunner pid=899085)[0m                                'lora_A_init_method': 'xavier',
[36m(TaskRunner pid=899085)[0m                                'lora_B_init_method': 'zero',
[36m(TaskRunner pid=899085)[0m                                'merge': False,
[36m(TaskRunner pid=899085)[0m                                'rank': 0,
[36m(TaskRunner pid=899085)[0m                                'target_modules': ['linear_qkv',
[36m(TaskRunner pid=899085)[0m                                                   'linear_proj',
[36m(TaskRunner pid=899085)[0m                                                   'linear_fc1',
[36m(TaskRunner pid=899085)[0m                                                   'linear_fc2'],
[36m(TaskRunner pid=899085)[0m                                'type': 'lora'},
[36m(TaskRunner pid=899085)[0m                       'lora_adapter_path': None,
[36m(TaskRunner pid=899085)[0m                       'lora_alpha': 16,
[36m(TaskRunner pid=899085)[0m                       'lora_rank': 0,
[36m(TaskRunner pid=899085)[0m                       'mtp': {'_target_': 'verl.workers.config.MtpConfig',
[36m(TaskRunner pid=899085)[0m                               'detach_encoder': False,
[36m(TaskRunner pid=899085)[0m                               'enable': False,
[36m(TaskRunner pid=899085)[0m                               'enable_rollout': False,
[36m(TaskRunner pid=899085)[0m                               'enable_train': False,
[36m(TaskRunner pid=899085)[0m                               'method': 'mtp',
[36m(TaskRunner pid=899085)[0m                               'mtp_loss_scaling_factor': 0.1,
[36m(TaskRunner pid=899085)[0m                               'num_speculative_tokens': 1,
[36m(TaskRunner pid=899085)[0m                               'speculative_algorithm': 'EAGLE',
[36m(TaskRunner pid=899085)[0m                               'speculative_eagle_topk': 1,
[36m(TaskRunner pid=899085)[0m                               'speculative_num_draft_tokens': 4,
[36m(TaskRunner pid=899085)[0m                               'speculative_num_steps': 3},
[36m(TaskRunner pid=899085)[0m                       'override_config': {},
[36m(TaskRunner pid=899085)[0m                       'path': '~/models/deepseek-llm-7b-chat',
[36m(TaskRunner pid=899085)[0m                       'target_modules': 'all-linear',
[36m(TaskRunner pid=899085)[0m                       'tiled_mlp': {'enabled': False, 'num_shards': 4},
[36m(TaskRunner pid=899085)[0m                       'tokenizer_path': None,
[36m(TaskRunner pid=899085)[0m                       'trust_remote_code': False,
[36m(TaskRunner pid=899085)[0m                       'use_fused_kernels': False,
[36m(TaskRunner pid=899085)[0m                       'use_liger': False,
[36m(TaskRunner pid=899085)[0m                       'use_remove_padding': True,
[36m(TaskRunner pid=899085)[0m                       'use_shm': False},
[36m(TaskRunner pid=899085)[0m             'optim': {'_target_': 'verl.workers.config.VeOmniOptimizerConfig',
[36m(TaskRunner pid=899085)[0m                       'betas': [0.9, 0.999],
[36m(TaskRunner pid=899085)[0m                       'clip_grad': 1.0,
[36m(TaskRunner pid=899085)[0m                       'lr': 1e-05,
[36m(TaskRunner pid=899085)[0m                       'lr_decay_ratio': 1.0,
[36m(TaskRunner pid=899085)[0m                       'lr_min': 0.0,
[36m(TaskRunner pid=899085)[0m                       'lr_scheduler_type': 'cosine',
[36m(TaskRunner pid=899085)[0m                       'lr_start': 0.0,
[36m(TaskRunner pid=899085)[0m                       'lr_warmup_steps': -1,
[36m(TaskRunner pid=899085)[0m                       'lr_warmup_steps_ratio': 0.0,
[36m(TaskRunner pid=899085)[0m                       'optimizer': 'adamw',
[36m(TaskRunner pid=899085)[0m                       'override_optimizer_config': {},
[36m(TaskRunner pid=899085)[0m                       'total_training_steps': -1,
[36m(TaskRunner pid=899085)[0m                       'weight_decay': 0.01},
[36m(TaskRunner pid=899085)[0m             'ppo_epochs': 1,
[36m(TaskRunner pid=899085)[0m             'ppo_max_token_len_per_gpu': 32768,
[36m(TaskRunner pid=899085)[0m             'ppo_micro_batch_size': None,
[36m(TaskRunner pid=899085)[0m             'ppo_micro_batch_size_per_gpu': None,
[36m(TaskRunner pid=899085)[0m             'ppo_mini_batch_size': 128,
[36m(TaskRunner pid=899085)[0m             'profiler': {'_target_': 'verl.utils.profiler.ProfilerConfig',
[36m(TaskRunner pid=899085)[0m                          'all_ranks': False,
[36m(TaskRunner pid=899085)[0m                          'enable': False,
[36m(TaskRunner pid=899085)[0m                          'ranks': [],
[36m(TaskRunner pid=899085)[0m                          'save_path': 'outputs/profile',
[36m(TaskRunner pid=899085)[0m                          'tool': None,
[36m(TaskRunner pid=899085)[0m                          'tool_config': {'npu': {'_target_': 'verl.utils.profiler.config.NPUToolConfig',
[36m(TaskRunner pid=899085)[0m                                                  'analysis': True,
[36m(TaskRunner pid=899085)[0m                                                  'contents': [],
[36m(TaskRunner pid=899085)[0m                                                  'discrete': False,
[36m(TaskRunner pid=899085)[0m                                                  'level': 'level0'},
[36m(TaskRunner pid=899085)[0m                                          'nsys': {'_target_': 'verl.utils.profiler.config.NsightToolConfig',
[36m(TaskRunner pid=899085)[0m                                                   'discrete': False},
[36m(TaskRunner pid=899085)[0m                                          'precision_debugger': {'_target_': 'verl.utils.profiler.config.PrecisionDebuggerToolConfig',
[36m(TaskRunner pid=899085)[0m                                                                 'config_path': None,
[36m(TaskRunner pid=899085)[0m                                                                 'stages': None,
[36m(TaskRunner pid=899085)[0m                                                                 'steps': None,
[36m(TaskRunner pid=899085)[0m                                                                 'strict': False},
[36m(TaskRunner pid=899085)[0m                                          'torch': {'_target_': 'verl.utils.profiler.config.TorchProfilerToolConfig',
[36m(TaskRunner pid=899085)[0m                                                    'contents': [],
[36m(TaskRunner pid=899085)[0m                                                    'discrete': False},
[36m(TaskRunner pid=899085)[0m                                          'torch_memory': {'_target_': 'verl.utils.profiler.config.TorchMemoryToolConfig',
[36m(TaskRunner pid=899085)[0m                                                           'stack_depth': 32,
[36m(TaskRunner pid=899085)[0m                                                           'trace_alloc_max_entries': 100000}}},
[36m(TaskRunner pid=899085)[0m             'rollout_n': 1,
[36m(TaskRunner pid=899085)[0m             'shuffle': False,
[36m(TaskRunner pid=899085)[0m             'strategy': 'veomni',
[36m(TaskRunner pid=899085)[0m             'use_dynamic_bsz': True,
[36m(TaskRunner pid=899085)[0m             'veomni': {'_target_': 'verl.workers.config.VeOmniEngineConfig',
[36m(TaskRunner pid=899085)[0m                        'activation_gpu_limit': 0.0,
[36m(TaskRunner pid=899085)[0m                        'attn_implementation': 'flash_attention_2',
[36m(TaskRunner pid=899085)[0m                        'ckpt_manager': 'dcp',
[36m(TaskRunner pid=899085)[0m                        'cross_entropy_loss_implementation': 'eager',
[36m(TaskRunner pid=899085)[0m                        'enable_fsdp_offload': False,
[36m(TaskRunner pid=899085)[0m                        'enable_full_shard': True,
[36m(TaskRunner pid=899085)[0m                        'enable_reentrant': False,
[36m(TaskRunner pid=899085)[0m                        'expert_parallel_size': 1,
[36m(TaskRunner pid=899085)[0m                        'force_use_huggingface': False,
[36m(TaskRunner pid=899085)[0m                        'forward_only': False,
[36m(TaskRunner pid=899085)[0m                        'forward_prefetch': True,
[36m(TaskRunner pid=899085)[0m                        'fsdp_size': -1,
[36m(TaskRunner pid=899085)[0m                        'full_determinism': False,
[36m(TaskRunner pid=899085)[0m                        'init_device': 'meta',
[36m(TaskRunner pid=899085)[0m                        'load_balancing_loss_implementation': 'eager',
[36m(TaskRunner pid=899085)[0m                        'mixed_precision': True,
[36m(TaskRunner pid=899085)[0m                        'moe_implementation': 'fused',
[36m(TaskRunner pid=899085)[0m                        'moe_load_balance_monitor_interval': 0,
[36m(TaskRunner pid=899085)[0m                        'optimizer_offload': False,
[36m(TaskRunner pid=899085)[0m                        'param_offload': False,
[36m(TaskRunner pid=899085)[0m                        'rms_norm_implementation': 'eager',
[36m(TaskRunner pid=899085)[0m                        'rotary_pos_emb_implementation': 'eager',
[36m(TaskRunner pid=899085)[0m                        'router_replay': {'_target_': 'verl.workers.config.EngineRouterReplayConfig',
[36m(TaskRunner pid=899085)[0m                                          'mode': 'disabled'},
[36m(TaskRunner pid=899085)[0m                        'seed': 42,
[36m(TaskRunner pid=899085)[0m                        'strategy': 'veomni',
[36m(TaskRunner pid=899085)[0m                        'swiglu_mlp_implementation': 'eager',
[36m(TaskRunner pid=899085)[0m                        'ulysses_parallel_size': 1,
[36m(TaskRunner pid=899085)[0m                        'use_torch_compile': False}},
[36m(TaskRunner pid=899085)[0m  'data': {'apply_chat_template_kwargs': {},
[36m(TaskRunner pid=899085)[0m           'audio_key': 'audios',
[36m(TaskRunner pid=899085)[0m           'custom_cls': {'name': None, 'path': None},
[36m(TaskRunner pid=899085)[0m           'dataloader_num_workers': 8,
[36m(TaskRunner pid=899085)[0m           'filter_overlong_prompts': True,
[36m(TaskRunner pid=899085)[0m           'filter_overlong_prompts_workers': 1,
[36m(TaskRunner pid=899085)[0m           'function_tool_path': None,
[36m(TaskRunner pid=899085)[0m           'image_key': 'images',
[36m(TaskRunner pid=899085)[0m           'image_patch_size': 14,
[36m(TaskRunner pid=899085)[0m           'max_prompt_length': 1024,
[36m(TaskRunner pid=899085)[0m           'max_response_length': 2048,
[36m(TaskRunner pid=899085)[0m           'mm_processor_kwargs': {},
[36m(TaskRunner pid=899085)[0m           'prompt_key': 'prompt',
[36m(TaskRunner pid=899085)[0m           'return_full_prompt': False,
[36m(TaskRunner pid=899085)[0m           'return_multi_modal_inputs': True,
[36m(TaskRunner pid=899085)[0m           'return_raw_chat': True,
[36m(TaskRunner pid=899085)[0m           'return_raw_input_ids': False,
[36m(TaskRunner pid=899085)[0m           'reward_fn_key': 'data_source',
[36m(TaskRunner pid=899085)[0m           'seed': None,
[36m(TaskRunner pid=899085)[0m           'shuffle': True,
[36m(TaskRunner pid=899085)[0m           'tokenizer': None,
[36m(TaskRunner pid=899085)[0m           'tool_config_path': None,
[36m(TaskRunner pid=899085)[0m           'train_batch_size': 128,
[36m(TaskRunner pid=899085)[0m           'train_files': ['/public/home/xingjl/datasets/after/gsm8k/train.parquet',
[36m(TaskRunner pid=899085)[0m                           '/public/home/xingjl/datasets/after/geo3k/train.parquet'],
[36m(TaskRunner pid=899085)[0m           'train_max_samples': -1,
[36m(TaskRunner pid=899085)[0m           'truncation': 'error',
[36m(TaskRunner pid=899085)[0m           'trust_remote_code': False,
[36m(TaskRunner pid=899085)[0m           'use_shm': False,
[36m(TaskRunner pid=899085)[0m           'val_batch_size': None,
[36m(TaskRunner pid=899085)[0m           'val_files': ['/public/home/xingjl/datasets/after/gsm8k/test.parquet',
[36m(TaskRunner pid=899085)[0m                         '/public/home/xingjl/datasets/after/geo3k/test.parquet'],
[36m(TaskRunner pid=899085)[0m           'val_max_samples': -1,
[36m(TaskRunner pid=899085)[0m           'validation_shuffle': False,
[36m(TaskRunner pid=899085)[0m           'video_key': 'videos'},
[36m(TaskRunner pid=899085)[0m  'distillation': {'_target_': 'verl.workers.config.DistillationConfig',
[36m(TaskRunner pid=899085)[0m                   'distillation_loss': {'_target_': 'verl.workers.config.DistillationLossConfig',
[36m(TaskRunner pid=899085)[0m                                         'clip_ratio': 0.2,
[36m(TaskRunner pid=899085)[0m                                         'clip_ratio_high': 0.2,
[36m(TaskRunner pid=899085)[0m                                         'clip_ratio_low': 0.2,
[36m(TaskRunner pid=899085)[0m                                         'distillation_loss_coef': 1.0,
[36m(TaskRunner pid=899085)[0m                                         'log_prob_min_clamp': -10.0,
[36m(TaskRunner pid=899085)[0m                                         'loss_max_clamp': 10.0,
[36m(TaskRunner pid=899085)[0m                                         'loss_mode': 'k1',
[36m(TaskRunner pid=899085)[0m                                         'policy_loss_mode': 'vanilla',
[36m(TaskRunner pid=899085)[0m                                         'topk': 64,
[36m(TaskRunner pid=899085)[0m                                         'use_policy_gradient': True,
[36m(TaskRunner pid=899085)[0m                                         'use_task_rewards': False},
[36m(TaskRunner pid=899085)[0m                   'enabled': True,
[36m(TaskRunner pid=899085)[0m                   'n_gpus_per_node': 4,
[36m(TaskRunner pid=899085)[0m                   'nnodes': 1,
[36m(TaskRunner pid=899085)[0m                   'teacher_key': 'data_source',
[36m(TaskRunner pid=899085)[0m                   'teacher_models': {'geo3k': {'inference': {'enable_sleep_mode': True,
[36m(TaskRunner pid=899085)[0m                                                              'free_cache_engine': True,
[36m(TaskRunner pid=899085)[0m                                                              'gpu_memory_utilization': 0.3,
[36m(TaskRunner pid=899085)[0m                                                              'max_model_len': 3073,
[36m(TaskRunner pid=899085)[0m                                                              'name': 'vllm',
[36m(TaskRunner pid=899085)[0m                                                              'tensor_model_parallel_size': 2},
[36m(TaskRunner pid=899085)[0m                                                'key': 'hiyouga/geometry3k',
[36m(TaskRunner pid=899085)[0m                                                'model_path': '/public/home/xingjl/models/Qwen3-VL-32B-Instruct',
[36m(TaskRunner pid=899085)[0m                                                'num_replicas': 1},
[36m(TaskRunner pid=899085)[0m                                      'gsm8k': {'inference': {'enable_sleep_mode': True,
[36m(TaskRunner pid=899085)[0m                                                              'free_cache_engine': True,
[36m(TaskRunner pid=899085)[0m                                                              'gpu_memory_utilization': 0.3,
[36m(TaskRunner pid=899085)[0m                                                              'max_model_len': 3073,
[36m(TaskRunner pid=899085)[0m                                                              'name': 'vllm',
[36m(TaskRunner pid=899085)[0m                                                              'tensor_model_parallel_size': 2},
[36m(TaskRunner pid=899085)[0m                                                'key': 'openai/gsm8k',
[36m(TaskRunner pid=899085)[0m                                                'model_path': '/public/home/xingjl/models/Qwen3-32B',
[36m(TaskRunner pid=899085)[0m                                                'num_replicas': 1},
[36m(TaskRunner pid=899085)[0m                                      'teacher_model': {'_target_': 'verl.workers.config.DistillationTeacherModelConfig',
[36m(TaskRunner pid=899085)[0m                                                        'inference': {'_target_': 'verl.workers.config.RolloutConfig',
[36m(TaskRunner pid=899085)[0m                                                                      'cudagraph_capture_sizes': None,
[36m(TaskRunner pid=899085)[0m                                                                      'data_parallel_size': 1,
[36m(TaskRunner pid=899085)[0m                                                                      'disable_log_stats': True,
[36m(TaskRunner pid=899085)[0m                                                                      'dtype': 'bfloat16',
[36m(TaskRunner pid=899085)[0m                                                                      'enable_chunked_prefill': True,
[36m(TaskRunner pid=899085)[0m                                                                      'enable_prefix_caching': True,
[36m(TaskRunner pid=899085)[0m                                                                      'enforce_eager': True,
[36m(TaskRunner pid=899085)[0m                                                                      'engine_kwargs': {},
[36m(TaskRunner pid=899085)[0m                                                                      'expert_parallel_size': 1,
[36m(TaskRunner pid=899085)[0m                                                                      'free_cache_engine': True,
[36m(TaskRunner pid=899085)[0m                                                                      'gpu_memory_utilization': 0.5,
[36m(TaskRunner pid=899085)[0m                                                                      'limit_images': None,
[36m(TaskRunner pid=899085)[0m                                                                      'load_format': 'auto',
[36m(TaskRunner pid=899085)[0m                                                                      'max_model_len': None,
[36m(TaskRunner pid=899085)[0m                                                                      'max_num_batched_tokens': 8192,
[36m(TaskRunner pid=899085)[0m                                                                      'max_num_seqs': 1024,
[36m(TaskRunner pid=899085)[0m                                                                      'name': 'vllm',
[36m(TaskRunner pid=899085)[0m                                                                      'prompt_length': 1024,
[36m(TaskRunner pid=899085)[0m                                                                      'response_length': 2048,
[36m(TaskRunner pid=899085)[0m                                                                      'skip_tokenizer_init': True,
[36m(TaskRunner pid=899085)[0m                                                                      'temperature': 1.0,
[36m(TaskRunner pid=899085)[0m                                                                      'tensor_model_parallel_size': 2},
[36m(TaskRunner pid=899085)[0m                                                        'key': None,
[36m(TaskRunner pid=899085)[0m                                                        'model_path': None,
[36m(TaskRunner pid=899085)[0m                                                        'num_replicas': 0}}},
[36m(TaskRunner pid=899085)[0m  'global_profiler': {'_target_': 'verl.utils.profiler.ProfilerConfig',
[36m(TaskRunner pid=899085)[0m                      'global_tool_config': {'nsys': {'_target_': 'verl.utils.profiler.config.NsightToolConfig',
[36m(TaskRunner pid=899085)[0m                                                      'controller_nsight_options': {'cuda-graph-trace': 'graph',
[36m(TaskRunner pid=899085)[0m                                                                                    'cuda-memory-usage': 'true',
[36m(TaskRunner pid=899085)[0m                                                                                    'trace': 'cuda,nvtx,cublas,ucx'},
[36m(TaskRunner pid=899085)[0m                                                      'discrete': False,
[36m(TaskRunner pid=899085)[0m                                                      'worker_nsight_options': {'capture-range': 'cudaProfilerApi',
[36m(TaskRunner pid=899085)[0m                                                                                'capture-range-end': None,
[36m(TaskRunner pid=899085)[0m                                                                                'cuda-graph-trace': 'graph',
[36m(TaskRunner pid=899085)[0m                                                                                'cuda-memory-usage': 'true',
[36m(TaskRunner pid=899085)[0m                                                                                'kill': 'none',
[36m(TaskRunner pid=899085)[0m                                                                                'trace': 'cuda,nvtx,cublas,ucx'}},
[36m(TaskRunner pid=899085)[0m                                             'precision_debugger': {'_target_': 'verl.utils.profiler.config.PrecisionDebuggerToolConfig',
[36m(TaskRunner pid=899085)[0m                                                                    'config_path': None,
[36m(TaskRunner pid=899085)[0m                                                                    'stages': None,
[36m(TaskRunner pid=899085)[0m                                                                    'steps': None,
[36m(TaskRunner pid=899085)[0m                                                                    'strict': False},
[36m(TaskRunner pid=899085)[0m                                             'torch_memory': {'context': 'all',
[36m(TaskRunner pid=899085)[0m                                                              'kw_args': {},
[36m(TaskRunner pid=899085)[0m                                                              'stack_depth': 32,
[36m(TaskRunner pid=899085)[0m                                                              'stacks': 'all',
[36m(TaskRunner pid=899085)[0m                                                              'trace_alloc_max_entries': 100000}},
[36m(TaskRunner pid=899085)[0m                      'profile_continuous_steps': False,
[36m(TaskRunner pid=899085)[0m                      'save_path': 'outputs/profile',
[36m(TaskRunner pid=899085)[0m                      'steps': None,
[36m(TaskRunner pid=899085)[0m                      'tool': None},
[36m(TaskRunner pid=899085)[0m  'model_engine': 'veomni',
[36m(TaskRunner pid=899085)[0m  'ray_kwargs': {'ray_init': {'num_cpus': None}, 'timeline_json_file': None},
[36m(TaskRunner pid=899085)[0m  'reward': {'_target_': 'verl.workers.config.RewardConfig',
[36m(TaskRunner pid=899085)[0m             'custom_reward_function': {'name': 'compute_score', 'path': None},
[36m(TaskRunner pid=899085)[0m             'num_workers': 8,
[36m(TaskRunner pid=899085)[0m             'reward_manager': {'_target_': 'verl.workers.config.reward.RewardManagerConfig',
[36m(TaskRunner pid=899085)[0m                                'module': {'_target_': 'verl.trainer.config.config.ModuleConfig',
[36m(TaskRunner pid=899085)[0m                                           'name': 'custom_reward_manager',
[36m(TaskRunner pid=899085)[0m                                           'path': None},
[36m(TaskRunner pid=899085)[0m                                'name': 'naive',
[36m(TaskRunner pid=899085)[0m                                'source': 'register'},
[36m(TaskRunner pid=899085)[0m             'reward_model': {'_target_': 'verl.workers.config.RewardModelConfig',
[36m(TaskRunner pid=899085)[0m                              'enable': False,
[36m(TaskRunner pid=899085)[0m                              'enable_resource_pool': False,
[36m(TaskRunner pid=899085)[0m                              'model_path': None,
[36m(TaskRunner pid=899085)[0m                              'n_gpus_per_node': 8,
[36m(TaskRunner pid=899085)[0m                              'nnodes': 0,
[36m(TaskRunner pid=899085)[0m                              'rollout': {'_target_': 'verl.workers.config.RolloutConfig',
[36m(TaskRunner pid=899085)[0m                                          'cudagraph_capture_sizes': None,
[36m(TaskRunner pid=899085)[0m                                          'data_parallel_size': 1,
[36m(TaskRunner pid=899085)[0m                                          'disable_log_stats': True,
[36m(TaskRunner pid=899085)[0m                                          'disaggregation': {'bootstrap_port': None,
[36m(TaskRunner pid=899085)[0m                                                             'decode_replicas': 1,
[36m(TaskRunner pid=899085)[0m                                                             'decode_tensor_model_parallel_size': None,
[36m(TaskRunner pid=899085)[0m                                                             'enabled': False,
[36m(TaskRunner pid=899085)[0m                                                             'ib_device': None,
[36m(TaskRunner pid=899085)[0m                                                             'prefill_replicas': 1,
[36m(TaskRunner pid=899085)[0m                                                             'transfer_backend': 'nixl'},
[36m(TaskRunner pid=899085)[0m                                          'do_sample': True,
[36m(TaskRunner pid=899085)[0m                                          'dtype': 'bfloat16',
[36m(TaskRunner pid=899085)[0m INFO:2026-07-30 11:21:46,380:Replacing attn_implementation from 'flash_attention_2' to 'veomni_flash_attention_2_with_sp'
[36m(TaskRunner pid=899085)[0m Setting TOKENIZERS_PARALLELISM=false for forked processes.
[36m(TaskRunner pid=899085)[0m WARNING:2026-07-30 11:21:52,512:Setting TOKENIZERS_PARALLELISM=false for forked processes.
[36m(TaskRunner pid=899085)[0m Filtering prompts longer than 1024 tokens (num_proc=1):   0%|          | 0/9574 [00:00<?, ? examples/s]
[36m(TaskRunner pid=899085)[0m Filtering prompts longer than 1024 tokens (num_proc=1):  10%|█         | 1000/9574 [00:05<00:47, 178.95 examples/s]
[36m(TaskRunner pid=899085)[0m Filtering prompts longer than 1024 tokens (num_proc=1):  21%|██        | 2000/9574 [00:05<00:18, 402.10 examples/s]
[36m(TaskRunner pid=899085)[0m Filtering prompts longer than 1024 tokens (num_proc=1):  31%|███▏      | 3000/9574 [00:06<00:09, 669.76 examples/s]
[36m(TaskRunner pid=899085)[0m Filtering prompts longer than 1024 tokens (num_proc=1):  42%|████▏     | 4000/9574 [00:06<00:05, 973.52 examples/s]
[36m(TaskRunner pid=899085)[0m Filtering prompts longer than 1024 tokens (num_proc=1):  52%|█████▏    | 5000/9574 [00:06<00:03, 1300.50 examples/s]
[36m(TaskRunner pid=899085)[0m Filtering prompts longer than 1024 tokens (num_proc=1):  63%|██████▎   | 6000/9574 [00:07<00:02, 1632.32 examples/s]
[36m(TaskRunner pid=899085)[0m Filtering prompts longer than 1024 tokens (num_proc=1):  73%|███████▎  | 7000/9574 [00:07<00:01, 1946.23 examples/s]
[36m(TaskRunner pid=899085)[0m Filtering prompts longer than 1024 tokens (num_proc=1):  84%|████████▎ | 8000/9574 [00:13<00:03, 419.60 examples/s] 
[36m(TaskRunner pid=899085)[0m Filtering prompts longer than 1024 tokens (num_proc=1):  84%|████████▎ | 8000/9574 [00:25<00:03, 419.60 examples/s]
[36m(TaskRunner pid=899085)[0m Filtering prompts longer than 1024 tokens (num_proc=1):  94%|█████████▍| 9000/9574 [00:26<00:03, 179.67 examples/s]
[36m(TaskRunner pid=899085)[0m Filtering prompts longer than 1024 tokens (num_proc=1): 100%|██████████| 9574/9574 [00:33<00:00, 141.09 examples/s]
[36m(TaskRunner pid=899085)[0m Filtering prompts longer than 1024 tokens (num_proc=1): 100%|██████████| 9574/9574 [00:34<00:00, 280.70 examples/s]
[36m(TaskRunner pid=899085)[0m Setting TOKENIZERS_PARALLELISM=false for forked processes.
[36m(TaskRunner pid=899085)[0m WARNING:2026-07-30 11:22:32,034:Setting TOKENIZERS_PARALLELISM=false for forked processes.
[36m(TaskRunner pid=899085)[0m Filtering prompts longer than 1024 tokens (num_proc=1):   0%|          | 0/1920 [00:00<?, ? examples/s]
[36m(TaskRunner pid=899085)[0m Filtering prompts longer than 1024 tokens (num_proc=1):  52%|█████▏    | 1000/1920 [00:05<00:05, 180.14 examples/s]
[36m(TaskRunner pid=899085)[0m Filtering prompts longer than 1024 tokens (num_proc=1): 100%|██████████| 1920/1920 [00:12<00:00, 146.10 examples/s]
[36m(TaskRunner pid=899085)[0m Filtering prompts longer than 1024 tokens (num_proc=1): 100%|██████████| 1920/1920 [00:12<00:00, 148.00 examples/s]
[36m(pid=900908)[0m WARNING:2026-07-30 11:23:08,454:Current Python version 3.10 is below the recommended 3.11 version. It is recommended to upgrade to Python 3.11 or higher for the best experience.
[36m(WorkerDict pid=900908)[0m INFO:2026-07-30 11:23:17,841:Replacing attn_implementation from 'flash_attention_2' to 'veomni_flash_attention_2_with_sp'
[36m(pid=900911)[0m WARNING:2026-07-30 11:23:08,455:Current Python version 3.10 is below the recommended 3.11 version. It is recommended to upgrade to Python 3.11 or higher for the best experience.[32m [repeated 3x across cluster][0m
[36m(TaskRunner pid=899085)[0m                                          'enable_chunked_prefill': True,
[36m(TaskRunner pid=899085)[0m                                          'enable_prefix_caching': True,
[36m(TaskRunner pid=899085)[0m                                          'enforce_eager': True,
[36m(TaskRunner pid=899085)[0m                                          'engine_kwargs': {},
[36m(TaskRunner pid=899085)[0m                                          'expert_parallel_size': 1,
[36m(TaskRunner pid=899085)[0m                                          'free_cache_engine': True,
[36m(TaskRunner pid=899085)[0m                                          'gpu_memory_utilization': 0.5,
[36m(TaskRunner pid=899085)[0m                                          'ignore_eos': False,
[36m(TaskRunner pid=899085)[0m                                          'layered_summon': False,
[36m(TaskRunner pid=899085)[0m                                          'limit_images': None,
[36m(TaskRunner pid=899085)[0m                                          'load_format': 'auto',
[36m(TaskRunner pid=899085)[0m                                          'max_model_len': None,
[36m(TaskRunner pid=899085)[0m                                          'max_num_batched_tokens': 8192,
[36m(TaskRunner pid=899085)[0m                                          'max_num_seqs': 1024,
[36m(TaskRunner pid=899085)[0m                                          'mtp': None,
[36m(TaskRunner pid=899085)[0m                                          'multi_stage_wake_up': False,
[36m(TaskRunner pid=899085)[0m                                          'n': 1,
[36m(TaskRunner pid=899085)[0m                                          'name': '???',
[36m(TaskRunner pid=899085)[0m                                          'pipeline_model_parallel_size': 1,
[36m(TaskRunner pid=899085)[0m                                          'prompt_length': 2048,
[36m(TaskRunner pid=899085)[0m                                          'quantization': None,
[36m(TaskRunner pid=899085)[0m                                          'quantization_config_file': None,
[36m(TaskRunner pid=899085)[0m                                          'response_length': 2048,
[36m(TaskRunner pid=899085)[0m                                          'scheduling_policy': 'fcfs',
[36m(TaskRunner pid=899085)[0m                                          'skip_tokenizer_init': False,
[36m(TaskRunner pid=899085)[0m                                          'temperature': 1.0,
[36m(TaskRunner pid=899085)[0m                                          'tensor_model_parallel_size': 2,
[36m(TaskRunner pid=899085)[0m                                          'top_k': -1,
[36m(TaskRunner pid=899085)[0m                                          'top_p': 1}},
[36m(TaskRunner pid=899085)[0m             'sandbox_fusion': {'_target_': 'verl.workers.config.SandboxFusionConfig',
[36m(TaskRunner pid=899085)[0m                                'max_concurrent': 64,
[36m(TaskRunner pid=899085)[0m                                'memory_limit_mb': 1024,
[36m(TaskRunner pid=899085)[0m                                'url': None}},
[36m(TaskRunner pid=899085)[0m  'trainer': {'balance_batch': True,
[36m(TaskRunner pid=899085)[0m              'critic_warmup': 0,
[36m(TaskRunner pid=899085)[0m              'default_hdfs_dir': None,
[36m(TaskRunner pid=899085)[0m              'default_local_dir': '/public/home/xingjl/verl-das/examples/on_policy_distillation_trainer/ckpts/DISTILLATION-Qwen3-VL-8B-Instruct-BASE-GSM8K-GEO3K/DISTILLATION-Qwen3-VL-8B-Instruct-BASE-MOPD-VEOMNI-vLLM',
[36m(TaskRunner pid=899085)[0m              'del_local_ckpt_after_load': False,
[36m(TaskRunner pid=899085)[0m              'device': 'cuda',
[36m(TaskRunner pid=899085)[0m              'esi_redundant_time': 0,
[36m(TaskRunner pid=899085)[0m              'experiment_name': 'DISTILLATION-Qwen3-VL-8B-Instruct-BASE-MOPD-VEOMNI-vLLM',
[36m(TaskRunner pid=899085)[0m              'log_val_generations': 0,
[36m(TaskRunner pid=899085)[0m              'logger': ['console'],
[36m(TaskRunner pid=899085)[0m              'max_actor_ckpt_to_keep': None,
[36m(TaskRunner pid=899085)[0m              'max_critic_ckpt_to_keep': None,
[36m(TaskRunner pid=899085)[0m              'n_gpus_per_node': 4,
[36m(TaskRunner pid=899085)[0m              'nnodes': 1,
[36m(TaskRunner pid=899085)[0m              'project_name': 'DISTILLATION-Qwen3-VL-8B-Instruct-BASE-GSM8K-GEO3K',
[36m(TaskRunner pid=899085)[0m              'ray_wait_register_center_timeout': 300,
[36m(TaskRunner pid=899085)[0m              'resume_from_path': None,
[36m(TaskRunner pid=899085)[0m              'resume_mode': 'auto',
[36m(TaskRunner pid=899085)[0m              'rollout_data_dir': None,
[36m(TaskRunner pid=899085)[0m              'save_freq': 200,
[36m(TaskRunner pid=899085)[0m              'test_freq': 5,
[36m(TaskRunner pid=899085)[0m              'total_epochs': 15,
[36m(TaskRunner pid=899085)[0m              'total_training_steps': None,
[36m(TaskRunner pid=899085)[0m              'val_before_train': False,
[36m(TaskRunner pid=899085)[0m              'val_only': False,
[36m(TaskRunner pid=899085)[0m              'validation_data_dir': None},
[36m(TaskRunner pid=899085)[0m  'transfer_queue': {'backend': {'MooncakeStore': {'auto_init': False,
[36m(TaskRunner pid=899085)[0m                                                   'device_name': '',
[36m(TaskRunner pid=899085)[0m                                                   'global_segment_size': 4294967296,
[36m(TaskRunner pid=899085)[0m                                                   'local_buffer_size': 1073741824,
[36m(TaskRunner pid=899085)[0m                                                   'local_hostname': 'localhost',
[36m(TaskRunner pid=899085)[0m                                                   'master_server_address': 'localhost:50124',
[36m(TaskRunner pid=899085)[0m                                                   'metadata_server': 'localhost:50123',
[36m(TaskRunner pid=899085)[0m                                                   'protocol': 'tcp'},
[36m(TaskRunner pid=899085)[0m                                 'SimpleStorage': {'num_data_storage_units': 8,
[36m(TaskRunner pid=899085)[0m                                                   'total_storage_size': 100000},
[36m(TaskRunner pid=899085)[0m                                 'storage_backend': 'SimpleStorage'},
[36m(TaskRunner pid=899085)[0m                     'enable': False,
[36m(TaskRunner pid=899085)[0m                     'metrics': {'enabled': False, 'port': 0}}}
[36m(TaskRunner pid=899085)[0m [validate_config] All configuration checks passed successfully!
[36m(TaskRunner pid=899085)[0m Using dataset class: RLHFDataset
[36m(TaskRunner pid=899085)[0m dataset len: 9574
[36m(TaskRunner pid=899085)[0m filter dataset len: 9574
[36m(TaskRunner pid=899085)[0m Using dataset class: RLHFDataset
[36m(TaskRunner pid=899085)[0m dataset len: 1920
[36m(TaskRunner pid=899085)[0m filter dataset len: 1920
[36m(TaskRunner pid=899085)[0m Size of train dataloader: 74, Size of val dataloader: 1
[36m(TaskRunner pid=899085)[0m Total training steps: 1110
[36m(TaskRunner pid=899085)[0m colocated worker base class <class 'verl.single_controller.base.worker.Worker'>
[36m(pid=900908)[0m LANG_RL Log directory: None
[36m(pid=900908)[0m [HCU_ADAPT] Patch has been applied in worker
[36m(pid=900911)[0m LANG_RL Log directory: None[32m [repeated 3x across cluster] (Ray deduplicates logs by default. Set RAY_DEDUP_LOGS=0 to disable log deduplication, or see https://docs.ray.io/en/master/ray-observability/user-guides/configure-logging.html#log-deduplication for more options.)[0m
[36m(WorkerDict pid=900908)[0m [INFO|/public/home/xingjl/verl-das/third_party/VeOmni/veomni/ops/__init__.py:71] 07/30/2026 11:23:18 >> ✅ VeOmni attention patches applied.
[36m(WorkerDict pid=900908)[0m [INFO|/public/home/xingjl/verl-das/third_party/VeOmni/veomni/__init__.py:25] 07/30/2026 11:23:18 >> 
[36m(WorkerDict pid=900908)[0m ========== Environment Variables ==========
[36m(WorkerDict pid=900908)[0m MODELING_BACKEND=veomni (source=default)
[36m(WorkerDict pid=900908)[0m ===========================================
[36m(WorkerDict pid=900908)[0m [Gloo] Rank 0 is connected to 3 peer ranks. Expected number of connected peer ranks is : 3
[36m(WorkerDict pid=900908)[0m Warning: Failed to set NUMA affinity: NVML Shared Library Not Found
[36m(WorkerDict pid=900908)[0m [INFO|/public/home/xingjl/verl-das/third_party/VeOmni/veomni/distributed/parallel_state.py:530] 07/30/2026 11:23:19 >> Initializing parallel state: dp_size 4, dp_replicate_size 1, dp_shard_size 4,tp_size 1, pp_size 1, cp_size 1, ulysses_size 1, ep_size 1
[36m(WorkerDict pid=900908)[0m [INFO|/public/home/xingjl/verl-das/third_party/VeOmni/veomni/distributed/parallel_state.py:629] 07/30/2026 11:23:19 >> Device mesh: DeviceMesh((dp_shard=4), 'cuda', stride=(1,))
[36m(WorkerDict pid=900908)[0m [INFO|/public/home/xingjl/verl-das/third_party/VeOmni/veomni/distributed/parallel_state.py:631] 07/30/2026 11:23:19 >> ep FSDP device mesh: None
[36m(WorkerDict pid=900908)[0m [WARNING|/public/home/xingjl/verl-das/third_party/VeOmni/veomni/arguments/arguments_types.py:1139] 07/30/2026 11:23:19 >> moe_implementation='fused' is a deprecated alias; resolving to 'fused_quack' on this host. Set moe_implementation='fused_quack' explicitly to silence this warning.
[36m(WorkerDict pid=900908)[0m [INFO|/public/home/xingjl/verl-das/third_party/VeOmni/veomni/ops/__init__.py:103] 07/30/2026 11:23:19 >> ✅ VeOmni ops config applied: CrossEntropy (eager), LoadBalancingLoss (eager).
[36m(WorkerDict pid=900908)[0m =========== OPS ============
[36m(WorkerDict pid=900908)[0m _fused_moe_forward = None
[36m(WorkerDict pid=900908)[0m _flash_attention_forward = _flash_attention_forward
[36m(WorkerDict pid=900908)[0m _flex_attention_forward = flex_attention_forward
[36m(WorkerDict pid=900908)[0m _load_balancing_loss = load_balancing_loss_pytorch
[36m(WorkerDict pid=900908)[0m cross_entropy = eager_cross_entropy
[36m(WorkerDict pid=900908)[0m ==============================
[36m(WorkerDict pid=900908)[0m [INFO|/public/home/xingjl/verl-das/third_party/VeOmni/veomni/models/loader.py:85] 07/30/2026 11:23:19 >> [CONFIG] Loading qwen3_vl from Huggingface as no customized config registered.
[36m(WorkerDict pid=900908)[0m [INFO|/public/home/xingjl/verl-das/third_party/VeOmni/veomni/models/auto.py:106] 07/30/2026 11:23:19 >> OpSlot dispatch bound: rotary_pos_emb (eager), rotary_pos_emb_vision (eager), cross_entropy_loss (eager), rms_norm (eager).
[36m(WorkerDict pid=900908)[0m [INFO|/public/home/xingjl/verl-das/third_party/VeOmni/veomni/models/auto.py:223] 07/30/2026 11:23:19 >> OpSlot-based kernel dispatch active.
[36m(WorkerDict pid=900908)[0m [INFO|/public/home/xingjl/verl-das/third_party/VeOmni/veomni/models/loader.py:232] 07/30/2026 11:23:19 >> Loading model from customized modeling.
[36m(WorkerDict pid=900908)[0m init_device: meta
[36m(WorkerDict pid=900908)[0m empty_init: True
[36m(WorkerDict pid=900908)[0m weights_path: /public/home/xingjl/models/Qwen3-VL-8B-Instruct
[36m(WorkerDict pid=900908)[0m [INFO|/public/home/xingjl/verl-das/third_party/VeOmni/veomni/models/auto.py:278] 07/30/2026 11:23:19 >> Built foundation model class: veomni.models.transformers.qwen3_vl.generated.patched_modeling_qwen3_vl_gpu.Qwen3VLForConditionalGeneration
[36m(WorkerDict pid=900908)[0m [INFO|/public/home/xingjl/verl-das/third_party/VeOmni/veomni/distributed/torch_parallelize.py:586] 07/30/2026 11:23:20 >> Enable gradient checkpointing.
[36m(WorkerDict pid=900908)[0m [INFO|/public/home/xingjl/verl-das/third_party/VeOmni/veomni/distributed/torch_parallelize.py:613] 07/30/2026 11:23:20 >> Apply data parallel to the model: fsdp2.
[36m(WorkerDict pid=900908)[0m [INFO|/public/home/xingjl/verl-das/third_party/VeOmni/veomni/distributed/torch_parallelize.py:153] 07/30/2026 11:23:20 >> target classes to shard: {'Qwen3VLTextDecoderLayer', 'Qwen3VLVisionBlock'}
[36m(WorkerDict pid=900908)[0m [INFO|/public/home/xingjl/verl-das/third_party/VeOmni/veomni/distributed/torch_parallelize.py:240] 07/30/2026 11:23:20 >> extra_parallel layer pairs: {'model.visual.blocks.0': (Qwen3VLVisionBlock(
[36m(WorkerDict pid=900908)[0m   (norm1): LayerNorm((1152,), eps=1e-06, elementwise_affine=True)
[36m(WorkerDict pid=900908)[0m   (norm2): LayerNorm((1152,), eps=1e-06, elementwise_affine=True)
[36m(WorkerDict pid=900908)[0m   (attn): Qwen3VLVisionAttention(
[36m(WorkerDict pid=900908)[0m     (qkv): Linear(in_features=1152, out_features=3456, bias=True)
[36m(WorkerDict pid=900908)[0m     (proj): Linear(in_features=1152, out_features=1152, bias=True)
[36m(WorkerDict pid=900908)[0m   )
[36m(WorkerDict pid=900908)[0m   (mlp): Qwen3VLVisionMLP(
[36m(WorkerDict pid=900908)[0m     (linear_fc1): Linear(in_features=1152, out_features=4304, bias=True)
[36m(WorkerDict pid=900908)[0m     (linear_fc2): Linear(in_features=4304, out_features=1152, bias=True)
[36m(WorkerDict pid=900908)[0m     (act_fn): GELUTanh()
[36m(WorkerDict pid=900908)[0m   )
[36m(WorkerDict pid=900908)[0m ), {}), 'model.visual.blocks.1': (Qwen3VLVisionBlock(
[36m(WorkerDict pid=900908)[0m   (norm1): LayerNorm((1152,), eps=1e-06, elementwise_affine=True)
[36m(WorkerDict pid=900908)[0m   (norm2): LayerNorm((1152,), eps=1e-06, elementwise_affine=True)
[36m(WorkerDict pid=900908)[0m   (attn): Qwen3VLVisionAttention(
[36m(WorkerDict pid=900908)[0m     (qkv): Linear(in_features=1152, out_features=3456, bias=True)
[36m(WorkerDict pid=900908)[0m     (proj): Linear(in_features=1152, out_features=1152, bias=True)
[36m(WorkerDict pid=900908)[0m   )
[36m(WorkerDict pid=900908)[0m   (mlp): Qwen3VLVisionMLP(
[36m(WorkerDict pid=900908)[0m     (linear_fc1): Linear(in_features=1152, out_features=4304, bias=True)
[36m(WorkerDict pid=900908)[0m     (linear_fc2): Linear(in_features=4304, out_features=1152, bias=True)
[36m(WorkerDict pid=900908)[0m     (act_fn): GELUTanh()
[36m(WorkerDict pid=900908)[0m   )
[36m(WorkerDict pid=900908)[0m ), {}), 'model.visual.blocks.2': (Qwen3VLVisionBlock(
[36m(WorkerDict pid=900908)[0m   (norm1): LayerNorm((1152,), eps=1e-06, elementwise_affine=True)
[36m(WorkerDict pid=900908)[0m   (norm2): LayerNorm((1152,), eps=1e-06, elementwise_affine=True)
[36m(WorkerDict pid=900908)[0m   (attn): Qwen3VLVisionAttention(
[36m(WorkerDict pid=900908)[0m     (qkv): Linear(in_features=1152, out_features=3456, bias=True)
[36m(WorkerDict pid=900908)[0m     (proj): Linear(in_features=1152, out_features=1152, bias=True)
[36m(WorkerDict pid=900908)[0m   )
[36m(WorkerDict pid=900908)[0m   (mlp): Qwen3VLVisionMLP(
[36m(WorkerDict pid=900908)[0m     (linear_fc1): Linear(in_features=1152, out_features=4304, bias=True)
[36m(WorkerDict pid=900908)[0m     (linear_fc2): Linear(in_features=4304, out_features=1152, bias=True)
[36m(WorkerDict pid=900908)[0m     (act_fn): GELUTanh()
[36m(WorkerDict pid=900908)[0m   )
[36m(WorkerDict pid=900908)[0m ), {}), 'model.visual.blocks.3': (Qwen3VLVisionBlock(
[36m(WorkerDict pid=900908)[0m   (norm1): LayerNorm((1152,), eps=1e-06, elementwise_affine=True)
[36m(WorkerDict pid=900908)[0m   (norm2): LayerNorm((1152,), eps=1e-06, elementwise_affine=True)
[36m(WorkerDict pid=900908)[0m   (attn): Qwen3VLVisionAttention(
[36m(WorkerDict pid=900908)[0m     (qkv): Linear(in_features=1152, out_features=3456, bias=True)
[36m(WorkerDict pid=900908)[0m     (proj): Linear(in_features=1152, out_features=1152, bias=True)
[36m(WorkerDict pid=900908)[0m   )
[36m(WorkerDict pid=900908)[0m   (mlp): Qwen3VLVisionMLP(
[36m(WorkerDict pid=900908)[0m     (linear_fc1): Linear(in_features=1152, out_features=4304, bias=True)
[36m(WorkerDict pid=900908)[0m     (linear_fc2): Linear(in_features=4304, out_features=1152, bias=True)
[36m(WorkerDict pid=900908)[0m     (act_fn): GELUTanh()
[36m(WorkerDict pid=900908)[0m   )
[36m(WorkerDict pid=900908)[0m ), {}), 'model.visual.blocks.4': (Qwen3VLVisionBlock(
[36m(WorkerDict pid=900908)[0m   (norm1): LayerNorm((1152,), eps=1e-06, elementwise_affine=True)
[36m(WorkerDict pid=900908)[0m   (norm2): LayerNorm((1152,), eps=1e-06, elementwise_affine=True)
[36m(WorkerDict pid=900908)[0m   (attn): Qwen3VLVisionAttention(
[36m(WorkerDict pid=900908)[0m     (qkv): Linear(in_features=1152, out_features=3456, bias=True)
[36m(WorkerDict pid=900908)[0m     (proj): Linear(in_features=1152, out_features=1152, bias=True)
[36m(WorkerDict pid=900908)[0m   )
[36m(WorkerDict pid=900908)[0m   (mlp): Qwen3VLVisionMLP(
[36m(WorkerDict pid=900908)[0m     (linear_fc1): Linear(in_features=1152, out_features=4304, bias=True)
[36m(WorkerDict pid=900908)[0m     (linear_fc2): Linear(in_features=4304, out_features=1152, bias=True)
[36m(WorkerDict pid=900908)[0m     (act_fn): GELUTanh()
[36m(WorkerDict pid=900908)[0m   )
[36m(WorkerDict pid=900908)[0m ), {}), 'model.visual.blocks.5': (Qwen3VLVisionBlock(
[36m(WorkerDict pid=900908)[0m   (norm1): LayerNorm((1152,), eps=1e-06, elementwise_affine=True)
[36m(WorkerDict pid=900908)[0m   (norm2): LayerNorm((1152,), eps=1e-06, elementwise_affine=True)
[36m(WorkerDict pid=900908)[0m   (attn): Qwen3VLVisionAttention(
[36m(WorkerDict pid=900908)[0m     (qkv): Linear(in_features=1152, out_features=3456, bias=True)
[36m(WorkerDict pid=900908)[0m     (proj): Linear(in_features=1152, out_features=1152, bias=True)
[36m(WorkerDict pid=900908)[0m   )
[36m(WorkerDict pid=900908)[0m   (mlp): Qwen3VLVisionMLP(
[36m(WorkerDict pid=900908)[0m     (linear_fc1): Linear(in_features=1152, out_features=4304, bias=True)
[36m(WorkerDict pid=900908)[0m     (linear_fc2): Linear(in_features=4304, out_features=1152, bias=True)
[36m(WorkerDict pid=900908)[0m     (act_fn): GELUTanh()
[36m(WorkerDict pid=900908)[0m   )
[36m(WorkerDict pid=900908)[0m ), {}), 'model.visual.blocks.6': (Qwen3VLVisionBlock(
[36m(WorkerDict pid=900908)[0m   (norm1): LayerNorm((1152,), eps=1e-06, elementwise_affine=True)
[36m(WorkerDict pid=900908)[0m   (norm2): LayerNorm((1152,), eps=1e-06, elementwise_affine=True)
[36m(WorkerDict pid=900908)[0m   (attn): Qwen3VLVisionAttention(
[36m(WorkerDict pid=900908)[0m     (qkv): Linear(in_features=1152, out_features=3456, bias=True)
[36m(WorkerDict pid=900908)[0m     (proj): Linear(in_features=1152, out_features=1152, bias=True)
[36m(WorkerDict pid=900908)[0m   )
[36m(WorkerDict pid=900908)[0m   (mlp): Qwen3VLVisionMLP(
[36m(WorkerDict pid=900908)[0m     (linear_fc1): Linear(in_features=1152, out_features=4304, bias=True)
[36m(WorkerDict pid=900908)[0m     (linear_fc2): Linear(in_features=4304, out_features=1152, bias=True)
[36m(WorkerDict pid=900908)[0m     (act_fn): GELUTanh()
[36m(WorkerDict pid=900908)[0m   )
[36m(WorkerDict pid=900908)[0m ), {}), 'model.visual.blocks.7': (Qwen3VLVisionBlock(
[36m(WorkerDict pid=900908)[0m   (norm1): LayerNorm((1152,), eps=1e-06, elementwise_affine=True)
[36m(WorkerDict pid=900908)[0m   (norm2): LayerNorm((1152,), eps=1e-06, elementwise_affine=True)
[36m(WorkerDict pid=900908)[0m   (attn): Qwen3VLVisionAttention(
[36m(WorkerDict pid=900908)[0m     (qkv): Linear(in_features=1152, out_features=3456, bias=True)
[36m(WorkerDict pid=900908)[0m     (proj): Linear(in_features=1152, out_features=1152, bias=True)
[36m(WorkerDict pid=900908)[0m   )
[36m(WorkerDict pid=900908)[0m   (mlp): Qwen3VLVisionMLP(
[36m(WorkerDict pid=900908)[0m     (linear_fc1): Linear(in_features=1152, out_features=4304, bias=True)
[36m(WorkerDict pid=900908)[0m     (linear_fc2): Linear(in_features=4304, out_features=1152, bias=True)
[36m(WorkerDict pid=900908)[0m     (act_fn): GELUTanh()
[36m(WorkerDict pid=900908)[0m   )
[36m(WorkerDict pid=900908)[0m ), {}), 'model.visual.blocks.8': (Qwen3VLVisionBlock(
[36m(WorkerDict pid=900908)[0m   (norm1): LayerNorm((1152,), eps=1e-06, elementwise_affine=True)
[36m(WorkerDict pid=900908)[0m   (norm2): LayerNorm((1152,), eps=1e-06, elementwise_affine=True)
[36m(WorkerDict pid=900908)[0m   (attn): Qwen3VLVisionAttention(
[36m(WorkerDict pid=900908)[0m     (qkv): Linear(in_features=1152, out_features=3456, bias=True)
[36m(WorkerDict pid=900908)[0m     (proj): Linear(in_features=1152, out_features=1152, bias=True)
[36m(WorkerDict pid=900908)[0m   )
[36m(WorkerDict pid=900908)[0m   (mlp): Qwen3VLVisionMLP(
[36m(WorkerDict pid=900908)[0m     (linear_fc1): Linear(in_features=1152, out_features=4304, bias=True)
[36m(WorkerDict pid=900908)[0m     (linear_fc2): Linear(in_features=4304, out_features=1152, bias=True)
[36m(WorkerDict pid=900908)[0m     (act_fn): GELUTanh()
[36m(WorkerDict pid=900908)[0m   )
[36m(WorkerDict pid=900908)[0m ), {}), 'model.visual.blocks.9': (Qwen3VLVisionBlock(
[36m(WorkerDict pid=900908)[0m   (norm1): LayerNorm((1152,), eps=1e-06, elementwise_affine=True)
[36m(WorkerDict pid=900908)[0m   (norm2): LayerNorm((1152,), eps=1e-06, elementwise_affine=True)
[36m(WorkerDict pid=900908)[0m   (attn): Qwen3VLVisionAttention(
[36m(WorkerDict pid=900908)[0m     (qkv): Linear(in_features=1152, out_features=3456, bias=True)
[36m(WorkerDict pid=900908)[0m     (proj): Linear(in_features=1152, out_features=1152, bias=True)
[36m(WorkerDict pid=900908)[0m   )
[36m(WorkerDict pid=900908)[0m   (mlp): Qwen3VLVisionMLP(
[36m(WorkerDict pid=900908)[0m     (linear_fc1): Linear(in_features=1152, out_features=4304, bias=True)
[36m(WorkerDict pid=900908)[0m     (linear_fc2): Linear(in_features=4304, out_features=1152, bias=True)
[36m(WorkerDict pid=900908)[0m     (act_fn): GELUTanh()
[36m(WorkerDict pid=900908)[0m   )
[36m(WorkerDict pid=900908)[0m ), {}), 'model.visual.blocks.10': (Qwen3VLVisionBlock(
[36m(WorkerDict pid=900908)[0m   (norm1): LayerNorm((1152,), eps=1e-06, elementwise_affine=True)
[36m(WorkerDict pid=900908)[0m   (norm2): LayerNorm((1152,), eps=1e-06, elementwise_affine=True)
[36m(WorkerDict pid=900908)[0m   (attn): Qwen3VLVisionAttention(
[36m(WorkerDict pid=900908)[0m     (qkv): Linear(in_features=1152, out_features=3456, bias=True)
[36m(WorkerDict pid=900908)[0m     (proj): Linear(in_features=1152, out_features=1152, bias=True)
[36m(WorkerDict pid=900908)[0m   )
[36m(WorkerDict pid=900908)[0m   (mlp): Qwen3VLVisionMLP(
[36m(WorkerDict pid=900908)[0m     (linear_fc1): Linear(in_features=1152, out_features=4304, bias=True)
[36m(WorkerDict pid=900908)[0m     (linear_fc2): Linear(in_features=4304, out_features=1152, bias=True)
[36m(WorkerDict pid=900908)[0m     (act_fn): GELUTanh()
[36m(WorkerDict pid=900908)[0m   )
[36m(WorkerDict pid=900908)[0m ), {}), 'model.visual.blocks.11': (Qwen3VLVisionBlock(
[36m(WorkerDict pid=900908)[0m   (norm1): LayerNorm((1152,), eps=1e-06, elementwise_affine=True)
[36m(WorkerDict pid=900908)[0m   (norm2): LayerNorm((1152,), eps=1e-06, elementwise_affine=True)
[36m(WorkerDict pid=900908)[0m   (attn): Qwen3VLVisionAttention(
[36m(WorkerDict pid=900908)[0m     (qkv): Linear(in_features=1152, out_features=3456, bias=True)
[36m(WorkerDict pid=900908)[0m     (proj): Linear(in_features=1152, out_features=1152, bias=True)
[36m(WorkerDict pid=900908)[0m   )
[36m(WorkerDict pid=900908)[0m   (mlp): Qwen3VLVisionMLP(
[36m(WorkerDict pid=900908)[0m     (linear_fc1): Linear(in_features=1152, out_features=4304, bias=True)
[36m(WorkerDict pid=900908)[0m     (linear_fc2): Linear(in_features=4304, out_features=1152, bias=True)
[36m(WorkerDict pid=900908)[0m     (act_fn): GELUTanh()
[36m(WorkerDict pid=900908)[0m   )
[36m(WorkerDict pid=900908)[0m ), {}), 'model.visual.blocks.12': (Qwen3VLVisionBlock(
[36m(WorkerDict pid=900908)[0m   (norm1): LayerNorm((1152,), eps=1e-06, elementwise_affine=True)
[36m(WorkerDict pid=900908)[0m   (norm2): LayerNorm((1152,), eps=1e-06, elementwise_affine=True)
[36m(WorkerDict pid=900908)[0m   (attn): Qwen3VLVisionAttention(
[36m(WorkerDict pid=900908)[0m     (qkv): Linear(in_features=1152, out_features=3456, bias=True)
[36m(WorkerDict pid=900908)[0m     (proj): Linear(in_features=1152, out_features=1152, bias=True)
[36m(WorkerDict pid=900908)[0m   )
[36m(WorkerDict pid=900908)[0m   (mlp): Qwen3VLVisionMLP(
[36m(WorkerDict pid=900908)[0m     (linear_fc1): Linear(in_features=1152, out_features=4304, bias=True)
[36m(WorkerDict pid=900908)[0m     (linear_fc2): Linear(in_features=4304, out_features=1152, bias=True)
[36m(WorkerDict pid=900908)[0m     (act_fn): GELUTanh()
[36m(WorkerDict pid=900908)[0m   )
[36m(WorkerDict pid=900908)[0m ), {}), 'model.visual.blocks.13': (Qwen3VLVisionBlock(
[36m(WorkerDict pid=900908)[0m   (norm1): LayerNorm((1152,), eps=1e-06, elementwise_affine=True)
[36m(WorkerDict pid=900908)[0m   (norm2): LayerNorm((1152,), eps=1e-06, elementwise_affine=True)
[36m(WorkerDict pid=900908)[0m   (attn): Qwen3VLVisionAttention(
[36m(WorkerDict pid=900908)[0m     (qkv): Linear(in_features=1152, out_features=3456, bias=True)
[36m(WorkerDict pid=900908)[0m     (proj): Linear(in_features=1152, out_features=1152, bias=True)
[36m(WorkerDict pid=900908)[0m   )
[36m(WorkerDict pid=900908)[0m   (mlp): Qwen3VLVisionMLP(
[36m(WorkerDict pid=900908)[0m     (linear_fc1): Linear(in_features=1152, out_features=4304, bias=True)
[36m(WorkerDict pid=900908)[0m     (linear_fc2): Linear(in_features=4304, out_features=1152, bias=True)
[36m(WorkerDict pid=900908)[0m     (act_fn): GELUTanh()
[36m(WorkerDict pid=900908)[0m   )
[36m(WorkerDict pid=900908)[0m ), {}), 'model.visual.blocks.14': (Qwen3VLVisionBlock(
[36m(WorkerDict pid=900908)[0m   (norm1): LayerNorm((1152,), eps=1e-06, elementwise_affine=True)
[36m(WorkerDict pid=900908)[0m   (norm2): LayerNorm((1152,), eps=1e-06, elementwise_affine=True)
[36m(WorkerDict pid=900908)[0m   (attn): Qwen3VLVisionAttention(
[36m(WorkerDict pid=900908)[0m     (qkv): Linear(in_features=1152, out_features=3456, bias=True)
[36m(WorkerDict pid=900908)[0m     (proj): Linear(in_features=1152, out_features=1152, bias=True)
[36m(WorkerDict pid=900908)[0m   )
[36m(WorkerDict pid=900908)[0m   (mlp): Qwen3VLVisionMLP(
[36m(WorkerDict pid=900908)[0m     (linear_fc1): Linear(in_features=1152, out_features=4304, bias=True)
[36m(WorkerDict pid=900908)[0m     (linear_fc2): Linear(in_features=4304, out_features=1152, bias=True)
[36m(WorkerDict pid=900908)[0m     (act_fn): GELUTanh()
[36m(WorkerDict pid=900908)[0m   )
[36m(WorkerDict pid=900908)[0m ), {}), 'model.visual.blocks.15': (Qwen3VLVisionBlock(
[36m(WorkerDict pid=900908)[0m   (norm1): LayerNorm((1152,), eps=1e-06, elementwise_affine=True)
[36m(WorkerDict pid=900908)[0m   (norm2): LayerNorm((1152,), eps=1e-06, elementwise_affine=True)
[36m(WorkerDict pid=900908)[0m   (attn): Qwen3VLVisionAttention(
[36m(WorkerDict pid=900908)[0m     (qkv): Linear(in_features=1152, out_features=3456, bias=True)
[36m(WorkerDict pid=900908)[0m     (proj): Linear(in_features=1152, out_features=1152, bias=True)
[36m(WorkerDict pid=900908)[0m   )
[36m(WorkerDict pid=900908)[0m   (mlp): Qwen3VLVisionMLP(
[36m(WorkerDict pid=900908)[0m     (linear_fc1): Linear(in_features=1152, out_features=4304, bias=True)
[36m(WorkerDict pid=900908)[0m     (linear_fc2): Linear(in_features=4304, out_features=1152, bias=True)
[36m(WorkerDict pid=900908)[0m     (act_fn): GELUTanh()
[36m(WorkerDict pid=900908)[0m   )
[36m(WorkerDict pid=900908)[0m ), {}), 'model.visual.blocks.16': (Qwen3VLVisionBlock(
[36m(WorkerDict pid=900908)[0m   (norm1): LayerNorm((1152,), eps=1e-06, elementwise_affine=True)
[36m(WorkerDict pid=900908)[0m   (norm2): LayerNorm((1152,), eps=1e-06, elementwise_affine=True)
[36m(WorkerDict pid=900908)[0m   (attn): Qwen3VLVisionAttention(
[36m(WorkerDict pid=900908)[0m     (qkv): Linear(in_features=1152, out_features=3456, bias=True)
[36m(WorkerDict pid=900908)[0m     (proj): Linear(in_features=1152, out_features=1152, bias=True)
[36m(WorkerDict pid=900908)[0m   )
[36m(WorkerDict pid=900908)[0m   (mlp): Qwen3VLVisionMLP(
[36m(WorkerDict pid=900908)[0m     (linear_fc1): Linear(in_features=1152, out_features=4304, bias=True)
[36m(WorkerDict pid=900908)[0m     (linear_fc2): Linear(in_features=4304, out_features=1152, bias=True)
[36m(WorkerDict pid=900908)[0m     (act_fn): GELUTanh()
[36m(WorkerDict pid=900908)[0m   )
[36m(WorkerDict pid=900908)[0m ), {}), 'model.visual.blocks.17': (Qwen3VLVisionBlock(
[36m(WorkerDict pid=900908)[0m   (norm1): LayerNorm((1152,), eps=1e-06, elementwise_affine=True)
[36m(WorkerDict pid=900908)[0m   (norm2): LayerNorm((1152,), eps=1e-06, elementwise_affine=True)
[36m(WorkerDict pid=900908)[0m   (attn): Qwen3VLVisionAttention(
[36m(WorkerDict pid=900908)[0m     (qkv): Linear(in_features=1152, out_features=3456, bias=True)
[36m(WorkerDict pid=900908)[0m     (proj): Linear(in_features=1152, out_features=1152, bias=True)
[36m(WorkerDict pid=900908)[0m   )
[36m(WorkerDict pid=900908)[0m   (mlp): Qwen3VLVisionMLP(
[36m(WorkerDict pid=900908)[0m     (linear_fc1): Linear(in_features=1152, out_features=4304, bias=True)
[36m(WorkerDict pid=900908)[0m     (linear_fc2): Linear(in_features=4304, out_features=1152, bias=True)
[36m(WorkerDict pid=900908)[0m     (act_fn): GELUTanh()
[36m(WorkerDict pid=900908)[0m   )
[36m(WorkerDict pid=900908)[0m ), {}), 'model.visual.blocks.18': (Qwen3VLVisionBlock(
[36m(WorkerDict pid=900908)[0m   (norm1): LayerNorm((1152,), eps=1e-06, elementwise_affine=True)
[36m(WorkerDict pid=900908)[0m   (norm2): LayerNorm((1152,), eps=1e-06, elementwise_affine=True)
[36m(WorkerDict pid=900908)[0m   (attn): Qwen3VLVisionAttention(
[36m(WorkerDict pid=900908)[0m     (qkv): Linear(in_features=1152, out_features=3456, bias=True)
[36m(WorkerDict pid=900908)[0m     (proj): Linear(in_features=1152, out_features=1152, bias=True)
[36m(WorkerDict pid=900908)[0m   )
[36m(WorkerDict pid=900908)[0m   (mlp): Qwen3VLVisionMLP(
[36m(WorkerDict pid=900908)[0m     (linear_fc1): Linear(in_features=1152, out_features=4304, bias=True)
[36m(WorkerDict pid=900908)[0m     (linear_fc2): Linear(in_features=4304, out_features=1152, bias=True)
[36m(WorkerDict pid=900908)[0m     (act_fn): GELUTanh()
[36m(WorkerDict pid=900908)[0m   )
[36m(WorkerDict pid=900908)[0m ), {}), 'model.visual.blocks.19': (Qwen3VLVisionBlock(
[36m(WorkerDict pid=900908)[0m   (norm1): LayerNorm((1152,), eps=1e-06, elementwise_affine=True)
[36m(WorkerDict pid=900908)[0m   (norm2): LayerNorm((1152,), eps=1e-06, elementwise_affine=True)
[36m(WorkerDict pid=900908)[0m   (attn): Qwen3VLVisionAttention(
[36m(WorkerDict pid=900908)[0m     (qkv): Linear(in_features=1152, out_features=3456, bias=True)
[36m(WorkerDict pid=900908)[0m     (proj): Linear(in_features=1152, out_features=1152, bias=True)
[36m(WorkerDict pid=900908)[0m   )
[36m(WorkerDict pid=900908)[0m   (mlp): Qwen3VLVisionMLP(
[36m(WorkerDict pid=900908)[0m     (linear_fc1): Linear(in_features=1152, out_features=4304, bias=True)
[36m(WorkerDict pid=900908)[0m     (linear_fc2): Linear(in_features=4304, out_features=1152, bias=True)
[36m(WorkerDict pid=900908)[0m     (act_fn): GELUTanh()
[36m(WorkerDict pid=900908)[0m   )
[36m(WorkerDict pid=900908)[0m ), {}), 'model.visual.blocks.20': (Qwen3VLVisionBlock(
[36m(WorkerDict pid=900908)[0m   (norm1): LayerNorm((1152,), eps=1e-06, elementwise_affine=True)
[36m(WorkerDict pid=900908)[0m   (norm2): LayerNorm((1152,), eps=1e-06, elementwise_affine=True)
[36m(WorkerDict pid=900908)[0m   (attn): Qwen3VLVisionAttention(
[36m(WorkerDict pid=900908)[0m     (qkv): Linear(in_features=1152, out_features=3456, bias=True)
[36m(WorkerDict pid=900908)[0m     (proj): Linear(in_features=1152, out_features=1152, bias=True)
[36m(WorkerDict pid=900908)[0m   )
[36m(WorkerDict pid=900908)[0m   (mlp): Qwen3VLVisionMLP(
[36m(WorkerDict pid=900908)[0m     (linear_fc1): Linear(in_features=1152, out_features=4304, bias=True)
[36m(WorkerDict pid=900908)[0m     (linear_fc2): Linear(in_features=4304, out_features=1152, bias=True)
[36m(WorkerDict pid=900908)[0m     (act_fn): GELUTanh()
[36m(WorkerDict pid=900908)[0m   )
[36m(WorkerDict pid=900908)[0m ), {}), 'model.visual.blocks.21': (Qwen3VLVisionBlock(
[36m(WorkerDict pid=900908)[0m   (norm1): LayerNorm((1152,), eps=1e-06, elementwise_affine=True)
[36m(WorkerDict pid=900908)[0m   (norm2): LayerNorm((1152,), eps=1e-06, elementwise_affine=True)
[36m(WorkerDict pid=900908)[0m   (attn): Qwen3VLVisionAttention(
[36m(WorkerDict pid=900908)[0m     (qkv): Linear(in_features=1152, out_features=3456, bias=True)
[36m(WorkerDict pid=900908)[0m     (proj): Linear(in_features=1152, out_features=1152, bias=True)
[36m(WorkerDict pid=900908)[0m   )
[36m(WorkerDict pid=900908)[0m   (mlp): Qwen3VLVisionMLP(
[36m(WorkerDict pid=900908)[0m     (linear_fc1): Linear(in_features=1152, out_features=4304, bias=True)
[36m(WorkerDict pid=900908)[0m     (linear_fc2): Linear(in_features=4304, out_features=1152, bias=True)
[36m(WorkerDict pid=900908)[0m     (act_fn): GELUTanh()
[36m(WorkerDict pid=900908)[0m   )
[36m(WorkerDict pid=900908)[0m ), {}), 'model.visual.blocks.22': (Qwen3VLVisionBlock(
[36m(WorkerDict pid=900908)[0m   (norm1): LayerNorm((1152,), eps=1e-06, elementwise_affine=True)
[36m(WorkerDict pid=900908)[0m   (norm2): LayerNorm((1152,), eps=1e-06, elementwise_affine=True)
[36m(WorkerDict pid=900908)[0m   (attn): Qwen3VLVisionAttention(
[36m(WorkerDict pid=900908)[0m     (qkv): Linear(in_features=1152, out_features=3456, bias=True)
[36m(WorkerDict pid=900908)[0m     (proj): Linear(in_features=1152, out_features=1152, bias=True)
[36m(WorkerDict pid=900908)[0m   )
[36m(WorkerDict pid=900908)[0m   (mlp): Qwen3VLVisionMLP(
[36m(WorkerDict pid=900908)[0m     (linear_fc1): Linear(in_features=1152, out_features=4304, bias=True)
[36m(WorkerDict pid=900908)[0m     (linear_fc2): Linear(in_features=4304, out_features=1152, bias=True)
[36m(WorkerDict pid=900908)[0m     (act_fn): GELUTanh()
[36m(WorkerDict pid=900908)[0m   )
[36m(WorkerDict pid=900908)[0m ), {}), 'model.visual.blocks.23': (Qwen3VLVisionBlock(
[36m(WorkerDict pid=900908)[0m   (norm1): LayerNorm((1152,), eps=1e-06, elementwise_affine=True)
[36m(WorkerDict pid=900908)[0m   (norm2): LayerNorm((1152,), eps=1e-06, elementwise_affine=True)
[36m(WorkerDict pid=900908)[0m   (attn): Qwen3VLVisionAttention(
[36m(WorkerDict pid=900908)[0m     (qkv): Linear(in_features=1152, out_features=3456, bias=True)
[36m(WorkerDict pid=900908)[0m     (proj): Linear(in_features=1152, out_features=1152, bias=True)
[36m(WorkerDict pid=900908)[0m   )
[36m(WorkerDict pid=900908)[0m   (mlp): Qwen3VLVisionMLP(
[36m(WorkerDict pid=900908)[0m     (linear_fc1): Linear(in_features=1152, out_features=4304, bias=True)
[36m(WorkerDict pid=900908)[0m     (linear_fc2): Linear(in_features=4304, out_features=1152, bias=True)
[36m(WorkerDict pid=900908)[0m     (act_fn): GELUTanh()
[36m(WorkerDict pid=900908)[0m   )
[36m(WorkerDict pid=900908)[0m ), {}), 'model.visual.blocks.24': (Qwen3VLVisionBlock(
[36m(WorkerDict pid=900908)[0m   (norm1): LayerNorm((1152,), eps=1e-06, elementwise_affine=True)
[36m(WorkerDict pid=900908)[0m   (norm2): LayerNorm((1152,), eps=1e-06, elementwise_affine=True)
[36m(WorkerDict pid=900908)[0m   (attn): Qwen3VLVisionAttention(
[36m(WorkerDict pid=900908)[0m     (qkv): Linear(in_features=1152, out_features=3456, bias=True)
[36m(WorkerDict pid=900908)[0m     (proj): Linear(in_features=1152, out_features=1152, bias=True)
[36m(WorkerDict pid=900908)[0m   )
[36m(WorkerDict pid=900908)[0m   (mlp): Qwen3VLVisionMLP(
[36m(WorkerDict pid=900908)[0m     (linear_fc1): Linear(in_features=1152, out_features=4304, bias=True)
[36m(WorkerDict pid=900908)[0m     (linear_fc2): Linear(in_features=4304, out_features=1152, bias=True)
[36m(WorkerDict pid=900908)[0m     (act_fn): GELUTanh()
[36m(WorkerDict pid=900908)[0m   )
[36m(WorkerDict pid=900908)[0m ), {}), 'model.visual.blocks.25': (Qwen3VLVisionBlock(
[36m(WorkerDict pid=900908)[0m   (norm1): LayerNorm((1152,), eps=1e-06, elementwise_affine=True)
[36m(WorkerDict pid=900908)[0m   (norm2): LayerNorm((1152,), eps=1e-06, elementwise_affine=True)
[36m(WorkerDict pid=900908)[0m   (attn): Qwen3VLVisionAttention(
[36m(WorkerDict pid=900908)[0m     (qkv): Linear(in_features=1152, out_features=3456, bias=True)
[36m(WorkerDict pid=900908)[0m     (proj): Linear(in_features=1152, out_features=1152, bias=True)
[36m(WorkerDict pid=900908)[0m   )
[36m(WorkerDict pid=900908)[0m   (mlp): Qwen3VLVisionMLP(
[36m(WorkerDict pid=900908)[0m     (linear_fc1): Linear(in_features=1152, out_features=4304, bias=True)
[36m(WorkerDict pid=900908)[0m     (linear_fc2): Linear(in_features=4304, out_features=1152, bias=True)
[36m(WorkerDict pid=900908)[0m     (act_fn): GELUTanh()
[36m(WorkerDict pid=900908)[0m   )
[36m(WorkerDict pid=900908)[0m ), {}), 'model.visual.blocks.26': (Qwen3VLVisionBlock(
[36m(WorkerDict pid=900908)[0m   (norm1): LayerNorm((1152,), eps=1e-06, elementwise_affine=True)
[36m(WorkerDict pid=900908)[0m   (norm2): LayerNorm((1152,), eps=1e-06, elementwise_affine=True)
[36m(WorkerDict pid=900908)[0m   (attn): Qwen3VLVisionAttention(
[36m(WorkerDict pid=900908)[0m     (qkv): Linear(in_features=1152, out_features=3456, bias=True)
[36m(WorkerDict pid=900908)[0m     (proj): Linear(in_features=1152, out_features=1152, bias=True)
[36m(WorkerDict pid=900908)[0m   )
[36m(WorkerDict pid=900908)[0m   (mlp): Qwen3VLVisionMLP(
[36m(WorkerDict pid=900908)[0m     (linear_fc1): Linear(in_features=1152, out_features=4304, bias=True)
[36m(WorkerDict pid=900908)[0m     (linear_fc2): Linear(in_features=4304, out_features=1152, bias=True)
[36m(WorkerDict pid=900908)[0m     (act_fn): GELUTanh()
[36m(WorkerDict pid=900908)[0m   )
[36m(WorkerDict pid=900908)[0m ), {}), 'model.language_model.layers.0': (Qwen3VLTextDecoderLayer(
[36m(WorkerDict pid=900908)[0m   (self_attn): Qwen3VLTextAttention(
[36m(WorkerDict pid=900908)[0m     (q_proj): Linear(in_features=4096, out_features=4096, bias=False)
[36m(WorkerDict pid=900908)[0m     (k_proj): Linear(in_features=4096, out_features=1024, bias=False)
[36m(WorkerDict pid=900908)[0m     (v_proj): Linear(in_features=4096, out_features=1024, bias=False)
[36m(WorkerDict pid=900908)[0m     (o_proj): Linear(in_features=4096, out_features=4096, bias=False)
[36m(WorkerDict pid=900908)[0m     (q_norm): Qwen3VLTextRMSNorm((128,), eps=1e-06)
[36m(WorkerDict pid=900908)[0m     (k_norm): Qwen3VLTextRMSNorm((128,), eps=1e-06)
[36m(WorkerDict pid=900908)[0m   )
[36m(WorkerDict pid=900908)[0m   (mlp): Qwen3VLTextMLP(
[36m(WorkerDict pid=900908)[0m     (gate_proj): Linear(in_features=4096, out_features=12288, bias=False)
[36m(WorkerDict pid=900908)[0m     (up_proj): Linear(in_features=4096, out_features=12288, bias=False)
[36m(WorkerDict pid=900908)[0m     (down_proj): Linear(in_features=12288, out_features=4096, bias=False)
[36m(WorkerDict pid=900908)[0m     (act_fn): SiLUActivation()
[36m(WorkerDict pid=900908)[0m   )
[36m(WorkerDict pid=900908)[0m   (input_layernorm): Qwen3VLTextRMSNorm((4096,), eps=1e-06)
[36m(WorkerDict pid=900908)[0m   (post_attention_layernorm): Qwen3VLTextRMSNorm((4096,), eps=1e-06)
[36m(WorkerDict pid=900908)[0m ), {}), 'model.language_model.layers.1': (Qwen3VLTextDecoderLayer(
[36m(WorkerDict pid=900908)[0m   (self_attn): Qwen3VLTextAttention(
[36m(WorkerDict pid=900908)[0m     (q_proj): Linear(in_features=4096, out_features=4096, bias=False)
[36m(WorkerDict pid=900908)[0m     (k_proj): Linear(in_features=4096, out_features=1024, bias=False)
[36m(WorkerDict pid=900908)[0m     (v_proj): Linear(in_features=4096, out_features=1024, bias=False)
[36m(WorkerDict pid=900908)[0m     (o_proj): Linear(in_features=4096, out_features=4096, bias=False)
[36m(WorkerDict pid=900908)[0m     (q_norm): Qwen3VLTextRMSNorm((128,), eps=1e-06)
[36m(WorkerDict pid=900908)[0m     (k_norm): Qwen3VLTextRMSNorm((128,), eps=1e-06)
[36m(WorkerDict pid=900908)[0m   )
[36m(WorkerDict pid=900908)[0m   (mlp): Qwen3VLTextMLP(
[36m(WorkerDict pid=900908)[0m     (gate_proj): Linear(in_features=4096, out_features=12288, bias=False)
[36m(WorkerDict pid=900908)[0m     (up_proj): Linear(in_features=4096, out_features=12288, bias=False)
[36m(WorkerDict pid=900908)[0m     (down_proj): Linear(in_features=12288, out_features=4096, bias=False)
[36m(WorkerDict pid=900908)[0m     (act_fn): SiLUActivation()
[36m(WorkerDict pid=900908)[0m   )
[36m(WorkerDict pid=900908)[0m   (input_layernorm): Qwen3VLTextRMSNorm((4096,), eps=1e-06)
[36m(WorkerDict pid=900908)[0m   (post_attention_layernorm): Qwen3VLTextRMSNorm((4096,), eps=1e-06)
[36m(WorkerDict pid=900908)[0m ), {}), 'model.language_model.layers.2': (Qwen3VLTextDecoderLayer(
[36m(WorkerDict pid=900908)[0m   (self_attn): Qwen3VLTextAttention(
[36m(WorkerDict pid=900908)[0m     (q_proj): Linear(in_features=4096, out_features=4096, bias=False)
[36m(WorkerDict pid=900908)[0m     (k_proj): Linear(in_features=4096, out_features=1024, bias=False)
[36m(WorkerDict pid=900908)[0m     (v_proj): Linear(in_features=4096, out_features=1024, bias=False)
[36m(WorkerDict pid=900908)[0m     (o_proj): Linear(in_features=4096, out_features=4096, bias=False)
[36m(WorkerDict pid=900908)[0m     (q_norm): Qwen3VLTextRMSNorm((128,), eps=1e-06)
[36m(WorkerDict pid=900908)[0m     (k_norm): Qwen3VLTextRMSNorm((128,), eps=1e-06)
[36m(WorkerDict pid=900908)[0m   )
[36m(WorkerDict pid=900908)[0m   (mlp): Qwen3VLTextMLP(
[36m(WorkerDict pid=900908)[0m     (gate_proj): Linear(in_features=4096, out_features=12288, bias=False)
[36m(WorkerDict pid=900908)[0m     (up_proj): Linear(in_features=4096, out_features=12288, bias=False)
[36m(WorkerDict pid=900908)[0m     (down_proj): Linear(in_features=12288, out_features=4096, bias=False)
[36m(WorkerDict pid=900908)[0m     (act_fn): SiLUActivation()
[36m(WorkerDict pid=900908)[0m   )
[36m(WorkerDict pid=900908)[0m   (input_layernorm): Qwen3VLTextRMSNorm((4096,), eps=1e-06)
[36m(WorkerDict pid=900908)[0m   (post_attention_layernorm): Qwen3VLTextRMSNorm((4096,), eps=1e-06)
[36m(WorkerDict pid=900908)[0m ), {}), 'model.language_model.layers.3': (Qwen3VLTextDecoderLayer(
[36m(WorkerDict pid=900908)[0m   (self_attn): Qwen3VLTextAttention(
[36m(WorkerDict pid=900908)[0m     (q_proj): Linear(in_features=4096, out_features=4096, bias=False)
[36m(WorkerDict pid=900908)[0m     (k_proj): Linear(in_features=4096, out_features=1024, bias=False)
[36m(WorkerDict pid=900908)[0m     (v_proj): Linear(in_features=4096, out_features=1024, bias=False)
[36m(WorkerDict pid=900908)[0m     (o_proj): Linear(in_features=4096, out_features=4096, bias=False)
[36m(WorkerDict pid=900908)[0m     (q_norm): Qwen3VLTextRMSNorm((128,), eps=1e-06)
[36m(WorkerDict pid=900908)[0m     (k_norm): Qwen3VLTextRMSNorm((128,), eps=1e-06)
[36m(WorkerDict pid=900908)[0m   )
[36m(WorkerDict pid=900908)[0m   (mlp): Qwen3VLTextMLP(
[36m(WorkerDict pid=900908)[0m     (gate_proj): Linear(in_features=4096, out_features=12288, bias=False)
[36m(WorkerDict pid=900908)[0m     (up_proj): Linear(in_features=4096, out_features=12288, bias=False)
[36m(WorkerDict pid=900908)[0m     (down_proj): Linear(in_features=12288, out_features=4096, bias=False)
[36m(WorkerDict pid=900908)[0m     (act_fn): SiLUActivation()
[36m(WorkerDict pid=900908)[0m   )
[36m(WorkerDict pid=900908)[0m   (input_layernorm): Qwen3VLTextRMSNorm((4096,), eps=1e-06)
[36m(WorkerDict pid=900908)[0m   (post_attention_layernorm): Qwen3VLTextRMSNorm((4096,), eps=1e-06)
[36m(WorkerDict pid=900908)[0m ), {}), 'model.language_model.layers.4': (Qwen3VLTextDecoderLayer(
[36m(WorkerDict pid=900908)[0m   (self_attn): Qwen3VLTextAttention(
[36m(WorkerDict pid=900908)[0m     (q_proj): Linear(in_features=4096, out_features=4096, bias=False)
[36m(WorkerDict pid=900908)[0m     (k_proj): Linear(in_features=4096, out_features=1024, bias=False)
[36m(WorkerDict pid=900908)[0m     (v_proj): Linear(in_features=4096, out_features=1024, bias=False)
[36m(WorkerDict pid=900908)[0m     (o_proj): Linear(in_features=4096, out_features=4096, bias=False)
[36m(WorkerDict pid=900908)[0m     (q_norm): Qwen3VLTextRMSNorm((128,), eps=1e-06)
[36m(WorkerDict pid=900908)[0m     (k_norm): Qwen3VLTextRMSNorm((128,), eps=1e-06)
[36m(WorkerDict pid=900908)[0m   )
[36m(WorkerDict pid=900908)[0m   (mlp): Qwen3VLTextMLP(
[36m(WorkerDict pid=900908)[0m     (gate_proj): Linear(in_features=4096, out_features=12288, bias=False)
[36m(WorkerDict pid=900908)[0m     (up_proj): Linear(in_features=4096, out_features=12288, bias=False)
[36m(WorkerDict pid=900908)[0m     (down_proj): Linear(in_features=12288, out_features=4096, bias=False)
[36m(WorkerDict pid=900908)[0m     (act_fn): SiLUActivation()
[36m(WorkerDict pid=900908)[0m   )
[36m(WorkerDict pid=900908)[0m   (input_layernorm): Qwen3VLTextRMSNorm((4096,), eps=1e-06)
[36m(WorkerDict pid=900908)[0m   (post_attention_layernorm): Qwen3VLTextRMSNorm((4096,), eps=1e-06)
[36m(WorkerDict pid=900908)[0m ), {}), 'model.language_model.layers.5': (Qwen3VLTextDecoderLayer(
[36m(WorkerDict pid=900908)[0m   (self_attn): Qwen3VLTextAttention(
[36m(WorkerDict pid=900908)[0m     (q_proj): Linear(in_features=4096, out_features=4096, bias=False)
[36m(WorkerDict pid=900908)[0m     (k_proj): Linear(in_features=4096, out_features=1024, bias=False)
[36m(WorkerDict pid=900908)[0m     (v_proj): Linear(in_features=4096, out_features=1024, bias=False)
[36m(WorkerDict pid=900908)[0m     (o_proj): Linear(in_features=4096, out_features=4096, bias=False)
[36m(WorkerDict pid=900908)[0m     (q_norm): Qwen3VLTextRMSNorm((128,), eps=1e-06)
[36m(WorkerDict pid=900908)[0m     (k_norm): Qwen3VLTextRMSNorm((128,), eps=1e-06)
[36m(WorkerDict pid=900908)[0m   )
[36m(WorkerDict pid=900908)[0m   (mlp): Qwen3VLTextMLP(
[36m(WorkerDict pid=900908)[0m     (gate_proj): Linear(in_features=4096, out_features=12288, bias=False)
[36m(WorkerDict pid=900908)[0m     (up_proj): Linear(in_features=4096, out_features=12288, bias=False)
[36m(WorkerDict pid=900908)[0m     (down_proj): Linear(in_features=12288, out_features=4096, bias=False)
[36m(WorkerDict pid=900908)[0m     (act_fn): SiLUActivation()
[36m(WorkerDict pid=900908)[0m   )
[36m(WorkerDict pid=900908)[0m   (input_layernorm): Qwen3VLTextRMSNorm((4096,), eps=1e-06)
[36m(WorkerDict pid=900908)[0m   (post_attention_layernorm): Qwen3VLTextRMSNorm((4096,), eps=1e-06)
[36m(WorkerDict pid=900908)[0m ), {}), 'model.language_model.layers.6': (Qwen3VLTextDecoderLayer(
[36m(WorkerDict pid=900908)[0m   (self_attn): Qwen3VLTextAttention(
[36m(WorkerDict pid=900908)[0m     (q_proj): Linear(in_features=4096, out_features=4096, bias=False)
[36m(WorkerDict pid=900908)[0m     (k_proj): Linear(in_features=4096, out_features=1024, bias=False)
[36m(WorkerDict pid=900908)[0m     (v_proj): Linear(in_features=4096, out_features=1024, bias=False)
[36m(WorkerDict pid=900908)[0m     (o_proj): Linear(in_features=4096, out_features=4096, bias=False)
[36m(WorkerDict pid=900908)[0m     (q_norm): Qwen3VLTextRMSNorm((128,), eps=1e-06)
[36m(WorkerDict pid=900908)[0m     (k_norm): Qwen3VLTextRMSNorm((128,), eps=1e-06)
[36m(WorkerDict pid=900908)[0m   )
[36m(WorkerDict pid=900908)[0m   (mlp): Qwen3VLTextMLP(
[36m(WorkerDict pid=900908)[0m     (gate_proj): Linear(in_features=4096, out_features=12288, bias=False)
[36m(WorkerDict pid=900908)[0m     (up_proj): Linear(in_features=4096, out_features=12288, bias=False)
[36m(WorkerDict pid=900908)[0m     (down_proj): Linear(in_features=12288, out_features=4096, bias=False)
[36m(WorkerDict pid=900908)[0m     (act_fn): SiLUActivation()
[36m(WorkerDict pid=900908)[0m   )
[36m(WorkerDict pid=900908)[0m   (input_layernorm): Qwen3VLTextRMSNorm((4096,), eps=1e-06)
[36m(WorkerDict pid=900908)[0m   (post_attention_layernorm): Qwen3VLTextRMSNorm((4096,), eps=1e-06)
[36m(WorkerDict pid=900908)[0m ), {}), 'model.language_model.layers.7': (Qwen3VLTextDecoderLayer(
[36m(WorkerDict pid=900908)[0m   (self_attn): Qwen3VLTextAttention(
[36m(WorkerDict pid=900908)[0m     (q_proj): Linear(in_features=4096, out_features=4096, bias=False)
[36m(WorkerDict pid=900908)[0m     (k_proj): Linear(in_features=4096, out_features=1024, bias=False)
[36m(WorkerDict pid=900908)[0m     (v_proj): Linear(in_features=4096, out_features=1024, bias=False)
[36m(WorkerDict pid=900908)[0m     (o_proj): Linear(in_features=4096, out_features=4096, bias=False)
[36m(WorkerDict pid=900908)[0m     (q_norm): Qwen3VLTextRMSNorm((128,), eps=1e-06)
[36m(WorkerDict pid=900908)[0m     (k_norm): Qwen3VLTextRMSNorm((128,), eps=1e-06)
[36m(WorkerDict pid=900908)[0m   )
[36m(WorkerDict pid=900908)[0m   (mlp): Qwen3VLTextMLP(
[36m(WorkerDict pid=900908)[0m     (gate_proj): Linear(in_features=4096, out_features=12288, bias=False)
[36m(WorkerDict pid=900908)[0m     (up_proj): Linear(in_features=4096, out_features=12288, bias=False)
[36m(WorkerDict pid=900908)[0m     (down_proj): Linear(in_features=12288, out_features=4096, bias=False)
[36m(WorkerDict pid=900908)[0m     (act_fn): SiLUActivation()
[36m(WorkerDict pid=900908)[0m   )
[36m(WorkerDict pid=900908)[0m   (input_layernorm): Qwen3VLTextRMSNorm((4096,), eps=1e-06)
[36m(WorkerDict pid=900908)[0m   (post_attention_layernorm): Qwen3VLTextRMSNorm((4096,), eps=1e-06)
[36m(WorkerDict pid=900908)[0m ), {}), 'model.language_model.layers.8': (Qwen3VLTextDecoderLayer(
[36m(WorkerDict pid=900908)[0m   (self_attn): Qwen3VLTextAttention(
[36m(WorkerDict pid=900908)[0m     (q_proj): Linear(in_features=4096, out_features=4096, bias=False)
[36m(WorkerDict pid=900908)[0m     (k_proj): Linear(in_features=4096, out_features=1024, bias=False)
[36m(WorkerDict pid=900908)[0m     (v_proj): Linear(in_features=4096, out_features=1024, bias=False)
[36m(WorkerDict pid=900908)[0m     (o_proj): Linear(in_features=4096, out_features=4096, bias=False)
[36m(WorkerDict pid=900908)[0m     (q_norm): Qwen3VLTextRMSNorm((128,), eps=1e-06)
[36m(WorkerDict pid=900908)[0m     (k_norm): Qwen3VLTextRMSNorm((128,), eps=1e-06)
[36m(WorkerDict pid=900908)[0m   )
[36m(WorkerDict pid=900908)[0m   (mlp): Qwen3VLTextMLP(
[36m(WorkerDict pid=900908)[0m     (gate_proj): Linear(in_features=4096, out_features=12288, bias=False)
[36m(WorkerDict pid=900908)[0m     (up_proj): Linear(in_features=4096, out_features=12288, bias=False)
[36m(WorkerDict pid=900908)[0m     (down_proj): Linear(in_features=12288, out_features=4096, bias=False)
[36m(WorkerDict pid=900908)[0m     (act_fn): SiLUActivation()
[36m(WorkerDict pid=900908)[0m   )
[36m(WorkerDict pid=900908)[0m   (input_layernorm): Qwen3VLTextRMSNorm((4096,), eps=1e-06)
[36m(WorkerDict pid=900908)[0m   (post_attention_layernorm): Qwen3VLTextRMSNorm((4096,), eps=1e-06)
[36m(WorkerDict pid=900908)[0m ), {}), 'model.language_model.layers.9': (Qwen3VLTextDecoderLayer(
[36m(WorkerDict pid=900908)[0m   (self_attn): Qwen3VLTextAttention(
[36m(WorkerDict pid=900908)[0m     (q_proj): Linear(in_features=4096, out_features=4096, bias=False)
[36m(WorkerDict pid=900908)[0m     (k_proj): Linear(in_features=4096, out_features=1024, bias=False)
[36m(WorkerDict pid=900908)[0m     (v_proj): Linear(in_features=4096, out_features=1024, bias=False)
[36m(WorkerDict pid=900908)[0m     (o_proj): Linear(in_features=4096, out_features=4096, bias=False)
[36m(WorkerDict pid=900908)[0m     (q_norm): Qwen3VLTextRMSNorm((128,), eps=1e-06)
[36m(WorkerDict pid=900908)[0m     (k_norm): Qwen3VLTextRMSNorm((128,), eps=1e-06)
[36m(WorkerDict pid=900908)[0m   )
[36m(WorkerDict pid=900908)[0m   (mlp): Qwen3VLTextMLP(
[36m(WorkerDict pid=900908)[0m     (gate_proj): Linear(in_features=4096, out_features=12288, bias=False)
[36m(WorkerDict pid=900908)[0m     (up_proj): Linear(in_features=4096, out_features=12288, bias=False)
[36m(WorkerDict pid=900908)[0m     (down_proj): Linear(in_features=12288, out_features=4096, bias=False)
[36m(WorkerDict pid=900908)[0m     (act_fn): SiLUActivation()
[36m(WorkerDict pid=900908)[0m   )
[36m(WorkerDict pid=900908)[0m   (input_layernorm): Qwen3VLTextRMSNorm((4096,), eps=1e-06)
[36m(WorkerDict pid=900908)[0m   (post_attention_layernorm): Qwen3VLTextRMSNorm((4096,), eps=1e-06)
[36m(WorkerDict pid=900908)[0m ), {}), 'model.language_model.layers.10': (Qwen3VLTextDecoderLayer(
[36m(WorkerDict pid=900908)[0m   (self_attn): Qwen3VLTextAttention(
[36m(WorkerDict pid=900908)[0m     (q_proj): Linear(in_features=4096, out_features=4096, bias=False)
[36m(WorkerDict pid=900908)[0m     (k_proj): Linear(in_features=4096, out_features=1024, bias=False)
[36m(WorkerDict pid=900908)[0m     (v_proj): Linear(in_features=4096, out_features=1024, bias=False)
[36m(WorkerDict pid=900908)[0m     (o_proj): Linear(in_features=4096, out_features=4096, bias=False)
[36m(WorkerDict pid=900908)[0m     (q_norm): Qwen3VLTextRMSNorm((128,), eps=1e-06)
[36m(WorkerDict pid=900908)[0m     (k_norm): Qwen3VLTextRMSNorm((128,), eps=1e-06)
[36m(WorkerDict pid=900908)[0m   )
[36m(WorkerDict pid=900908)[0m   (mlp): Qwen3VLTextMLP(
[36m(WorkerDict pid=900908)[0m     (gate_proj): Linear(in_features=4096, out_features=12288, bias=False)
[36m(WorkerDict pid=900908)[0m     (up_proj): Linear(in_features=4096, out_features=12288, bias=False)
[36m(WorkerDict pid=900908)[0m     (down_proj): Linear(in_features=12288, out_features=4096, bias=False)
[36m(WorkerDict pid=900908)[0m     (act_fn): SiLUActivation()
[36m(WorkerDict pid=900908)[0m   )
[36m(WorkerDict pid=900908)[0m   (input_layernorm): Qwen3VLTextRMSNorm((4096,), eps=1e-06)
[36m(WorkerDict pid=900908)[0m   (post_attention_layernorm): Qwen3VLTextRMSNorm((4096,), eps=1e-06)
[36m(WorkerDict pid=900908)[0m ), {}), 'model.language_model.layers.11': (Qwen3VLTextDecoderLayer(
[36m(WorkerDict pid=900908)[0m   (self_attn): Qwen3VLTextAttention(
[36m(WorkerDict pid=900908)[0m     (q_proj): Linear(in_features=4096, out_features=4096, bias=False)
[36m(WorkerDict pid=900908)[0m     (k_proj): Linear(in_features=4096, out_features=1024, bias=False)
[36m(WorkerDict pid=900908)[0m     (v_proj): Linear(in_features=4096, out_features=1024, bias=False)
[36m(WorkerDict pid=900908)[0m     (o_proj): Linear(in_features=4096, out_features=4096, bias=False)
[36m(WorkerDict pid=900908)[0m     (q_norm): Qwen3VLTextRMSNorm((128,), eps=1e-06)
[36m(WorkerDict pid=900908)[0m     (k_norm): Qwen3VLTextRMSNorm((128,), eps=1e-06)
[36m(WorkerDict pid=900908)[0m   )
[36m(WorkerDict pid=900908)[0m   (mlp): Qwen3VLTextMLP(
[36m(WorkerDict pid=900908)[0m     (gate_proj): Linear(in_features=4096, out_features=12288, bias=False)
[36m(WorkerDict pid=900908)[0m     (up_proj): Linear(in_features=4096, out_features=12288, bias=False)
[36m(WorkerDict pid=900908)[0m     (down_proj): Linear(in_features=12288, out_features=4096, bias=False)
[36m(WorkerDict pid=900908)[0m     (act_fn): SiLUActivation()
[36m(WorkerDict pid=900908)[0m   )
[36m(WorkerDict pid=900908)[0m   (input_layernorm): Qwen3VLTextRMSNorm((4096,), eps=1e-06)
[36m(WorkerDict pid=900908)[0m   (post_attention_layernorm): Qwen3VLTextRMSNorm((4096,), eps=1e-06)
[36m(WorkerDict pid=900908)[0m ), {}), 'model.language_model.layers.12': (Qwen3VLTextDecoderLayer(
[36m(WorkerDict pid=900908)[0m   (self_attn): Qwen3VLTextAttention(
[36m(WorkerDict pid=900908)[0m     (q_proj): Linear(in_features=4096, out_features=4096, bias=False)
[36m(WorkerDict pid=900908)[0m     (k_proj): Linear(in_features=4096, out_features=1024, bias=False)
[36m(WorkerDict pid=900908)[0m     (v_proj): Linear(in_features=4096, out_features=1024, bias=False)
[36m(WorkerDict pid=900908)[0m     (o_proj): Linear(in_features=4096, out_features=4096, bias=False)
[36m(WorkerDict pid=900908)[0m     (q_norm): Qwen3VLTextRMSNorm((128,), eps=1e-06)
[36m(WorkerDict pid=900908)[0m     (k_norm): Qwen3VLTextRMSNorm((128,), eps=1e-06)
[36m(WorkerDict pid=900908)[0m   )
[36m(WorkerDict pid=900908)[0m   (mlp): Qwen3VLTextMLP(
[36m(WorkerDict pid=900908)[0m     (gate_proj): Linear(in_features=4096, out_features=12288, bias=False)
[36m(WorkerDict pid=900908)[0m     (up_proj): Linear(in_features=4096, out_features=12288, bias=False)
[36m(WorkerDict pid=900908)[0m     (down_proj): Linear(in_features=12288, out_features=4096, bias=False)
[36m(WorkerDict pid=900908)[0m     (act_fn): SiLUActivation()
[36m(WorkerDict pid=900908)[0m   )
[36m(WorkerDict pid=900908)[0m   (input_layernorm): Qwen3VLTextRMSNorm((4096,), eps=1e-06)
[36m(WorkerDict pid=900908)[0m   (post_attention_layernorm): Qwen3VLTextRMSNorm((4096,), eps=1e-06)
[36m(WorkerDict pid=900908)[0m ), {}), 'model.language_model.layers.13': (Qwen3VLTextDecoderLayer(
[36m(WorkerDict pid=900908)[0m   (self_attn): Qwen3VLTextAttention(
[36m(WorkerDict pid=900908)[0m     (q_proj): Linear(in_features=4096, out_features=4096, bias=False)
[36m(WorkerDict pid=900908)[0m     (k_proj): Linear(in_features=4096, out_features=1024, bias=False)
[36m(WorkerDict pid=900908)[0m     (v_proj): Linear(in_features=4096, out_features=1024, bias=False)
[36m(WorkerDict pid=900908)[0m     (o_proj): Linear(in_features=4096, out_features=4096, bias=False)
[36m(WorkerDict pid=900908)[0m     (q_norm): Qwen3VLTextRMSNorm((128,), eps=1e-06)
[36m(WorkerDict pid=900908)[0m     (k_norm): Qwen3VLTextRMSNorm((128,), eps=1e-06)
[36m(WorkerDict pid=900908)[0m   )
[36m(WorkerDict pid=900908)[0m   (mlp): Qwen3VLTextMLP(
[36m(WorkerDict pid=900908)[0m     (gate_proj): Linear(in_features=4096, out_features=12288, bias=False)
[36m(WorkerDict pid=900908)[0m     (up_proj): Linear(in_features=4096, out_features=12288, bias=False)
[36m(WorkerDict pid=900908)[0m     (down_proj): Linear(in_features=12288, out_features=4096, bias=False)
[36m(WorkerDict pid=900908)[0m     (act_fn): SiLUActivation()
[36m(WorkerDict pid=900908)[0m   )
[36m(WorkerDict pid=900908)[0m   (input_layernorm): Qwen3VLTextRMSNorm((4096,), eps=1e-06)
[36m(WorkerDict pid=900908)[0m   (post_attention_layernorm): Qwen3VLTextRMSNorm((4096,), eps=1e-06)
[36m(WorkerDict pid=900908)[0m ), {}), 'model.language_model.layers.14': (Qwen3VLTextDecoderLayer(
[36m(WorkerDict pid=900908)[0m   (self_attn): Qwen3VLTextAttention(
[36m(WorkerDict pid=900908)[0m     (q_proj): Linear(in_features=4096, out_features=4096, bias=False)
[36m(WorkerDict pid=900908)[0m     (k_proj): Linear(in_features=4096, out_features=1024, bias=False)
[36m(WorkerDict pid=900908)[0m     (v_proj): Linear(in_features=4096, out_features=1024, bias=False)
[36m(WorkerDict pid=900908)[0m     (o_proj): Linear(in_features=4096, out_features=4096, bias=False)
[36m(WorkerDict pid=900908)[0m     (q_norm): Qwen3VLTextRMSNorm((128,), eps=1e-06)
[36m(WorkerDict pid=900908)[0m     (k_norm): Qwen3VLTextRMSNorm((128,), eps=1e-06)
[36m(WorkerDict pid=900908)[0m   )
[36m(WorkerDict pid=900908)[0m   (mlp): Qwen3VLTextMLP(
[36m(WorkerDict pid=900908)[0m     (gate_proj): Linear(in_features=4096, out_features=12288, bias=False)
[36m(WorkerDict pid=900908)[0m     (up_proj): Linear(in_features=4096, out_features=12288, bias=False)
[36m(WorkerDict pid=900908)[0m     (down_proj): Linear(in_features=12288, out_features=4096, bias=False)
[36m(WorkerDict pid=900908)[0m     (act_fn): SiLUActivation()
[36m(WorkerDict pid=900908)[0m   )
[36m(WorkerDict pid=900908)[0m   (input_layernorm): Qwen3VLTextRMSNorm((4096,), eps=1e-06)
[36m(WorkerDict pid=900908)[0m   (post_attention_layernorm): Qwen3VLTextRMSNorm((4096,), eps=1e-06)
[36m(WorkerDict pid=900908)[0m ), {}), 'model.language_model.layers.15': (Qwen3VLTextDecoderLayer(
[36m(WorkerDict pid=900908)[0m   (self_attn): Qwen3VLTextAttention(
[36m(WorkerDict pid=900908)[0m     (q_proj): Linear(in_features=4096, out_features=4096, bias=False)
[36m(WorkerDict pid=900908)[0m     (k_proj): Linear(in_features=4096, out_features=1024, bias=False)
[36m(WorkerDict pid=900908)[0m     (v_proj): Linear(in_features=4096, out_features=1024, bias=False)
[36m(WorkerDict pid=900908)[0m     (o_proj): Linear(in_features=4096, out_features=4096, bias=False)
[36m(WorkerDict pid=900908)[0m     (q_norm): Qwen3VLTextRMSNorm((128,), eps=1e-06)
[36m(WorkerDict pid=900908)[0m     (k_norm): Qwen3VLTextRMSNorm((128,), eps=1e-06)
[36m(WorkerDict pid=900908)[0m   )
[36m(WorkerDict pid=900908)[0m   (mlp): Qwen3VLTextMLP(
[36m(WorkerDict pid=900908)[0m     (gate_proj): Linear(in_features=4096, out_features=12288, bias=False)
[36m(WorkerDict pid=900908)[0m     (up_proj): Linear(in_features=4096, out_features=12288, bias=False)
[36m(WorkerDict pid=900908)[0m     (down_proj): Linear(in_features=12288, out_features=4096, bias=False)
[36m(WorkerDict pid=900908)[0m     (act_fn): SiLUActivation()
[36m(WorkerDict pid=900908)[0m   )
[36m(WorkerDict pid=900908)[0m   (input_layernorm): Qwen3VLTextRMSNorm((4096,), eps=1e-06)
[36m(WorkerDict pid=900908)[0m   (post_attention_layernorm): Qwen3VLTextRMSNorm((4096,), eps=1e-06)
[36m(WorkerDict pid=900908)[0m ), {}), 'model.language_model.layers.16': (Qwen3VLTextDecoderLayer(
[36m(WorkerDict pid=900908)[0m   (self_attn): Qwen3VLTextAttention(
[36m(WorkerDict pid=900908)[0m     (q_proj): Linear(in_features=4096, out_features=4096, bias=False)
[36m(WorkerDict pid=900908)[0m     (k_proj): Linear(in_features=4096, out_features=1024, bias=False)
[36m(WorkerDict pid=900908)[0m     (v_proj): Linear(in_features=4096, out_features=1024, bias=False)
[36m(WorkerDict pid=900908)[0m     (o_proj): Linear(in_features=4096, out_features=4096, bias=False)
[36m(WorkerDict pid=900908)[0m     (q_norm): Qwen3VLTextRMSNorm((128,), eps=1e-06)
[36m(WorkerDict pid=900908)[0m     (k_norm): Qwen3VLTextRMSNorm((128,), eps=1e-06)
[36m(WorkerDict pid=900908)[0m   )
[36m(WorkerDict pid=900908)[0m   (mlp): Qwen3VLTextMLP(
[36m(WorkerDict pid=900908)[0m     (gate_proj): Linear(in_features=4096, out_features=12288, bias=False)
[36m(WorkerDict pid=900908)[0m     (up_proj): Linear(in_features=4096, out_features=12288, bias=False)
[36m(WorkerDict pid=900908)[0m     (down_proj): Linear(in_features=12288, out_features=4096, bias=False)
[36m(WorkerDict pid=900908)[0m     (act_fn): SiLUActivation()
[36m(WorkerDict pid=900908)[0m   )
[36m(WorkerDict pid=900908)[0m   (input_layernorm): Qwen3VLTextRMSNorm((4096,), eps=1e-06)
[36m(WorkerDict pid=900908)[0m   (post_attention_layernorm): Qwen3VLTextRMSNorm((4096,), eps=1e-06)
[36m(WorkerDict pid=900908)[0m ), {}), 'model.language_model.layers.17': (Qwen3VLTextDecoderLayer(
[36m(WorkerDict pid=900908)[0m   (self_attn): Qwen3VLTextAttention(
[36m(WorkerDict pid=900908)[0m     (q_proj): Linear(in_features=4096, out_features=4096, bias=False)
[36m(WorkerDict pid=900908)[0m     (k_proj): Linear(in_features=4096, out_features=1024, bias=False)
[36m(WorkerDict pid=900908)[0m     (v_proj): Linear(in_features=4096, out_features=1024, bias=False)
[36m(WorkerDict pid=900908)[0m     (o_proj): Linear(in_features=4096, out_features=4096, bias=False)
[36m(WorkerDict pid=900908)[0m     (q_norm): Qwen3VLTextRMSNorm((128,), eps=1e-06)
[36m(WorkerDict pid=900908)[0m     (k_norm): Qwen3VLTextRMSNorm((128,), eps=1e-06)
[36m(WorkerDict pid=900908)[0m   )
[36m(WorkerDict pid=900908)[0m   (mlp): Qwen3VLTextMLP(
[36m(WorkerDict pid=900908)[0m     (gate_proj): Linear(in_features=4096, out_features=12288, bias=False)
[36m(WorkerDict pid=900908)[0m     (up_proj): Linear(in_features=4096, out_features=12288, bias=False)
[36m(WorkerDict pid=900908)[0m     (down_proj): Linear(in_features=12288, out_features=4096, bias=False)
[36m(WorkerDict pid=900908)[0m     (act_fn): SiLUActivation()
[36m(WorkerDict pid=900908)[0m   )
[36m(WorkerDict pid=900908)[0m   (input_layernorm): Qwen3VLTextRMSNorm((4096,), eps=1e-06)
[36m(WorkerDict pid=900908)[0m   (post_attention_layernorm): Qwen3VLTextRMSNorm((4096,), eps=1e-06)
[36m(WorkerDict pid=900908)[0m ), {}), 'model.language_model.layers.18': (Qwen3VLTextDecoderLayer(
[36m(WorkerDict pid=900908)[0m   (self_attn): Qwen3VLTextAttention(
[36m(WorkerDict pid=900908)[0m     (q_proj): Linear(in_features=4096, out_features=4096, bias=False)
[36m(WorkerDict pid=900908)[0m     (k_proj): Linear(in_features=4096, out_features=1024, bias=False)
[36m(WorkerDict pid=900908)[0m     (v_proj): Linear(in_features=4096, out_features=1024, bias=False)
[36m(WorkerDict pid=900908)[0m     (o_proj): Linear(in_features=4096, out_features=4096, bias=False)
[36m(WorkerDict pid=900908)[0m     (q_norm): Qwen3VLTextRMSNorm((128,), eps=1e-06)
[36m(WorkerDict pid=900908)[0m     (k_norm): Qwen3VLTextRMSNorm((128,), eps=1e-06)
[36m(WorkerDict pid=900908)[0m   )
[36m(WorkerDict pid=900908)[0m   (mlp): Qwen3VLTextMLP(
[36m(WorkerDict pid=900908)[0m     (gate_proj): Linear(in_features=4096, out_features=12288, bias=False)
[36m(WorkerDict pid=900908)[0m     (up_proj): Linear(in_features=4096, out_features=12288, bias=False)
[36m(WorkerDict pid=900908)[0m     (down_proj): Linear(in_features=12288, out_features=4096, bias=False)
[36m(WorkerDict pid=900908)[0m     (act_fn): SiLUActivation()
[36m(WorkerDict pid=900908)[0m   )
[36m(WorkerDict pid=900908)[0m   (input_layernorm): Qwen3VLTextRMSNorm((4096,), eps=1e-06)
[36m(WorkerDict pid=900908)[0m   (post_attention_layernorm): Qwen3VLTextRMSNorm((4096,), eps=1e-06)
[36m(WorkerDict pid=900908)[0m ), {}), 'model.language_model.layers.19': (Qwen3VLTextDecoderLayer(
[36m(WorkerDict pid=900908)[0m   (self_attn): Qwen3VLTextAttention(
[36m(WorkerDict pid=900908)[0m     (q_proj): Linear(in_features=4096, out_features=4096, bias=False)
[36m(WorkerDict pid=900908)[0m     (k_proj): Linear(in_features=4096, out_features=1024, bias=False)
[36m(WorkerDict pid=900908)[0m     (v_proj): Linear(in_features=4096, out_features=1024, bias=False)
[36m(WorkerDict pid=900908)[0m     (o_proj): Linear(in_features=4096, out_features=4096, bias=False)
[36m(WorkerDict pid=900908)[0m     (q_norm): Qwen3VLTextRMSNorm((128,), eps=1e-06)
[36m(WorkerDict pid=900908)[0m     (k_norm): Qwen3VLTextRMSNorm((128,), eps=1e-06)
[36m(WorkerDict pid=900908)[0m   )
[36m(WorkerDict pid=900908)[0m   (mlp): Qwen3VLTextMLP(
[36m(WorkerDict pid=900908)[0m     (gate_proj): Linear(in_features=4096, out_features=12288, bias=False)
[36m(WorkerDict pid=900908)[0m     (up_proj): Linear(in_features=4096, out_features=12288, bias=False)
[36m(WorkerDict pid=900908)[0m     (down_proj): Linear(in_features=12288, out_features=4096, bias=False)
[36m(WorkerDict pid=900908)[0m     (act_fn): SiLUActivation()
[36m(WorkerDict pid=900908)[0m   )
[36m(WorkerDict pid=900908)[0m   (input_layernorm): Qwen3VLTextRMSNorm((4096,), eps=1e-06)
[36m(WorkerDict pid=900908)[0m   (post_attention_layernorm): Qwen3VLTextRMSNorm((4096,), eps=1e-06)
[36m(WorkerDict pid=900908)[0m ), {}), 'model.language_model.layers.20': (Qwen3VLTextDecoderLayer(
[36m(WorkerDict pid=900908)[0m   (self_attn): Qwen3VLTextAttention(
[36m(WorkerDict pid=900908)[0m     (q_proj): Linear(in_features=4096, out_features=4096, bias=False)
[36m(WorkerDict pid=900908)[0m     (k_proj): Linear(in_features=4096, out_features=1024, bias=False)
[36m(WorkerDict pid=900908)[0m     (v_proj): Linear(in_features=4096, out_features=1024, bias=False)
[36m(WorkerDict pid=900908)[0m     (o_proj): Linear(in_features=4096, out_features=4096, bias=False)
[36m(WorkerDict pid=900908)[0m     (q_norm): Qwen3VLTextRMSNorm((128,), eps=1e-06)
[36m(WorkerDict pid=900908)[0m     (k_norm): Qwen3VLTextRMSNorm((128,), eps=1e-06)
[36m(WorkerDict pid=900908)[0m   )
[36m(WorkerDict pid=900908)[0m   (mlp): Qwen3VLTextMLP(
[36m(WorkerDict pid=900908)[0m     (gate_proj): Linear(in_features=4096, out_features=12288, bias=False)
[36m(WorkerDict pid=900908)[0m     (up_proj): Linear(in_features=4096, out_features=12288, bias=False)
[36m(WorkerDict pid=900908)[0m     (down_proj): Linear(in_features=12288, out_features=4096, bias=False)
[36m(WorkerDict pid=900908)[0m     (act_fn): SiLUActivation()
[36m(WorkerDict pid=900908)[0m   )
[36m(WorkerDict pid=900908)[0m   (input_layernorm): Qwen3VLTextRMSNorm((4096,), eps=1e-06)
[36m(WorkerDict pid=900908)[0m   (post_attention_layernorm): Qwen3VLTextRMSNorm((4096,), eps=1e-06)
[36m(WorkerDict pid=900908)[0m ), {}), 'model.language_model.layers.21': (Qwen3VLTextDecoderLayer(
[36m(WorkerDict pid=900908)[0m   (self_attn): Qwen3VLTextAttention(
[36m(WorkerDict pid=900908)[0m     (q_proj): Linear(in_features=4096, out_features=4096, bias=False)
[36m(WorkerDict pid=900908)[0m     (k_proj): Linear(in_features=4096, out_features=1024, bias=False)
[36m(WorkerDict pid=900908)[0m     (v_proj): Linear(in_features=4096, out_features=1024, bias=False)
[36m(WorkerDict pid=900908)[0m     (o_proj): Linear(in_features=4096, out_features=4096, bias=False)
[36m(WorkerDict pid=900908)[0m     (q_norm): Qwen3VLTextRMSNorm((128,), eps=1e-06)
[36m(WorkerDict pid=900908)[0m     (k_norm): Qwen3VLTextRMSNorm((128,), eps=1e-06)
[36m(WorkerDict pid=900908)[0m   )
[36m(WorkerDict pid=900908)[0m   (mlp): Qwen3VLTextMLP(
[36m(WorkerDict pid=900908)[0m     (gate_proj): Linear(in_features=4096, out_features=12288, bias=False)
[36m(WorkerDict pid=900908)[0m     (up_proj): Linear(in_features=4096, out_features=12288, bias=False)
[36m(WorkerDict pid=900908)[0m     (down_proj): Linear(in_features=12288, out_features=4096, bias=False)
[36m(WorkerDict pid=900908)[0m     (act_fn): SiLUActivation()
[36m(WorkerDict pid=900908)[0m   )
[36m(WorkerDict pid=900908)[0m   (input_layernorm): Qwen3VLTextRMSNorm((4096,), eps=1e-06)
[36m(WorkerDict pid=900908)[0m   (post_attention_layernorm): Qwen3VLTextRMSNorm((4096,), eps=1e-06)
[36m(WorkerDict pid=900908)[0m ), {}), 'model.language_model.layers.22': (Qwen3VLTextDecoderLayer(
[36m(WorkerDict pid=900908)[0m   (self_attn): Qwen3VLTextAttention(
[36m(WorkerDict pid=900908)[0m     (q_proj): Linear(in_features=4096, out_features=4096, bias=False)
[36m(WorkerDict pid=900908)[0m     (k_proj): Linear(in_features=4096, out_features=1024, bias=False)
[36m(WorkerDict pid=900908)[0m     (v_proj): Linear(in_features=4096, out_features=1024, bias=False)
[36m(WorkerDict pid=900908)[0m     (o_proj): Linear(in_features=4096, out_features=4096, bias=False)
[36m(WorkerDict pid=900908)[0m     (q_norm): Qwen3VLTextRMSNorm((128,), eps=1e-06)
[36m(WorkerDict pid=900908)[0m     (k_norm): Qwen3VLTextRMSNorm((128,), eps=1e-06)
[36m(WorkerDict pid=900908)[0m   )
[36m(WorkerDict pid=900908)[0m   (mlp): Qwen3VLTextMLP(
[36m(WorkerDict pid=900908)[0m     (gate_proj): Linear(in_features=4096, out_features=12288, bias=False)
[36m(WorkerDict pid=900908)[0m     (up_proj): Linear(in_features=4096, out_features=12288, bias=False)
[36m(WorkerDict pid=900908)[0m     (down_proj): Linear(in_features=12288, out_features=4096, bias=False)
[36m(WorkerDict pid=900908)[0m     (act_fn): SiLUActivation()
[36m(WorkerDict pid=900908)[0m   )
[36m(WorkerDict pid=900908)[0m   (input_layernorm): Qwen3VLTextRMSNorm((4096,), eps=1e-06)
[36m(WorkerDict pid=900908)[0m   (post_attention_layernorm): Qwen3VLTextRMSNorm((4096,), eps=1e-06)
[36m(WorkerDict pid=900908)[0m ), {}), 'model.language_model.layers.23': (Qwen3VLTextDecoderLayer(
[36m(WorkerDict pid=900908)[0m   (self_attn): Qwen3VLTextAttention(
[36m(WorkerDict pid=900908)[0m     (q_proj): Linear(in_features=4096, out_features=4096, bias=False)
[36m(WorkerDict pid=900908)[0m     (k_proj): Linear(in_features=4096, out_features=1024, bias=False)
[36m(WorkerDict pid=900908)[0m     (v_proj): Linear(in_features=4096, out_features=1024, bias=False)
[36m(WorkerDict pid=900908)[0m     (o_proj): Linear(in_features=4096, out_features=4096, bias=False)
[36m(WorkerDict pid=900908)[0m     (q_norm): Qwen3VLTextRMSNorm((128,), eps=1e-06)
[36m(WorkerDict pid=900908)[0m     (k_norm): Qwen3VLTextRMSNorm((128,), eps=1e-06)
[36m(WorkerDict pid=900908)[0m   )
[36m(WorkerDict pid=900908)[0m   (mlp): Qwen3VLTextMLP(
[36m(WorkerDict pid=900908)[0m     (gate_proj): Linear(in_features=4096, out_features=12288, bias=False)
[36m(WorkerDict pid=900908)[0m     (up_proj): Linear(in_features=4096, out_features=12288, bias=False)
[36m(WorkerDict pid=900908)[0m     (down_proj): Linear(in_features=12288, out_features=4096, bias=False)
[36m(WorkerDict pid=900908)[0m     (act_fn): SiLUActivation()
[36m(WorkerDict pid=900908)[0m   )
[36m(WorkerDict pid=900908)[0m   (input_layernorm): Qwen3VLTextRMSNorm((4096,), eps=1e-06)
[36m(WorkerDict pid=900908)[0m   (post_attention_layernorm): Qwen3VLTextRMSNorm((4096,), eps=1e-06)
[36m(WorkerDict pid=900908)[0m ), {}), 'model.language_model.layers.24': (Qwen3VLTextDecoderLayer(
[36m(WorkerDict pid=900908)[0m   (self_attn): Qwen3VLTextAttention(
[36m(WorkerDict pid=900908)[0m     (q_proj): Linear(in_features=4096, out_features=4096, bias=False)
[36m(WorkerDict pid=900908)[0m     (k_proj): Linear(in_features=4096, out_features=1024, bias=False)
[36m(WorkerDict pid=900908)[0m     (v_proj): Linear(in_features=4096, out_features=1024, bias=False)
[36m(WorkerDict pid=900908)[0m     (o_proj): Linear(in_features=4096, out_features=4096, bias=False)
[36m(WorkerDict pid=900908)[0m     (q_norm): Qwen3VLTextRMSNorm((128,), eps=1e-06)
[36m(WorkerDict pid=900908)[0m     (k_norm): Qwen3VLTextRMSNorm((128,), eps=1e-06)
[36m(WorkerDict pid=900908)[0m   )
[36m(WorkerDict pid=900908)[0m   (mlp): Qwen3VLTextMLP(
[36m(WorkerDict pid=900908)[0m     (gate_proj): Linear(in_features=4096, out_features=12288, bias=False)
[36m(WorkerDict pid=900908)[0m     (up_proj): Linear(in_features=4096, out_features=12288, bias=False)
[36m(WorkerDict pid=900908)[0m     (down_proj): Linear(in_features=12288, out_features=4096, bias=False)
[36m(WorkerDict pid=900908)[0m     (act_fn): SiLUActivation()
[36m(WorkerDict pid=900908)[0m   )
[36m(WorkerDict pid=900908)[0m   (input_layernorm): Qwen3VLTextRMSNorm((4096,), eps=1e-06)
[36m(WorkerDict pid=900908)[0m   (post_attention_layernorm): Qwen3VLTextRMSNorm((4096,), eps=1e-06)
[36m(WorkerDict pid=900908)[0m ), {}), 'model.language_model.layers.25': (Qwen3VLTextDecoderLayer(
[36m(WorkerDict pid=900908)[0m   (self_attn): Qwen3VLTextAttention(
[36m(WorkerDict pid=900908)[0m     (q_proj): Linear(in_features=4096, out_features=4096, bias=False)
[36m(WorkerDict pid=900908)[0m     (k_proj): Linear(in_features=4096, out_features=1024, bias=False)
[36m(WorkerDict pid=900908)[0m     (v_proj): Linear(in_features=4096, out_features=1024, bias=False)
[36m(WorkerDict pid=900908)[0m     (o_proj): Linear(in_features=4096, out_features=4096, bias=False)
[36m(WorkerDict pid=900908)[0m     (q_norm): Qwen3VLTextRMSNorm((128,), eps=1e-06)
[36m(WorkerDict pid=900908)[0m     (k_norm): Qwen3VLTextRMSNorm((128,), eps=1e-06)
[36m(WorkerDict pid=900908)[0m   )
[36m(WorkerDict pid=900908)[0m   (mlp): Qwen3VLTextMLP(
[36m(WorkerDict pid=900908)[0m     (gate_proj): Linear(in_features=4096, out_features=12288, bias=False)
[36m(WorkerDict pid=900908)[0m     (up_proj): Linear(in_features=4096, out_features=12288, bias=False)
[36m(WorkerDict pid=900908)[0m     (down_proj): Linear(in_features=12288, out_features=4096, bias=False)
[36m(WorkerDict pid=900908)[0m     (act_fn): SiLUActivation()
[36m(WorkerDict pid=900908)[0m   )
[36m(WorkerDict pid=900908)[0m   (input_layernorm): Qwen3VLTextRMSNorm((4096,), eps=1e-06)
[36m(WorkerDict pid=900908)[0m   (post_attention_layernorm): Qwen3VLTextRMSNorm((4096,), eps=1e-06)
[36m(WorkerDict pid=900908)[0m ), {}), 'model.language_model.layers.26': (Qwen3VLTextDecoderLayer(
[36m(WorkerDict pid=900908)[0m   (self_attn): Qwen3VLTextAttention(
[36m(WorkerDict pid=900908)[0m     (q_proj): Linear(in_features=4096, out_features=4096, bias=False)
[36m(WorkerDict pid=900908)[0m     (k_proj): Linear(in_features=4096, out_features=1024, bias=False)
[36m(WorkerDict pid=900908)[0m     (v_proj): Linear(in_features=4096, out_features=1024, bias=False)
[36m(WorkerDict pid=900908)[0m     (o_proj): Linear(in_features=4096, out_features=4096, bias=False)
[36m(WorkerDict pid=900908)[0m     (q_norm): Qwen3VLTextRMSNorm((128,), eps=1e-06)
[36m(WorkerDict pid=900908)[0m     (k_norm): Qwen3VLTextRMSNorm((128,), eps=1e-06)
[36m(WorkerDict pid=900908)[0m   )
[36m(WorkerDict pid=900908)[0m   (mlp): Qwen3VLTextMLP(
[36m(WorkerDict pid=900908)[0m     (gate_proj): Linear(in_features=4096, out_features=12288, bias=False)
[36m(WorkerDict pid=900908)[0m     (up_proj): Linear(in_features=4096, out_features=12288, bias=False)
[36m(WorkerDict pid=900908)[0m     (down_proj): Linear(in_features=12288, out_features=4096, bias=False)
[36m(WorkerDict pid=900908)[0m     (act_fn): SiLUActivation()
[36m(WorkerDict pid=900908)[0m   )
[36m(WorkerDict pid=900908)[0m   (input_layernorm): Qwen3VLTextRMSNorm((4096,), eps=1e-06)
[36m(WorkerDict pid=900908)[0m   (post_attention_layernorm): Qwen3VLTextRMSNorm((4096,), eps=1e-06)
[36m(WorkerDict pid=900908)[0m ), {}), 'model.language_model.layers.27': (Qwen3VLTextDecoderLayer(
[36m(WorkerDict pid=900908)[0m   (self_attn): Qwen3VLTextAttention(
[36m(WorkerDict pid=900908)[0m     (q_proj): Linear(in_features=4096, out_features=4096, bias=False)
[36m(WorkerDict pid=900908)[0m     (k_proj): Linear(in_features=4096, out_features=1024, bias=False)
[36m(WorkerDict pid=900908)[0m     (v_proj): Linear(in_features=4096, out_features=1024, bias=False)
[36m(WorkerDict pid=900908)[0m     (o_proj): Linear(in_features=4096, out_features=4096, bias=False)
[36m(WorkerDict pid=900908)[0m     (q_norm): Qwen3VLTextRMSNorm((128,), eps=1e-06)
[36m(WorkerDict pid=900908)[0m     (k_norm): Qwen3VLTextRMSNorm((128,), eps=1e-06)
[36m(WorkerDict pid=900908)[0m   )
[36m(WorkerDict pid=900908)[0m   (mlp): Qwen3VLTextMLP(
[36m(WorkerDict pid=900908)[0m     (gate_proj): Linear(in_features=4096, out_features=12288, bias=False)
[36m(WorkerDict pid=900908)[0m     (up_proj): Linear(in_features=4096, out_features=12288, bias=False)
[36m(WorkerDict pid=900908)[0m     (down_proj): Linear(in_features=12288, out_features=4096, bias=False)
[36m(WorkerDict pid=900908)[0m     (act_fn): SiLUActivation()
[36m(WorkerDict pid=900908)[0m   )
[36m(WorkerDict pid=900908)[0m   (input_layernorm): Qwen3VLTextRMSNorm((4096,), eps=1e-06)
[36m(WorkerDict pid=900908)[0m   (post_attention_layernorm): Qwen3VLTextRMSNorm((4096,), eps=1e-06)
[36m(WorkerDict pid=900908)[0m ), {}), 'model.language_model.layers.28': (Qwen3VLTextDecoderLayer(
[36m(WorkerDict pid=900908)[0m   (self_attn): Qwen3VLTextAttention(
[36m(WorkerDict pid=900908)[0m     (q_proj): Linear(in_features=4096, out_features=4096, bias=False)
[36m(WorkerDict pid=900908)[0m     (k_proj): Linear(in_features=4096, out_features=1024, bias=False)
[36m(WorkerDict pid=900908)[0m     (v_proj): Linear(in_features=4096, out_features=1024, bias=False)
[36m(WorkerDict pid=900908)[0m     (o_proj): Linear(in_features=4096, out_features=4096, bias=False)
[36m(WorkerDict pid=900908)[0m     (q_norm): Qwen3VLTextRMSNorm((128,), eps=1e-06)
[36m(WorkerDict pid=900908)[0m     (k_norm): Qwen3VLTextRMSNorm((128,), eps=1e-06)
[36m(WorkerDict pid=900908)[0m   )
[36m(WorkerDict pid=900908)[0m   (mlp): Qwen3VLTextMLP(
[36m(WorkerDict pid=900908)[0m     (gate_proj): Linear(in_features=4096, out_features=12288, bias=False)
[36m(WorkerDict pid=900908)[0m     (up_proj): Linear(in_features=4096, out_features=12288, bias=False)
[36m(WorkerDict pid=900908)[0m     (down_proj): Linear(in_features=12288, out_features=4096, bias=False)
[36m(WorkerDict pid=900908)[0m     (act_fn): SiLUActivation()
[36m(WorkerDict pid=900908)[0m   )
[36m(WorkerDict pid=900908)[0m   (input_layernorm): Qwen3VLTextRMSNorm((4096,), eps=1e-06)
[36m(WorkerDict pid=900908)[0m   (post_attention_layernorm): Qwen3VLTextRMSNorm((4096,), eps=1e-06)
[36m(WorkerDict pid=900908)[0m ), {}), 'model.language_model.layers.29': (Qwen3VLTextDecoderLayer(
[36m(WorkerDict pid=900908)[0m   (self_attn): Qwen3VLTextAttention(
[36m(WorkerDict pid=900908)[0m     (q_proj): Linear(in_features=4096, out_features=4096, bias=False)
[36m(WorkerDict pid=900908)[0m     (k_proj): Linear(in_features=4096, out_features=1024, bias=False)
[36m(WorkerDict pid=900908)[0m     (v_proj): Linear(in_features=4096, out_features=1024, bias=False)
[36m(WorkerDict pid=900908)[0m     (o_proj): Linear(in_features=4096, out_features=4096, bias=False)
[36m(WorkerDict pid=900908)[0m     (q_norm): Qwen3VLTextRMSNorm((128,), eps=1e-06)
[36m(WorkerDict pid=900908)[0m     (k_norm): Qwen3VLTextRMSNorm((128,), eps=1e-06)
[36m(WorkerDict pid=900908)[0m   )
[36m(WorkerDict pid=900908)[0m   (mlp): Qwen3VLTextMLP(
[36m(WorkerDict pid=900908)[0m     (gate_proj): Linear(in_features=4096, out_features=12288, bias=False)
[36m(WorkerDict pid=900908)[0m     (up_proj): Linear(in_features=4096, out_features=12288, bias=False)
[36m(WorkerDict pid=900908)[0m     (down_proj): Linear(in_features=12288, out_features=4096, bias=False)
[36m(WorkerDict pid=900908)[0m     (act_fn): SiLUActivation()
[36m(WorkerDict pid=900908)[0m   )
[36m(WorkerDict pid=900908)[0m   (input_layernorm): Qwen3VLTextRMSNorm((4096,), eps=1e-06)
[36m(WorkerDict pid=900908)[0m   (post_attention_layernorm): Qwen3VLTextRMSNorm((4096,), eps=1e-06)
[36m(WorkerDict pid=900908)[0m ), {}), 'model.language_model.layers.30': (Qwen3VLTextDecoderLayer(
[36m(WorkerDict pid=900908)[0m   (self_attn): Qwen3VLTextAttention(
[36m(WorkerDict pid=900908)[0m     (q_proj): Linear(in_features=4096, out_features=4096, bias=False)
[36m(WorkerDict pid=900908)[0m     (k_proj): Linear(in_features=4096, out_features=1024, bias=False)
[36m(WorkerDict pid=900908)[0m     (v_proj): Linear(in_features=4096, out_features=1024, bias=False)
[36m(WorkerDict pid=900908)[0m     (o_proj): Linear(in_features=4096, out_features=4096, bias=False)
[36m(WorkerDict pid=900908)[0m     (q_norm): Qwen3VLTextRMSNorm((128,), eps=1e-06)
[36m(WorkerDict pid=900908)[0m     (k_norm): Qwen3VLTextRMSNorm((128,), eps=1e-06)
[36m(WorkerDict pid=900908)[0m   )
[36m(WorkerDict pid=900908)[0m   (mlp): Qwen3VLTextMLP(
[36m(WorkerDict pid=900908)[0m     (gate_proj): Linear(in_features=4096, out_features=12288, bias=False)
[36m(WorkerDict pid=900908)[0m     (up_proj): Linear(in_features=4096, out_features=12288, bias=False)
[36m(WorkerDict pid=900908)[0m     (down_proj): Linear(in_features=12288, out_features=4096, bias=False)
[36m(WorkerDict pid=900908)[0m     (act_fn): SiLUActivation()
[36m(WorkerDict pid=900908)[0m   )
[36m(WorkerDict pid=900908)[0m   (input_layernorm): Qwen3VLTextRMSNorm((4096,), eps=1e-06)
[36m(WorkerDict pid=900908)[0m   (post_attention_layernorm): Qwen3VLTextRMSNorm((4096,), eps=1e-06)
[36m(WorkerDict pid=900908)[0m ), {}), 'model.language_model.layers.31': (Qwen3VLTextDecoderLayer(
[36m(WorkerDict pid=900908)[0m   (self_attn): Qwen3VLTextAttention(
[36m(WorkerDict pid=900908)[0m     (q_proj): Linear(in_features=4096, out_features=4096, bias=False)
[36m(WorkerDict pid=900908)[0m     (k_proj): Linear(in_features=4096, out_features=1024, bias=False)
[36m(WorkerDict pid=900908)[0m     (v_proj): Linear(in_features=4096, out_features=1024, bias=False)
[36m(WorkerDict pid=900908)[0m     (o_proj): Linear(in_features=4096, out_features=4096, bias=False)
[36m(WorkerDict pid=900908)[0m     (q_norm): Qwen3VLTextRMSNorm((128,), eps=1e-06)
[36m(WorkerDict pid=900908)[0m     (k_norm): Qwen3VLTextRMSNorm((128,), eps=1e-06)
[36m(WorkerDict pid=900908)[0m   )
[36m(WorkerDict pid=900908)[0m   (mlp): Qwen3VLTextMLP(
[36m(WorkerDict pid=900908)[0m     (gate_proj): Linear(in_features=4096, out_features=12288, bias=False)
[36m(WorkerDict pid=900908)[0m     (up_proj): Linear(in_features=4096, out_features=12288, bias=False)
[36m(WorkerDict pid=900908)[0m     (down_proj): Linear(in_features=12288, out_features=4096, bias=False)
[36m(WorkerDict pid=900908)[0m     (act_fn): SiLUActivation()
[36m(WorkerDict pid=900908)[0m   )
[36m(WorkerDict pid=900908)[0m   (input_layernorm): Qwen3VLTextRMSNorm((4096,), eps=1e-06)
[36m(WorkerDict pid=900908)[0m   (post_attention_layernorm): Qwen3VLTextRMSNorm((4096,), eps=1e-06)
[36m(WorkerDict pid=900908)[0m ), {}), 'model.language_model.layers.32': (Qwen3VLTextDecoderLayer(
[36m(WorkerDict pid=900908)[0m   (self_attn): Qwen3VLTextAttention(
[36m(WorkerDict pid=900908)[0m     (q_proj): Linear(in_features=4096, out_features=4096, bias=False)
[36m(WorkerDict pid=900908)[0m     (k_proj): Linear(in_features=4096, out_features=1024, bias=False)
[36m(WorkerDict pid=900908)[0m     (v_proj): Linear(in_features=4096, out_features=1024, bias=False)
[36m(WorkerDict pid=900908)[0m     (o_proj): Linear(in_features=4096, out_features=4096, bias=False)
[36m(WorkerDict pid=900908)[0m     (q_norm): Qwen3VLTextRMSNorm((128,), eps=1e-06)
[36m(WorkerDict pid=900908)[0m     (k_norm): Qwen3VLTextRMSNorm((128,), eps=1e-06)
[36m(WorkerDict pid=900908)[0m   )
[36m(WorkerDict pid=900908)[0m   (mlp): Qwen3VLTextMLP(
[36m(WorkerDict pid=900908)[0m     (gate_proj): Linear(in_features=4096, out_features=12288, bias=False)
[36m(WorkerDict pid=900908)[0m     (up_proj): Linear(in_features=4096, out_features=12288, bias=False)
[36m(WorkerDict pid=900908)[0m     (down_proj): Linear(in_features=12288, out_features=4096, bias=False)
[36m(WorkerDict pid=900908)[0m     (act_fn): SiLUActivation()
[36m(WorkerDict pid=900908)[0m   )
[36m(WorkerDict pid=900908)[0m   (input_layernorm): Qwen3VLTextRMSNorm((4096,), eps=1e-06)
[36m(WorkerDict pid=900908)[0m   (post_attention_layernorm): Qwen3VLTextRMSNorm((4096,), eps=1e-06)
[36m(WorkerDict pid=900908)[0m ), {}), 'model.language_model.layers.33': (Qwen3VLTextDecoderLayer(
[36m(WorkerDict pid=900908)[0m   (self_attn): Qwen3VLTextAttention(
[36m(WorkerDict pid=900908)[0m     (q_proj): Linear(in_features=4096, out_features=4096, bias=False)
[36m(WorkerDict pid=900908)[0m     (k_proj): Linear(in_features=4096, out_features=1024, bias=False)
[36m(WorkerDict pid=900908)[0m     (v_proj): Linear(in_features=4096, out_features=1024, bias=False)
[36m(WorkerDict pid=900908)[0m     (o_proj): Linear(in_features=4096, out_features=4096, bias=False)
[36m(WorkerDict pid=900908)[0m     (q_norm): Qwen3VLTextRMSNorm((128,), eps=1e-06)
[36m(WorkerDict pid=900908)[0m     (k_norm): Qwen3VLTextRMSNorm((128,), eps=1e-06)
[36m(WorkerDict pid=900908)[0m   )
[36m(WorkerDict pid=900908)[0m   (mlp): Qwen3VLTextMLP(
[36m(WorkerDict pid=900908)[0m     (gate_proj): Linear(in_features=4096, out_features=12288, bias=False)
[36m(WorkerDict pid=900908)[0m     (up_proj): Linear(in_features=4096, out_features=12288, bias=False)
[36m(WorkerDict pid=900908)[0m     (down_proj): Linear(in_features=12288, out_features=4096, bias=False)
[36m(WorkerDict pid=900908)[0m     (act_fn): SiLUActivation()
[36m(WorkerDict pid=900908)[0m   )
[36m(WorkerDict pid=900908)[0m   (input_layernorm): Qwen3VLTextRMSNorm((4096,), eps=1e-06)
[36m(WorkerDict pid=900908)[0m   (post_attention_layernorm): Qwen3VLTextRMSNorm((4096,), eps=1e-06)
[36m(WorkerDict pid=900908)[0m ), {}), 'model.language_model.layers.34': (Qwen3VLTextDecoderLayer(
[36m(WorkerDict pid=900908)[0m   (self_attn): Qwen3VLTextAttention(
[36m(WorkerDict pid=900908)[0m     (q_proj): Linear(in_features=4096, out_features=4096, bias=False)
[36m(WorkerDict pid=900908)[0m     (k_proj): Linear(in_features=4096, out_features=1024, bias=False)
[36m(WorkerDict pid=900908)[0m     (v_proj): Linear(in_features=4096, out_features=1024, bias=False)
[36m(WorkerDict pid=900908)[0m     (o_proj): Linear(in_features=4096, out_features=4096, bias=False)
[36m(WorkerDict pid=900908)[0m     (q_norm): Qwen3VLTextRMSNorm((128,), eps=1e-06)
[36m(WorkerDict pid=900908)[0m     (k_norm): Qwen3VLTextRMSNorm((128,), eps=1e-06)
[36m(WorkerDict pid=900908)[0m   )
[36m(WorkerDict pid=900908)[0m   (mlp): Qwen3VLTextMLP(
[36m(WorkerDict pid=900908)[0m     (gate_proj): Linear(in_features=4096, out_features=12288, bias=False)
[36m(WorkerDict pid=900908)[0m     (up_proj): Linear(in_features=4096, out_features=12288, bias=False)
[36m(WorkerDict pid=900908)[0m     (down_proj): Linear(in_features=12288, out_features=4096, bias=False)
[36m(WorkerDict pid=900908)[0m     (act_fn): SiLUActivation()
[36m(WorkerDict pid=900908)[0m   )
[36m(WorkerDict pid=900908)[0m   (input_layernorm): Qwen3VLTextRMSNorm((4096,), eps=1e-06)
[36m(WorkerDict pid=900908)[0m   (post_attention_layernorm): Qwen3VLTextRMSNorm((4096,), eps=1e-06)
[36m(WorkerDict pid=900908)[0m ), {}), 'model.language_model.layers.35': (Qwen3VLTextDecoderLayer(
[36m(WorkerDict pid=900908)[0m   (self_attn): Qwen3VLTextAttention(
[36m(WorkerDict pid=900908)[0m Loading checkpoint shards:   0%|          | 0/4 [00:00<?, ?it/s]
[36m(WorkerDict pid=900908)[0m Loading checkpoint shards:  25%|██▌       | 1/4 [00:03<00:11,  3.93s/it]
[36m(WorkerDict pid=900911)[0m INFO:2026-07-30 11:23:18,033:Replacing attn_implementation from 'flash_attention_2' to 'veomni_flash_attention_2_with_sp'[32m [repeated 3x across cluster][0m
[36m(WorkerDict pid=900911)[0m Loading checkpoint shards:   0%|          | 0/4 [00:00<?, ?it/s][32m [repeated 3x across cluster][0m
[36m(WorkerDict pid=900908)[0m Loading checkpoint shards:  75%|███████▌  | 3/4 [00:11<00:03,  3.93s/it][32m [repeated 7x across cluster][0m
[36m(WorkerDict pid=900908)[0m Loading checkpoint shards: 100%|██████████| 4/4 [00:14<00:00,  3.53s/it]Loading checkpoint shards: 100%|██████████| 4/4 [00:14<00:00,  3.67s/it]
[36m(WorkerDict pid=900908)[0m     (q_proj): Linear(in_features=4096, out_features=4096, bias=False)
[36m(WorkerDict pid=900908)[0m     (k_proj): Linear(in_features=4096, out_features=1024, bias=False)
[36m(WorkerDict pid=900908)[0m     (v_proj): Linear(in_features=4096, out_features=1024, bias=False)
[36m(WorkerDict pid=900908)[0m     (o_proj): Linear(in_features=4096, out_features=4096, bias=False)
[36m(WorkerDict pid=900908)[0m     (q_norm): Qwen3VLTextRMSNorm((128,), eps=1e-06)
[36m(WorkerDict pid=900908)[0m     (k_norm): Qwen3VLTextRMSNorm((128,), eps=1e-06)
[36m(WorkerDict pid=900908)[0m   )
[36m(WorkerDict pid=900908)[0m   (mlp): Qwen3VLTextMLP(
[36m(WorkerDict pid=900908)[0m     (gate_proj): Linear(in_features=4096, out_features=12288, bias=False)
[36m(WorkerDict pid=900908)[0m     (up_proj): Linear(in_features=4096, out_features=12288, bias=False)
[36m(WorkerDict pid=900908)[0m     (down_proj): Linear(in_features=12288, out_features=4096, bias=False)
[36m(WorkerDict pid=900908)[0m     (act_fn): SiLUActivation()
[36m(WorkerDict pid=900908)[0m   )
[36m(WorkerDict pid=900908)[0m   (input_layernorm): Qwen3VLTextRMSNorm((4096,), eps=1e-06)
[36m(WorkerDict pid=900908)[0m   (post_attention_layernorm): Qwen3VLTextRMSNorm((4096,), eps=1e-06)
[36m(WorkerDict pid=900908)[0m ), {})}
[36m(WorkerDict pid=900910)[0m )]
[36m(WorkerDict pid=900908)[0m [INFO|/public/home/xingjl/verl-das/third_party/VeOmni/veomni/distributed/torch_parallelize.py:483] 07/30/2026 11:23:20 >> starting to load model weights from /public/home/xingjl/models/Qwen3-VL-8B-Instruct...
[36m(WorkerDict pid=900908)[0m [INFO|/public/home/xingjl/verl-das/third_party/VeOmni/veomni/distributed/torch_parallelize.py:527] 07/30/2026 11:23:20 >> Every rank would read weights from disk and expect this to be slow!
[36m(WorkerDict pid=900911)[0m [INFO|/public/home/xingjl/verl-das/third_party/VeOmni/veomni/ops/__init__.py:71] 07/30/2026 11:23:18 >> ✅ VeOmni attention patches applied.[32m [repeated 3x across cluster][0m
[36m(WorkerDict pid=900908)[0m [INFO|/public/home/xingjl/verl-das/third_party/VeOmni/veomni/distributed/torch_parallelize.py:416] 07/30/2026 11:23:20 >> layer_fqn='model.language_model.layers.35', layer_mod._fsdp_modules=[FSDPQwen3VLTextDecoderLayer([32m [repeated 259x across cluster][0m
[36m(WorkerDict pid=900911)[0m ========== Environment Variables ==========[32m [repeated 3x across cluster][0m
[36m(WorkerDict pid=900911)[0m MODELING_BACKEND=veomni (source=default)[32m [repeated 3x across cluster][0m
[36m(WorkerDict pid=900911)[0m ===========================================[32m [repeated 3x across cluster][0m
[36m(WorkerDict pid=900908)[0m [Gloo] Rank 0 is connected to 1 peer ranks. Expected number of connected peer ranks is : 1[32m [repeated 4x across cluster][0m
[36m(WorkerDict pid=900911)[0m Warning: Failed to set NUMA affinity: NVML Shared Library Not Found[32m [repeated 3x across cluster][0m
[36m(WorkerDict pid=900911)[0m [INFO|/public/home/xingjl/verl-das/third_party/VeOmni/veomni/distributed/parallel_state.py:530] 07/30/2026 11:23:19 >> Initializing parallel state: dp_size 4, dp_replicate_size 1, dp_shard_size 4,tp_size 1, pp_size 1, cp_size 1, ulysses_size 1, ep_size 1[32m [repeated 3x across cluster][0m
[36m(WorkerDict pid=900911)[0m [INFO|/public/home/xingjl/verl-das/third_party/VeOmni/veomni/distributed/parallel_state.py:629] 07/30/2026 11:23:19 >> Device mesh: DeviceMesh((dp_shard=4), 'cuda', stride=(1,))[32m [repeated 3x across cluster][0m
[36m(WorkerDict pid=900911)[0m [INFO|/public/home/xingjl/verl-das/third_party/VeOmni/veomni/distributed/parallel_state.py:631] 07/30/2026 11:23:19 >> ep FSDP device mesh: None[32m [repeated 3x across cluster][0m
[36m(WorkerDict pid=900911)[0m [WARNING|/public/home/xingjl/verl-das/third_party/VeOmni/veomni/arguments/arguments_types.py:1139] 07/30/2026 11:23:19 >> moe_implementation='fused' is a deprecated alias; resolving to 'fused_quack' on this host. Set moe_implementation='fused_quack' explicitly to silence this warning.[32m [repeated 3x across cluster][0m
[36m(WorkerDict pid=900911)[0m [INFO|/public/home/xingjl/verl-das/third_party/VeOmni/veomni/ops/__init__.py:103] 07/30/2026 11:23:19 >> ✅ VeOmni ops config applied: CrossEntropy (eager), LoadBalancingLoss (eager).[32m [repeated 3x across cluster][0m
[36m(WorkerDict pid=900911)[0m =========== OPS ============[32m [repeated 3x across cluster][0m
[36m(WorkerDict pid=900911)[0m _fused_moe_forward = None[32m [repeated 3x across cluster][0m
[36m(WorkerDict pid=900911)[0m _flash_attention_forward = _flash_attention_forward[32m [repeated 3x across cluster][0m
[36m(WorkerDict pid=900911)[0m _flex_attention_forward = flex_attention_forward[32m [repeated 3x across cluster][0m
[36m(WorkerDict pid=900911)[0m _load_balancing_loss = load_balancing_loss_pytorch[32m [repeated 3x across cluster][0m
[36m(WorkerDict pid=900911)[0m cross_entropy = eager_cross_entropy[32m [repeated 3x across cluster][0m
[36m(WorkerDict pid=900911)[0m ==============================[32m [repeated 3x across cluster][0m
[36m(WorkerDict pid=900911)[0m [INFO|/public/home/xingjl/verl-das/third_party/VeOmni/veomni/models/loader.py:85] 07/30/2026 11:23:19 >> [CONFIG] Loading qwen3_vl from Huggingface as no customized config registered.[32m [repeated 3x across cluster][0m
[36m(WorkerDict pid=900911)[0m [INFO|/public/home/xingjl/verl-das/third_party/VeOmni/veomni/models/auto.py:106] 07/30/2026 11:23:19 >> OpSlot dispatch bound: rotary_pos_emb (eager), rotary_pos_emb_vision (eager), cross_entropy_loss (eager), rms_norm (eager).[32m [repeated 3x across cluster][0m
[36m(WorkerDict pid=900911)[0m [INFO|/public/home/xingjl/verl-das/third_party/VeOmni/veomni/models/auto.py:223] 07/30/2026 11:23:19 >> OpSlot-based kernel dispatch active.[32m [repeated 3x across cluster][0m
[36m(WorkerDict pid=900911)[0m [INFO|/public/home/xingjl/verl-das/third_party/VeOmni/veomni/models/loader.py:232] 07/30/2026 11:23:19 >> Loading model from customized modeling.[32m [repeated 3x across cluster][0m
[36m(WorkerDict pid=900911)[0m init_device: meta[32m [repeated 3x across cluster][0m
[36m(WorkerDict pid=900911)[0m empty_init: True[32m [repeated 3x across cluster][0m
[36m(WorkerDict pid=900911)[0m weights_path: /public/home/xingjl/models/Qwen3-VL-8B-Instruct[32m [repeated 3x across cluster][0m
[36m(WorkerDict pid=900911)[0m [INFO|/public/home/xingjl/verl-das/third_party/VeOmni/veomni/models/auto.py:278] 07/30/2026 11:23:19 >> Built foundation model class: veomni.models.transformers.qwen3_vl.generated.patched_modeling_qwen3_vl_gpu.Qwen3VLForConditionalGeneration[32m [repeated 3x across cluster][0m
[36m(WorkerDict pid=900911)[0m [INFO|/public/home/xingjl/verl-das/third_party/VeOmni/veomni/distributed/torch_parallelize.py:586] 07/30/2026 11:23:19 >> Enable gradient checkpointing.[32m [repeated 3x across cluster][0m
[36m(WorkerDict pid=900911)[0m [INFO|/public/home/xingjl/verl-das/third_party/VeOmni/veomni/distributed/torch_parallelize.py:613] 07/30/2026 11:23:19 >> Apply data parallel to the model: fsdp2.[32m [repeated 3x across cluster][0m
[36m(WorkerDict pid=900911)[0m [INFO|/public/home/xingjl/verl-das/third_party/VeOmni/veomni/distributed/torch_parallelize.py:153] 07/30/2026 11:23:19 >> target classes to shard: {'Qwen3VLTextDecoderLayer', 'Qwen3VLVisionBlock'}[32m [repeated 3x across cluster][0m
[36m(WorkerDict pid=900911)[0m [INFO|/public/home/xingjl/verl-das/third_party/VeOmni/veomni/distributed/torch_parallelize.py:240] 07/30/2026 11:23:19 >> extra_parallel layer pairs: {'model.visual.blocks.0': (Qwen3VLVisionBlock([32m [repeated 3x across cluster][0m
[36m(WorkerDict pid=900911)[0m   (norm2): LayerNorm((1152,), eps=1e-06, elementwise_affine=True)[32m [repeated 378x across cluster][0m
[36m(WorkerDict pid=900911)[0m   (attn): Qwen3VLVisionAttention([32m [repeated 189x across cluster][0m
[36m(WorkerDict pid=900911)[0m     (qkv): Linear(in_features=1152, out_features=3456, bias=True)[32m [repeated 189x across cluster][0m
[36m(WorkerDict pid=900909)[0m Loading checkpoint shards:  75%|███████▌  | 3/4 [00:22<00:07,  7.61s/it][32m [repeated 4x across cluster][0m
[36m(WorkerDict pid=900911)[0m Loading checkpoint shards: 100%|██████████| 4/4 [00:16<00:00,  3.96s/it]Loading checkpoint shards: 100%|██████████| 4/4 [00:16<00:00,  4.10s/it][32m [repeated 2x across cluster][0m
[36m(pid=902402)[0m WARNING:2026-07-30 11:24:16,306:Current Python version 3.10 is below the recommended 3.11 version. It is recommended to upgrade to Python 3.11 or higher for the best experience.
[36m(WorkerDict pid=900909)[0m Loading checkpoint shards: 100%|██████████| 4/4 [00:27<00:00,  6.33s/it]Loading checkpoint shards: 100%|██████████| 4/4 [00:27<00:00,  6.78s/it]
[36m(pid=904130)[0m WARNING:2026-07-30 11:24:50,478:Current Python version 3.10 is below the recommended 3.11 version. It is recommended to upgrade to Python 3.11 or higher for the best experience.[32m [repeated 10x across cluster][0m
[36m(WorkerDict pid=900911)[0m     (proj): Linear(in_features=1152, out_features=1152, bias=True)[32m [repeated 189x across cluster][0m
[36m(WorkerDict pid=900908)[0m   )[32m [repeated 882x across cluster][0m
[36m(WorkerDict pid=900908)[0m   (mlp): Qwen3VLTextMLP([32m [repeated 441x across cluster][0m
[36m(WorkerDict pid=900911)[0m     (linear_fc2): Linear(in_features=4304, out_features=1152, bias=True)[32m [repeated 378x across cluster][0m
[36m(WorkerDict pid=900911)[0m     (act_fn): GELUTanh()[32m [repeated 189x across cluster][0m
[36m(WorkerDict pid=900911)[0m ), {}), 'model.language_model.layers.35': (Qwen3VLTextDecoderLayer([32m [repeated 186x across cluster][0m
[36m(WorkerDict pid=900908)[0m   (self_attn): Qwen3VLTextAttention([32m [repeated 252x across cluster][0m
[36m(WorkerDict pid=900908)[0m     (q_proj): Linear(in_features=4096, out_features=4096, bias=False)[32m [repeated 252x across cluster][0m
[36m(WorkerDict pid=900908)[0m     (k_proj): Linear(in_features=4096, out_features=1024, bias=False)[32m [repeated 252x across cluster][0m
[36m(WorkerDict pid=900908)[0m     (v_proj): Linear(in_features=4096, out_features=1024, bias=False)[32m [repeated 252x across cluster][0m
[36m(WorkerDict pid=900908)[0m     (o_proj): Linear(in_features=4096, out_features=4096, bias=False)[32m [repeated 252x across cluster][0m
[36m(WorkerDict pid=900908)[0m     (q_norm): Qwen3VLTextRMSNorm((128,), eps=1e-06)[32m [repeated 252x across cluster][0m
[36m(WorkerDict pid=900908)[0m     (k_norm): Qwen3VLTextRMSNorm((128,), eps=1e-06)[32m [repeated 252x across cluster][0m
[36m(WorkerDict pid=900908)[0m     (gate_proj): Linear(in_features=4096, out_features=12288, bias=False)[32m [repeated 252x across cluster][0m
[36m(WorkerDict pid=900908)[0m     (up_proj): Linear(in_features=4096, out_features=12288, bias=False)[32m [repeated 252x across cluster][0m
[36m(WorkerDict pid=900908)[0m     (down_proj): Linear(in_features=12288, out_features=4096, bias=False)[32m [repeated 252x across cluster][0m
[36m(WorkerDict pid=900908)[0m     (act_fn): SiLUActivation()[32m [repeated 252x across cluster][0m
[36m(WorkerDict pid=900908)[0m   (input_layernorm): Qwen3VLTextRMSNorm((4096,), eps=1e-06)[32m [repeated 252x across cluster][0m
[36m(WorkerDict pid=900908)[0m   (post_attention_layernorm): Qwen3VLTextRMSNorm((4096,), eps=1e-06)[32m [repeated 252x across cluster][0m
[36m(WorkerDict pid=900911)[0m ), {})}[32m [repeated 3x across cluster][0m
[36m(WorkerDict pid=900908)[0m )][32m [repeated 251x across cluster][0m
[36m(WorkerDict pid=900911)[0m [INFO|/public/home/xingjl/verl-das/third_party/VeOmni/veomni/distributed/torch_parallelize.py:483] 07/30/2026 11:23:20 >> starting to load model weights from /public/home/xingjl/models/Qwen3-VL-8B-Instruct...[32m [repeated 3x across cluster][0m
[36m(WorkerDict pid=900911)[0m [INFO|/public/home/xingjl/verl-das/third_party/VeOmni/veomni/distributed/torch_parallelize.py:527] 07/30/2026 11:23:20 >> Every rank would read weights from disk and expect this to be slow![32m [repeated 3x across cluster][0m
[36m(WorkerDict pid=900908)[0m [Gloo] Rank 0 is connected to 0 peer ranks. Expected number of connected peer ranks is : 0[32m [repeated 3x across cluster][0m
[36m(pid=902402)[0m LANG_RL Log directory: None
[36m(WorkerDict pid=900911)[0m [Gloo] Rank 0 is connected to 0 peer ranks. Expected number of connected peer ranks is : 0[32m [repeated 8x across cluster][0m
[36m(pid=902403)[0m [HCU_ADAPT] Patch has been applied in worker
[36m(pid=902840)[0m LANG_RL Log directory: None[32m [repeated 9x across cluster][0m
[36m(CheckpointEngineWorker pid=902839)[0m [Gloo] Rank 0 is connected to 1 peer ranks. Expected number of connected peer ranks is : 1
[36m(pid=902404)[0m [HCU_ADAPT] Patch has been applied in worker[32m [repeated 8x across cluster][0m
[36m(pid=904130)[0m LANG_RL Log directory: None
[36m(CheckpointEngineWorker pid=902840)[0m [Gloo] Rank 1 is connected to 1 peer ranks. Expected number of connected peer ranks is : 1
[36m(pid=904130)[0m [HCU_ADAPT] Patch has been applied in worker
[36m(vLLMHttpServer pid=904130)[0m ['serve',
[36m(vLLMHttpServer pid=904130)[0m  '/public/home/xingjl/models/Qwen3-32B',
[36m(vLLMHttpServer pid=904130)[0m  '--dtype',
[36m(vLLMHttpServer pid=904130)[0m  'bfloat16',
[36m(vLLMHttpServer pid=904130)[0m  '--load_format',
[36m(vLLMHttpServer pid=904130)[0m  'auto',
[36m(vLLMHttpServer pid=904130)[0m  '--distributed_executor_backend',
[36m(vLLMHttpServer pid=904130)[0m  'mp',
[36m(vLLMHttpServer pid=904130)[0m  '--worker_extension_cls',
[36m(vLLMHttpServer pid=904130)[0m  'verl.workers.rollout.vllm_rollout.utils.vLLMColocateWorkerExtension',
[36m(vLLMHttpServer pid=904130)[0m  '--max_model_len',
[36m(vLLMHttpServer pid=904130)[0m  '3073',
[36m(vLLMHttpServer pid=904130)[0m  '--max_num_seqs',
[36m(vLLMHttpServer pid=904130)[0m  '1024',
[36m(vLLMHttpServer pid=904130)[0m  '--enable_chunked_prefill',
[36m(vLLMHttpServer pid=904130)[0m  '--max_num_batched_tokens',
[36m(vLLMHttpServer pid=904130)[0m  '8192',
[36m(vLLMHttpServer pid=904130)[0m  '--enable_prefix_caching',
[36m(vLLMHttpServer pid=904130)[0m  '--enable_sleep_mode',
[36m(vLLMHttpServer pid=904130)[0m  '--logprobs_mode',
[36m(vLLMHttpServer pid=904130)[0m  'processed_logprobs',
[36m(vLLMHttpServer pid=904130)[0m  '--gpu_memory_utilization',
[36m(vLLMHttpServer pid=904130)[0m  '0.3',
[36m(vLLMHttpServer pid=904130)[0m  '--disable_log_stats',
[36m(vLLMHttpServer pid=904130)[0m  '--tensor_parallel_size',
[36m(vLLMHttpServer pid=904130)[0m  '2',
[36m(vLLMHttpServer pid=904130)[0m  '--seed',
[36m(vLLMHttpServer pid=904130)[0m  '0',
[36m(vLLMHttpServer pid=904130)[0m  '--override_generation_config',
[36m(vLLMHttpServer pid=904130)[0m  '{"temperature": 1.0, "top_k": -1, "top_p": 1.0, "repetition_penalty": 1.0, '
[36m(vLLMHttpServer pid=904130)[0m  '"max_new_tokens": 1}',
[36m(vLLMHttpServer pid=904130)[0m  '--hf_overrides',
[36m(vLLMHttpServer pid=904130)[0m  '{}',
[36m(vLLMHttpServer pid=904130)[0m  '--scheduling_policy',
[36m(vLLMHttpServer pid=904130)[0m  'fcfs',
[36m(vLLMHttpServer pid=904130)[0m  '--compilation_config',
[36m(vLLMHttpServer pid=904130)[0m  '{"cudagraph_mode": "FULL_AND_PIECEWISE"}']
[36m(vLLMHttpServer pid=904130)[0m WARNING 07-30 11:24:59 [registry.py:911] Model architecture DeepseekV3ForCausalLM is already registered, and will be overwritten by the new model class vllm_hcu.models.deepseek_v2:DeepseekV3ForCausalLM.
[36m(vLLMHttpServer pid=904130)[0m WARNING 07-30 11:24:59 [registry.py:911] Model architecture DeepseekV32ForCausalLM is already registered, and will be overwritten by the new model class vllm_hcu.models.deepseek_v2:DeepseekV3ForCausalLM.
[36m(vLLMHttpServer pid=904130)[0m WARNING 07-30 11:24:59 [registry.py:911] Model architecture DeepSeekMTPModel is already registered, and will be overwritten by the new model class vllm_hcu.models.deepseek_mtp:DeepSeekMTP.
[36m(vLLMHttpServer pid=904130)[0m WARNING 07-30 11:24:59 [registry.py:911] Model architecture GlmMoeDsaForCausalLM is already registered, and will be overwritten by the new model class vllm_hcu.models.deepseek_v2:GlmMoeDsaForCausalLM.
[36m(vLLMHttpServer pid=904130)[0m WARNING 07-30 11:24:59 [registry.py:911] Model architecture Glm4MoeForCausalLM is already registered, and will be overwritten by the new model class vllm_hcu.models.glm4_moe:Glm4MoeForCausalLM.
[36m(vLLMHttpServer pid=904130)[0m WARNING 07-30 11:25:00 [system_utils.py:152] We must use the `spawn` multiprocessing start method. Overriding VLLM_WORKER_MULTIPROC_METHOD to 'spawn'. See https://docs.vllm.ai/en/latest/usage/troubleshooting.html#python-multiprocessing for more information. Reasons: In a Ray actor and can only be spawned; CUDA is initialized
[36m(vLLMHttpServer pid=904130)[0m (EngineCore pid=904641) WARNING 07-30 11:25:21 [registry.py:911] Model architecture DeepseekV3ForCausalLM is already registered, and will be overwritten by the new model class vllm_hcu.models.deepseek_v2:DeepseekV3ForCausalLM.
[36m(vLLMHttpServer pid=904130)[0m WARNING:2026-07-30 11:25:51,564:Current Python version 3.10 is below the recommended 3.11 version. It is recommended to upgrade to Python 3.11 or higher for the best experience.[32m [repeated 2x across cluster][0m
[36m(vLLMHttpServer pid=904130)[0m (Worker_TP0 pid=905079) Loading safetensors checkpoint shards:   0% Completed | 0/17 [00:00<?, ?it/s]
[36m(vLLMHttpServer pid=904130)[0m (Worker_TP0 pid=905079) Loading safetensors checkpoint shards:   6% Completed | 1/17 [00:04<01:08,  4.29s/it]
[36m(vLLMHttpServer pid=904130)[0m (Worker_TP0 pid=905079) Loading safetensors checkpoint shards:  12% Completed | 2/17 [00:12<01:35,  6.38s/it]
[36m(vLLMHttpServer pid=904130)[0m (Worker_TP0 pid=905079) Loading safetensors checkpoint shards:  18% Completed | 3/17 [00:19<01:37,  6.99s/it]
[36m(vLLMHttpServer pid=904130)[0m (Worker_TP0 pid=905079) Loading safetensors checkpoint shards:  24% Completed | 4/17 [00:27<01:36,  7.39s/it]
[36m(vLLMHttpServer pid=904130)[0m (Worker_TP0 pid=905079) Loading safetensors checkpoint shards:  29% Completed | 5/17 [01:11<04:06, 20.56s/it]
[36m(vLLMHttpServer pid=904130)[0m (Worker_TP0 pid=905079) Loading safetensors checkpoint shards:  35% Completed | 6/17 [02:03<05:41, 31.03s/it]
[36m(vLLMHttpServer pid=904130)[0m (Worker_TP0 pid=905079) Loading safetensors checkpoint shards:  41% Completed | 7/17 [02:55<06:19, 37.91s/it]
[36m(vLLMHttpServer pid=904130)[0m (Worker_TP0 pid=905079) Loading safetensors checkpoint shards:  47% Completed | 8/17 [03:51<06:32, 43.63s/it]
[36m(vLLMHttpServer pid=904130)[0m (Worker_TP0 pid=905079) Loading safetensors checkpoint shards:  53% Completed | 9/17 [04:47<06:20, 47.55s/it]
[36m(vLLMHttpServer pid=904130)[0m (Worker_TP0 pid=905079) Loading safetensors checkpoint shards:  59% Completed | 10/17 [05:39<05:43, 49.06s/it]
[36m(vLLMHttpServer pid=904130)[0m (Worker_TP0 pid=905079) Loading safetensors checkpoint shards:  65% Completed | 11/17 [06:26<04:50, 48.44s/it]
[36m(vLLMHttpServer pid=904130)[0m (Worker_TP0 pid=905079) Loading safetensors checkpoint shards:  71% Completed | 12/17 [07:15<04:02, 48.52s/it]
[36m(vLLMHttpServer pid=904130)[0m (Worker_TP0 pid=905079) Loading safetensors checkpoint shards:  76% Completed | 13/17 [08:13<03:25, 51.31s/it]
[36m(vLLMHttpServer pid=904130)[0m (Worker_TP0 pid=905079) Loading safetensors checkpoint shards:  82% Completed | 14/17 [09:06<02:35, 51.80s/it]
[36m(vLLMHttpServer pid=904130)[0m (Worker_TP0 pid=905079) Loading safetensors checkpoint shards:  88% Completed | 15/17 [10:00<01:45, 52.53s/it]
[36m(vLLMHttpServer pid=904130)[0m (Worker_TP0 pid=905079) Loading safetensors checkpoint shards:  94% Completed | 16/17 [10:52<00:52, 52.49s/it]
[36m(vLLMHttpServer pid=904130)[0m (Worker_TP0 pid=905079) Loading safetensors checkpoint shards: 100% Completed | 17/17 [11:21<00:00, 45.39s/it]
[36m(vLLMHttpServer pid=904130)[0m (Worker_TP0 pid=905079) Loading safetensors checkpoint shards: 100% Completed | 17/17 [11:21<00:00, 40.09s/it]
[36m(vLLMHttpServer pid=904130)[0m (Worker_TP0 pid=905079) 
[36m(vLLMHttpServer pid=904130)[0m (Worker_TP0 pid=905079) Capturing CUDA graphs (mixed prefill-decode, PIECEWISE):   0%|          | 0/51 [00:00<?, ?it/s]
[36m(vLLMHttpServer pid=904130)[0m Capturing CUDA graphs (mixed prefill-decode, PIECEWISE):   2%|▏         | 1/51 [00:00<00:21,  2.34it/s]
[36m(vLLMHttpServer pid=904130)[0m Capturing CUDA graphs (mixed prefill-decode, PIECEWISE):   4%|▍         | 2/51 [00:00<00:13,  3.73it/s]
[36m(vLLMHttpServer pid=904130)[0m Capturing CUDA graphs (mixed prefill-decode, PIECEWISE):   6%|▌         | 3/51 [00:00<00:10,  4.62it/s]
[36m(vLLMHttpServer pid=904130)[0m Capturing CUDA graphs (mixed prefill-decode, PIECEWISE):   8%|▊         | 4/51 [00:00<00:09,  5.19it/s]
[36m(vLLMHttpServer pid=904130)[0m Capturing CUDA graphs (mixed prefill-decode, PIECEWISE):  10%|▉         | 5/51 [00:01<00:08,  5.58it/s]
[36m(vLLMHttpServer pid=904130)[0m Capturing CUDA graphs (mixed prefill-decode, PIECEWISE):  12%|█▏        | 6/51 [00:01<00:07,  5.86it/s]
[36m(vLLMHttpServer pid=904130)[0m Capturing CUDA graphs (mixed prefill-decode, PIECEWISE):  14%|█▎        | 7/51 [00:01<00:07,  6.04it/s]
[36m(vLLMHttpServer pid=904130)[0m Capturing CUDA graphs (mixed prefill-decode, PIECEWISE):  16%|█▌        | 8/51 [00:01<00:06,  6.17it/s]
[36m(vLLMHttpServer pid=904130)[0m Capturing CUDA graphs (mixed prefill-decode, PIECEWISE):  18%|█▊        | 9/51 [00:01<00:06,  6.37it/s]
[36m(vLLMHttpServer pid=904130)[0m Capturing CUDA graphs (mixed prefill-decode, PIECEWISE):  20%|█▉        | 10/51 [00:01<00:06,  6.48it/s]
[36m(vLLMHttpServer pid=904130)[0m Capturing CUDA graphs (mixed prefill-decode, PIECEWISE):  22%|██▏       | 11/51 [00:01<00:06,  6.59it/s]
[36m(vLLMHttpServer pid=904130)[0m Capturing CUDA graphs (mixed prefill-decode, PIECEWISE):  24%|██▎       | 12/51 [00:02<00:05,  6.69it/s]
[36m(vLLMHttpServer pid=904130)[0m Capturing CUDA graphs (mixed prefill-decode, PIECEWISE):  25%|██▌       | 13/51 [00:02<00:05,  6.75it/s]
[36m(vLLMHttpServer pid=904130)[0m Capturing CUDA graphs (mixed prefill-decode, PIECEWISE):  27%|██▋       | 14/51 [00:02<00:05,  6.81it/s]
[36m(vLLMHttpServer pid=904130)[0m Capturing CUDA graphs (mixed prefill-decode, PIECEWISE):  29%|██▉       | 15/51 [00:02<00:05,  6.85it/s]
[36m(vLLMHttpServer pid=904130)[0m Capturing CUDA graphs (mixed prefill-decode, PIECEWISE):  31%|███▏      | 16/51 [00:02<00:05,  6.92it/s]
[36m(vLLMHttpServer pid=904130)[0m Capturing CUDA graphs (mixed prefill-decode, PIECEWISE):  33%|███▎      | 17/51 [00:02<00:04,  7.22it/s]
[36m(vLLMHttpServer pid=904130)[0m Capturing CUDA graphs (mixed prefill-decode, PIECEWISE):  35%|███▌      | 18/51 [00:02<00:04,  7.44it/s]
[36m(vLLMHttpServer pid=904130)[0m Capturing CUDA graphs (mixed prefill-decode, PIECEWISE):  37%|███▋      | 19/51 [00:03<00:04,  7.62it/s]
[36m(vLLMHttpServer pid=904130)[0m Capturing CUDA graphs (mixed prefill-decode, PIECEWISE):  39%|███▉      | 20/51 [00:03<00:03,  7.78it/s]
[36m(vLLMHttpServer pid=904130)[0m Capturing CUDA graphs (mixed prefill-decode, PIECEWISE):  41%|████      | 21/51 [00:03<00:03,  7.90it/s]
[36m(vLLMHttpServer pid=904130)[0m Capturing CUDA graphs (mixed prefill-decode, PIECEWISE):  43%|████▎     | 22/51 [00:03<00:03,  7.96it/s]
[36m(vLLMHttpServer pid=904130)[0m Capturing CUDA graphs (mixed prefill-decode, PIECEWISE):  45%|████▌     | 23/51 [00:03<00:03,  8.03it/s]
[36m(vLLMHttpServer pid=904130)[0m Capturing CUDA graphs (mixed prefill-decode, PIECEWISE):  47%|████▋     | 24/51 [00:03<00:03,  8.08it/s]
[36m(vLLMHttpServer pid=904130)[0m Capturing CUDA graphs (mixed prefill-decode, PIECEWISE):  49%|████▉     | 25/51 [00:03<00:03,  8.08it/s]
[36m(vLLMHttpServer pid=904130)[0m Capturing CUDA graphs (mixed prefill-decode, PIECEWISE):  51%|█████     | 26/51 [00:03<00:03,  8.12it/s]
[36m(vLLMHttpServer pid=904130)[0m Capturing CUDA graphs (mixed prefill-decode, PIECEWISE):  53%|█████▎    | 27/51 [00:04<00:02,  8.18it/s]
[36m(vLLMHttpServer pid=904130)[0m Capturing CUDA graphs (mixed prefill-decode, PIECEWISE):  55%|█████▍    | 28/51 [00:04<00:02,  8.22it/s]
[36m(vLLMHttpServer pid=904130)[0m Capturing CUDA graphs (mixed prefill-decode, PIECEWISE):  57%|█████▋    | 29/51 [00:04<00:02,  8.26it/s]
[36m(vLLMHttpServer pid=904130)[0m Capturing CUDA graphs (mixed prefill-decode, PIECEWISE):  59%|█████▉    | 30/51 [00:04<00:02,  8.29it/s]
[36m(vLLMHttpServer pid=904130)[0m Capturing CUDA graphs (mixed prefill-decode, PIECEWISE):  61%|██████    | 31/51 [00:04<00:02,  8.32it/s]
[36m(vLLMHttpServer pid=904130)[0m Capturing CUDA graphs (mixed prefill-decode, PIECEWISE):  63%|██████▎   | 32/51 [00:04<00:02,  8.37it/s]
[36m(vLLMHttpServer pid=904130)[0m Capturing CUDA graphs (mixed prefill-decode, PIECEWISE):  65%|██████▍   | 33/51 [00:04<00:02,  8.51it/s]
[36m(vLLMHttpServer pid=904130)[0m Capturing CUDA graphs (mixed prefill-decode, PIECEWISE):  67%|██████▋   | 34/51 [00:04<00:01,  8.55it/s]
[36m(vLLMHttpServer pid=904130)[0m Capturing CUDA graphs (mixed prefill-decode, PIECEWISE):  69%|██████▊   | 35/51 [00:04<00:01,  8.62it/s]
[36m(vLLMHttpServer pid=904130)[0m Capturing CUDA graphs (mixed prefill-decode, PIECEWISE):  71%|███████   | 36/51 [00:05<00:01,  8.69it/s]
[36m(vLLMHttpServer pid=904130)[0m Capturing CUDA graphs (mixed prefill-decode, PIECEWISE):  73%|███████▎  | 37/51 [00:05<00:01,  8.68it/s]
[36m(vLLMHttpServer pid=904130)[0m Capturing CUDA graphs (mixed prefill-decode, PIECEWISE):  75%|███████▍  | 38/51 [00:05<00:01,  8.70it/s]
[36m(vLLMHttpServer pid=904130)[0m Capturing CUDA graphs (mixed prefill-decode, PIECEWISE):  76%|███████▋  | 39/51 [00:05<00:01,  8.75it/s]
[36m(vLLMHttpServer pid=904130)[0m Capturing CUDA graphs (mixed prefill-decode, PIECEWISE):  78%|███████▊  | 40/51 [00:05<00:01,  8.79it/s]
[36m(vLLMHttpServer pid=904130)[0m Capturing CUDA graphs (mixed prefill-decode, PIECEWISE):  80%|████████  | 41/51 [00:05<00:01,  8.81it/s]
[36m(vLLMHttpServer pid=904130)[0m Capturing CUDA graphs (mixed prefill-decode, PIECEWISE):  82%|████████▏ | 42/51 [00:05<00:01,  8.83it/s]
[36m(vLLMHttpServer pid=904130)[0m Capturing CUDA graphs (mixed prefill-decode, PIECEWISE):  84%|████████▍ | 43/51 [00:05<00:00,  8.85it/s]
[36m(vLLMHttpServer pid=904130)[0m Capturing CUDA graphs (mixed prefill-decode, PIECEWISE):  86%|████████▋ | 44/51 [00:05<00:00,  8.86it/s]
[36m(vLLMHttpServer pid=904130)[0m Capturing CUDA graphs (mixed prefill-decode, PIECEWISE):  88%|████████▊ | 45/51 [00:06<00:00,  8.86it/s]
[36m(vLLMHttpServer pid=904130)[0m Capturing CUDA graphs (mixed prefill-decode, PIECEWISE):  90%|█████████ | 46/51 [00:06<00:00,  8.79it/s]
[36m(vLLMHttpServer pid=904130)[0m Capturing CUDA graphs (mixed prefill-decode, PIECEWISE):  92%|█████████▏| 47/51 [00:06<00:00,  8.84it/s]
[36m(vLLMHttpServer pid=904130)[0m Capturing CUDA graphs (mixed prefill-decode, PIECEWISE):  94%|█████████▍| 48/51 [00:06<00:00,  8.92it/s]
[36m(vLLMHttpServer pid=904130)[0m Capturing CUDA graphs (mixed prefill-decode, PIECEWISE):  96%|█████████▌| 49/51 [00:06<00:00,  8.97it/s]
[36m(vLLMHttpServer pid=904130)[0m Capturing CUDA graphs (mixed prefill-decode, PIECEWISE):  98%|█████████▊| 50/51 [00:06<00:00,  9.01it/s]
[36m(vLLMHttpServer pid=904130)[0m Capturing CUDA graphs (mixed prefill-decode, PIECEWISE): 100%|██████████| 51/51 [00:06<00:00,  8.62it/s]Capturing CUDA graphs (mixed prefill-decode, PIECEWISE): 100%|██████████| 51/51 [00:06<00:00,  7.52it/s]
[36m(vLLMHttpServer pid=904130)[0m (Worker_TP0 pid=905079) Capturing CUDA graphs (decode, FULL):   0%|          | 0/51 [00:00<?, ?it/s]
[36m(vLLMHttpServer pid=904130)[0m Capturing CUDA graphs (decode, FULL):   2%|▏         | 1/51 [00:01<00:54,  1.10s/it]
[36m(vLLMHttpServer pid=904130)[0m Capturing CUDA graphs (decode, FULL):   4%|▍         | 2/51 [00:01<00:26,  1.85it/s]
[36m(vLLMHttpServer pid=904130)[0m Capturing CUDA graphs (decode, FULL):   6%|▌         | 3/51 [00:01<00:17,  2.75it/s]
[36m(vLLMHttpServer pid=904130)[0m Capturing CUDA graphs (decode, FULL):   8%|▊         | 4/51 [00:01<00:13,  3.56it/s]
[36m(vLLMHttpServer pid=904130)[0m Capturing CUDA graphs (decode, FULL):  10%|▉         | 5/51 [00:01<00:10,  4.26it/s]
[36m(vLLMHttpServer pid=904130)[0m Capturing CUDA graphs (decode, FULL):  12%|█▏        | 6/51 [00:01<00:09,  4.84it/s]
[36m(vLLMHttpServer pid=904130)[0m Capturing CUDA graphs (decode, FULL):  14%|█▎        | 7/51 [00:02<00:08,  5.30it/s]
[36m(vLLMHttpServer pid=904130)[0m Capturing CUDA graphs (decode, FULL):  16%|█▌        | 8/51 [00:02<00:07,  5.66it/s]
[36m(vLLMHttpServer pid=904130)[0m Capturing CUDA graphs (decode, FULL):  18%|█▊        | 9/51 [00:02<00:06,  6.02it/s]
[36m(vLLMHttpServer pid=904130)[0m Capturing CUDA graphs (decode, FULL):  20%|█▉        | 10/51 [00:02<00:06,  6.29it/s]
[36m(vLLMHttpServer pid=904130)[0m Capturing CUDA graphs (decode, FULL):  22%|██▏       | 11/51 [00:02<00:06,  6.50it/s]
[36m(vLLMHttpServer pid=904130)[0m Capturing CUDA graphs (decode, FULL):  24%|██▎       | 12/51 [00:02<00:05,  6.67it/s]
[36m(vLLMHttpServer pid=904130)[0m Capturing CUDA graphs (decode, FULL):  25%|██▌       | 13/51 [00:02<00:05,  6.79it/s]
[36m(vLLMHttpServer pid=904130)[0m Capturing CUDA graphs (decode, FULL):  27%|██▋       | 14/51 [00:03<00:05,  6.89it/s]
[36m(vLLMHttpServer pid=904130)[0m Capturing CUDA graphs (decode, FULL):  29%|██▉       | 15/51 [00:03<00:05,  6.96it/s]
[36m(vLLMHttpServer pid=904130)[0m Capturing CUDA graphs (decode, FULL):  31%|███▏      | 16/51 [00:03<00:04,  7.05it/s]
[36m(vLLMHttpServer pid=904130)[0m Capturing CUDA graphs (decode, FULL):  33%|███▎      | 17/51 [00:03<00:04,  7.38it/s]
[36m(vLLMHttpServer pid=904130)[0m Capturing CUDA graphs (decode, FULL):  35%|███▌      | 18/51 [00:04<00:13,  2.44it/s]
[36m(vLLMHttpServer pid=904130)[0m Capturing CUDA graphs (decode, FULL):  37%|███▋      | 19/51 [00:04<00:10,  3.10it/s]
[36m(vLLMHttpServer pid=904130)[0m Capturing CUDA graphs (decode, FULL):  39%|███▉      | 20/51 [00:04<00:08,  3.83it/s]
[36m(vLLMHttpServer pid=904130)[0m Capturing CUDA graphs (decode, FULL):  41%|████      | 21/51 [00:04<00:06,  4.58it/s]
[36m(vLLMHttpServer pid=904130)[0m Capturing CUDA graphs (decode, FULL):  43%|████▎     | 22/51 [00:04<00:05,  5.32it/s]
[36m(vLLMHttpServer pid=904130)[0m Capturing CUDA graphs (decode, FULL):  45%|████▌     | 23/51 [00:05<00:04,  5.99it/s]
[36m(vLLMHttpServer pid=904130)[0m Capturing CUDA graphs (decode, FULL):  47%|████▋     | 24/51 [00:05<00:04,  6.58it/s]
[36m(vLLMHttpServer pid=904130)[0m Capturing CUDA graphs (decode, FULL):  49%|████▉     | 25/51 [00:05<00:03,  7.07it/s]
[36m(vLLMHttpServer pid=904130)[0m Capturing CUDA graphs (decode, FULL):  51%|█████     | 26/51 [00:05<00:03,  7.47it/s]
[36m(vLLMHttpServer pid=904130)[0m Capturing CUDA graphs (decode, FULL):  53%|█████▎    | 27/51 [00:05<00:03,  7.78it/s]
[36m(vLLMHttpServer pid=904130)[0m Capturing CUDA graphs (decode, FULL):  55%|█████▍    | 28/51 [00:05<00:02,  8.02it/s]
[36m(vLLMHttpServer pid=904130)[0m Capturing CUDA graphs (decode, FULL):  57%|█████▋    | 29/51 [00:05<00:02,  8.19it/s]
[36m(vLLMHttpServer pid=904130)[0m Capturing CUDA graphs (decode, FULL):  59%|█████▉    | 30/51 [00:05<00:02,  8.32it/s]
[36m(vLLMHttpServer pid=904130)[0m Capturing CUDA graphs (decode, FULL):  61%|██████    | 31/51 [00:05<00:02,  8.40it/s]
[36m(vLLMHttpServer pid=904130)[0m Capturing CUDA graphs (decode, FULL):  63%|██████▎   | 32/51 [00:06<00:02,  8.49it/s]
[36m(vLLMHttpServer pid=904130)[0m Capturing CUDA graphs (decode, FULL):  65%|██████▍   | 33/51 [00:06<00:02,  8.54it/s]
[36m(vLLMHttpServer pid=904130)[0m Capturing CUDA graphs (decode, FULL):  67%|██████▋   | 34/51 [00:06<00:01,  8.57it/s]
[36m(vLLMHttpServer pid=904130)[0m Capturing CUDA graphs (decode, FULL):  69%|██████▊   | 35/51 [00:06<00:01,  8.59it/s]
[36m(vLLMHttpServer pid=904130)[0m Capturing CUDA graphs (decode, FULL):  71%|███████   | 36/51 [00:06<00:01,  8.61it/s]
[36m(vLLMHttpServer pid=904130)[0m Capturing CUDA graphs (decode, FULL):  73%|███████▎  | 37/51 [00:06<00:01,  8.59it/s]
[36m(vLLMHttpServer pid=904130)[0m Capturing CUDA graphs (decode, FULL):  75%|███████▍  | 38/51 [00:06<00:01,  8.57it/s]
[36m(vLLMHttpServer pid=904130)[0m Capturing CUDA graphs (decode, FULL):  76%|███████▋  | 39/51 [00:06<00:01,  8.56it/s]
[36m(vLLMHttpServer pid=904130)[0m Capturing CUDA graphs (decode, FULL):  78%|███████▊  | 40/51 [00:07<00:01,  8.57it/s]
[36m(vLLMHttpServer pid=904130)[0m Capturing CUDA graphs (decode, FULL):  80%|████████  | 41/51 [00:07<00:01,  8.57it/s]
[36m(vLLMHttpServer pid=904130)[0m Capturing CUDA graphs (decode, FULL):  82%|████████▏ | 42/51 [00:07<00:01,  8.57it/s]
[36m(vLLMHttpServer pid=904130)[0m Capturing CUDA graphs (decode, FULL):  84%|████████▍ | 43/51 [00:07<00:00,  8.58it/s]
[36m(vLLMHttpServer pid=904130)[0m Capturing CUDA graphs (decode, FULL):  86%|████████▋ | 44/51 [00:07<00:00,  8.60it/s]
[36m(vLLMHttpServer pid=904130)[0m Capturing CUDA graphs (decode, FULL):  88%|████████▊ | 45/51 [00:08<00:02,  2.29it/s]
[36m(vLLMHttpServer pid=904130)[0m Capturing CUDA graphs (decode, FULL):  90%|█████████ | 46/51 [00:09<00:03,  1.52it/s]
[36m(vLLMHttpServer pid=904130)[0m Capturing CUDA graphs (decode, FULL):  92%|█████████▏| 47/51 [00:09<00:01,  2.01it/s]
[36m(vLLMHttpServer pid=904130)[0m Capturing CUDA graphs (decode, FULL):  94%|█████████▍| 48/51 [00:10<00:01,  2.59it/s]
[36m(vLLMHttpServer pid=904130)[0m Capturing CUDA graphs (decode, FULL):  96%|█████████▌| 49/51 [00:10<00:00,  3.21it/s]
[36m(vLLMHttpServer pid=904130)[0m Capturing CUDA graphs (decode, FULL):  98%|█████████▊| 50/51 [00:10<00:00,  3.91it/s]
[36m(vLLMHttpServer pid=904130)[0m Capturing CUDA graphs (decode, FULL): 100%|██████████| 51/51 [00:11<00:00,  1.88it/s]Capturing CUDA graphs (decode, FULL): 100%|██████████| 51/51 [00:11<00:00,  4.42it/s]
[36m(GlobalRequestLoadBalancer pid=922050)[0m WARNING:2026-07-30 11:39:57,112:Current Python version 3.10 is below the recommended 3.11 version. It is recommended to upgrade to Python 3.11 or higher for the best experience.
[36m(pid=922847)[0m WARNING:2026-07-30 11:40:29,780:Current Python version 3.10 is below the recommended 3.11 version. It is recommended to upgrade to Python 3.11 or higher for the best experience.[32m [repeated 3x across cluster][0m
[36m(vLLMHttpServer pid=904130)[0m (EngineCore pid=904641) WARNING 07-30 11:25:21 [registry.py:911] Model architecture DeepseekV32ForCausalLM is already registered, and will be overwritten by the new model class vllm_hcu.models.deepseek_v2:DeepseekV3ForCausalLM.
[36m(vLLMHttpServer pid=904130)[0m (EngineCore pid=904641) WARNING 07-30 11:25:21 [registry.py:911] Model architecture DeepSeekMTPModel is already registered, and will be overwritten by the new model class vllm_hcu.models.deepseek_mtp:DeepSeekMTP.
[36m(vLLMHttpServer pid=904130)[0m (EngineCore pid=904641) WARNING 07-30 11:25:21 [registry.py:911] Model architecture GlmMoeDsaForCausalLM is already registered, and will be overwritten by the new model class vllm_hcu.models.deepseek_v2:GlmMoeDsaForCausalLM.
[36m(vLLMHttpServer pid=904130)[0m (EngineCore pid=904641) WARNING 07-30 11:25:21 [registry.py:911] Model architecture Glm4MoeForCausalLM is already registered, and will be overwritten by the new model class vllm_hcu.models.glm4_moe:Glm4MoeForCausalLM.
[36m(vLLMHttpServer pid=904130)[0m WARNING 07-30 11:25:43 [registry.py:911] Model architecture DeepseekV3ForCausalLM is already registered, and will be overwritten by the new model class vllm_hcu.models.deepseek_v2:DeepseekV3ForCausalLM.
[36m(vLLMHttpServer pid=904130)[0m WARNING 07-30 11:25:43 [registry.py:911] Model architecture DeepseekV32ForCausalLM is already registered, and will be overwritten by the new model class vllm_hcu.models.deepseek_v2:DeepseekV3ForCausalLM.
[36m(vLLMHttpServer pid=904130)[0m WARNING 07-30 11:25:43 [registry.py:911] Model architecture DeepSeekMTPModel is already registered, and will be overwritten by the new model class vllm_hcu.models.deepseek_mtp:DeepSeekMTP.
[36m(vLLMHttpServer pid=904130)[0m WARNING 07-30 11:25:43 [registry.py:911] Model architecture GlmMoeDsaForCausalLM is already registered, and will be overwritten by the new model class vllm_hcu.models.deepseek_v2:GlmMoeDsaForCausalLM.
[36m(vLLMHttpServer pid=904130)[0m WARNING 07-30 11:25:43 [registry.py:911] Model architecture Glm4MoeForCausalLM is already registered, and will be overwritten by the new model class vllm_hcu.models.glm4_moe:Glm4MoeForCausalLM.
[36m(vLLMHttpServer pid=904130)[0m WARNING 07-30 11:25:44 [registry.py:911] Model architecture DeepseekV3ForCausalLM is already registered, and will be overwritten by the new model class vllm_hcu.models.deepseek_v2:DeepseekV3ForCausalLM.
[36m(vLLMHttpServer pid=904130)[0m WARNING 07-30 11:25:44 [registry.py:911] Model architecture DeepseekV32ForCausalLM is already registered, and will be overwritten by the new model class vllm_hcu.models.deepseek_v2:DeepseekV3ForCausalLM.
[36m(vLLMHttpServer pid=904130)[0m WARNING 07-30 11:25:44 [registry.py:911] Model architecture DeepSeekMTPModel is already registered, and will be overwritten by the new model class vllm_hcu.models.deepseek_mtp:DeepSeekMTP.
[36m(vLLMHttpServer pid=904130)[0m WARNING 07-30 11:25:44 [registry.py:911] Model architecture GlmMoeDsaForCausalLM is already registered, and will be overwritten by the new model class vllm_hcu.models.deepseek_v2:GlmMoeDsaForCausalLM.
[36m(vLLMHttpServer pid=904130)[0m WARNING 07-30 11:25:44 [registry.py:911] Model architecture Glm4MoeForCausalLM is already registered, and will be overwritten by the new model class vllm_hcu.models.glm4_moe:Glm4MoeForCausalLM.
[36m(vLLMHttpServer pid=904130)[0m LANG_RL Log directory: None
[36m(vLLMHttpServer pid=904130)[0m [HCU_ADAPT] Patch has been applied in worker
[36m(vLLMHttpServer pid=904130)[0m LANG_RL Log directory: None
[36m(vLLMHttpServer pid=904130)[0m [HCU_ADAPT] Patch has been applied in worker
[36m(vLLMHttpServer pid=904130)[0m (Worker_TP0 pid=905079) WARNING 07-30 11:25:58 [compilation.py:1136] Op 'sparse_attn_indexer' not present in model, enabling with '+sparse_attn_indexer' has no effect
[36m(vLLMHttpServer pid=904130)[0m (Worker_TP1 pid=905080) WARNING 07-30 11:25:59 [compilation.py:1136] Op 'sparse_attn_indexer' not present in model, enabling with '+sparse_attn_indexer' has no effect
[36m(vLLMHttpServer pid=904130)[0m WARNING 07-30 11:39:32 [api_router.py:30] LoRA dynamic loading & unloading is enabled in the API server. This should ONLY be used for local development!
[36m(vLLMHttpServer pid=904130)[0m WARNING 07-30 11:39:32 [model.py:1379] Default vLLM sampling parameters have been overridden by the model's `generation_config.json`: `{'repetition_penalty': 1.0, 'temperature': 1.0, 'top_k': -1, 'top_p': 1.0, 'max_tokens': 1}`. If this is not intended, please relaunch vLLM instance with `--generation-config vllm`.
[36m(GlobalRequestLoadBalancer pid=922050)[0m LANG_RL Log directory: None
[36m(GlobalRequestLoadBalancer pid=922050)[0m [HCU_ADAPT] Patch has been applied in worker
[36m(pid=922109)[0m LANG_RL Log directory: None[32m [repeated 2x across cluster][0m
[36m(CheckpointEngineWorker pid=922109)[0m [Gloo] Rank 0 is connected to 1 peer ranks. Expected number of connected peer ranks is : 1
[36m(pid=922109)[0m [HCU_ADAPT] Patch has been applied in worker
[36m(pid=922847)[0m LANG_RL Log directory: None
[36m(CheckpointEngineWorker pid=922111)[0m [Gloo] Rank 1 is connected to 1 peer ranks. Expected number of connected peer ranks is : 1
[36m(pid=922847)[0m [HCU_ADAPT] Patch has been applied in worker
[36m(vLLMHttpServer pid=922847)[0m ['serve',
[36m(vLLMHttpServer pid=922847)[0m  '/public/home/xingjl/models/Qwen3-VL-32B-Instruct',
[36m(vLLMHttpServer pid=922847)[0m  '--dtype',
[36m(vLLMHttpServer pid=922847)[0m  'bfloat16',
[36m(vLLMHttpServer pid=922847)[0m  '--load_format',
[36m(vLLMHttpServer pid=922847)[0m  'auto',
[36m(vLLMHttpServer pid=922847)[0m  '--distributed_executor_backend',
[36m(vLLMHttpServer pid=922847)[0m  'mp',
[36m(vLLMHttpServer pid=922847)[0m  '--worker_extension_cls',
[36m(vLLMHttpServer pid=922847)[0m  'verl.workers.rollout.vllm_rollout.utils.vLLMColocateWorkerExtension',
[36m(vLLMHttpServer pid=922847)[0m  '--max_model_len',
[36m(vLLMHttpServer pid=922847)[0m  '3073',
[36m(vLLMHttpServer pid=922847)[0m  '--max_num_seqs',
[36m(vLLMHttpServer pid=922847)[0m  '1024',
[36m(vLLMHttpServer pid=922847)[0m  '--enable_chunked_prefill',
[36m(vLLMHttpServer pid=922847)[0m  '--max_num_batched_tokens',
[36m(vLLMHttpServer pid=922847)[0m  '8192',
[36m(vLLMHttpServer pid=922847)[0m  '--enable_prefix_caching',
[36m(vLLMHttpServer pid=922847)[0m  '--enable_sleep_mode',
[36m(vLLMHttpServer pid=922847)[0m  '--logprobs_mode',
[36m(vLLMHttpServer pid=922847)[0m  'processed_logprobs',
[36m(vLLMHttpServer pid=922847)[0m  '--gpu_memory_utilization',
[36m(vLLMHttpServer pid=922847)[0m  '0.3',
[36m(vLLMHttpServer pid=922847)[0m  '--disable_log_stats',
[36m(vLLMHttpServer pid=922847)[0m  '--tensor_parallel_size',
[36m(vLLMHttpServer pid=922847)[0m  '2',
[36m(vLLMHttpServer pid=922847)[0m  '--seed',
[36m(vLLMHttpServer pid=922847)[0m  '0',
[36m(vLLMHttpServer pid=922847)[0m  '--override_generation_config',
[36m(vLLMHttpServer pid=922847)[0m  '{"temperature": 1.0, "top_k": -1, "top_p": 1.0, "repetition_penalty": 1.0, '
[36m(vLLMHttpServer pid=922847)[0m  '"max_new_tokens": 1}',
[36m(vLLMHttpServer pid=922847)[0m  '--hf_overrides',
[36m(vLLMHttpServer pid=922847)[0m  '{}',
[36m(vLLMHttpServer pid=922847)[0m  '--scheduling_policy',
[36m(vLLMHttpServer pid=922847)[0m  'fcfs',
[36m(vLLMHttpServer pid=922847)[0m  '--compilation_config',
[36m(vLLMHttpServer pid=922847)[0m  '{"cudagraph_mode": "FULL_AND_PIECEWISE"}']
[36m(vLLMHttpServer pid=922847)[0m WARNING 07-30 11:40:39 [registry.py:911] Model architecture DeepseekV3ForCausalLM is already registered, and will be overwritten by the new model class vllm_hcu.models.deepseek_v2:DeepseekV3ForCausalLM.
[36m(vLLMHttpServer pid=922847)[0m WARNING 07-30 11:40:39 [registry.py:911] Model architecture DeepseekV32ForCausalLM is already registered, and will be overwritten by the new model class vllm_hcu.models.deepseek_v2:DeepseekV3ForCausalLM.
[36m(vLLMHttpServer pid=922847)[0m WARNING:2026-07-30 11:42:12,605:Current Python version 3.10 is below the recommended 3.11 version. It is recommended to upgrade to Python 3.11 or higher for the best experience.
[36m(vLLMHttpServer pid=922847)[0m WARNING:2026-07-30 11:42:13,747:Current Python version 3.10 is below the recommended 3.11 version. It is recommended to upgrade to Python 3.11 or higher for the best experience.
[36m(vLLMHttpServer pid=922847)[0m (Worker_TP0 pid=924408) Loading safetensors checkpoint shards:   0% Completed | 0/14 [00:00<?, ?it/s]
[36m(vLLMHttpServer pid=922847)[0m (Worker_TP0 pid=924408) Loading safetensors checkpoint shards:   7% Completed | 1/14 [00:56<12:20, 56.99s/it]
[36m(vLLMHttpServer pid=922847)[0m (Worker_TP0 pid=924408) Loading safetensors checkpoint shards:  14% Completed | 2/14 [02:14<13:46, 68.89s/it]
[36m(vLLMHttpServer pid=922847)[0m (Worker_TP0 pid=924408) Loading safetensors checkpoint shards:  21% Completed | 3/14 [03:29<13:12, 72.03s/it]
[36m(vLLMHttpServer pid=922847)[0m (Worker_TP0 pid=924408) Loading safetensors checkpoint shards:  29% Completed | 4/14 [04:39<11:48, 70.90s/it]
[36m(vLLMHttpServer pid=922847)[0m (Worker_TP0 pid=924408) Loading safetensors checkpoint shards:  36% Completed | 5/14 [05:46<10:25, 69.55s/it]
[36m(vLLMHttpServer pid=922847)[0m (Worker_TP0 pid=924408) Loading safetensors checkpoint shards:  43% Completed | 6/14 [06:48<08:57, 67.13s/it]
[36m(vLLMHttpServer pid=922847)[0m (Worker_TP0 pid=924408) Loading safetensors checkpoint shards:  50% Completed | 7/14 [07:56<07:51, 67.32s/it]
[36m(vLLMHttpServer pid=922847)[0m (Worker_TP0 pid=924408) Loading safetensors checkpoint shards:  57% Completed | 8/14 [08:55<06:28, 64.82s/it]
[36m(vLLMHttpServer pid=922847)[0m (Worker_TP0 pid=924408) Loading safetensors checkpoint shards:  64% Completed | 9/14 [10:01<05:24, 64.94s/it]
[36m(vLLMHttpServer pid=922847)[0m (Worker_TP0 pid=924408) Loading safetensors checkpoint shards:  71% Completed | 10/14 [11:06<04:20, 65.20s/it]
[36m(vLLMHttpServer pid=922847)[0m (Worker_TP0 pid=924408) Loading safetensors checkpoint shards:  79% Completed | 11/14 [12:01<03:06, 62.11s/it]
[36m(vLLMHttpServer pid=922847)[0m (Worker_TP0 pid=924408) Loading safetensors checkpoint shards:  86% Completed | 12/14 [12:56<01:59, 59.81s/it]
[36m(vLLMHttpServer pid=922847)[0m (Worker_TP0 pid=924408) Loading safetensors checkpoint shards:  93% Completed | 13/14 [13:50<00:57, 57.92s/it]
[36m(vLLMHttpServer pid=922847)[0m (Worker_TP0 pid=924408) Loading safetensors checkpoint shards: 100% Completed | 14/14 [14:11<00:00, 46.75s/it]
[36m(vLLMHttpServer pid=922847)[0m (Worker_TP0 pid=924408) Loading safetensors checkpoint shards: 100% Completed | 14/14 [14:11<00:00, 60.79s/it]
[36m(vLLMHttpServer pid=922847)[0m (Worker_TP0 pid=924408) 
[36m(vLLMHttpServer pid=922847)[0m (Worker_TP0 pid=924408) Capturing CUDA graphs (mixed prefill-decode, PIECEWISE):   0%|          | 0/51 [00:00<?, ?it/s]
[36m(vLLMHttpServer pid=922847)[0m Capturing CUDA graphs (mixed prefill-decode, PIECEWISE):   2%|▏         | 1/51 [00:00<00:10,  4.86it/s]
[36m(vLLMHttpServer pid=922847)[0m Capturing CUDA graphs (mixed prefill-decode, PIECEWISE):   4%|▍         | 2/51 [00:00<00:08,  5.45it/s]
[36m(vLLMHttpServer pid=922847)[0m Capturing CUDA graphs (mixed prefill-decode, PIECEWISE):   6%|▌         | 3/51 [00:00<00:08,  5.69it/s]
[36m(vLLMHttpServer pid=922847)[0m Capturing CUDA graphs (mixed prefill-decode, PIECEWISE):   8%|▊         | 4/51 [00:00<00:08,  5.82it/s]
[36m(vLLMHttpServer pid=922847)[0m Capturing CUDA graphs (mixed prefill-decode, PIECEWISE):  10%|▉         | 5/51 [00:00<00:07,  5.96it/s]
[36m(vLLMHttpServer pid=922847)[0m Capturing CUDA graphs (mixed prefill-decode, PIECEWISE):  12%|█▏        | 6/51 [00:01<00:07,  5.99it/s]
[36m(vLLMHttpServer pid=922847)[0m Capturing CUDA graphs (mixed prefill-decode, PIECEWISE):  14%|█▎        | 7/51 [00:01<00:07,  6.04it/s]
[36m(vLLMHttpServer pid=922847)[0m Capturing CUDA graphs (mixed prefill-decode, PIECEWISE):  16%|█▌        | 8/51 [00:01<00:06,  6.15it/s]
[36m(vLLMHttpServer pid=922847)[0m Capturing CUDA graphs (mixed prefill-decode, PIECEWISE):  18%|█▊        | 9/51 [00:01<00:06,  6.34it/s]
[36m(vLLMHttpServer pid=922847)[0m Capturing CUDA graphs (mixed prefill-decode, PIECEWISE):  20%|█▉        | 10/51 [00:01<00:06,  6.48it/s]
[36m(vLLMHttpServer pid=922847)[0m Capturing CUDA graphs (mixed prefill-decode, PIECEWISE):  22%|██▏       | 11/51 [00:01<00:06,  6.52it/s]
[36m(vLLMHttpServer pid=922847)[0m Capturing CUDA graphs (mixed prefill-decode, PIECEWISE):  24%|██▎       | 12/51 [00:01<00:05,  6.55it/s]
[36m(vLLMHttpServer pid=922847)[0m Capturing CUDA graphs (mixed prefill-decode, PIECEWISE):  25%|██▌       | 13/51 [00:02<00:05,  6.63it/s]
[36m(vLLMHttpServer pid=922847)[0m Capturing CUDA graphs (mixed prefill-decode, PIECEWISE):  27%|██▋       | 14/51 [00:02<00:05,  6.70it/s]
[36m(vLLMHttpServer pid=922847)[0m Capturing CUDA graphs (mixed prefill-decode, PIECEWISE):  29%|██▉       | 15/51 [00:02<00:05,  6.72it/s]
[36m(vLLMHttpServer pid=922847)[0m Capturing CUDA graphs (mixed prefill-decode, PIECEWISE):  31%|███▏      | 16/51 [00:02<00:05,  6.80it/s]
[36m(vLLMHttpServer pid=922847)[0m Capturing CUDA graphs (mixed prefill-decode, PIECEWISE):  33%|███▎      | 17/51 [00:02<00:04,  7.14it/s]
[36m(vLLMHttpServer pid=922847)[0m Capturing CUDA graphs (mixed prefill-decode, PIECEWISE):  35%|███▌      | 18/51 [00:02<00:04,  7.41it/s]
[36m(vLLMHttpServer pid=922847)[0m Capturing CUDA graphs (mixed prefill-decode, PIECEWISE):  37%|███▋      | 19/51 [00:02<00:04,  7.63it/s]
[36m(vLLMHttpServer pid=922847)[0m Capturing CUDA graphs (mixed prefill-decode, PIECEWISE):  39%|███▉      | 20/51 [00:03<00:03,  7.81it/s]
[36m(vLLMHttpServer pid=922847)[0m Capturing CUDA graphs (mixed prefill-decode, PIECEWISE):  41%|████      | 21/51 [00:03<00:03,  7.95it/s]
[36m(vLLMHttpServer pid=922847)[0m Capturing CUDA graphs (mixed prefill-decode, PIECEWISE):  43%|████▎     | 22/51 [00:03<00:03,  8.02it/s]
[36m(vLLMHttpServer pid=922847)[0m Capturing CUDA graphs (mixed prefill-decode, PIECEWISE):  45%|████▌     | 23/51 [00:03<00:03,  8.05it/s]
[36m(vLLMHttpServer pid=922847)[0m Capturing CUDA graphs (mixed prefill-decode, PIECEWISE):  47%|████▋     | 24/51 [00:03<00:03,  8.02it/s]
[36m(vLLMHttpServer pid=922847)[0m Capturing CUDA graphs (mixed prefill-decode, PIECEWISE):  49%|████▉     | 25/51 [00:03<00:03,  8.12it/s]
[36m(vLLMHttpServer pid=922847)[0m Capturing CUDA graphs (mixed prefill-decode, PIECEWISE):  51%|█████     | 26/51 [00:03<00:03,  8.21it/s]
[36m(vLLMHttpServer pid=922847)[0m Capturing CUDA graphs (mixed prefill-decode, PIECEWISE):  53%|█████▎    | 27/51 [00:03<00:02,  8.26it/s]
[36m(vLLMHttpServer pid=922847)[0m Capturing CUDA graphs (mixed prefill-decode, PIECEWISE):  55%|█████▍    | 28/51 [00:03<00:02,  8.31it/s]
[36m(vLLMHttpServer pid=922847)[0m Capturing CUDA graphs (mixed prefill-decode, PIECEWISE):  57%|█████▋    | 29/51 [00:04<00:02,  8.35it/s]
[36m(vLLMHttpServer pid=922847)[0m Capturing CUDA graphs (mixed prefill-decode, PIECEWISE):  59%|█████▉    | 30/51 [00:04<00:02,  8.38it/s]
[36m(vLLMHttpServer pid=922847)[0m Capturing CUDA graphs (mixed prefill-decode, PIECEWISE):  61%|██████    | 31/51 [00:04<00:02,  8.41it/s]
[36m(vLLMHttpServer pid=922847)[0m Capturing CUDA graphs (mixed prefill-decode, PIECEWISE):  63%|██████▎   | 32/51 [00:04<00:02,  8.46it/s]
[36m(vLLMHttpServer pid=922847)[0m Capturing CUDA graphs (mixed prefill-decode, PIECEWISE):  65%|██████▍   | 33/51 [00:04<00:02,  8.62it/s]
[36m(vLLMHttpServer pid=922847)[0m Capturing CUDA graphs (mixed prefill-decode, PIECEWISE):  67%|██████▋   | 34/51 [00:04<00:01,  8.76it/s]
[36m(vLLMHttpServer pid=922847)[0m Capturing CUDA graphs (mixed prefill-decode, PIECEWISE):  69%|██████▊   | 35/51 [00:04<00:01,  8.82it/s]
[36m(vLLMHttpServer pid=922847)[0m Capturing CUDA graphs (mixed prefill-decode, PIECEWISE):  71%|███████   | 36/51 [00:04<00:01,  8.88it/s]
[36m(vLLMHttpServer pid=922847)[0m Capturing CUDA graphs (mixed prefill-decode, PIECEWISE):  73%|███████▎  | 37/51 [00:05<00:01,  8.87it/s]
[36m(vLLMHttpServer pid=922847)[0m Capturing CUDA graphs (mixed prefill-decode, PIECEWISE):  75%|███████▍  | 38/51 [00:05<00:01,  8.90it/s]
[36m(vLLMHttpServer pid=922847)[0m Capturing CUDA graphs (mixed prefill-decode, PIECEWISE):  76%|███████▋  | 39/51 [00:05<00:01,  8.93it/s]
[36m(vLLMHttpServer pid=922847)[0m Capturing CUDA graphs (mixed prefill-decode, PIECEWISE):  78%|███████▊  | 40/51 [00:05<00:01,  8.96it/s]
[36m(vLLMHttpServer pid=922847)[0m Capturing CUDA graphs (mixed prefill-decode, PIECEWISE):  80%|████████  | 41/51 [00:05<00:01,  8.98it/s]
[36m(vLLMHttpServer pid=922847)[0m Capturing CUDA graphs (mixed prefill-decode, PIECEWISE):  82%|████████▏ | 42/51 [00:05<00:01,  8.99it/s]
[36m(vLLMHttpServer pid=922847)[0m Capturing CUDA graphs (mixed prefill-decode, PIECEWISE):  84%|████████▍ | 43/51 [00:05<00:00,  9.00it/s]
[36m(vLLMHttpServer pid=922847)[0m Capturing CUDA graphs (mixed prefill-decode, PIECEWISE):  86%|████████▋ | 44/51 [00:05<00:00,  9.00it/s]
[36m(vLLMHttpServer pid=922847)[0m Capturing CUDA graphs (mixed prefill-decode, PIECEWISE):  88%|████████▊ | 45/51 [00:05<00:00,  8.99it/s]
[36m(vLLMHttpServer pid=922847)[0m Capturing CUDA graphs (mixed prefill-decode, PIECEWISE):  90%|█████████ | 46/51 [00:06<00:00,  9.02it/s]
[36m(vLLMHttpServer pid=922847)[0m Capturing CUDA graphs (mixed prefill-decode, PIECEWISE):  92%|█████████▏| 47/51 [00:06<00:00,  8.81it/s]
[36m(vLLMHttpServer pid=922847)[0m Capturing CUDA graphs (mixed prefill-decode, PIECEWISE):  94%|█████████▍| 48/51 [00:06<00:00,  8.91it/s]
[36m(vLLMHttpServer pid=922847)[0m Capturing CUDA graphs (mixed prefill-decode, PIECEWISE):  96%|█████████▌| 49/51 [00:06<00:00,  9.01it/s]
[36m(vLLMHttpServer pid=922847)[0m Capturing CUDA graphs (mixed prefill-decode, PIECEWISE):  98%|█████████▊| 50/51 [00:06<00:00,  9.08it/s]
[36m(vLLMHttpServer pid=922847)[0m Capturing CUDA graphs (mixed prefill-decode, PIECEWISE): 100%|██████████| 51/51 [00:06<00:00,  9.12it/s]Capturing CUDA graphs (mixed prefill-decode, PIECEWISE): 100%|██████████| 51/51 [00:06<00:00,  7.77it/s]
[36m(vLLMHttpServer pid=922847)[0m (Worker_TP0 pid=924408) Capturing CUDA graphs (decode, FULL):   0%|          | 0/51 [00:00<?, ?it/s]
[36m(vLLMHttpServer pid=922847)[0m Capturing CUDA graphs (decode, FULL):   2%|▏         | 1/51 [00:00<00:08,  5.66it/s]
[36m(vLLMHttpServer pid=922847)[0m Capturing CUDA graphs (decode, FULL):   4%|▍         | 2/51 [00:00<00:07,  6.17it/s]
[36m(vLLMHttpServer pid=922847)[0m Capturing CUDA graphs (decode, FULL):   6%|▌         | 3/51 [00:00<00:07,  6.37it/s]
[36m(vLLMHttpServer pid=922847)[0m Capturing CUDA graphs (decode, FULL):   8%|▊         | 4/51 [00:00<00:07,  6.47it/s]
[36m(vLLMHttpServer pid=922847)[0m Capturing CUDA graphs (decode, FULL):  10%|▉         | 5/51 [00:00<00:07,  6.53it/s]
[36m(vLLMHttpServer pid=922847)[0m Capturing CUDA graphs (decode, FULL):  12%|█▏        | 6/51 [00:00<00:06,  6.59it/s]
[36m(vLLMHttpServer pid=922847)[0m Capturing CUDA graphs (decode, FULL):  14%|█▎        | 7/51 [00:01<00:06,  6.63it/s]
[36m(vLLMHttpServer pid=922847)[0m Capturing CUDA graphs (decode, FULL):  16%|█▌        | 8/51 [00:01<00:06,  6.65it/s]
[36m(vLLMHttpServer pid=922847)[0m Capturing CUDA graphs (decode, FULL):  18%|█▊        | 9/51 [00:01<00:06,  6.78it/s]
[36m(vLLMHttpServer pid=922847)[0m Capturing CUDA graphs (decode, FULL):  20%|█▉        | 10/51 [00:01<00:05,  6.87it/s]
[36m(vLLMHttpServer pid=922847)[0m Capturing CUDA graphs (decode, FULL):  22%|██▏       | 11/51 [00:01<00:05,  6.95it/s]
[36m(vLLMHttpServer pid=922847)[0m Capturing CUDA graphs (decode, FULL):  24%|██▎       | 12/51 [00:01<00:05,  7.01it/s]
[36m(vLLMHttpServer pid=922847)[0m Capturing CUDA graphs (decode, FULL):  25%|██▌       | 13/51 [00:01<00:05,  7.04it/s]
[36m(vLLMHttpServer pid=922847)[0m Capturing CUDA graphs (decode, FULL):  27%|██▋       | 14/51 [00:02<00:05,  7.08it/s]
[36m(vLLMHttpServer pid=922847)[0m Capturing CUDA graphs (decode, FULL):  29%|██▉       | 15/51 [00:02<00:05,  7.12it/s]
[36m(vLLMHttpServer pid=922847)[0m Capturing CUDA graphs (decode, FULL):  31%|███▏      | 16/51 [00:02<00:04,  7.18it/s]
[36m(vLLMHttpServer pid=922847)[0m Capturing CUDA graphs (decode, FULL):  33%|███▎      | 17/51 [00:02<00:04,  7.48it/s]
[36m(vLLMHttpServer pid=922847)[0m Capturing CUDA graphs (decode, FULL):  35%|███▌      | 18/51 [00:02<00:04,  7.40it/s]
[36m(vLLMHttpServer pid=922847)[0m Capturing CUDA graphs (decode, FULL):  37%|███▋      | 19/51 [00:02<00:04,  7.68it/s]
[36m(vLLMHttpServer pid=922847)[0m Capturing CUDA graphs (decode, FULL):  39%|███▉      | 20/51 [00:02<00:03,  7.91it/s]
[36m(vLLMHttpServer pid=922847)[0m Capturing CUDA graphs (decode, FULL):  41%|████      | 21/51 [00:02<00:03,  8.08it/s]
[36m(vLLMHttpServer pid=922847)[0m Capturing CUDA graphs (decode, FULL):  43%|████▎     | 22/51 [00:03<00:03,  8.21it/s]
[36m(vLLMHttpServer pid=922847)[0m Capturing CUDA graphs (decode, FULL):  45%|████▌     | 23/51 [00:03<00:03,  8.31it/s]
[36m(vLLMHttpServer pid=922847)[0m Capturing CUDA graphs (decode, FULL):  47%|████▋     | 24/51 [00:03<00:03,  8.39it/s]
[36m(vLLMHttpServer pid=922847)[0m Capturing CUDA graphs (decode, FULL):  49%|████▉     | 25/51 [00:03<00:03,  8.46it/s]
[36m(vLLMHttpServer pid=922847)[0m Capturing CUDA graphs (decode, FULL):  51%|█████     | 26/51 [00:03<00:02,  8.51it/s]
[36m(vLLMHttpServer pid=922847)[0m Capturing CUDA graphs (decode, FULL):  53%|█████▎    | 27/51 [00:03<00:02,  8.56it/s]
[36m(vLLMHttpServer pid=922847)[0m Capturing CUDA graphs (decode, FULL):  55%|█████▍    | 28/51 [00:03<00:02,  8.60it/s]
[36m(vLLMHttpServer pid=922847)[0m Capturing CUDA graphs (decode, FULL):  57%|█████▋    | 29/51 [00:03<00:02,  8.64it/s]
[36m(vLLMHttpServer pid=922847)[0m Capturing CUDA graphs (decode, FULL):  59%|█████▉    | 30/51 [00:04<00:02,  8.67it/s]
[36m(vLLMHttpServer pid=922847)[0m Capturing CUDA graphs (decode, FULL):  61%|██████    | 31/51 [00:04<00:02,  8.71it/s]
[36m(vLLMHttpServer pid=922847)[0m Capturing CUDA graphs (decode, FULL):  63%|██████▎   | 32/51 [00:04<00:02,  8.75it/s]
[36m(vLLMHttpServer pid=922847)[0m Capturing CUDA graphs (decode, FULL):  65%|██████▍   | 33/51 [00:04<00:02,  8.77it/s]
[36m(vLLMHttpServer pid=922847)[0m Capturing CUDA graphs (decode, FULL):  67%|██████▋   | 34/51 [00:04<00:01,  8.79it/s]
[36m(vLLMHttpServer pid=922847)[0m Capturing CUDA graphs (decode, FULL):  69%|██████▊   | 35/51 [00:04<00:01,  8.80it/s]
[36m(vLLMHttpServer pid=922847)[0m Capturing CUDA graphs (decode, FULL):  71%|███████   | 36/51 [00:04<00:01,  8.79it/s]
[36m(vLLMHttpServer pid=922847)[0m Capturing CUDA graphs (decode, FULL):  73%|███████▎  | 37/51 [00:04<00:01,  8.77it/s]
[36m(vLLMHttpServer pid=922847)[0m Capturing CUDA graphs (decode, FULL):  75%|███████▍  | 38/51 [00:04<00:01,  8.76it/s]
[36m(vLLMHttpServer pid=922847)[0m Capturing CUDA graphs (decode, FULL):  76%|███████▋  | 39/51 [00:05<00:01,  8.74it/s]
[36m(vLLMHttpServer pid=922847)[0m Capturing CUDA graphs (decode, FULL):  78%|███████▊  | 40/51 [00:05<00:01,  8.73it/s]
[36m(vLLMHttpServer pid=922847)[0m Capturing CUDA graphs (decode, FULL):  80%|████████  | 41/51 [00:05<00:01,  8.72it/s]
[36m(vLLMHttpServer pid=922847)[0m Capturing CUDA graphs (decode, FULL):  82%|████████▏ | 42/51 [00:05<00:01,  8.72it/s]
[36m(vLLMHttpServer pid=922847)[0m Capturing CUDA graphs (decode, FULL):  84%|████████▍ | 43/51 [00:05<00:00,  8.42it/s]
[36m(vLLMHttpServer pid=922847)[0m Capturing CUDA graphs (decode, FULL):  86%|████████▋ | 44/51 [00:05<00:00,  8.49it/s]
[36m(vLLMHttpServer pid=922847)[0m Capturing CUDA graphs (decode, FULL):  88%|████████▊ | 45/51 [00:05<00:00,  7.42it/s]
[36m(vLLMHttpServer pid=922847)[0m Capturing CUDA graphs (decode, FULL):  90%|█████████ | 46/51 [00:05<00:00,  6.97it/s]
[36m(vLLMHttpServer pid=922847)[0m Capturing CUDA graphs (decode, FULL):  92%|█████████▏| 47/51 [00:06<00:00,  7.26it/s]
[36m(vLLMHttpServer pid=922847)[0m Capturing CUDA graphs (decode, FULL):  94%|█████████▍| 48/51 [00:06<00:00,  7.48it/s]
[36m(vLLMHttpServer pid=922847)[0m Capturing CUDA graphs (decode, FULL):  96%|█████████▌| 49/51 [00:06<00:00,  7.63it/s]
[36m(vLLMHttpServer pid=922847)[0m Capturing CUDA graphs (decode, FULL):  98%|█████████▊| 50/51 [00:06<00:00,  7.75it/s]
[36m(vLLMHttpServer pid=922847)[0m Capturing CUDA graphs (decode, FULL): 100%|██████████| 51/51 [00:06<00:00,  7.20it/s]Capturing CUDA graphs (decode, FULL): 100%|██████████| 51/51 [00:06<00:00,  7.71it/s]
[36m(GlobalRequestLoadBalancer pid=945390)[0m WARNING:2026-07-30 11:59:23,413:Current Python version 3.10 is below the recommended 3.11 version. It is recommended to upgrade to Python 3.11 or higher for the best experience.
[36m(vLLMHttpServer pid=922847)[0m WARNING 07-30 11:40:39 [registry.py:911] Model architecture DeepSeekMTPModel is already registered, and will be overwritten by the new model class vllm_hcu.models.deepseek_mtp:DeepSeekMTP.
[36m(vLLMHttpServer pid=922847)[0m WARNING 07-30 11:40:39 [registry.py:911] Model architecture GlmMoeDsaForCausalLM is already registered, and will be overwritten by the new model class vllm_hcu.models.deepseek_v2:GlmMoeDsaForCausalLM.
[36m(vLLMHttpServer pid=922847)[0m WARNING 07-30 11:40:39 [registry.py:911] Model architecture Glm4MoeForCausalLM is already registered, and will be overwritten by the new model class vllm_hcu.models.glm4_moe:Glm4MoeForCausalLM.
[36m(vLLMHttpServer pid=922847)[0m WARNING 07-30 11:41:24 [system_utils.py:152] We must use the `spawn` multiprocessing start method. Overriding VLLM_WORKER_MULTIPROC_METHOD to 'spawn'. See https://docs.vllm.ai/en/latest/usage/troubleshooting.html#python-multiprocessing for more information. Reasons: In a Ray actor and can only be spawned; CUDA is initialized
[36m(vLLMHttpServer pid=922847)[0m (EngineCore pid=924062) WARNING 07-30 11:41:43 [registry.py:911] Model architecture DeepseekV3ForCausalLM is already registered, and will be overwritten by the new model class vllm_hcu.models.deepseek_v2:DeepseekV3ForCausalLM.
[36m(vLLMHttpServer pid=922847)[0m (EngineCore pid=924062) WARNING 07-30 11:41:43 [registry.py:911] Model architecture DeepseekV32ForCausalLM is already registered, and will be overwritten by the new model class vllm_hcu.models.deepseek_v2:DeepseekV3ForCausalLM.
[36m(vLLMHttpServer pid=922847)[0m (EngineCore pid=924062) WARNING 07-30 11:41:43 [registry.py:911] Model architecture DeepSeekMTPModel is already registered, and will be overwritten by the new model class vllm_hcu.models.deepseek_mtp:DeepSeekMTP.
[36m(vLLMHttpServer pid=922847)[0m (EngineCore pid=924062) WARNING 07-30 11:41:43 [registry.py:911] Model architecture GlmMoeDsaForCausalLM is already registered, and will be overwritten by the new model class vllm_hcu.models.deepseek_v2:GlmMoeDsaForCausalLM.
[36m(vLLMHttpServer pid=922847)[0m (EngineCore pid=924062) WARNING 07-30 11:41:43 [registry.py:911] Model architecture Glm4MoeForCausalLM is already registered, and will be overwritten by the new model class vllm_hcu.models.glm4_moe:Glm4MoeForCausalLM.
[36m(vLLMHttpServer pid=922847)[0m WARNING 07-30 11:42:05 [registry.py:911] Model architecture DeepseekV3ForCausalLM is already registered, and will be overwritten by the new model class vllm_hcu.models.deepseek_v2:DeepseekV3ForCausalLM.
[36m(vLLMHttpServer pid=922847)[0m WARNING 07-30 11:42:05 [registry.py:911] Model architecture DeepseekV32ForCausalLM is already registered, and will be overwritten by the new model class vllm_hcu.models.deepseek_v2:DeepseekV3ForCausalLM.
[36m(vLLMHttpServer pid=922847)[0m WARNING 07-30 11:42:05 [registry.py:911] Model architecture DeepSeekMTPModel is already registered, and will be overwritten by the new model class vllm_hcu.models.deepseek_mtp:DeepSeekMTP.
[36m(vLLMHttpServer pid=922847)[0m WARNING 07-30 11:42:05 [registry.py:911] Model architecture GlmMoeDsaForCausalLM is already registered, and will be overwritten by the new model class vllm_hcu.models.deepseek_v2:GlmMoeDsaForCausalLM.
[36m(vLLMHttpServer pid=922847)[0m WARNING 07-30 11:42:05 [registry.py:911] Model architecture Glm4MoeForCausalLM is already registered, and will be overwritten by the new model class vllm_hcu.models.glm4_moe:Glm4MoeForCausalLM.
[36m(vLLMHttpServer pid=922847)[0m WARNING 07-30 11:42:06 [registry.py:911] Model architecture DeepseekV3ForCausalLM is already registered, and will be overwritten by the new model class vllm_hcu.models.deepseek_v2:DeepseekV3ForCausalLM.
[36m(vLLMHttpServer pid=922847)[0m WARNING 07-30 11:42:06 [registry.py:911] Model architecture DeepseekV32ForCausalLM is already registered, and will be overwritten by the new model class vllm_hcu.models.deepseek_v2:DeepseekV3ForCausalLM.
[36m(vLLMHttpServer pid=922847)[0m WARNING 07-30 11:42:06 [registry.py:911] Model architecture DeepSeekMTPModel is already registered, and will be overwritten by the new model class vllm_hcu.models.deepseek_mtp:DeepSeekMTP.
[36m(vLLMHttpServer pid=922847)[0m WARNING 07-30 11:42:06 [registry.py:911] Model architecture GlmMoeDsaForCausalLM is already registered, and will be overwritten by the new model class vllm_hcu.models.deepseek_v2:GlmMoeDsaForCausalLM.
[36m(vLLMHttpServer pid=922847)[0m WARNING 07-30 11:42:06 [registry.py:911] Model architecture Glm4MoeForCausalLM is already registered, and will be overwritten by the new model class vllm_hcu.models.glm4_moe:Glm4MoeForCausalLM.
[36m(vLLMHttpServer pid=922847)[0m LANG_RL Log directory: None
[36m(vLLMHttpServer pid=922847)[0m [HCU_ADAPT] Patch has been applied in worker
[36m(vLLMHttpServer pid=922847)[0m LANG_RL Log directory: None
[36m(vLLMHttpServer pid=922847)[0m [HCU_ADAPT] Patch has been applied in worker
[36m(vLLMHttpServer pid=922847)[0m (Worker_TP0 pid=924408) WARNING 07-30 11:42:24 [activation.py:643] [ROCm] PyTorch's native GELU with tanh approximation is unstable. Falling back to GELU(approximate='none').
[36m(vLLMHttpServer pid=922847)[0m (Worker_TP0 pid=924408) WARNING 07-30 11:42:24 [compilation.py:1136] Op 'sparse_attn_indexer' not present in model, enabling with '+sparse_attn_indexer' has no effect
[36m(vLLMHttpServer pid=922847)[0m (Worker_TP1 pid=924409) WARNING 07-30 11:42:24 [activation.py:643] [ROCm] PyTorch's native GELU with tanh approximation is unstable. Falling back to GELU(approximate='none').
[36m(vLLMHttpServer pid=922847)[0m (Worker_TP1 pid=924409) WARNING 07-30 11:42:25 [compilation.py:1136] Op 'sparse_attn_indexer' not present in model, enabling with '+sparse_attn_indexer' has no effect
[36m(vLLMHttpServer pid=922847)[0m WARNING 07-30 11:58:55 [api_router.py:30] LoRA dynamic loading & unloading is enabled in the API server. This should ONLY be used for local development!
[36m(vLLMHttpServer pid=922847)[0m WARNING 07-30 11:58:55 [model.py:1379] Default vLLM sampling parameters have been overridden by the model's `generation_config.json`: `{'repetition_penalty': 1.0, 'temperature': 1.0, 'top_k': -1, 'top_p': 1.0, 'max_tokens': 1}`. If this is not intended, please relaunch vLLM instance with `--generation-config vllm`.
[36m(GlobalRequestLoadBalancer pid=945390)[0m LANG_RL Log directory: None
[36m(GlobalRequestLoadBalancer pid=945390)[0m [HCU_ADAPT] Patch has been applied in worker
[36m(pid=945400)[0m LANG_RL Log directory: None[32m [repeated 2x across cluster][0m
[36m(vLLMHttpServer pid=945396)[0m ['serve',
[36m(vLLMHttpServer pid=945396)[0m  '/public/home/xingjl/models/Qwen3-VL-8B-Instruct',
[36m(vLLMHttpServer pid=945396)[0m  '--dtype',
[36m(vLLMHttpServer pid=945396)[0m  'bfloat16',
[36m(vLLMHttpServer pid=945396)[0m  '--load_format',
[36m(vLLMHttpServer pid=945396)[0m  'dummy',
[36m(vLLMHttpServer pid=945396)[0m  '--distributed_executor_backend',
[36m(vLLMHttpServer pid=945396)[0m  'mp',
[36m(vLLMHttpServer pid=945396)[0m  '--worker_extension_cls',
[36m(vLLMHttpServer pid=945396)[0m  'verl.workers.rollout.vllm_rollout.utils.vLLMColocateWorkerExtension',
[36m(vLLMHttpServer pid=945396)[0m  '--max_model_len',
[36m(vLLMHttpServer pid=945396)[0m  '3073',
[36m(vLLMHttpServer pid=945396)[0m  '--max_num_seqs',
[36m(vLLMHttpServer pid=945396)[0m  '1024',
[36m(vLLMHttpServer pid=945396)[0m  '--enable_chunked_prefill',
[36m(vLLMHttpServer pid=945396)[0m  '--max_num_batched_tokens',
[36m(vLLMHttpServer pid=945396)[0m  '8192',
[36m(vLLMHttpServer pid=945396)[0m  '--enable_prefix_caching',
[36m(vLLMHttpServer pid=945396)[0m  '--enable_sleep_mode',
[36m(vLLMHttpServer pid=945396)[0m  '--logprobs_mode',
[36m(vLLMHttpServer pid=945396)[0m  'processed_logprobs',
[36m(vLLMHttpServer pid=945396)[0m  '--gpu_memory_utilization',
[36m(vLLMHttpServer pid=945396)[0m  '0.3',
[36m(vLLMHttpServer pid=945396)[0m  '--disable_log_stats',
[36m(vLLMHttpServer pid=945396)[0m  '--tensor_parallel_size',
[36m(vLLMHttpServer pid=945396)[0m  '2',
[36m(vLLMHttpServer pid=945396)[0m WARNING:2026-07-30 12:00:27,876:Current Python version 3.10 is below the recommended 3.11 version. It is recommended to upgrade to Python 3.11 or higher for the best experience.[32m [repeated 3x across cluster][0m
[36m(vLLMHttpServer pid=945396)[0m  '--seed',
[36m(vLLMHttpServer pid=945396)[0m  '0',
[36m(vLLMHttpServer pid=945396)[0m  '--override_generation_config',
[36m(vLLMHttpServer pid=945396)[0m  '{"temperature": 1.0, "top_k": -1, "top_p": 1, "repetition_penalty": 1.0, '
[36m(vLLMHttpServer pid=945396)[0m  '"max_new_tokens": 2048}',
[36m(vLLMHttpServer pid=945396)[0m  '--hf_overrides',
[36m(vLLMHttpServer pid=945396)[0m  '{}',
[36m(vLLMHttpServer pid=945396)[0m  '--scheduling_policy',
[36m(vLLMHttpServer pid=945396)[0m  'fcfs',
[36m(vLLMHttpServer pid=945396)[0m  '--compilation_config',
[36m(vLLMHttpServer pid=945396)[0m  '{"cudagraph_mode": "FULL_AND_PIECEWISE"}',
[36m(vLLMHttpServer pid=945396)[0m  '--mm_processor_cache_gb',
[36m(vLLMHttpServer pid=945396)[0m  '0']
[36m(vLLMHttpServer pid=945396)[0m WARNING 07-30 11:59:32 [registry.py:911] Model architecture DeepseekV3ForCausalLM is already registered, and will be overwritten by the new model class vllm_hcu.models.deepseek_v2:DeepseekV3ForCausalLM.
[36m(vLLMHttpServer pid=945396)[0m WARNING 07-30 11:59:32 [registry.py:911] Model architecture DeepseekV32ForCausalLM is already registered, and will be overwritten by the new model class vllm_hcu.models.deepseek_v2:DeepseekV3ForCausalLM.
[36m(vLLMHttpServer pid=945396)[0m WARNING 07-30 11:59:32 [registry.py:911] Model architecture DeepSeekMTPModel is already registered, and will be overwritten by the new model class vllm_hcu.models.deepseek_mtp:DeepSeekMTP.
[36m(vLLMHttpServer pid=945396)[0m WARNING 07-30 11:59:32 [registry.py:911] Model architecture GlmMoeDsaForCausalLM is already registered, and will be overwritten by the new model class vllm_hcu.models.deepseek_v2:GlmMoeDsaForCausalLM.
[36m(vLLMHttpServer pid=945396)[0m WARNING 07-30 11:59:32 [registry.py:911] Model architecture Glm4MoeForCausalLM is already registered, and will be overwritten by the new model class vllm_hcu.models.glm4_moe:Glm4MoeForCausalLM.
[36m(vLLMHttpServer pid=945400)[0m WARNING 07-30 11:59:38 [system_utils.py:152] We must use the `spawn` multiprocessing start method. Overriding VLLM_WORKER_MULTIPROC_METHOD to 'spawn'. See https://docs.vllm.ai/en/latest/usage/troubleshooting.html#python-multiprocessing for more information. Reasons: In a Ray actor and can only be spawned; CUDA is initialized
[36m(pid=945400)[0m [HCU_ADAPT] Patch has been applied in worker[32m [repeated 2x across cluster][0m
[36m(vLLMHttpServer pid=945400)[0m WARNING 07-30 11:59:32 [registry.py:911] Model architecture Glm4MoeForCausalLM is already registered, and will be overwritten by the new model class vllm_hcu.models.glm4_moe:Glm4MoeForCausalLM.[32m [repeated 3x across cluster][0m
[36m(vLLMHttpServer pid=945400)[0m WARNING 07-30 11:59:32 [registry.py:911] Model architecture DeepSeekMTPModel is already registered, and will be overwritten by the new model class vllm_hcu.models.deepseek_mtp:DeepSeekMTP.
[36m(vLLMHttpServer pid=945400)[0m WARNING 07-30 11:59:32 [registry.py:911] Model architecture GlmMoeDsaForCausalLM is already registered, and will be overwritten by the new model class vllm_hcu.models.deepseek_v2:GlmMoeDsaForCausalLM.
[36m(vLLMHttpServer pid=945400)[0m (EngineCore pid=946276) WARNING 07-30 11:59:57 [registry.py:911] Model architecture DeepseekV3ForCausalLM is already registered, and will be overwritten by the new model class vllm_hcu.models.deepseek_v2:DeepseekV3ForCausalLM.
[36m(vLLMHttpServer pid=945400)[0m (EngineCore pid=946276) WARNING 07-30 11:59:57 [registry.py:911] Model architecture DeepseekV32ForCausalLM is already registered, and will be overwritten by the new model class vllm_hcu.models.deepseek_v2:DeepseekV3ForCausalLM.
[36m(vLLMHttpServer pid=945400)[0m (EngineCore pid=946276) WARNING 07-30 11:59:57 [registry.py:911] Model architecture DeepSeekMTPModel is already registered, and will be overwritten by the new model class vllm_hcu.models.deepseek_mtp:DeepSeekMTP.
[36m(vLLMHttpServer pid=945400)[0m (EngineCore pid=946276) WARNING 07-30 11:59:57 [registry.py:911] Model architecture GlmMoeDsaForCausalLM is already registered, and will be overwritten by the new model class vllm_hcu.models.deepseek_v2:GlmMoeDsaForCausalLM.
[36m(vLLMHttpServer pid=945400)[0m (EngineCore pid=946276) WARNING 07-30 11:59:57 [registry.py:911] Model architecture Glm4MoeForCausalLM is already registered, and will be overwritten by the new model class vllm_hcu.models.glm4_moe:Glm4MoeForCausalLM.
[36m(vLLMHttpServer pid=945396)[0m WARNING 07-30 11:59:39 [system_utils.py:152] We must use the `spawn` multiprocessing start method. Overriding VLLM_WORKER_MULTIPROC_METHOD to 'spawn'. See https://docs.vllm.ai/en/latest/usage/troubleshooting.html#python-multiprocessing for more information. Reasons: In a Ray actor and can only be spawned; CUDA is initialized
[36m(vLLMHttpServer pid=945400)[0m WARNING 07-30 12:00:20 [registry.py:911] Model architecture DeepseekV3ForCausalLM is already registered, and will be overwritten by the new model class vllm_hcu.models.deepseek_v2:DeepseekV3ForCausalLM.
[36m(vLLMHttpServer pid=945400)[0m WARNING 07-30 12:00:20 [registry.py:911] Model architecture DeepseekV32ForCausalLM is already registered, and will be overwritten by the new model class vllm_hcu.models.deepseek_v2:DeepseekV3ForCausalLM.
[36m(vLLMHttpServer pid=945400)[0m WARNING 07-30 12:00:20 [registry.py:911] Model architecture DeepSeekMTPModel is already registered, and will be overwritten by the new model class vllm_hcu.models.deepseek_mtp:DeepSeekMTP.
[36m(vLLMHttpServer pid=945400)[0m WARNING 07-30 12:00:20 [registry.py:911] Model architecture GlmMoeDsaForCausalLM is already registered, and will be overwritten by the new model class vllm_hcu.models.deepseek_v2:GlmMoeDsaForCausalLM.
[36m(vLLMHttpServer pid=945400)[0m WARNING 07-30 12:00:20 [registry.py:911] Model architecture Glm4MoeForCausalLM is already registered, and will be overwritten by the new model class vllm_hcu.models.glm4_moe:Glm4MoeForCausalLM.
[36m(vLLMHttpServer pid=945396)[0m (EngineCore pid=946285) WARNING 07-30 11:59:58 [registry.py:911] Model architecture Glm4MoeForCausalLM is already registered, and will be overwritten by the new model class vllm_hcu.models.glm4_moe:Glm4MoeForCausalLM.[32m [repeated 3x across cluster][0m
[36m(vLLMHttpServer pid=945396)[0m (EngineCore pid=946285) WARNING 07-30 11:59:58 [registry.py:911] Model architecture DeepSeekMTPModel is already registered, and will be overwritten by the new model class vllm_hcu.models.deepseek_mtp:DeepSeekMTP.
[36m(vLLMHttpServer pid=945396)[0m (EngineCore pid=946285) WARNING 07-30 11:59:58 [registry.py:911] Model architecture GlmMoeDsaForCausalLM is already registered, and will be overwritten by the new model class vllm_hcu.models.deepseek_v2:GlmMoeDsaForCausalLM.
[36m(vLLMHttpServer pid=945396)[0m LANG_RL Log directory: None
[36m(vLLMHttpServer pid=945396)[0m [HCU_ADAPT] Patch has been applied in worker
[36m(vLLMHttpServer pid=945396)[0m WARNING 07-30 12:00:23 [registry.py:911] Model architecture Glm4MoeForCausalLM is already registered, and will be overwritten by the new model class vllm_hcu.models.glm4_moe:Glm4MoeForCausalLM.[32m [repeated 9x across cluster][0m
[36m(vLLMHttpServer pid=945396)[0m WARNING 07-30 12:00:23 [registry.py:911] Model architecture DeepSeekMTPModel is already registered, and will be overwritten by the new model class vllm_hcu.models.deepseek_mtp:DeepSeekMTP.[32m [repeated 3x across cluster][0m
[36m(vLLMHttpServer pid=945396)[0m WARNING 07-30 12:00:23 [registry.py:911] Model architecture GlmMoeDsaForCausalLM is already registered, and will be overwritten by the new model class vllm_hcu.models.deepseek_v2:GlmMoeDsaForCausalLM.[32m [repeated 3x across cluster][0m
[36m(vLLMHttpServer pid=945400)[0m (Worker_TP0 pid=946711) WARNING 07-30 12:00:39 [activation.py:643] [ROCm] PyTorch's native GELU with tanh approximation is unstable. Falling back to GELU(approximate='none').
[36m(vLLMHttpServer pid=945396)[0m LANG_RL Log directory: None[32m [repeated 3x across cluster][0m
[36m(vLLMHttpServer pid=945400)[0m (Worker_TP0 pid=946711) Capturing CUDA graphs (mixed prefill-decode, PIECEWISE):   0%|          | 0/51 [00:00<?, ?it/s]
[36m(vLLMHttpServer pid=945396)[0m WARNING:2026-07-30 12:00:30,034:Current Python version 3.10 is below the recommended 3.11 version. It is recommended to upgrade to Python 3.11 or higher for the best experience.[32m [repeated 3x across cluster][0m
[36m(vLLMHttpServer pid=945400)[0m Capturing CUDA graphs (mixed prefill-decode, PIECEWISE):   2%|▏         | 1/51 [00:00<00:06,  8.32it/s]
[36m(vLLMHttpServer pid=945400)[0m Capturing CUDA graphs (mixed prefill-decode, PIECEWISE):   6%|▌         | 3/51 [00:00<00:04, 11.92it/s]
[36m(vLLMHttpServer pid=945400)[0m Capturing CUDA graphs (mixed prefill-decode, PIECEWISE):  10%|▉         | 5/51 [00:00<00:03, 13.14it/s]
[36m(vLLMHttpServer pid=945400)[0m Capturing CUDA graphs (mixed prefill-decode, PIECEWISE):  92%|█████████▏| 47/51 [00:03<00:00, 15.88it/s]
[36m(vLLMHttpServer pid=945400)[0m Capturing CUDA graphs (mixed prefill-decode, PIECEWISE):  96%|█████████▌| 49/51 [00:03<00:00, 16.06it/s]
[36m(vLLMHttpServer pid=945400)[0m Capturing CUDA graphs (mixed prefill-decode, PIECEWISE): 100%|██████████| 51/51 [00:03<00:00, 16.18it/s]Capturing CUDA graphs (mixed prefill-decode, PIECEWISE): 100%|██████████| 51/51 [00:03<00:00, 15.17it/s]
[36m(vLLMHttpServer pid=945400)[0m (Worker_TP0 pid=946711) Capturing CUDA graphs (decode, FULL):   0%|          | 0/51 [00:00<?, ?it/s]
[36m(vLLMHttpServer pid=945400)[0m Capturing CUDA graphs (decode, FULL):   2%|▏         | 1/51 [00:01<00:51,  1.02s/it]
[36m(vLLMHttpServer pid=945400)[0m Capturing CUDA graphs (decode, FULL):   6%|▌         | 3/51 [00:01<00:15,  3.17it/s]
[36m(vLLMHttpServer pid=945400)[0m Capturing CUDA graphs (decode, FULL):  10%|▉         | 5/51 [00:01<00:08,  5.33it/s]
[36m(vLLMHttpServer pid=945396)[0m (Worker_TP0 pid=946742) Capturing CUDA graphs (mixed prefill-decode, PIECEWISE):   0%|          | 0/51 [00:00<?, ?it/s]
[36m(vLLMHttpServer pid=945396)[0m Capturing CUDA graphs (mixed prefill-decode, PIECEWISE):  88%|████████▊ | 45/51 [00:02<00:00, 15.57it/s][32m [repeated 43x across cluster][0m
[36m(vLLMHttpServer pid=945396)[0m Capturing CUDA graphs (mixed prefill-decode, PIECEWISE):  96%|█████████▌| 49/51 [00:03<00:00, 15.96it/s][32m [repeated 2x across cluster][0m
[36m(vLLMHttpServer pid=945396)[0m Capturing CUDA graphs (mixed prefill-decode, PIECEWISE): 100%|██████████| 51/51 [00:03<00:00, 16.09it/s]Capturing CUDA graphs (mixed prefill-decode, PIECEWISE): 100%|██████████| 51/51 [00:03<00:00, 15.17it/s]
[36m(vLLMHttpServer pid=945396)[0m (Worker_TP0 pid=946742) Capturing CUDA graphs (decode, FULL):   0%|          | 0/51 [00:00<?, ?it/s]
[36m(vLLMHttpServer pid=945396)[0m Capturing CUDA graphs (decode, FULL):  88%|████████▊ | 45/51 [00:05<00:01,  4.46it/s][32m [repeated 43x across cluster][0m
[36m(vLLMHttpServer pid=945400)[0m Capturing CUDA graphs (decode, FULL):  92%|█████████▏| 47/51 [00:07<00:01,  2.92it/s]
[36m(vLLMHttpServer pid=945400)[0m Capturing CUDA graphs (decode, FULL):  96%|█████████▌| 49/51 [00:07<00:00,  3.84it/s]
[36m(vLLMHttpServer pid=945400)[0m Capturing CUDA graphs (decode, FULL): 100%|██████████| 51/51 [00:08<00:00,  2.73it/s]Capturing CUDA graphs (decode, FULL): 100%|██████████| 51/51 [00:08<00:00,  5.99it/s]
[36m(TaskRunner pid=899085)[0m Training Progress:   0%|          | 0/1110 [00:00<?, ?it/s]
[36m(vLLMHttpServer pid=945396)[0m Capturing CUDA graphs (decode, FULL):  96%|█████████▌| 49/51 [00:07<00:00,  3.91it/s][32m [repeated 2x across cluster][0m
[36m(vLLMHttpServer pid=945396)[0m Capturing CUDA graphs (decode, FULL): 100%|██████████| 51/51 [00:08<00:00,  2.80it/s]Capturing CUDA graphs (decode, FULL): 100%|██████████| 51/51 [00:08<00:00,  6.11it/s]
[36m(GlobalRequestLoadBalancer pid=964418)[0m WARNING:2026-07-30 12:03:01,216:Current Python version 3.10 is below the recommended 3.11 version. It is recommended to upgrade to Python 3.11 or higher for the best experience.
[36m(TaskRunner pid=899085)[0m W0730 12:04:00.686000 899085 lib/python3.10/dist-packages/torch/fx/_symbolic_trace.py:53] is_fx_tracing will return true for both fx.symbolic_trace and torch.export. Please use is_fx_tracing_symbolic_tracing() for specifically fx.symbolic_trace or torch.compiler.is_compiling() for specifically torch.export/compile.
[36m(pid=964427)[0m WARNING:2026-07-30 12:03:03,492:Current Python version 3.10 is below the recommended 3.11 version. It is recommended to upgrade to Python 3.11 or higher for the best experience.[32m [repeated 8x across cluster][0m
[36m(vLLMHttpServer pid=945396)[0m [HCU_ADAPT] Patch has been applied in worker[32m [repeated 3x across cluster][0m
[36m(vLLMHttpServer pid=945400)[0m (Worker_TP0 pid=946711) WARNING 07-30 12:00:40 [compilation.py:1136] Op 'sparse_attn_indexer' not present in model, enabling with '+sparse_attn_indexer' has no effect
[36m(vLLMHttpServer pid=945400)[0m (Worker_TP1 pid=946712) WARNING 07-30 12:00:40 [activation.py:643] [ROCm] PyTorch's native GELU with tanh approximation is unstable. Falling back to GELU(approximate='none').
[36m(vLLMHttpServer pid=945400)[0m (Worker_TP1 pid=946712) WARNING 07-30 12:00:41 [compilation.py:1136] Op 'sparse_attn_indexer' not present in model, enabling with '+sparse_attn_indexer' has no effect
[36m(vLLMHttpServer pid=945396)[0m (Worker_TP0 pid=946742) WARNING 07-30 12:00:45 [activation.py:643] [ROCm] PyTorch's native GELU with tanh approximation is unstable. Falling back to GELU(approximate='none').
[36m(vLLMHttpServer pid=945396)[0m (Worker_TP0 pid=946742) WARNING 07-30 12:00:45 [compilation.py:1136] Op 'sparse_attn_indexer' not present in model, enabling with '+sparse_attn_indexer' has no effect
[36m(vLLMHttpServer pid=945396)[0m (Worker_TP1 pid=946743) WARNING 07-30 12:00:46 [activation.py:643] [ROCm] PyTorch's native GELU with tanh approximation is unstable. Falling back to GELU(approximate='none').
[36m(vLLMHttpServer pid=945396)[0m (Worker_TP1 pid=946743) WARNING 07-30 12:00:46 [compilation.py:1136] Op 'sparse_attn_indexer' not present in model, enabling with '+sparse_attn_indexer' has no effect
[36m(vLLMHttpServer pid=945400)[0m WARNING 07-30 12:02:30 [api_router.py:30] LoRA dynamic loading & unloading is enabled in the API server. This should ONLY be used for local development!
[36m(vLLMHttpServer pid=945400)[0m WARNING 07-30 12:02:30 [model.py:1379] Default vLLM sampling parameters have been overridden by the model's `generation_config.json`: `{'repetition_penalty': 1.0, 'temperature': 1.0, 'top_k': -1, 'top_p': 1, 'max_tokens': 2048}`. If this is not intended, please relaunch vLLM instance with `--generation-config vllm`.
[36m(TaskRunner pid=899085)[0m LLMServerManager: ['10.16.1.39:41913', '10.16.1.39:34261']
[36m(vLLMHttpServer pid=945396)[0m WARNING 07-30 12:02:31 [api_router.py:30] LoRA dynamic loading & unloading is enabled in the API server. This should ONLY be used for local development!
[36m(vLLMHttpServer pid=945396)[0m WARNING 07-30 12:02:31 [model.py:1379] Default vLLM sampling parameters have been overridden by the model's `generation_config.json`: `{'repetition_penalty': 1.0, 'temperature': 1.0, 'top_k': -1, 'top_p': 1, 'max_tokens': 2048}`. If this is not intended, please relaunch vLLM instance with `--generation-config vllm`.
[36m(TaskRunner pid=899085)[0m Checkpoint tracker file does not exist: /public/home/xingjl/verl-das/examples/on_policy_distillation_trainer/ckpts/DISTILLATION-Qwen3-VL-8B-Instruct-BASE-GSM8K-GEO3K/DISTILLATION-Qwen3-VL-8B-Instruct-BASE-MOPD-VEOMNI-vLLM/latest_checkpointed_iteration.txt
[36m(TaskRunner pid=899085)[0m Training from scratch
[36m(vLLMHttpServer pid=945396)[0m (EngineCore pid=946285) WARNING 07-30 12:02:42 [scheduler.py:2541] reset_connector called but no KV connector is configured.
[36m(vLLMHttpServer pid=945396)[0m (EngineCore pid=946285) WARNING 07-30 12:02:50 [scheduler.py:2541] reset_connector called but no KV connector is configured.[32m [repeated 2x across cluster][0m
[36m(GlobalRequestLoadBalancer pid=964418)[0m LANG_RL Log directory: None
[36m(vLLMHttpServer pid=945400)[0m (EngineCore pid=946276) WARNING 07-30 12:02:52 [scheduler.py:2541] reset_connector called but no KV connector is configured.[32m [repeated 3x across cluster][0m
[36m(GlobalRequestLoadBalancer pid=964418)[0m [HCU_ADAPT] Patch has been applied in worker
[36m(pid=964427)[0m LANG_RL Log directory: None[32m [repeated 8x across cluster][0m
[36m(AgentLoopWorker pid=964421)[0m Using dataset class: RLHFDataset
[36m(vLLMHttpServer pid=945396)[0m WARNING 07-30 12:03:10 [input_processor.py:227] Passing raw prompts to InputProcessor is deprecated and will be removed in v0.18. You should instead pass the outputs of Renderer.render_cmpl() or Renderer.render_chat().
[36m(pid=964427)[0m [HCU_ADAPT] Patch has been applied in worker[32m [repeated 8x across cluster][0m
[36m(AgentLoopWorker pid=964427)[0m Using dataset class: RLHFDataset[32m [repeated 7x across cluster][0m
[36m(vLLMHttpServer pid=922847)[0m WARNING 07-30 12:03:18 [input_processor.py:227] Passing raw prompts to InputProcessor is deprecated and will be removed in v0.18. You should instead pass the outputs of Renderer.render_cmpl() or Renderer.render_chat().[32m [repeated 3x across cluster][0m
[36m(vLLMHttpServer pid=945396)[0m (EngineCore pid=946285) WARNING 07-30 12:05:05 [scheduler.py:2541] reset_connector called but no KV connector is configured.
[36m(vLLMHttpServer pid=945396)[0m (EngineCore pid=946285) WARNING 07-30 12:05:13 [scheduler.py:2541] reset_connector called but no KV connector is configured.[32m [repeated 2x across cluster][0m
[36m(TaskRunner pid=899085)[0m Training Progress:   0%|          | 1/1110 [02:22<43:50:12, 142.30s/it]
[36m(WorkerDict pid=900911)[0m [rank3]:W0730 12:04:03.151000 900911 lib/python3.10/dist-packages/torch/fx/_symbolic_trace.py:53] is_fx_tracing will return true for both fx.symbolic_trace and torch.export. Please use is_fx_tracing_symbolic_tracing() for specifically fx.symbolic_trace or torch.compiler.is_compiling() for specifically torch.export/compile.[32m [repeated 4x across cluster][0m
[36m(TaskRunner pid=899085)[0m step:1 - global_seqlen/min:13513 - global_seqlen/max:24852 - global_seqlen/minmax_diff:11339 - global_seqlen/balanced_min:18620 - global_seqlen/balanced_max:18645 - global_seqlen/mean:18629.5 - actor/entropy:0.35079672932624817 - perf/mfu/actor_infer:0.08558902888174684 - actor/pg_clipfrac:np.float64(0.0) - actor/ppo_kl:np.float64(0.0) - actor/pg_clipfrac_lower:np.float64(0.0) - actor/pg_loss:np.float64(-0.3678930662572384) - actor/distillation/abs_loss:np.float64(0.4013710506260395) - actor/distillation/loss_min:np.float64(-5.776312828063965) - actor/distillation/loss_max:np.float64(37.41596603393555) - actor/distillation/pg_clipfrac:np.float64(0.0) - actor/distillation/ppo_kl:np.float64(0.0) - actor/distillation/pg_clipfrac_lower:np.float64(0.0) - actor/distillation/loss:np.float64(0.3874083310365677) - actor/loss:np.float64(0.3874083161354065) - actor/grad_norm:np.float64(4.931825637817383) - actor/lr:np.float64(9.99997997403252e-07) - actor/perf/max_memory_allocated_gb:np.float64(40.9226450920105) - actor/perf/max_memory_reserved_gb:np.float64(42.3671875) - actor/perf/cpu_memory_used_gb:np.float64(209.9595069885254) - perf/mfu/actor:np.float64(0.18021783728592622) - training/global_step:1 - training/epoch:0 - critic/score/mean:0.6234375238418579 - critic/score/max:1.0 - critic/score/min:0.0 - critic/rewards/mean:0.6234375238418579 - critic/rewards/max:1.0 - critic/rewards/min:0.0 - critic/advantages/mean:0.3678930401802063 - critic/advantages/max:0.9999990463256836 - critic/advantages/min:0.0 - critic/returns/mean:0.3678930401802063 - critic/returns/max:0.9999990463256836 - critic/returns/min:0.0 - response_length/mean:474.8828125 - response_length/max:2048.0 - response_length/min:82.0 - response_length/clip_ratio:0.09375 - response_length_non_aborted/mean:474.8828125 - response_length_non_aborted/max:2048.0 - response_length_non_aborted/min:82.0 - response_length_non_aborted/clip_ratio:0.09375 - response/aborted_ratio:0.0 - prompt_length/mean:107.2890625 - prompt_length/max:437.0 - prompt_length/min:48.0 - prompt_length/clip_ratio:0.0 - num_turns/min:np.int32(2) - num_turns/max:np.int32(2) - num_turns/mean:np.float64(2.0) - timing_s/start_profile:0.0005545170279219747 - timing_s/agent_loop/num_preempted/min:np.int64(-1) - timing_s/agent_loop/num_preempted/max:np.int64(-1) - timing_s/agent_loop/num_preempted/mean:np.float64(-1.0) - timing_s/agent_loop/generate_sequences/min:np.float64(2.728151644929312) - timing_s/agent_loop/generate_sequences/max:np.float64(42.96264490892645) - timing_s/agent_loop/generate_sequences/mean:np.float64(11.984023308735232) - timing_s/agent_loop/tool_calls/min:np.float64(0.0) - timing_s/agent_loop/tool_calls/max:np.float64(0.0) - timing_s/agent_loop/tool_calls/mean:np.float64(0.0) - timing_s/agent_loop/compute_score/min:np.float64(0.005186971044167876) - timing_s/agent_loop/compute_score/max:np.float64(0.18056895292829722) - timing_s/agent_loop/compute_score/mean:np.float64(0.014791875615628669) - timing_s/agent_loop/slowest/generate_sequences:np.float64(42.96264490892645) - timing_s/agent_loop/slowest/tool_calls:np.float64(0.0) - timing_s/agent_loop/slowest/compute_score:np.float64(0.02221846708562225) - timing_s/agent_loop/slowest/num_preempted:np.int64(-1) - timing_s/agent_loop/slowest/prompt_length:204 - timing_s/agent_loop/slowest/response_length:2048 - timing_s/gen:67.76788857404608 - timing_s/reward:4.116003401577473e-05 - timing_s/old_log_prob:15.42302505299449 - timing_s/adv:0.005181550979614258 - timing_s/update_actor:49.1251109080622 - timing_s/update_weights:9.2410376080079 - timing_s/step:141.60349158698227 - timing_s/stop_profile:8.944992441684008e-05 - timing_per_token_ms/update_actor:0.6592381828291446 - timing_per_token_ms/gen:1.1148784827514366 - timing_per_token_ms/adv:6.95342196464513e-05 - perf/total_num_tokens:74518 - perf/time_per_step:141.60349158698227 - perf/throughput:65.78051074593921
[36m(vLLMHttpServer pid=945396)[0m (EngineCore pid=946285) WARNING 07-30 12:06:29 [scheduler.py:2541] reset_connector called but no KV connector is configured.[32m [repeated 4x across cluster][0m
[36m(vLLMHttpServer pid=945396)[0m (EngineCore pid=946285) WARNING 07-30 12:06:36 [scheduler.py:2541] reset_connector called but no KV connector is configured.[32m [repeated 2x across cluster][0m
[36m(TaskRunner pid=899085)[0m Training Progress:   0%|          | 2/1110 [03:45<33:10:43, 107.80s/it]
[36m(TaskRunner pid=899085)[0m step:2 - global_seqlen/min:14908 - global_seqlen/max:23347 - global_seqlen/minmax_diff:8439 - global_seqlen/balanced_min:18411 - global_seqlen/balanced_max:18439 - global_seqlen/mean:18424.0 - actor/entropy:0.3435399830341339 - perf/mfu/actor_infer:0.23564244282497335 - actor/pg_clipfrac:np.float64(0.0) - actor/ppo_kl:np.float64(0.0) - actor/pg_clipfrac_lower:np.float64(0.0) - actor/pg_loss:np.float64(-0.49415378272533417) - actor/distillation/abs_loss:np.float64(0.3986012600362301) - actor/distillation/loss_min:np.float64(-11.220882415771484) - actor/distillation/loss_max:np.float64(37.639591217041016) - actor/distillation/pg_clipfrac:np.float64(0.0) - actor/distillation/ppo_kl:np.float64(0.0) - actor/distillation/pg_clipfrac_lower:np.float64(0.0) - actor/distillation/loss:np.float64(0.2485757004469633) - actor/loss:np.float64(0.24857568740844727) - actor/grad_norm:np.float64(3.3371102809906006) - actor/lr:np.float64(9.999919896290497e-07) - actor/perf/max_memory_allocated_gb:np.float64(43.19597578048706) - actor/perf/max_memory_reserved_gb:np.float64(51.5625) - actor/perf/cpu_memory_used_gb:np.float64(302.8092155456543) - perf/mfu/actor:np.float64(0.24774812560554615) - training/global_step:2 - training/epoch:0 - critic/score/mean:0.66796875 - critic/score/max:1.0 - critic/score/min:0.0 - critic/rewards/mean:0.66796875 - critic/rewards/max:1.0 - critic/rewards/min:0.0 - critic/advantages/mean:0.49415385723114014 - critic/advantages/max:0.9999990463256836 - critic/advantages/min:0.0 - critic/returns/mean:0.49415385723114014 - critic/returns/max:0.9999990463256836 - critic/returns/min:0.0 - response_length/mean:463.078125 - response_length/max:2048.0 - response_length/min:82.0 - response_length/clip_ratio:0.078125 - response_length_non_aborted/mean:463.078125 - response_length_non_aborted/max:2048.0 - response_length_non_aborted/min:82.0 - response_length_non_aborted/clip_ratio:0.078125 - response/aborted_ratio:0.0 - prompt_length/mean:112.671875 - prompt_length/max:437.0 - prompt_length/min:48.0 - prompt_length/clip_ratio:0.0 - num_turns/min:np.int32(2) - num_turns/max:np.int32(2) - num_turns/mean:np.float64(2.0) - timing_s/start_profile:0.00021060893777757883 - timing_s/agent_loop/num_preempted/min:np.int64(-1) - timing_s/agent_loop/num_preempted/max:np.int64(-1) - timing_s/agent_loop/num_preempted/mean:np.float64(-1.0) - timing_s/agent_loop/generate_sequences/min:np.float64(2.337542293011211) - timing_s/agent_loop/generate_sequences/max:np.float64(38.7985157930525) - timing_s/agent_loop/generate_sequences/mean:np.float64(10.45925321037521) - timing_s/agent_loop/tool_calls/min:np.float64(0.0) - timing_s/agent_loop/tool_calls/max:np.float64(0.0) - timing_s/agent_loop/tool_calls/mean:np.float64(0.0) - timing_s/agent_loop/compute_score/min:np.float64(0.005720488959923387) - timing_s/agent_loop/compute_score/max:np.float64(0.18134782800916582) - timing_s/agent_loop/compute_score/mean:np.float64(0.01256047101742297) - timing_s/agent_loop/slowest/generate_sequences:np.float64(38.7985157930525) - timing_s/agent_loop/slowest/tool_calls:np.float64(0.0) - timing_s/agent_loop/slowest/compute_score:np.float64(0.02355535002425313) - timing_s/agent_loop/slowest/num_preempted:np.int64(-1) - timing_s/agent_loop/slowest/prompt_length:224 - timing_s/agent_loop/slowest/response_length:2048 - timing_s/gen:46.12694159406237 - timing_s/reward:3.0800001695752144e-05 - timing_s/old_log_prob:9.703259528032504 - timing_s/adv:0.005017871968448162 - timing_s/update_actor:18.88686541595962 - timing_s/update_weights:8.804503896972165 - timing_s/step:83.55795085406862 - timing_s/stop_profile:8.578901179134846e-05 - timing_per_token_ms/update_actor:0.2562807400124785 - timing_per_token_ms/gen:0.7781985625073788 - timing_per_token_ms/adv:6.808879679288105e-05 - perf/total_num_tokens:73696 - perf/time_per_step:83.55795085406862 - perf/throughput:110.24683953880671
[36m(vLLMHttpServer pid=945396)[0m (EngineCore pid=946285) WARNING 07-30 12:07:52 [scheduler.py:2541] reset_connector called but no KV connector is configured.[32m [repeated 4x across cluster][0m
[36m(vLLMHttpServer pid=945396)[0m (EngineCore pid=946285) WARNING 07-30 12:08:00 [scheduler.py:2541] reset_connector called but no KV connector is configured.[32m [repeated 2x across cluster][0m
[36m(TaskRunner pid=899085)[0m Training Progress:   0%|          | 3/1110 [05:09<29:45:32, 96.78s/it] 
[36m(TaskRunner pid=899085)[0m step:3 - global_seqlen/min:14196 - global_seqlen/max:20593 - global_seqlen/minmax_diff:6397 - global_seqlen/balanced_min:17924 - global_seqlen/balanced_max:17954 - global_seqlen/mean:17941.5 - actor/entropy:0.32021835446357727 - perf/mfu/actor_infer:0.2757941736388108 - actor/pg_clipfrac:np.float64(0.0) - actor/ppo_kl:np.float64(0.0) - actor/pg_clipfrac_lower:np.float64(0.0) - actor/pg_loss:np.float64(-0.4228186756372452) - actor/distillation/abs_loss:np.float64(0.37765030190348625) - actor/distillation/loss_min:np.float64(-5.874750137329102) - actor/distillation/loss_max:np.float64(37.037208557128906) - actor/distillation/pg_clipfrac:np.float64(0.0) - actor/distillation/ppo_kl:np.float64(0.0) - actor/distillation/pg_clipfrac_lower:np.float64(0.0) - actor/distillation/loss:np.float64(0.23478244990110397) - actor/loss:np.float64(0.23478245735168457) - actor/grad_norm:np.float64(3.7778313159942627) - actor/lr:np.float64(9.999819767255174e-07) - actor/perf/max_memory_allocated_gb:np.float64(43.19597578048706) - actor/perf/max_memory_reserved_gb:np.float64(51.5625) - actor/perf/cpu_memory_used_gb:np.float64(304.45362854003906) - perf/mfu/actor:np.float64(0.24628939731962105) - training/global_step:3 - training/epoch:0 - critic/score/mean:0.6617187261581421 - critic/score/max:1.0 - critic/score/min:0.0 - critic/rewards/mean:0.6617187261581421 - critic/rewards/max:1.0 - critic/rewards/min:0.0 - critic/advantages/mean:0.4228188097476959 - critic/advantages/max:0.9999990463256836 - critic/advantages/min:0.0 - critic/returns/mean:0.4228188097476959 - critic/returns/max:0.9999990463256836 - critic/returns/min:0.0 - response_length/mean:452.8828125 - response_length/max:2048.0 - response_length/min:58.0 - response_length/clip_ratio:0.0859375 - response_length_non_aborted/mean:452.8828125 - response_length_non_aborted/max:2048.0 - response_length_non_aborted/min:58.0 - response_length_non_aborted/clip_ratio:0.0859375 - response/aborted_ratio:0.0 - prompt_length/mean:107.7890625 - prompt_length/max:510.0 - prompt_length/min:47.0 - prompt_length/clip_ratio:0.0 - num_turns/min:np.int32(2) - num_turns/max:np.int32(2) - num_turns/mean:np.float64(2.0) - timing_s/start_profile:6.99399970471859e-05 - timing_s/agent_loop/num_preempted/min:np.int64(-1) - timing_s/agent_loop/num_preempted/max:np.int64(-1) - timing_s/agent_loop/num_preempted/mean:np.float64(-1.0) - timing_s/agent_loop/generate_sequences/min:np.float64(1.7805053249467164) - timing_s/agent_loop/generate_sequences/max:np.float64(37.372119654901326) - timing_s/agent_loop/generate_sequences/mean:np.float64(9.20072913263266) - timing_s/agent_loop/tool_calls/min:np.float64(0.0) - timing_s/agent_loop/tool_calls/max:np.float64(0.0) - timing_s/agent_loop/tool_calls/mean:np.float64(0.0) - timing_s/agent_loop/compute_score/min:np.float64(0.005431471043266356) - timing_s/agent_loop/compute_score/max:np.float64(0.18490732600912452) - timing_s/agent_loop/compute_score/mean:np.float64(0.012483150178013602) - timing_s/agent_loop/slowest/generate_sequences:np.float64(37.372119654901326) - timing_s/agent_loop/slowest/tool_calls:np.float64(0.0) - timing_s/agent_loop/slowest/compute_score:np.float64(0.022281988989561796) - timing_s/agent_loop/slowest/num_preempted:np.int64(-1) - timing_s/agent_loop/slowest/prompt_length:133 - timing_s/agent_loop/slowest/response_length:2048 - timing_s/gen:45.40230093605351 - timing_s/reward:2.9279966838657856e-05 - timing_s/old_log_prob:9.203756459988654 - timing_s/adv:0.005365240038372576 - timing_s/update_actor:19.495720381033607 - timing_s/update_weights:9.516285952995531 - timing_s/step:83.65273761108983 - timing_s/stop_profile:8.875993080437183e-05 - timing_per_token_ms/update_actor:0.2716567787118358 - timing_per_token_ms/gen:0.7832169079344737 - timing_per_token_ms/adv:7.476019338367161e-05 - perf/total_num_tokens:71766 - perf/time_per_step:83.65273761108983 - perf/throughput:107.23797279302367
[36m(vLLMHttpServer pid=945396)[0m (EngineCore pid=946285) WARNING 07-30 12:09:17 [scheduler.py:2541] reset_connector called but no KV connector is configured.[32m [repeated 4x across cluster][0m
[36m(vLLMHttpServer pid=945400)[0m (EngineCore pid=946276) WARNING 07-30 12:09:26 [scheduler.py:2541] reset_connector called but no KV connector is configured.[32m [repeated 2x across cluster][0m
[36m(TaskRunner pid=899085)[0m Training Progress:   0%|          | 4/1110 [06:35<28:25:10, 92.50s/it]
[36m(TaskRunner pid=899085)[0m step:4 - global_seqlen/min:13949 - global_seqlen/max:21057 - global_seqlen/minmax_diff:7108 - global_seqlen/balanced_min:17579 - global_seqlen/balanced_max:17626 - global_seqlen/mean:17607.75 - actor/entropy:0.3459213972091675 - perf/mfu/actor_infer:0.2708526683489897 - actor/pg_clipfrac:np.float64(0.0) - actor/ppo_kl:np.float64(0.0) - actor/pg_clipfrac_lower:np.float64(0.0) - actor/pg_loss:np.float64(-0.4346058927476406) - actor/distillation/abs_loss:np.float64(0.3921280950307846) - actor/distillation/loss_min:np.float64(-4.836982727050781) - actor/distillation/loss_max:np.float64(36.435123443603516) - actor/distillation/pg_clipfrac:np.float64(0.0) - actor/distillation/ppo_kl:np.float64(0.0) - actor/distillation/pg_clipfrac_lower:np.float64(0.0) - actor/distillation/loss:np.float64(0.2402073834091425) - actor/loss:np.float64(0.24020737409591675) - actor/grad_norm:np.float64(5.759888648986816) - actor/lr:np.float64(9.999679587728625e-07) - actor/perf/max_memory_allocated_gb:np.float64(43.19597578048706) - actor/perf/max_memory_reserved_gb:np.float64(51.5625) - actor/perf/cpu_memory_used_gb:np.float64(304.9744071960449) - perf/mfu/actor:np.float64(0.24344327687338124) - training/global_step:4 - training/epoch:0 - critic/score/mean:0.678906261920929 - critic/score/max:1.0 - critic/score/min:0.0 - critic/rewards/mean:0.678906261920929 - critic/rewards/max:1.0 - critic/rewards/min:0.0 - critic/advantages/mean:0.43460598587989807 - critic/advantages/max:0.9999990463256836 - critic/advantages/min:0.0 - critic/returns/mean:0.43460598587989807 - critic/returns/max:0.9999990463256836 - critic/returns/min:0.0 - response_length/mean:441.0546875 - response_length/max:2048.0 - response_length/min:61.0 - response_length/clip_ratio:0.09375 - response_length_non_aborted/mean:441.0546875 - response_length_non_aborted/max:2048.0 - response_length_non_aborted/min:61.0 - response_length_non_aborted/clip_ratio:0.09375 - response/aborted_ratio:0.0 - prompt_length/mean:109.1875 - prompt_length/max:404.0 - prompt_length/min:52.0 - prompt_length/clip_ratio:0.0 - num_turns/min:np.int32(2) - num_turns/max:np.int32(2) - num_turns/mean:np.float64(2.0) - timing_s/start_profile:7.195002399384975e-05 - timing_s/agent_loop/num_preempted/min:np.int64(-1) - timing_s/agent_loop/num_preempted/max:np.int64(-1) - timing_s/agent_loop/num_preempted/mean:np.float64(-1.0) - timing_s/agent_loop/generate_sequences/min:np.float64(1.8216529720230028) - timing_s/agent_loop/generate_sequences/max:np.float64(37.573805560939945) - timing_s/agent_loop/generate_sequences/mean:np.float64(8.981315326634103) - timing_s/agent_loop/tool_calls/min:np.float64(0.0) - timing_s/agent_loop/tool_calls/max:np.float64(0.0) - timing_s/agent_loop/tool_calls/mean:np.float64(0.0) - timing_s/agent_loop/compute_score/min:np.float64(0.005414711078628898) - timing_s/agent_loop/compute_score/max:np.float64(0.18291364703327417) - timing_s/agent_loop/compute_score/mean:np.float64(0.012698202436695283) - timing_s/agent_loop/slowest/generate_sequences:np.float64(37.53219265595544) - timing_s/agent_loop/slowest/tool_calls:np.float64(0.0) - timing_s/agent_loop/slowest/compute_score:np.float64(0.09197193093132228) - timing_s/agent_loop/slowest/num_preempted:np.int64(-1) - timing_s/agent_loop/slowest/prompt_length:266 - timing_s/agent_loop/slowest/response_length:2048 - timing_s/gen:46.214193828054704 - timing_s/reward:2.8450042009353638e-05 - timing_s/old_log_prob:10.042842095019296 - timing_s/adv:0.005177482031285763 - timing_s/update_actor:18.992035476956517 - timing_s/update_weights:10.660110383993015 - timing_s/step:85.9449786900077 - timing_s/stop_profile:8.807005360722542e-05 - timing_per_token_ms/update_actor:0.2696544913029279 - timing_per_token_ms/gen:0.8186023173864972 - timing_per_token_ms/adv:7.351140877292333e-05 - perf/total_num_tokens:70431 - perf/time_per_step:85.9449786900077 - perf/throughput:102.43617642578545
[36m(vLLMHttpServer pid=945396)[0m (EngineCore pid=946285) WARNING 07-30 12:10:40 [scheduler.py:2541] reset_connector called but no KV connector is configured.[32m [repeated 4x across cluster][0m
[36m(vLLMHttpServer pid=945396)[0m (EngineCore pid=946285) WARNING 07-30 12:10:48 [scheduler.py:2541] reset_connector called but no KV connector is configured.[32m [repeated 2x across cluster][0m
[36m(TaskRunner pid=899085)[0m test_gen_batch meta info: {'eos_token_id': 151645, 'pad_token_id': 151643, 'recompute_log_prob': False, 'do_sample': False, 'validate': True, 'global_steps': 5}
[36m(vLLMHttpServer pid=945400)[0m (EngineCore pid=946276) WARNING 07-30 12:10:50 [scheduler.py:2541] reset_connector called but no KV connector is configured.[32m [repeated 3x across cluster][0m
[36m(TaskRunner pid=899085)[0m validation generation end
[36m(TaskRunner pid=899085)[0m Training Progress:   0%|          | 5/1110 [10:06<41:29:16, 135.16s/it]
[36m(TaskRunner pid=899085)[0m step:5 - global_seqlen/min:15594 - global_seqlen/max:19442 - global_seqlen/minmax_diff:3848 - global_seqlen/balanced_min:17508 - global_seqlen/balanced_max:17545 - global_seqlen/mean:17528.0 - actor/entropy:0.34841954708099365 - perf/mfu/actor_infer:0.24353302985422273 - actor/pg_clipfrac:np.float64(0.0) - actor/ppo_kl:np.float64(5.727600728278048e-05) - actor/pg_clipfrac_lower:np.float64(0.0) - actor/pg_loss:np.float64(-0.40216971933841705) - actor/distillation/abs_loss:np.float64(0.39454764127731323) - actor/distillation/loss_min:np.float64(-6.145498275756836) - actor/distillation/loss_max:np.float64(36.87337875366211) - actor/distillation/pg_clipfrac:np.float64(9.517283615423366e-05) - actor/distillation/ppo_kl:np.float64(5.727600728278048e-05) - actor/distillation/pg_clipfrac_lower:np.float64(0.0) - actor/distillation/loss:np.float64(0.2509693894535303) - actor/loss:np.float64(0.25096940994262695) - actor/grad_norm:np.float64(3.5011675357818604) - actor/lr:np.float64(9.999499358833744e-07) - actor/perf/max_memory_allocated_gb:np.float64(43.19597578048706) - actor/perf/max_memory_reserved_gb:np.float64(55.326171875) - actor/perf/cpu_memory_used_gb:np.float64(304.8563919067383) - perf/mfu/actor:np.float64(0.24612860377657075) - val-aux/openai/gsm8k/reward/mean@1:np.float64(0.7035633055344959) - val-core/openai/gsm8k/acc/mean@1:np.float64(0.7035633055344959) - val-aux/hiyouga/geometry3k/reward/mean@1:np.float64(0.45673875661935665) - val-core/hiyouga/geometry3k/acc/mean@1:np.float64(0.456738768718802) - val-aux/num_turns/min:np.int32(2) - val-aux/num_turns/max:np.int32(2) - val-aux/num_turns/mean:np.float64(2.0) - training/global_step:5 - training/epoch:0 - critic/score/mean:0.616406261920929 - critic/score/max:1.0 - critic/score/min:0.0 - critic/rewards/mean:0.616406261920929 - critic/rewards/max:1.0 - critic/rewards/min:0.0 - critic/advantages/mean:0.40216976404190063 - critic/advantages/max:0.9999990463256836 - critic/advantages/min:0.0 - critic/returns/mean:0.40216976404190063 - critic/returns/max:0.9999990463256836 - critic/returns/min:0.0 - response_length/mean:442.4453125 - response_length/max:2048.0 - response_length/min:69.0 - response_length/clip_ratio:0.0859375 - response_length_non_aborted/mean:442.4453125 - response_length_non_aborted/max:2048.0 - response_length_non_aborted/min:69.0 - response_length_non_aborted/clip_ratio:0.0859375 - response/aborted_ratio:0.0 - prompt_length/mean:105.3046875 - prompt_length/max:377.0 - prompt_length/min:51.0 - prompt_length/clip_ratio:0.0 - num_turns/min:np.int32(2) - num_turns/max:np.int32(2) - num_turns/mean:np.float64(2.0) - timing_s/start_profile:6.972998380661011e-05 - timing_s/agent_loop/num_preempted/min:np.int64(-1) - timing_s/agent_loop/num_preempted/max:np.int64(-1) - timing_s/agent_loop/num_preempted/mean:np.float64(-1.0) - timing_s/agent_loop/generate_sequences/min:np.float64(1.9063685719156638) - timing_s/agent_loop/generate_sequences/max:np.float64(37.63712672202382) - timing_s/agent_loop/generate_sequences/mean:np.float64(8.966199633156975) - timing_s/agent_loop/tool_calls/min:np.float64(0.0) - timing_s/agent_loop/tool_calls/max:np.float64(0.0) - timing_s/agent_loop/tool_calls/mean:np.float64(0.0) - timing_s/agent_loop/compute_score/min:np.float64(0.00530580198392272) - timing_s/agent_loop/compute_score/max:np.float64(0.06124353199265897) - timing_s/agent_loop/compute_score/mean:np.float64(0.010755900863841816) - timing_s/agent_loop/slowest/generate_sequences:np.float64(37.63712672202382) - timing_s/agent_loop/slowest/tool_calls:np.float64(0.0) - timing_s/agent_loop/slowest/compute_score:np.float64(0.021032737102359533) - timing_s/agent_loop/slowest/num_preempted:np.int64(-1) - timing_s/agent_loop/slowest/prompt_length:236 - timing_s/agent_loop/slowest/response_length:2048 - timing_s/gen:45.535618055961095 - timing_s/reward:2.9660062864422798e-05 - timing_s/old_log_prob:9.017895961063914 - timing_s/adv:0.005289752967655659 - timing_s/update_actor:18.191922200960107 - timing_s/update_weights:10.043729624012485 - timing_s/step:82.8251730260672 - timing_s/testing:127.96307064197026 - timing_s/stop_profile:0.00028268794994801283 - timing_per_token_ms/update_actor:0.2594694517480618 - timing_per_token_ms/gen:0.8040474291660533 - timing_per_token_ms/adv:7.544718404346844e-05 - perf/total_num_tokens:70112 - perf/time_per_step:82.8251730260672 - perf/throughput:105.8132410691342
[36m(vLLMHttpServer pid=945396)[0m (EngineCore pid=946285) WARNING 07-30 12:14:17 [scheduler.py:2541] reset_connector called but no KV connector is configured.
[36m(vLLMHttpServer pid=945400)[0m (EngineCore pid=946276) WARNING 07-30 12:14:26 [scheduler.py:2541] reset_connector called but no KV connector is configured.[32m [repeated 2x across cluster][0m
[36m(TaskRunner pid=899085)[0m Training Progress:   1%|          | 6/1110 [11:35<36:39:36, 119.54s/it]
[36m(TaskRunner pid=899085)[0m step:6 - global_seqlen/min:16394 - global_seqlen/max:25016 - global_seqlen/minmax_diff:8622 - global_seqlen/balanced_min:19672 - global_seqlen/balanced_max:19699 - global_seqlen/mean:19685.25 - actor/entropy:0.3794173300266266 - perf/mfu/actor_infer:0.22202469113785653 - actor/pg_clipfrac:np.float64(0.0) - actor/ppo_kl:np.float64(9.303841579821892e-06) - actor/pg_clipfrac_lower:np.float64(0.0) - actor/pg_loss:np.float64(-0.3768755253404379) - actor/distillation/abs_loss:np.float64(0.3921445161104202) - actor/distillation/loss_min:np.float64(-5.3427910804748535) - actor/distillation/loss_max:np.float64(37.296939849853516) - actor/distillation/pg_clipfrac:np.float64(0.0) - actor/distillation/ppo_kl:np.float64(9.303841579821892e-06) - actor/distillation/pg_clipfrac_lower:np.float64(0.0) - actor/distillation/loss:np.float64(0.26348485983908176) - actor/loss:np.float64(0.2634848654270172) - actor/grad_norm:np.float64(2.6459507942199707) - actor/lr:np.float64(9.999279082014231e-07) - actor/perf/max_memory_allocated_gb:np.float64(43.475088119506836) - actor/perf/max_memory_reserved_gb:np.float64(55.326171875) - actor/perf/cpu_memory_used_gb:np.float64(319.22885513305664) - perf/mfu/actor:np.float64(0.25085661912120927) - training/global_step:6 - training/epoch:0 - critic/score/mean:0.6976562142372131 - critic/score/max:1.0 - critic/score/min:0.0 - critic/rewards/mean:0.6976562142372131 - critic/rewards/max:1.0 - critic/rewards/min:0.0 - critic/advantages/mean:0.37687554955482483 - critic/advantages/max:0.9999990463256836 - critic/advantages/min:0.0 - critic/returns/mean:0.37687554955482483 - critic/returns/max:0.9999990463256836 - critic/returns/min:0.0 - response_length/mean:509.34375 - response_length/max:2048.0 - response_length/min:79.0 - response_length/clip_ratio:0.1171875 - response_length_non_aborted/mean:509.34375 - response_length_non_aborted/max:2048.0 - response_length_non_aborted/min:79.0 - response_length_non_aborted/clip_ratio:0.1171875 - response/aborted_ratio:0.0 - prompt_length/mean:105.8203125 - prompt_length/max:350.0 - prompt_length/min:52.0 - prompt_length/clip_ratio:0.0 - num_turns/min:np.int32(2) - num_turns/max:np.int32(2) - num_turns/mean:np.float64(2.0) - timing_s/start_profile:9.0078916400671e-05 - timing_s/agent_loop/num_preempted/min:np.int64(-1) - timing_s/agent_loop/num_preempted/max:np.int64(-1) - timing_s/agent_loop/num_preempted/mean:np.float64(-1.0) - timing_s/agent_loop/generate_sequences/min:np.float64(2.263370168977417) - timing_s/agent_loop/generate_sequences/max:np.float64(40.99077515199315) - timing_s/agent_loop/generate_sequences/mean:np.float64(10.75244104252215) - timing_s/agent_loop/tool_calls/min:np.float64(0.0) - timing_s/agent_loop/tool_calls/max:np.float64(0.0) - timing_s/agent_loop/tool_calls/mean:np.float64(0.0) - timing_s/agent_loop/compute_score/min:np.float64(0.0054868500446900725) - timing_s/agent_loop/compute_score/max:np.float64(0.049083661986514926) - timing_s/agent_loop/compute_score/mean:np.float64(0.010853623201910523) - timing_s/agent_loop/slowest/generate_sequences:np.float64(40.99077515199315) - timing_s/agent_loop/slowest/tool_calls:np.float64(0.0) - timing_s/agent_loop/slowest/compute_score:np.float64(0.021157594048418105) - timing_s/agent_loop/slowest/num_preempted:np.int64(-1) - timing_s/agent_loop/slowest/prompt_length:163 - timing_s/agent_loop/slowest/response_length:2048 - timing_s/gen:49.778690391918644 - timing_s/reward:3.04799759760499e-05 - timing_s/old_log_prob:9.778551699011587 - timing_s/adv:0.005243871011771262 - timing_s/update_actor:19.298110879026353 - timing_s/update_weights:10.321739756967872 - timing_s/step:89.21497529104818 - timing_s/stop_profile:8.835899643599987e-05 - timing_per_token_ms/update_actor:0.24508338577140693 - timing_per_token_ms/gen:0.7635236884458961 - timing_per_token_ms/adv:6.659644926748786e-05 - perf/total_num_tokens:78741 - perf/time_per_step:89.21497529104818 - perf/throughput:110.32480777907706
[36m(vLLMHttpServer pid=945396)[0m (EngineCore pid=946285) WARNING 07-30 12:15:45 [scheduler.py:2541] reset_connector called but no KV connector is configured.[32m [repeated 4x across cluster][0m
[36m(vLLMHttpServer pid=945396)[0m (EngineCore pid=946285) WARNING 07-30 12:15:53 [scheduler.py:2541] reset_connector called but no KV connector is configured.[32m [repeated 2x across cluster][0m
[36m(TaskRunner pid=899085)[0m Training Progress:   1%|          | 7/1110 [13:02<33:22:18, 108.92s/it]
[36m(TaskRunner pid=899085)[0m step:7 - global_seqlen/min:11743 - global_seqlen/max:26585 - global_seqlen/minmax_diff:14842 - global_seqlen/balanced_min:17359 - global_seqlen/balanced_max:17372 - global_seqlen/mean:17366.75 - actor/entropy:0.3424476087093353 - perf/mfu/actor_infer:0.268118679908236 - actor/pg_clipfrac:np.float64(0.0) - actor/ppo_kl:np.float64(2.2611833628616296e-05) - actor/pg_clipfrac_lower:np.float64(0.0) - actor/pg_loss:np.float64(-0.4283437989652157) - actor/distillation/abs_loss:np.float64(0.38644857332110405) - actor/distillation/loss_min:np.float64(-5.842998504638672) - actor/distillation/loss_max:np.float64(37.019989013671875) - actor/distillation/pg_clipfrac:np.float64(7.547169661847875e-05) - actor/distillation/ppo_kl:np.float64(2.2611833628616296e-05) - actor/distillation/pg_clipfrac_lower:np.float64(0.0) - actor/distillation/loss:np.float64(0.22215203009545803) - actor/loss:np.float64(0.22215202450752258) - actor/grad_norm:np.float64(3.1041431427001953) - actor/lr:np.float64(9.999018759034592e-07) - actor/perf/max_memory_allocated_gb:np.float64(43.475088119506836) - actor/perf/max_memory_reserved_gb:np.float64(55.326171875) - actor/perf/cpu_memory_used_gb:np.float64(319.52762603759766) - perf/mfu/actor:np.float64(0.24273377130785087) - training/global_step:7 - training/epoch:0 - critic/score/mean:0.643750011920929 - critic/score/max:1.0 - critic/score/min:0.0 - critic/rewards/mean:0.643750011920929 - critic/rewards/max:1.0 - critic/rewards/min:0.0 - critic/advantages/mean:0.42834383249282837 - critic/advantages/max:0.9999990463256836 - critic/advantages/min:0.0 - critic/returns/mean:0.42834383249282837 - critic/returns/max:0.9999990463256836 - critic/returns/min:0.0 - response_length/mean:429.3203125 - response_length/max:2048.0 - response_length/min:82.0 - response_length/clip_ratio:0.0859375 - response_length_non_aborted/mean:429.3203125 - response_length_non_aborted/max:2048.0 - response_length_non_aborted/min:82.0 - response_length_non_aborted/clip_ratio:0.0859375 - response/aborted_ratio:0.0 - prompt_length/mean:113.390625 - prompt_length/max:529.0 - prompt_length/min:52.0 - prompt_length/clip_ratio:0.0 - num_turns/min:np.int32(2) - num_turns/max:np.int32(2) - num_turns/mean:np.float64(2.0) - timing_s/start_profile:0.00020781904458999634 - timing_s/agent_loop/num_preempted/min:np.int64(-1) - timing_s/agent_loop/num_preempted/max:np.int64(-1) - timing_s/agent_loop/num_preempted/mean:np.float64(-1.0) - timing_s/agent_loop/generate_sequences/min:np.float64(2.3222525969613343) - timing_s/agent_loop/generate_sequences/max:np.float64(39.581383206998) - timing_s/agent_loop/generate_sequences/mean:np.float64(9.199769148847736) - timing_s/agent_loop/tool_calls/min:np.float64(0.0) - timing_s/agent_loop/tool_calls/max:np.float64(0.0) - timing_s/agent_loop/tool_calls/mean:np.float64(0.0) - timing_s/agent_loop/compute_score/min:np.float64(0.005208460963331163) - timing_s/agent_loop/compute_score/max:np.float64(0.09880574105773121) - timing_s/agent_loop/compute_score/mean:np.float64(0.011813408274065296) - timing_s/agent_loop/slowest/generate_sequences:np.float64(39.53566043707542) - timing_s/agent_loop/slowest/tool_calls:np.float64(0.0) - timing_s/agent_loop/slowest/compute_score:np.float64(0.09880574105773121) - timing_s/agent_loop/slowest/num_preempted:np.int64(-1) - timing_s/agent_loop/slowest/prompt_length:135 - timing_s/agent_loop/slowest/response_length:2048 - timing_s/gen:46.86556230799761 - timing_s/reward:3.2659037970006466e-05 - timing_s/old_log_prob:10.605596569017507 - timing_s/adv:0.005276271025650203 - timing_s/update_actor:19.731274117017165 - timing_s/update_weights:9.765670769964345 - timing_s/step:87.00508829101454 - timing_s/stop_profile:8.968892507255077e-05 - timing_per_token_ms/update_actor:0.2840380917128588 - timing_per_token_ms/gen:0.8528299147998764 - timing_per_token_ms/adv:7.595363302935499e-05 - perf/total_num_tokens:69467 - perf/time_per_step:87.00508829101454 - perf/throughput:99.8030709532281
[36m(vLLMHttpServer pid=945396)[0m (EngineCore pid=946285) WARNING 07-30 12:17:12 [scheduler.py:2541] reset_connector called but no KV connector is configured.[32m [repeated 4x across cluster][0m
[36m(vLLMHttpServer pid=945396)[0m (EngineCore pid=946285) WARNING 07-30 12:17:19 [scheduler.py:2541] reset_connector called but no KV connector is configured.[32m [repeated 2x across cluster][0m
[36m(TaskRunner pid=899085)[0m Training Progress:   1%|          | 8/1110 [14:28<31:04:29, 101.52s/it]
[36m(TaskRunner pid=899085)[0m step:8 - global_seqlen/min:13563 - global_seqlen/max:20895 - global_seqlen/minmax_diff:7332 - global_seqlen/balanced_min:17690 - global_seqlen/balanced_max:17722 - global_seqlen/mean:17703.5 - actor/entropy:0.32749229669570923 - perf/mfu/actor_infer:0.2733379406297702 - actor/pg_clipfrac:np.float64(5.094416337669827e-05) - actor/ppo_kl:np.float64(-2.2417760192183778e-05) - actor/pg_clipfrac_lower:np.float64(0.0) - actor/pg_loss:np.float64(-0.3875395581126213) - actor/distillation/abs_loss:np.float64(0.3735901042819023) - actor/distillation/loss_min:np.float64(-6.952666759490967) - actor/distillation/loss_max:np.float64(35.92369079589844) - actor/distillation/pg_clipfrac:np.float64(0.0) - actor/distillation/ppo_kl:np.float64(-2.2417760192183778e-05) - actor/distillation/pg_clipfrac_lower:np.float64(0.0) - actor/distillation/loss:np.float64(0.23664765059947968) - actor/loss:np.float64(0.23664765059947968) - actor/grad_norm:np.float64(3.32067608833313) - actor/lr:np.float64(9.998718391980113e-07) - actor/perf/max_memory_allocated_gb:np.float64(43.475088119506836) - actor/perf/max_memory_reserved_gb:np.float64(55.326171875) - actor/perf/cpu_memory_used_gb:np.float64(319.2207336425781) - perf/mfu/actor:np.float64(0.23411142218636066) - training/global_step:8 - training/epoch:0 - critic/score/mean:0.6710938215255737 - critic/score/max:1.0 - critic/score/min:0.0 - critic/rewards/mean:0.6710938215255737 - critic/rewards/max:1.0 - critic/rewards/min:0.0 - critic/advantages/mean:0.387513130903244 - critic/advantages/max:0.9999990463256836 - critic/advantages/min:0.0 - critic/returns/mean:0.387513130903244 - critic/returns/max:0.9999990463256836 - critic/returns/min:0.0 - response_length/mean:449.921875 - response_length/max:2048.0 - response_length/min:75.0 - response_length/clip_ratio:0.09375 - response_length_non_aborted/mean:449.921875 - response_length_non_aborted/max:2048.0 - response_length_non_aborted/min:75.0 - response_length_non_aborted/clip_ratio:0.09375 - response/aborted_ratio:0.0 - prompt_length/mean:103.3125 - prompt_length/max:414.0 - prompt_length/min:48.0 - prompt_length/clip_ratio:0.0 - num_turns/min:np.int32(2) - num_turns/max:np.int32(2) - num_turns/mean:np.float64(2.0) - timing_s/start_profile:7.324991747736931e-05 - timing_s/agent_loop/num_preempted/min:np.int64(-1) - timing_s/agent_loop/num_preempted/max:np.int64(-1) - timing_s/agent_loop/num_preempted/mean:np.float64(-1.0) - timing_s/agent_loop/generate_sequences/min:np.float64(2.1269046920351684) - timing_s/agent_loop/generate_sequences/max:np.float64(39.42419623292517) - timing_s/agent_loop/generate_sequences/mean:np.float64(9.543496233917722) - timing_s/agent_loop/tool_calls/min:np.float64(0.0) - timing_s/agent_loop/tool_calls/max:np.float64(0.0) - timing_s/agent_loop/tool_calls/mean:np.float64(0.0) - timing_s/agent_loop/compute_score/min:np.float64(0.005735118989832699) - timing_s/agent_loop/compute_score/max:np.float64(0.0690685729496181) - timing_s/agent_loop/compute_score/mean:np.float64(0.011949158819334116) - timing_s/agent_loop/slowest/generate_sequences:np.float64(39.40432322199922) - timing_s/agent_loop/slowest/tool_calls:np.float64(0.0) - timing_s/agent_loop/slowest/compute_score:np.float64(0.044801675947383046) - timing_s/agent_loop/slowest/num_preempted:np.int64(-1) - timing_s/agent_loop/slowest/prompt_length:65 - timing_s/agent_loop/slowest/response_length:2048 - timing_s/gen:46.79950126691256 - timing_s/reward:2.9310001991689205e-05 - timing_s/old_log_prob:10.311612081946805 - timing_s/adv:0.005170971970073879 - timing_s/update_actor:20.04967138590291 - timing_s/update_weights:8.456826513051055 - timing_s/step:85.65206095995381 - timing_s/stop_profile:9.284005500376225e-05 - timing_per_token_ms/update_actor:0.28313146250604276 - timing_per_token_ms/gen:0.8126324234574155 - timing_per_token_ms/adv:7.302188790456518e-05 - perf/total_num_tokens:70814 - perf/time_per_step:85.65206095995381 - perf/throughput:103.34544085446572
[36m(vLLMHttpServer pid=945400)[0m (EngineCore pid=946276) WARNING 07-30 12:18:34 [scheduler.py:2541] reset_connector called but no KV connector is configured.[32m [repeated 4x across cluster][0m
[36m(vLLMHttpServer pid=945396)[0m (EngineCore pid=946285) WARNING 07-30 12:18:42 [scheduler.py:2541] reset_connector called but no KV connector is configured.[32m [repeated 2x across cluster][0m
[36m(TaskRunner pid=899085)[0m Training Progress:   1%|          | 9/1110 [15:51<29:18:31, 95.83s/it] 
[36m(TaskRunner pid=899085)[0m step:9 - global_seqlen/min:14113 - global_seqlen/max:19133 - global_seqlen/minmax_diff:5020 - global_seqlen/balanced_min:17171 - global_seqlen/balanced_max:17198 - global_seqlen/mean:17188.5 - actor/entropy:0.3249357044696808 - perf/mfu/actor_infer:0.20948249383822903 - actor/pg_clipfrac:np.float64(1.799078927433584e-05) - actor/ppo_kl:np.float64(2.745245183177758e-05) - actor/pg_clipfrac_lower:np.float64(0.0) - actor/pg_loss:np.float64(-0.42366478219628334) - actor/distillation/abs_loss:np.float64(0.37741250917315483) - actor/distillation/loss_min:np.float64(-6.539426326751709) - actor/distillation/loss_max:np.float64(37.7437858581543) - actor/distillation/pg_clipfrac:np.float64(8.995394455268979e-05) - actor/distillation/ppo_kl:np.float64(2.745245183177758e-05) - actor/distillation/pg_clipfrac_lower:np.float64(0.0) - actor/distillation/loss:np.float64(0.23050623014569283) - actor/loss:np.float64(0.23050624132156372) - actor/grad_norm:np.float64(2.2503299713134766) - actor/lr:np.float64(9.998377983256848e-07) - actor/perf/max_memory_allocated_gb:np.float64(43.475088119506836) - actor/perf/max_memory_reserved_gb:np.float64(55.326171875) - actor/perf/cpu_memory_used_gb:np.float64(319.54569244384766) - perf/mfu/actor:np.float64(0.24558365090670617) - training/global_step:9 - training/epoch:0 - critic/score/mean:0.6312500238418579 - critic/score/max:1.0 - critic/score/min:0.0 - critic/rewards/mean:0.6312500238418579 - critic/rewards/max:1.0 - critic/rewards/min:0.0 - critic/advantages/mean:0.4236542880535126 - critic/advantages/max:0.9999990463256836 - critic/advantages/min:0.0 - critic/returns/mean:0.4236542880535126 - critic/returns/max:0.9999990463256836 - critic/returns/min:0.0 - response_length/mean:431.3359375 - response_length/max:2048.0 - response_length/min:72.0 - response_length/clip_ratio:0.0703125 - response_length_non_aborted/mean:431.3359375 - response_length_non_aborted/max:2048.0 - response_length_non_aborted/min:72.0 - response_length_non_aborted/clip_ratio:0.0703125 - response/aborted_ratio:0.0 - prompt_length/mean:105.8046875 - prompt_length/max:323.0 - prompt_length/min:43.0 - prompt_length/clip_ratio:0.0 - num_turns/min:np.int32(2) - num_turns/max:np.int32(2) - num_turns/mean:np.float64(2.0) - timing_s/start_profile:0.00018259906210005283 - timing_s/agent_loop/num_preempted/min:np.int64(-1) - timing_s/agent_loop/num_preempted/max:np.int64(-1) - timing_s/agent_loop/num_preempted/mean:np.float64(-1.0) - timing_s/agent_loop/generate_sequences/min:np.float64(2.04409068194218) - timing_s/agent_loop/generate_sequences/max:np.float64(38.96686646994203) - timing_s/agent_loop/generate_sequences/mean:np.float64(9.151237378026053) - timing_s/agent_loop/tool_calls/min:np.float64(0.0) - timing_s/agent_loop/tool_calls/max:np.float64(0.0) - timing_s/agent_loop/tool_calls/mean:np.float64(0.0) - timing_s/agent_loop/compute_score/min:np.float64(0.005538508994504809) - timing_s/agent_loop/compute_score/max:np.float64(0.06211160798557103) - timing_s/agent_loop/compute_score/mean:np.float64(0.01117902840996976) - timing_s/agent_loop/slowest/generate_sequences:np.float64(38.934856795938686) - timing_s/agent_loop/slowest/tool_calls:np.float64(0.0) - timing_s/agent_loop/slowest/compute_score:np.float64(0.05690680700354278) - timing_s/agent_loop/slowest/num_preempted:np.int64(-1) - timing_s/agent_loop/slowest/prompt_length:223 - timing_s/agent_loop/slowest/response_length:2048 - timing_s/gen:45.903435418964364 - timing_s/reward:2.8949929401278496e-05 - timing_s/old_log_prob:9.755270867957734 - timing_s/adv:0.00519160192925483 - timing_s/update_actor:18.080088097020052 - timing_s/update_weights:9.492990400991403 - timing_s/step:83.26728510996327 - timing_s/stop_profile:8.475000504404306e-05 - timing_per_token_ms/update_actor:0.26296779964831213 - timing_per_token_ms/gen:0.831418293799503 - timing_per_token_ms/adv:7.550981658165096e-05 - perf/total_num_tokens:68754 - perf/time_per_step:83.26728510996327 - perf/throughput:103.21280426821149
[36m(vLLMHttpServer pid=945396)[0m (EngineCore pid=946285) WARNING 07-30 12:20:06 [scheduler.py:2541] reset_connector called but no KV connector is configured.[32m [repeated 4x across cluster][0m
[36m(vLLMHttpServer pid=945396)[0m (EngineCore pid=946285) WARNING 07-30 12:20:16 [scheduler.py:2541] reset_connector called but no KV connector is configured.[32m [repeated 2x across cluster][0m
[36m(TaskRunner pid=899085)[0m test_gen_batch meta info: {'eos_token_id': 151645, 'pad_token_id': 151643, 'recompute_log_prob': False, 'do_sample': False, 'validate': True, 'global_steps': 10}
[36m(vLLMHttpServer pid=945396)[0m (EngineCore pid=946285) WARNING 07-30 12:20:17 [scheduler.py:2541] reset_connector called but no KV connector is configured.[32m [repeated 3x across cluster][0m
[36m(TaskRunner pid=899085)[0m validation generation end
[36m(TaskRunner pid=899085)[0m Training Progress:   1%|          | 10/1110 [19:31<40:57:42, 134.06s/it]
[36m(TaskRunner pid=899085)[0m step:10 - global_seqlen/min:18387 - global_seqlen/max:22614 - global_seqlen/minmax_diff:4227 - global_seqlen/balanced_min:20169 - global_seqlen/balanced_max:20194 - global_seqlen/mean:20183.75 - actor/entropy:0.36532580852508545 - perf/mfu/actor_infer:0.2902274654653607 - actor/pg_clipfrac:np.float64(0.0) - actor/ppo_kl:np.float64(0.0) - actor/pg_clipfrac_lower:np.float64(0.0) - actor/pg_loss:np.float64(-0.32081022299826145) - actor/distillation/abs_loss:np.float64(0.3595194108784199) - actor/distillation/loss_min:np.float64(-10.624689102172852) - actor/distillation/loss_max:np.float64(37.382118225097656) - actor/distillation/pg_clipfrac:np.float64(0.0) - actor/distillation/ppo_kl:np.float64(0.0) - actor/distillation/pg_clipfrac_lower:np.float64(0.0) - actor/distillation/loss:np.float64(0.24339347146451473) - actor/loss:np.float64(0.24339348077774048) - actor/grad_norm:np.float64(2.7455239295959473) - actor/lr:np.float64(9.997997535591607e-07) - actor/perf/max_memory_allocated_gb:np.float64(43.670912742614746) - actor/perf/max_memory_reserved_gb:np.float64(55.65234375) - actor/perf/cpu_memory_used_gb:np.float64(319.74726486206055) - perf/mfu/actor:np.float64(0.2481253857722372) - val-aux/openai/gsm8k/reward/mean@1:np.float64(0.7043214556482184) - val-core/openai/gsm8k/acc/mean@1:np.float64(0.7043214556482184) - val-aux/hiyouga/geometry3k/reward/mean@1:np.float64(0.45673875661935665) - val-core/hiyouga/geometry3k/acc/mean@1:np.float64(0.456738768718802) - val-aux/num_turns/min:np.int32(2) - val-aux/num_turns/max:np.int32(2) - val-aux/num_turns/mean:np.float64(2.0) - training/global_step:10 - training/epoch:0 - critic/score/mean:0.620312511920929 - critic/score/max:1.0 - critic/score/min:0.0 - critic/rewards/mean:0.620312511920929 - critic/rewards/max:1.0 - critic/rewards/min:0.0 - critic/advantages/mean:0.3208102285861969 - critic/advantages/max:0.9999990463256836 - critic/advantages/min:0.0 - critic/returns/mean:0.3208102285861969 - critic/returns/max:0.9999990463256836 - critic/returns/min:0.0 - response_length/mean:519.34375 - response_length/max:2048.0 - response_length/min:87.0 - response_length/clip_ratio:0.1171875 - response_length_non_aborted/mean:519.34375 - response_length_non_aborted/max:2048.0 - response_length_non_aborted/min:87.0 - response_length_non_aborted/clip_ratio:0.1171875 - response/aborted_ratio:0.0 - prompt_length/mean:111.3984375 - prompt_length/max:450.0 - prompt_length/min:45.0 - prompt_length/clip_ratio:0.0 - num_turns/min:np.int32(2) - num_turns/max:np.int32(2) - num_turns/mean:np.float64(2.0) - timing_s/start_profile:0.00021766906138509512 - timing_s/agent_loop/num_preempted/min:np.int64(-1) - timing_s/agent_loop/num_preempted/max:np.int64(-1) - timing_s/agent_loop/num_preempted/mean:np.float64(-1.0) - timing_s/agent_loop/generate_sequences/min:np.float64(2.388776835054159) - timing_s/agent_loop/generate_sequences/max:np.float64(43.462737582973205) - timing_s/agent_loop/generate_sequences/mean:np.float64(11.360055317881233) - timing_s/agent_loop/tool_calls/min:np.float64(0.0) - timing_s/agent_loop/tool_calls/max:np.float64(0.0) - timing_s/agent_loop/tool_calls/mean:np.float64(0.0) - timing_s/agent_loop/compute_score/min:np.float64(0.005486090085469186) - timing_s/agent_loop/compute_score/max:np.float64(0.09606637200340629) - timing_s/agent_loop/compute_score/mean:np.float64(0.013491399618942523) - timing_s/agent_loop/slowest/generate_sequences:np.float64(43.41237531998195) - timing_s/agent_loop/slowest/tool_calls:np.float64(0.0) - timing_s/agent_loop/slowest/compute_score:np.float64(0.09314016695134342) - timing_s/agent_loop/slowest/num_preempted:np.int64(-1) - timing_s/agent_loop/slowest/prompt_length:159 - timing_s/agent_loop/slowest/response_length:2048 - timing_s/gen:52.12784995499533 - timing_s/reward:3.190001007169485e-05 - timing_s/old_log_prob:9.8122274359921 - timing_s/adv:0.004941122024320066 - timing_s/update_actor:20.909730324056 - timing_s/update_weights:10.592071330989711 - timing_s/step:93.47842507401947 - timing_s/testing:126.01908766897395 - timing_s/stop_profile:0.00026339897885918617 - timing_per_token_ms/update_actor:0.25899213877569827 - timing_per_token_ms/gen:0.7841604482068013 - timing_per_token_ms/adv:6.120173436948121e-05 - perf/total_num_tokens:80735 - perf/time_per_step:93.47842507401947 - perf/throughput:107.95940338114279
[36m(vLLMHttpServer pid=945396)[0m (EngineCore pid=946285) WARNING 07-30 12:23:41 [scheduler.py:2541] reset_connector called but no KV connector is configured.
[36m(vLLMHttpServer pid=945396)[0m (EngineCore pid=946285) WARNING 07-30 12:23:50 [scheduler.py:2541] reset_connector called but no KV connector is configured.[32m [repeated 2x across cluster][0m
[36m(TaskRunner pid=899085)[0m Training Progress:   1%|          | 11/1110 [20:58<36:34:40, 119.82s/it]
[36m(TaskRunner pid=899085)[0m step:11 - global_seqlen/min:13966 - global_seqlen/max:21550 - global_seqlen/minmax_diff:7584 - global_seqlen/balanced_min:17643 - global_seqlen/balanced_max:17860 - global_seqlen/mean:17715.75 - actor/entropy:0.3298204243183136 - perf/mfu/actor_infer:0.24857709123673286 - actor/pg_clipfrac:np.float64(0.0) - actor/ppo_kl:np.float64(0.0) - actor/pg_clipfrac_lower:np.float64(0.0) - actor/pg_loss:np.float64(-0.38924836926162243) - actor/distillation/abs_loss:np.float64(0.36179498955607414) - actor/distillation/loss_min:np.float64(-5.742959976196289) - actor/distillation/loss_max:np.float64(35.78255081176758) - actor/distillation/pg_clipfrac:np.float64(0.0) - actor/distillation/ppo_kl:np.float64(0.0) - actor/distillation/pg_clipfrac_lower:np.float64(0.0) - actor/distillation/loss:np.float64(0.2057554703205824) - actor/loss:np.float64(0.20575547218322754) - actor/grad_norm:np.float64(2.140361785888672) - actor/lr:np.float64(9.997577052031921e-07) - actor/perf/max_memory_allocated_gb:np.float64(43.670912742614746) - actor/perf/max_memory_reserved_gb:np.float64(55.65234375) - actor/perf/cpu_memory_used_gb:np.float64(321.6658744812012) - perf/mfu/actor:np.float64(0.2438403431321443) - training/global_step:11 - training/epoch:0 - critic/score/mean:0.629687488079071 - critic/score/max:1.0 - critic/score/min:0.0 - critic/rewards/mean:0.629687488079071 - critic/rewards/max:1.0 - critic/rewards/min:0.0 - critic/advantages/mean:0.3892483711242676 - critic/advantages/max:0.9999990463256836 - critic/advantages/min:0.0 - critic/returns/mean:0.3892483711242676 - critic/returns/max:0.9999990463256836 - critic/returns/min:0.0 - response_length/mean:445.078125 - response_length/max:2048.0 - response_length/min:90.0 - response_length/clip_ratio:0.1015625 - response_length_non_aborted/mean:445.078125 - response_length_non_aborted/max:2048.0 - response_length_non_aborted/min:90.0 - response_length_non_aborted/clip_ratio:0.1015625 - response/aborted_ratio:0.0 - prompt_length/mean:108.5390625 - prompt_length/max:424.0 - prompt_length/min:52.0 - prompt_length/clip_ratio:0.0 - num_turns/min:np.int32(2) - num_turns/max:np.int32(2) - num_turns/mean:np.float64(2.0) - timing_s/start_profile:8.01190035417676e-05 - timing_s/agent_loop/num_preempted/min:np.int64(-1) - timing_s/agent_loop/num_preempted/max:np.int64(-1) - timing_s/agent_loop/num_preempted/mean:np.float64(-1.0) - timing_s/agent_loop/generate_sequences/min:np.float64(2.4730003740405664) - timing_s/agent_loop/generate_sequences/max:np.float64(39.279544734046794) - timing_s/agent_loop/generate_sequences/mean:np.float64(9.488431743219735) - timing_s/agent_loop/tool_calls/min:np.float64(0.0) - timing_s/agent_loop/tool_calls/max:np.float64(0.0) - timing_s/agent_loop/tool_calls/mean:np.float64(0.0) - timing_s/agent_loop/compute_score/min:np.float64(0.006130605936050415) - timing_s/agent_loop/compute_score/max:np.float64(0.052279761992394924) - timing_s/agent_loop/compute_score/mean:np.float64(0.010510672686905309) - timing_s/agent_loop/slowest/generate_sequences:np.float64(39.258837198023684) - timing_s/agent_loop/slowest/tool_calls:np.float64(0.0) - timing_s/agent_loop/slowest/compute_score:np.float64(0.04236046702135354) - timing_s/agent_loop/slowest/num_preempted:np.int64(-1) - timing_s/agent_loop/slowest/prompt_length:105 - timing_s/agent_loop/slowest/response_length:2048 - timing_s/gen:48.454366878955625 - timing_s/reward:2.7709989808499813e-05 - timing_s/old_log_prob:10.087623210041784 - timing_s/adv:0.005207711015827954 - timing_s/update_actor:19.085470993071795 - timing_s/update_weights:9.85859047807753 - timing_s/step:87.52188327198382 - timing_s/stop_profile:8.958997204899788e-05 - timing_per_token_ms/update_actor:0.2693291420497551 - timing_per_token_ms/gen:0.8505242562569005 - timing_per_token_ms/adv:7.348984682878165e-05 - perf/total_num_tokens:70863 - perf/time_per_step:87.52188327198382 - perf/throughput:101.2075456885815
[36m(vLLMHttpServer pid=945396)[0m (EngineCore pid=946285) WARNING 07-30 12:25:08 [scheduler.py:2541] reset_connector called but no KV connector is configured.[32m [repeated 4x across cluster][0m
[36m(vLLMHttpServer pid=945396)[0m (EngineCore pid=946285) WARNING 07-30 12:25:17 [scheduler.py:2541] reset_connector called but no KV connector is configured.[32m [repeated 2x across cluster][0m
[36m(TaskRunner pid=899085)[0m Training Progress:   1%|          | 12/1110 [22:26<33:32:24, 109.97s/it]
[36m(TaskRunner pid=899085)[0m step:12 - global_seqlen/min:14999 - global_seqlen/max:22077 - global_seqlen/minmax_diff:7078 - global_seqlen/balanced_min:18291 - global_seqlen/balanced_max:18311 - global_seqlen/mean:18299.0 - actor/entropy:0.35002946853637695 - perf/mfu/actor_infer:0.2564835322668015 - actor/pg_clipfrac:np.float64(0.0) - actor/ppo_kl:np.float64(0.0) - actor/pg_clipfrac_lower:np.float64(0.0) - actor/pg_loss:np.float64(-0.4056600369513035) - actor/distillation/abs_loss:np.float64(0.373614139854908) - actor/distillation/loss_min:np.float64(-5.749463081359863) - actor/distillation/loss_max:np.float64(35.51536178588867) - actor/distillation/pg_clipfrac:np.float64(0.0) - actor/distillation/ppo_kl:np.float64(0.0) - actor/distillation/pg_clipfrac_lower:np.float64(0.0) - actor/distillation/loss:np.float64(0.23609130270779133) - actor/loss:np.float64(0.23609130084514618) - actor/grad_norm:np.float64(2.3813462257385254) - actor/lr:np.float64(9.997116535946027e-07) - actor/perf/max_memory_allocated_gb:np.float64(43.670912742614746) - actor/perf/max_memory_reserved_gb:np.float64(55.65234375) - actor/perf/cpu_memory_used_gb:np.float64(321.78461837768555) - perf/mfu/actor:np.float64(0.24650881784614134) - training/global_step:12 - training/epoch:0 - critic/score/mean:0.6617187857627869 - critic/score/max:1.0 - critic/score/min:0.0 - critic/rewards/mean:0.6617187857627869 - critic/rewards/max:1.0 - critic/rewards/min:0.0 - critic/advantages/mean:0.4056600332260132 - critic/advantages/max:0.9999990463256836 - critic/advantages/min:0.0 - critic/returns/mean:0.4056600332260132 - critic/returns/max:0.9999990463256836 - critic/returns/min:0.0 - response_length/mean:464.0234375 - response_length/max:2048.0 - response_length/min:76.0 - response_length/clip_ratio:0.078125 - response_length_non_aborted/mean:464.0234375 - response_length_non_aborted/max:2048.0 - response_length_non_aborted/min:76.0 - response_length_non_aborted/clip_ratio:0.078125 - response/aborted_ratio:0.0 - prompt_length/mean:107.8203125 - prompt_length/max:436.0 - prompt_length/min:47.0 - prompt_length/clip_ratio:0.0 - num_turns/min:np.int32(2) - num_turns/max:np.int32(2) - num_turns/mean:np.float64(2.0) - timing_s/start_profile:9.54590504989028e-05 - timing_s/agent_loop/num_preempted/min:np.int64(-1) - timing_s/agent_loop/num_preempted/max:np.int64(-1) - timing_s/agent_loop/num_preempted/mean:np.float64(-1.0) - timing_s/agent_loop/generate_sequences/min:np.float64(2.1923144730972126) - timing_s/agent_loop/generate_sequences/max:np.float64(40.22648352908436) - timing_s/agent_loop/generate_sequences/mean:np.float64(10.01860184718862) - timing_s/agent_loop/tool_calls/min:np.float64(0.0) - timing_s/agent_loop/tool_calls/max:np.float64(0.0) - timing_s/agent_loop/tool_calls/mean:np.float64(0.0) - timing_s/agent_loop/compute_score/min:np.float64(0.0055519710294902325) - timing_s/agent_loop/compute_score/max:np.float64(0.15162893699016422) - timing_s/agent_loop/compute_score/mean:np.float64(0.013625939474877669) - timing_s/agent_loop/slowest/generate_sequences:np.float64(40.198340118979104) - timing_s/agent_loop/slowest/tool_calls:np.float64(0.0) - timing_s/agent_loop/slowest/compute_score:np.float64(0.063974080956541) - timing_s/agent_loop/slowest/num_preempted:np.int64(-1) - timing_s/agent_loop/slowest/prompt_length:261 - timing_s/agent_loop/slowest/response_length:2048 - timing_s/gen:47.87078532099258 - timing_s/reward:2.7160043828189373e-05 - timing_s/old_log_prob:9.998137320042588 - timing_s/adv:0.005093032959848642 - timing_s/update_actor:19.19634705397766 - timing_s/update_weights:10.330565840005875 - timing_s/step:87.42981749493629 - timing_s/stop_profile:8.751894347369671e-05 - timing_per_token_ms/update_actor:0.2622595094537633 - timing_per_token_ms/gen:0.8059733196564118 - timing_per_token_ms/adv:6.958075523045853e-05 - perf/total_num_tokens:73196 - perf/time_per_step:87.42981749493629 - perf/throughput:104.64965228287153
[36m(vLLMHttpServer pid=945396)[0m (EngineCore pid=946285) WARNING 07-30 12:26:39 [scheduler.py:2541] reset_connector called but no KV connector is configured.[32m [repeated 4x across cluster][0m
[36m(vLLMHttpServer pid=945396)[0m (EngineCore pid=946285) WARNING 07-30 12:26:47 [scheduler.py:2541] reset_connector called but no KV connector is configured.[32m [repeated 2x across cluster][0m
[36m(TaskRunner pid=899085)[0m Training Progress:   1%|          | 13/1110 [23:56<31:39:39, 103.90s/it]
[36m(TaskRunner pid=899085)[0m step:13 - global_seqlen/min:18920 - global_seqlen/max:23676 - global_seqlen/minmax_diff:4756 - global_seqlen/balanced_min:21013 - global_seqlen/balanced_max:21052 - global_seqlen/mean:21030.25 - actor/entropy:0.343536913394928 - perf/mfu/actor_infer:0.26325166303388753 - actor/pg_clipfrac:np.float64(0.0) - actor/ppo_kl:np.float64(0.0) - actor/pg_clipfrac_lower:np.float64(0.0) - actor/pg_loss:np.float64(-0.43566761165857315) - actor/distillation/abs_loss:np.float64(0.34877054765820503) - actor/distillation/loss_min:np.float64(-5.952013969421387) - actor/distillation/loss_max:np.float64(37.0155029296875) - actor/distillation/pg_clipfrac:np.float64(0.0) - actor/distillation/ppo_kl:np.float64(0.0) - actor/distillation/pg_clipfrac_lower:np.float64(0.0) - actor/distillation/loss:np.float64(0.22893586196005344) - actor/loss:np.float64(0.2289358675479889) - actor/grad_norm:np.float64(2.407907247543335) - actor/lr:np.float64(9.996615991022833e-07) - actor/perf/max_memory_allocated_gb:np.float64(43.923787117004395) - actor/perf/max_memory_reserved_gb:np.float64(55.65234375) - actor/perf/cpu_memory_used_gb:np.float64(321.69386291503906) - perf/mfu/actor:np.float64(0.26013905634080775) - training/global_step:13 - training/epoch:0 - critic/score/mean:0.682812511920929 - critic/score/max:1.0 - critic/score/min:0.0 - critic/rewards/mean:0.682812511920929 - critic/rewards/max:1.0 - critic/rewards/min:0.0 - critic/advantages/mean:0.43566766381263733 - critic/advantages/max:0.9999990463256836 - critic/advantages/min:0.0 - critic/returns/mean:0.43566766381263733 - critic/returns/max:0.9999990463256836 - critic/returns/min:0.0 - response_length/mean:535.84375 - response_length/max:2048.0 - response_length/min:92.0 - response_length/clip_ratio:0.1015625 - response_length_non_aborted/mean:535.84375 - response_length_non_aborted/max:2048.0 - response_length_non_aborted/min:92.0 - response_length_non_aborted/clip_ratio:0.1015625 - response/aborted_ratio:0.0 - prompt_length/mean:121.3515625 - prompt_length/max:475.0 - prompt_length/min:42.0 - prompt_length/clip_ratio:0.0 - num_turns/min:np.int32(2) - num_turns/max:np.int32(2) - num_turns/mean:np.float64(2.0) - timing_s/start_profile:7.2818947955966e-05 - timing_s/agent_loop/num_preempted/min:np.int64(-1) - timing_s/agent_loop/num_preempted/max:np.int64(-1) - timing_s/agent_loop/num_preempted/mean:np.float64(-1.0) - timing_s/agent_loop/generate_sequences/min:np.float64(2.58047521894332) - timing_s/agent_loop/generate_sequences/max:np.float64(42.20271842204966) - timing_s/agent_loop/generate_sequences/mean:np.float64(11.70293670913361) - timing_s/agent_loop/tool_calls/min:np.float64(0.0) - timing_s/agent_loop/tool_calls/max:np.float64(0.0) - timing_s/agent_loop/tool_calls/mean:np.float64(0.0) - timing_s/agent_loop/compute_score/min:np.float64(0.00501234398689121) - timing_s/agent_loop/compute_score/max:np.float64(0.1418046000180766) - timing_s/agent_loop/compute_score/mean:np.float64(0.013864397104953241) - timing_s/agent_loop/slowest/generate_sequences:np.float64(42.185434428974986) - timing_s/agent_loop/slowest/tool_calls:np.float64(0.0) - timing_s/agent_loop/slowest/compute_score:np.float64(0.057243335992097855) - timing_s/agent_loop/slowest/num_preempted:np.int64(-1) - timing_s/agent_loop/slowest/prompt_length:252 - timing_s/agent_loop/slowest/response_length:2048 - timing_s/gen:51.249146191985346 - timing_s/reward:2.4540000595152378e-05 - timing_s/old_log_prob:9.706181321991608 - timing_s/adv:0.0051203720504418015 - timing_s/update_actor:19.539949464029633 - timing_s/update_weights:9.391457670019008 - timing_s/step:89.92063807195518 - timing_s/stop_profile:8.900999091565609e-05 - timing_per_token_ms/update_actor:0.2322838466498215 - timing_per_token_ms/gen:0.7472028079545306 - timing_per_token_ms/adv:6.086912959239431e-05 - perf/total_num_tokens:84121 - perf/time_per_step:89.92063807195518 - perf/throughput:116.93783791420293
[36m(vLLMHttpServer pid=945396)[0m (EngineCore pid=946285) WARNING 07-30 12:28:12 [scheduler.py:2541] reset_connector called but no KV connector is configured.[32m [repeated 4x across cluster][0m
[36m(vLLMHttpServer pid=945396)[0m (EngineCore pid=946285) WARNING 07-30 12:28:20 [scheduler.py:2541] reset_connector called but no KV connector is configured.[32m [repeated 2x across cluster][0m
[36m(TaskRunner pid=899085)[0m Training Progress:   1%|▏         | 14/1110 [25:29<30:39:40, 100.71s/it]
[36m(TaskRunner pid=899085)[0m step:14 - global_seqlen/min:18244 - global_seqlen/max:26019 - global_seqlen/minmax_diff:7775 - global_seqlen/balanced_min:21506 - global_seqlen/balanced_max:21529 - global_seqlen/mean:21519.0 - actor/entropy:0.37017619609832764 - perf/mfu/actor_infer:0.24031771168914393 - actor/pg_clipfrac:np.float64(0.0) - actor/ppo_kl:np.float64(4.417709351400845e-05) - actor/pg_clipfrac_lower:np.float64(0.0) - actor/pg_loss:np.float64(-0.3577800188213587) - actor/distillation/abs_loss:np.float64(0.3576512597501278) - actor/distillation/loss_min:np.float64(-4.8365068435668945) - actor/distillation/loss_max:np.float64(36.67258071899414) - actor/distillation/pg_clipfrac:np.float64(8.616728155175224e-05) - actor/distillation/ppo_kl:np.float64(4.417709351400845e-05) - actor/distillation/pg_clipfrac_lower:np.float64(0.0) - actor/distillation/loss:np.float64(0.21989177912473679) - actor/loss:np.float64(0.21989178657531738) - actor/grad_norm:np.float64(2.1618504524230957) - actor/lr:np.float64(9.996075421271904e-07) - actor/perf/max_memory_allocated_gb:np.float64(44.1689772605896) - actor/perf/max_memory_reserved_gb:np.float64(55.65234375) - actor/perf/cpu_memory_used_gb:np.float64(321.4474334716797) - perf/mfu/actor:np.float64(0.25670604562373206) - training/global_step:14 - training/epoch:0 - critic/score/mean:0.698437511920929 - critic/score/max:1.0 - critic/score/min:0.0 - critic/rewards/mean:0.698437511920929 - critic/rewards/max:1.0 - critic/rewards/min:0.0 - critic/advantages/mean:0.3577800691127777 - critic/advantages/max:0.9999990463256836 - critic/advantages/min:0.0 - critic/returns/mean:0.3577800691127777 - critic/returns/max:0.9999990463256836 - critic/returns/min:0.0 - response_length/mean:551.8203125 - response_length/max:2048.0 - response_length/min:104.0 - response_length/clip_ratio:0.1328125 - response_length_non_aborted/mean:551.8203125 - response_length_non_aborted/max:2048.0 - response_length_non_aborted/min:104.0 - response_length_non_aborted/clip_ratio:0.1328125 - response/aborted_ratio:0.0 - prompt_length/mean:120.6484375 - prompt_length/max:529.0 - prompt_length/min:47.0 - prompt_length/clip_ratio:0.0 - num_turns/min:np.int32(2) - num_turns/max:np.int32(2) - num_turns/mean:np.float64(2.0) - timing_s/start_profile:7.030903361737728e-05 - timing_s/agent_loop/num_preempted/min:np.int64(-1) - timing_s/agent_loop/num_preempted/max:np.int64(-1) - timing_s/agent_loop/num_preempted/mean:np.float64(-1.0) - timing_s/agent_loop/generate_sequences/min:np.float64(2.903334100963548) - timing_s/agent_loop/generate_sequences/max:np.float64(42.22811254498083) - timing_s/agent_loop/generate_sequences/mean:np.float64(12.070945857199149) - timing_s/agent_loop/tool_calls/min:np.float64(0.0) - timing_s/agent_loop/tool_calls/max:np.float64(0.0) - timing_s/agent_loop/tool_calls/mean:np.float64(0.0) - timing_s/agent_loop/compute_score/min:np.float64(0.005654408945702016) - timing_s/agent_loop/compute_score/max:np.float64(0.06333683198317885) - timing_s/agent_loop/compute_score/mean:np.float64(0.013376757261539751) - timing_s/agent_loop/slowest/generate_sequences:np.float64(42.202362895943224) - timing_s/agent_loop/slowest/tool_calls:np.float64(0.0) - timing_s/agent_loop/slowest/compute_score:np.float64(0.0537062450312078) - timing_s/agent_loop/slowest/num_preempted:np.int64(-1) - timing_s/agent_loop/slowest/prompt_length:87 - timing_s/agent_loop/slowest/response_length:2048 - timing_s/gen:53.10402010497637 - timing_s/reward:2.8450042009353638e-05 - timing_s/old_log_prob:10.59252512594685 - timing_s/adv:0.005062551936134696 - timing_s/update_actor:20.09438076999504 - timing_s/update_weights:9.5128794220509 - timing_s/step:93.3379152660491 - timing_s/stop_profile:0.00010267994366586208 - timing_per_token_ms/update_actor:0.23344928632830336 - timing_per_token_ms/gen:0.7518301658569843 - timing_per_token_ms/adv:5.881490701397249e-05 - perf/total_num_tokens:86076 - perf/time_per_step:93.3379152660491 - perf/throughput:115.27469806167484
[36m(vLLMHttpServer pid=945396)[0m (EngineCore pid=946285) WARNING 07-30 12:29:37 [scheduler.py:2541] reset_connector called but no KV connector is configured.[32m [repeated 4x across cluster][0m
[36m(vLLMHttpServer pid=945396)[0m (EngineCore pid=946285) WARNING 07-30 12:29:46 [scheduler.py:2541] reset_connector called but no KV connector is configured.[32m [repeated 2x across cluster][0m
[36m(TaskRunner pid=899085)[0m test_gen_batch meta info: {'eos_token_id': 151645, 'pad_token_id': 151643, 'recompute_log_prob': False, 'do_sample': False, 'validate': True, 'global_steps': 15}
[36m(vLLMHttpServer pid=945400)[0m (EngineCore pid=946276) WARNING 07-30 12:29:47 [scheduler.py:2541] reset_connector called but no KV connector is configured.[32m [repeated 3x across cluster][0m
[36m(TaskRunner pid=899085)[0m validation generation end
[36m(TaskRunner pid=899085)[0m Training Progress:   1%|▏         | 15/1110 [29:00<40:46:20, 134.05s/it]
[36m(TaskRunner pid=899085)[0m step:15 - global_seqlen/min:14560 - global_seqlen/max:24817 - global_seqlen/minmax_diff:10257 - global_seqlen/balanced_min:17711 - global_seqlen/balanced_max:17755 - global_seqlen/mean:17726.0 - actor/entropy:0.3222801089286804 - perf/mfu/actor_infer:0.2407306363509548 - actor/pg_clipfrac:np.float64(0.0) - actor/ppo_kl:np.float64(2.9967841896905156e-07) - actor/pg_clipfrac_lower:np.float64(0.0) - actor/pg_loss:np.float64(-0.46390417590737343) - actor/distillation/abs_loss:np.float64(0.3585079275071621) - actor/distillation/loss_min:np.float64(-7.306682109832764) - actor/distillation/loss_max:np.float64(36.15330505371094) - actor/distillation/pg_clipfrac:np.float64(0.0) - actor/distillation/ppo_kl:np.float64(2.9967841896905156e-07) - actor/distillation/pg_clipfrac_lower:np.float64(0.0) - actor/distillation/loss:np.float64(0.19642969220876694) - actor/loss:np.float64(0.19642969965934753) - actor/grad_norm:np.float64(2.096677303314209) - actor/lr:np.float64(9.995494831023408e-07) - actor/perf/max_memory_allocated_gb:np.float64(44.1689772605896) - actor/perf/max_memory_reserved_gb:np.float64(55.65234375) - actor/perf/cpu_memory_used_gb:np.float64(321.86136627197266) - perf/mfu/actor:np.float64(0.2359958982004073) - val-aux/openai/gsm8k/reward/mean@1:np.float64(0.7065959059893859) - val-core/openai/gsm8k/acc/mean@1:np.float64(0.7065959059893859) - val-aux/hiyouga/geometry3k/reward/mean@1:np.float64(0.4672212854598009) - val-core/hiyouga/geometry3k/acc/mean@1:np.float64(0.4672212978369384) - val-aux/num_turns/min:np.int32(2) - val-aux/num_turns/max:np.int32(2) - val-aux/num_turns/mean:np.float64(2.0) - training/global_step:15 - training/epoch:0 - critic/score/mean:0.69140625 - critic/score/max:1.0 - critic/score/min:0.0 - critic/rewards/mean:0.69140625 - critic/rewards/max:1.0 - critic/rewards/min:0.0 - critic/advantages/mean:0.4639042019844055 - critic/advantages/max:0.9999990463256836 - critic/advantages/min:0.0 - critic/returns/mean:0.4639042019844055 - critic/returns/max:0.9999990463256836 - critic/returns/min:0.0 - response_length/mean:440.0234375 - response_length/max:2048.0 - response_length/min:85.0 - response_length/clip_ratio:0.0703125 - response_length_non_aborted/mean:440.0234375 - response_length_non_aborted/max:2048.0 - response_length_non_aborted/min:85.0 - response_length_non_aborted/clip_ratio:0.0703125 - response/aborted_ratio:0.0 - prompt_length/mean:113.9140625 - prompt_length/max:411.0 - prompt_length/min:49.0 - prompt_length/clip_ratio:0.0 - num_turns/min:np.int32(2) - num_turns/max:np.int32(2) - num_turns/mean:np.float64(2.0) - timing_s/start_profile:0.00020695896819233894 - timing_s/agent_loop/num_preempted/min:np.int64(-1) - timing_s/agent_loop/num_preempted/max:np.int64(-1) - timing_s/agent_loop/num_preempted/mean:np.float64(-1.0) - timing_s/agent_loop/generate_sequences/min:np.float64(2.4654637740459293) - timing_s/agent_loop/generate_sequences/max:np.float64(39.75136785500217) - timing_s/agent_loop/generate_sequences/mean:np.float64(9.527224399309489) - timing_s/agent_loop/tool_calls/min:np.float64(0.0) - timing_s/agent_loop/tool_calls/max:np.float64(0.0) - timing_s/agent_loop/tool_calls/mean:np.float64(0.0) - timing_s/agent_loop/compute_score/min:np.float64(0.0056166090071201324) - timing_s/agent_loop/compute_score/max:np.float64(0.05512558703776449) - timing_s/agent_loop/compute_score/mean:np.float64(0.011620870602200739) - timing_s/agent_loop/slowest/generate_sequences:np.float64(39.75136785500217) - timing_s/agent_loop/slowest/tool_calls:np.float64(0.0) - timing_s/agent_loop/slowest/compute_score:np.float64(0.023915598052553833) - timing_s/agent_loop/slowest/num_preempted:np.int64(-1) - timing_s/agent_loop/slowest/prompt_length:255 - timing_s/agent_loop/slowest/response_length:2048 - timing_s/gen:46.83384529699106 - timing_s/reward:2.493907231837511e-05 - timing_s/old_log_prob:9.668098646914586 - timing_s/adv:0.0052200519712641835 - timing_s/update_actor:19.620618112036027 - timing_s/update_weights:9.72462407196872 - timing_s/step:85.8809473119909 - timing_s/testing:125.37434100196697 - timing_s/stop_profile:0.00023886794224381447 - timing_per_token_ms/update_actor:0.2767208917978679 - timing_per_token_ms/gen:0.8315225626651822 - timing_per_token_ms/adv:7.362140318267211e-05 - perf/total_num_tokens:70904 - perf/time_per_step:85.8809473119909 - perf/throughput:103.20100415057401
[36m(vLLMHttpServer pid=945396)[0m (EngineCore pid=946285) WARNING 07-30 12:33:08 [scheduler.py:2541] reset_connector called but no KV connector is configured.
[36m(vLLMHttpServer pid=945396)[0m (EngineCore pid=946285) WARNING 07-30 12:33:16 [scheduler.py:2541] reset_connector called but no KV connector is configured.[32m [repeated 2x across cluster][0m
[36m(TaskRunner pid=899085)[0m Training Progress:   1%|▏         | 16/1110 [30:25<36:12:18, 119.14s/it]
[36m(TaskRunner pid=899085)[0m step:16 - global_seqlen/min:12107 - global_seqlen/max:19892 - global_seqlen/minmax_diff:7785 - global_seqlen/balanced_min:15332 - global_seqlen/balanced_max:15372 - global_seqlen/mean:15345.75 - actor/entropy:0.2998606860637665 - perf/mfu/actor_infer:0.20941544227022516 - actor/pg_clipfrac:np.float64(2.1514630134333856e-05) - actor/ppo_kl:np.float64(2.1677584300050512e-05) - actor/pg_clipfrac_lower:np.float64(0.0) - actor/pg_loss:np.float64(-0.5269444063305855) - actor/distillation/abs_loss:np.float64(0.3682166002690792) - actor/distillation/loss_min:np.float64(-5.772413730621338) - actor/distillation/loss_max:np.float64(35.93601989746094) - actor/distillation/pg_clipfrac:np.float64(4.302926026866771e-05) - actor/distillation/ppo_kl:np.float64(2.1677584300050512e-05) - actor/distillation/pg_clipfrac_lower:np.float64(0.0) - actor/distillation/loss:np.float64(0.21445892192423344) - actor/loss:np.float64(0.21445892751216888) - actor/grad_norm:np.float64(1.8500783443450928) - actor/lr:np.float64(9.994874224928097e-07) - actor/perf/max_memory_allocated_gb:np.float64(44.1689772605896) - actor/perf/max_memory_reserved_gb:np.float64(55.65234375) - actor/perf/cpu_memory_used_gb:np.float64(321.98950958251953) - perf/mfu/actor:np.float64(0.22629291736904442) - training/global_step:16 - training/epoch:0 - critic/score/mean:0.731249988079071 - critic/score/max:1.0 - critic/score/min:0.0 - critic/rewards/mean:0.731249988079071 - critic/rewards/max:1.0 - critic/rewards/min:0.0 - critic/advantages/mean:0.5269525647163391 - critic/advantages/max:0.9999990463256836 - critic/advantages/min:0.0 - critic/returns/mean:0.5269525647163391 - critic/returns/max:0.9999990463256836 - critic/returns/min:0.0 - response_length/mean:374.3203125 - response_length/max:2048.0 - response_length/min:91.0 - response_length/clip_ratio:0.0546875 - response_length_non_aborted/mean:374.3203125 - response_length_non_aborted/max:2048.0 - response_length_non_aborted/min:91.0 - response_length_non_aborted/clip_ratio:0.0546875 - response/aborted_ratio:0.0 - prompt_length/mean:105.234375 - prompt_length/max:376.0 - prompt_length/min:46.0 - prompt_length/clip_ratio:0.0 - num_turns/min:np.int32(2) - num_turns/max:np.int32(2) - num_turns/mean:np.float64(2.0) - timing_s/start_profile:7.865007501095533e-05 - timing_s/agent_loop/num_preempted/min:np.int64(-1) - timing_s/agent_loop/num_preempted/max:np.int64(-1) - timing_s/agent_loop/num_preempted/mean:np.float64(-1.0) - timing_s/agent_loop/generate_sequences/min:np.float64(2.482969291973859) - timing_s/agent_loop/generate_sequences/max:np.float64(39.081182462046854) - timing_s/agent_loop/generate_sequences/mean:np.float64(8.097483059614206) - timing_s/agent_loop/tool_calls/min:np.float64(0.0) - timing_s/agent_loop/tool_calls/max:np.float64(0.0) - timing_s/agent_loop/tool_calls/mean:np.float64(0.0) - timing_s/agent_loop/compute_score/min:np.float64(0.005506630055606365) - timing_s/agent_loop/compute_score/max:np.float64(0.10245137091260403) - timing_s/agent_loop/compute_score/mean:np.float64(0.011011035452611395) - timing_s/agent_loop/slowest/generate_sequences:np.float64(39.025760175078176) - timing_s/agent_loop/slowest/tool_calls:np.float64(0.0) - timing_s/agent_loop/slowest/compute_score:np.float64(0.10245137091260403) - timing_s/agent_loop/slowest/num_preempted:np.int64(-1) - timing_s/agent_loop/slowest/prompt_length:265 - timing_s/agent_loop/slowest/response_length:2048 - timing_s/gen:46.40229244797956 - timing_s/reward:2.6299036107957363e-05 - timing_s/old_log_prob:10.014416400925256 - timing_s/adv:0.0050364729249849916 - timing_s/update_actor:18.53635900898371 - timing_s/update_weights:9.526881373021752 - timing_s/step:84.513959384989 - timing_s/stop_profile:8.116895332932472e-05 - timing_per_token_ms/update_actor:0.3019787076060751 - timing_per_token_ms/gen:0.9684697774712409 - timing_per_token_ms/adv:8.204996375193443e-05 - perf/total_num_tokens:61383 - perf/time_per_step:84.513959384989 - perf/throughput:90.78825623406804
[36m(vLLMHttpServer pid=945396)[0m (EngineCore pid=946285) WARNING 07-30 12:34:37 [scheduler.py:2541] reset_connector called but no KV connector is configured.[32m [repeated 4x across cluster][0m
[36m(vLLMHttpServer pid=945396)[0m (EngineCore pid=946285) WARNING 07-30 12:34:45 [scheduler.py:2541] reset_connector called but no KV connector is configured.[32m [repeated 2x across cluster][0m
[36m(TaskRunner pid=899085)[0m Training Progress:   2%|▏         | 17/1110 [31:54<33:28:39, 110.27s/it]
[36m(TaskRunner pid=899085)[0m step:17 - global_seqlen/min:13823 - global_seqlen/max:21280 - global_seqlen/minmax_diff:7457 - global_seqlen/balanced_min:18708 - global_seqlen/balanced_max:18767 - global_seqlen/mean:18739.25 - actor/entropy:0.3369988799095154 - perf/mfu/actor_infer:0.2285305856454213 - actor/pg_clipfrac:np.float64(0.0) - actor/ppo_kl:np.float64(2.737584691203665e-05) - actor/pg_clipfrac_lower:np.float64(0.0) - actor/pg_loss:np.float64(-0.4481818787753582) - actor/distillation/abs_loss:np.float64(0.365566898137331) - actor/distillation/loss_min:np.float64(-5.557844638824463) - actor/distillation/loss_max:np.float64(35.22046661376953) - actor/distillation/pg_clipfrac:np.float64(8.600523142376915e-05) - actor/distillation/ppo_kl:np.float64(2.737584691203665e-05) - actor/distillation/pg_clipfrac_lower:np.float64(0.0) - actor/distillation/loss:np.float64(0.252185245975852) - actor/loss:np.float64(0.25218525528907776) - actor/grad_norm:np.float64(3.095008611679077) - actor/lr:np.float64(9.994213607957272e-07) - actor/perf/max_memory_allocated_gb:np.float64(44.1689772605896) - actor/perf/max_memory_reserved_gb:np.float64(55.65234375) - actor/perf/cpu_memory_used_gb:np.float64(321.7192077636719) - perf/mfu/actor:np.float64(0.25392078576074856) - training/global_step:17 - training/epoch:0 - critic/score/mean:0.6695312857627869 - critic/score/max:1.0 - critic/score/min:0.0 - critic/rewards/mean:0.6695312857627869 - critic/rewards/max:1.0 - critic/rewards/min:0.0 - critic/advantages/mean:0.4481818974018097 - critic/advantages/max:0.9999990463256836 - critic/advantages/min:0.0 - critic/returns/mean:0.4481818974018097 - critic/returns/max:0.9999990463256836 - critic/returns/min:0.0 - response_length/mean:469.1328125 - response_length/max:2048.0 - response_length/min:93.0 - response_length/clip_ratio:0.09375 - response_length_non_aborted/mean:469.1328125 - response_length_non_aborted/max:2048.0 - response_length_non_aborted/min:93.0 - response_length_non_aborted/clip_ratio:0.09375 - response/aborted_ratio:0.0 - prompt_length/mean:116.46875 - prompt_length/max:592.0 - prompt_length/min:50.0 - prompt_length/clip_ratio:0.0 - num_turns/min:np.int32(2) - num_turns/max:np.int32(2) - num_turns/mean:np.float64(2.0) - timing_s/start_profile:0.00021737907081842422 - timing_s/agent_loop/num_preempted/min:np.int64(-1) - timing_s/agent_loop/num_preempted/max:np.int64(-1) - timing_s/agent_loop/num_preempted/mean:np.float64(-1.0) - timing_s/agent_loop/generate_sequences/min:np.float64(2.5727011730195954) - timing_s/agent_loop/generate_sequences/max:np.float64(40.747178656980395) - timing_s/agent_loop/generate_sequences/mean:np.float64(10.254008353868812) - timing_s/agent_loop/tool_calls/min:np.float64(0.0) - timing_s/agent_loop/tool_calls/max:np.float64(0.0) - timing_s/agent_loop/tool_calls/mean:np.float64(0.0) - timing_s/agent_loop/compute_score/min:np.float64(0.0053477410692721605) - timing_s/agent_loop/compute_score/max:np.float64(0.0983064939500764) - timing_s/agent_loop/compute_score/mean:np.float64(0.011868831910760491) - timing_s/agent_loop/slowest/generate_sequences:np.float64(40.7429933300009) - timing_s/agent_loop/slowest/tool_calls:np.float64(0.0) - timing_s/agent_loop/slowest/compute_score:np.float64(0.05534776800777763) - timing_s/agent_loop/slowest/num_preempted:np.int64(-1) - timing_s/agent_loop/slowest/prompt_length:253 - timing_s/agent_loop/slowest/response_length:2048 - timing_s/gen:50.52835072996095 - timing_s/reward:3.0730036087334156e-05 - timing_s/old_log_prob:10.24159511900507 - timing_s/adv:0.00556101999245584 - timing_s/update_actor:19.067617119057104 - timing_s/update_weights:9.686391972005367 - timing_s/step:89.56134966691025 - timing_s/stop_profile:0.00010867905803024769 - timing_per_token_ms/update_actor:0.25438073987829163 - timing_per_token_ms/gen:0.8414519930383678 - timing_per_token_ms/adv:7.418946852803395e-05 - perf/total_num_tokens:74957 - perf/time_per_step:89.56134966691025 - perf/throughput:104.61683566456732
[36m(vLLMHttpServer pid=945396)[0m (EngineCore pid=946285) WARNING 07-30 12:36:07 [scheduler.py:2541] reset_connector called but no KV connector is configured.[32m [repeated 4x across cluster][0m
[36m(vLLMHttpServer pid=945396)[0m (EngineCore pid=946285) WARNING 07-30 12:36:16 [scheduler.py:2541] reset_connector called but no KV connector is configured.[32m [repeated 2x across cluster][0m
[36m(TaskRunner pid=899085)[0m Training Progress:   2%|▏         | 18/1110 [33:25<31:39:22, 104.36s/it]
[36m(TaskRunner pid=899085)[0m step:18 - global_seqlen/min:13542 - global_seqlen/max:25631 - global_seqlen/minmax_diff:12089 - global_seqlen/balanced_min:19337 - global_seqlen/balanced_max:19370 - global_seqlen/mean:19355.75 - actor/entropy:0.3258986473083496 - perf/mfu/actor_infer:0.24632852929823712 - actor/pg_clipfrac:np.float64(0.0) - actor/ppo_kl:np.float64(0.0) - actor/pg_clipfrac_lower:np.float64(0.0) - actor/pg_loss:np.float64(-0.43034184910357) - actor/distillation/abs_loss:np.float64(0.3436552807688713) - actor/distillation/loss_min:np.float64(-6.144904613494873) - actor/distillation/loss_max:np.float64(36.14265060424805) - actor/distillation/pg_clipfrac:np.float64(0.0) - actor/distillation/ppo_kl:np.float64(0.0) - actor/distillation/pg_clipfrac_lower:np.float64(0.0) - actor/distillation/loss:np.float64(0.21378035470843315) - actor/loss:np.float64(0.21378035843372345) - actor/grad_norm:np.float64(2.172034502029419) - actor/lr:np.float64(9.993512985402724e-07) - actor/perf/max_memory_allocated_gb:np.float64(44.1689772605896) - actor/perf/max_memory_reserved_gb:np.float64(55.65234375) - actor/perf/cpu_memory_used_gb:np.float64(322.24626541137695) - perf/mfu/actor:np.float64(0.2547816291286859) - training/global_step:18 - training/epoch:0 - critic/score/mean:0.6835938096046448 - critic/score/max:1.0 - critic/score/min:0.0 - critic/rewards/mean:0.6835938096046448 - critic/rewards/max:1.0 - critic/rewards/min:0.0 - critic/advantages/mean:0.430341899394989 - critic/advantages/max:0.9999990463256836 - critic/advantages/min:0.0 - critic/returns/mean:0.430341899394989 - critic/returns/max:0.9999990463256836 - critic/returns/min:0.0 - response_length/mean:495.3125 - response_length/max:2048.0 - response_length/min:86.0 - response_length/clip_ratio:0.109375 - response_length_non_aborted/mean:495.3125 - response_length_non_aborted/max:2048.0 - response_length_non_aborted/min:86.0 - response_length_non_aborted/clip_ratio:0.109375 - response/aborted_ratio:0.0 - prompt_length/mean:109.5546875 - prompt_length/max:525.0 - prompt_length/min:52.0 - prompt_length/clip_ratio:0.0 - num_turns/min:np.int32(2) - num_turns/max:np.int32(2) - num_turns/mean:np.float64(2.0) - timing_s/start_profile:0.00021119893062859774 - timing_s/agent_loop/num_preempted/min:np.int64(-1) - timing_s/agent_loop/num_preempted/max:np.int64(-1) - timing_s/agent_loop/num_preempted/mean:np.float64(-1.0) - timing_s/agent_loop/generate_sequences/min:np.float64(2.429118947009556) - timing_s/agent_loop/generate_sequences/max:np.float64(41.72492668800987) - timing_s/agent_loop/generate_sequences/mean:np.float64(10.751834644597693) - timing_s/agent_loop/tool_calls/min:np.float64(0.0) - timing_s/agent_loop/tool_calls/max:np.float64(0.0) - timing_s/agent_loop/tool_calls/mean:np.float64(0.0) - timing_s/agent_loop/compute_score/min:np.float64(0.005647668964229524) - timing_s/agent_loop/compute_score/max:np.float64(0.1156108460854739) - timing_s/agent_loop/compute_score/mean:np.float64(0.012864155678471434) - timing_s/agent_loop/slowest/generate_sequences:np.float64(41.67065257602371) - timing_s/agent_loop/slowest/tool_calls:np.float64(0.0) - timing_s/agent_loop/slowest/compute_score:np.float64(0.1156108460854739) - timing_s/agent_loop/slowest/num_preempted:np.int64(-1) - timing_s/agent_loop/slowest/prompt_length:216 - timing_s/agent_loop/slowest/response_length:2048 - timing_s/gen:50.90523631393444 - timing_s/reward:3.399001434445381e-05 - timing_s/old_log_prob:10.321734508965164 - timing_s/adv:0.005379060050472617 - timing_s/update_actor:19.200988812022842 - timing_s/update_weights:10.00299227796495 - timing_s/step:90.4686099269893 - timing_s/stop_profile:9.680900257080793e-05 - timing_per_token_ms/update_actor:0.24800109543705157 - timing_per_token_ms/gen:0.8029217084216789 - timing_per_token_ms/adv:6.947625447828962e-05 - perf/total_num_tokens:77423 - perf/time_per_step:90.4686099269893 - perf/throughput:106.97494974013988
[36m(vLLMHttpServer pid=945396)[0m (EngineCore pid=946285) WARNING 07-30 12:37:25 [scheduler.py:2541] reset_connector called but no KV connector is configured.[32m [repeated 4x across cluster][0m
[36m(vLLMHttpServer pid=945396)[0m (EngineCore pid=946285) WARNING 07-30 12:37:33 [scheduler.py:2541] reset_connector called but no KV connector is configured.[32m [repeated 2x across cluster][0m
[36m(TaskRunner pid=899085)[0m Training Progress:   2%|▏         | 19/1110 [34:42<29:10:08, 96.25s/it] 
[36m(TaskRunner pid=899085)[0m step:19 - global_seqlen/min:12504 - global_seqlen/max:13884 - global_seqlen/minmax_diff:1380 - global_seqlen/balanced_min:13393 - global_seqlen/balanced_max:13408 - global_seqlen/mean:13400.0 - actor/entropy:0.23999536037445068 - perf/mfu/actor_infer:0.20193835339205857 - actor/pg_clipfrac:np.float64(0.0) - actor/ppo_kl:np.float64(0.0) - actor/pg_clipfrac_lower:np.float64(0.0) - actor/pg_loss:np.float64(-0.6137038357555866) - actor/distillation/abs_loss:np.float64(0.37955376133322716) - actor/distillation/loss_min:np.float64(-4.506639003753662) - actor/distillation/loss_max:np.float64(35.6380729675293) - actor/distillation/pg_clipfrac:np.float64(0.0) - actor/distillation/ppo_kl:np.float64(0.0) - actor/distillation/pg_clipfrac_lower:np.float64(0.0) - actor/distillation/loss:np.float64(0.1915837675333023) - actor/loss:np.float64(0.1915837675333023) - actor/grad_norm:np.float64(1.721260905265808) - actor/lr:np.float64(9.992772362876714e-07) - actor/perf/max_memory_allocated_gb:np.float64(44.1689772605896) - actor/perf/max_memory_reserved_gb:np.float64(55.65234375) - actor/perf/cpu_memory_used_gb:np.float64(322.1535873413086) - perf/mfu/actor:np.float64(0.2205095543250257) - training/global_step:19 - training/epoch:0 - critic/score/mean:0.7437500357627869 - critic/score/max:1.0 - critic/score/min:0.0 - critic/rewards/mean:0.7437500357627869 - critic/rewards/max:1.0 - critic/rewards/min:0.0 - critic/advantages/mean:0.6137038469314575 - critic/advantages/max:0.9999990463256836 - critic/advantages/min:0.0 - critic/returns/mean:0.6137038469314575 - critic/returns/max:0.9999990463256836 - critic/returns/min:0.0 - response_length/mean:320.4375 - response_length/max:2048.0 - response_length/min:69.0 - response_length/clip_ratio:0.03125 - response_length_non_aborted/mean:320.4375 - response_length_non_aborted/max:2048.0 - response_length_non_aborted/min:69.0 - response_length_non_aborted/clip_ratio:0.03125 - response/aborted_ratio:0.0 - prompt_length/mean:98.3125 - prompt_length/max:456.0 - prompt_length/min:48.0 - prompt_length/clip_ratio:0.0 - num_turns/min:np.int32(2) - num_turns/max:np.int32(2) - num_turns/mean:np.float64(2.0) - timing_s/start_profile:9.222002699971199e-05 - timing_s/agent_loop/num_preempted/min:np.int64(-1) - timing_s/agent_loop/num_preempted/max:np.int64(-1) - timing_s/agent_loop/num_preempted/mean:np.float64(-1.0) - timing_s/agent_loop/generate_sequences/min:np.float64(1.9192612799815834) - timing_s/agent_loop/generate_sequences/max:np.float64(36.22558934404515) - timing_s/agent_loop/generate_sequences/mean:np.float64(6.98634808036968) - timing_s/agent_loop/tool_calls/min:np.float64(0.0) - timing_s/agent_loop/tool_calls/max:np.float64(0.0) - timing_s/agent_loop/tool_calls/mean:np.float64(0.0) - timing_s/agent_loop/compute_score/min:np.float64(0.005358720081858337) - timing_s/agent_loop/compute_score/max:np.float64(0.031989193987101316) - timing_s/agent_loop/compute_score/mean:np.float64(0.009191869159622001) - timing_s/agent_loop/slowest/generate_sequences:np.float64(36.22558934404515) - timing_s/agent_loop/slowest/tool_calls:np.float64(0.0) - timing_s/agent_loop/slowest/compute_score:np.float64(0.026795723009854555) - timing_s/agent_loop/slowest/num_preempted:np.int64(-1) - timing_s/agent_loop/slowest/prompt_length:346 - timing_s/agent_loop/slowest/response_length:2048 - timing_s/gen:42.28466043097433 - timing_s/reward:3.126007504761219e-05 - timing_s/old_log_prob:9.009085631929338 - timing_s/adv:0.00500714301597327 - timing_s/update_actor:16.728944554924965 - timing_s/update_weights:9.286424999940209 - timing_s/step:77.34605765494052 - timing_s/stop_profile:8.767005056142807e-05 - timing_per_token_ms/update_actor:0.3121071745321822 - timing_per_token_ms/gen:1.0309308667586876 - timing_per_token_ms/adv:9.341684731293415e-05 - perf/total_num_tokens:53600 - perf/time_per_step:77.34605765494052 - perf/throughput:86.62367809217014
[36m(vLLMHttpServer pid=945396)[0m (EngineCore pid=946285) WARNING 07-30 12:38:51 [scheduler.py:2541] reset_connector called but no KV connector is configured.[32m [repeated 4x across cluster][0m
[36m(vLLMHttpServer pid=945396)[0m (EngineCore pid=946285) WARNING 07-30 12:39:00 [scheduler.py:2541] reset_connector called but no KV connector is configured.[32m [repeated 2x across cluster][0m
[36m(TaskRunner pid=899085)[0m test_gen_batch meta info: {'eos_token_id': 151645, 'pad_token_id': 151643, 'recompute_log_prob': False, 'do_sample': False, 'validate': True, 'global_steps': 20}
[36m(vLLMHttpServer pid=945400)[0m (EngineCore pid=946276) WARNING 07-30 12:39:01 [scheduler.py:2541] reset_connector called but no KV connector is configured.[32m [repeated 3x across cluster][0m
[36m(TaskRunner pid=899085)[0m validation generation end
[36m(TaskRunner pid=899085)[0m Training Progress:   2%|▏         | 20/1110 [38:14<39:36:29, 130.82s/it]
[36m(TaskRunner pid=899085)[0m step:20 - global_seqlen/min:14303 - global_seqlen/max:21699 - global_seqlen/minmax_diff:7396 - global_seqlen/balanced_min:18419 - global_seqlen/balanced_max:18434 - global_seqlen/mean:18426.25 - actor/entropy:0.3083735406398773 - perf/mfu/actor_infer:0.2812778045487282 - actor/pg_clipfrac:np.float64(0.0) - actor/ppo_kl:np.float64(0.0) - actor/pg_clipfrac_lower:np.float64(0.0) - actor/pg_loss:np.float64(-0.4899476282298565) - actor/distillation/abs_loss:np.float64(0.34876223653554916) - actor/distillation/loss_min:np.float64(-8.33616828918457) - actor/distillation/loss_max:np.float64(35.5280647277832) - actor/distillation/pg_clipfrac:np.float64(0.0) - actor/distillation/ppo_kl:np.float64(0.0) - actor/distillation/pg_clipfrac_lower:np.float64(0.0) - actor/distillation/loss:np.float64(0.25917057506740093) - actor/loss:np.float64(0.2591705918312073) - actor/grad_norm:np.float64(2.4352920055389404) - actor/lr:np.float64(9.991991746311915e-07) - actor/perf/max_memory_allocated_gb:np.float64(44.1689772605896) - actor/perf/max_memory_reserved_gb:np.float64(55.65234375) - actor/perf/cpu_memory_used_gb:np.float64(322.3206443786621) - perf/mfu/actor:np.float64(0.25197180743120645) - val-aux/openai/gsm8k/reward/mean@1:np.float64(0.7126611068991661) - val-core/openai/gsm8k/acc/mean@1:np.float64(0.7126611068991661) - val-aux/hiyouga/geometry3k/reward/mean@1:np.float64(0.4537437483792297) - val-core/hiyouga/geometry3k/acc/mean@1:np.float64(0.4537437603993345) - val-aux/num_turns/min:np.int32(2) - val-aux/num_turns/max:np.int32(2) - val-aux/num_turns/mean:np.float64(2.0) - training/global_step:20 - training/epoch:0 - critic/score/mean:0.6304687261581421 - critic/score/max:1.0 - critic/score/min:0.0 - critic/rewards/mean:0.6304687261581421 - critic/rewards/max:1.0 - critic/rewards/min:0.0 - critic/advantages/mean:0.48994770646095276 - critic/advantages/max:0.9999990463256836 - critic/advantages/min:0.0 - critic/returns/mean:0.48994770646095276 - critic/returns/max:0.9999990463256836 - critic/returns/min:0.0 - response_length/mean:471.2265625 - response_length/max:2048.0 - response_length/min:101.0 - response_length/clip_ratio:0.0703125 - response_length_non_aborted/mean:471.2265625 - response_length_non_aborted/max:2048.0 - response_length_non_aborted/min:101.0 - response_length_non_aborted/clip_ratio:0.0703125 - response/aborted_ratio:0.0 - prompt_length/mean:104.59375 - prompt_length/max:356.0 - prompt_length/min:49.0 - prompt_length/clip_ratio:0.0 - num_turns/min:np.int32(2) - num_turns/max:np.int32(2) - num_turns/mean:np.float64(2.0) - timing_s/start_profile:6.98600197210908e-05 - timing_s/agent_loop/num_preempted/min:np.int64(-1) - timing_s/agent_loop/num_preempted/max:np.int64(-1) - timing_s/agent_loop/num_preempted/mean:np.float64(-1.0) - timing_s/agent_loop/generate_sequences/min:np.float64(2.7484731799922884) - timing_s/agent_loop/generate_sequences/max:np.float64(40.06737475807313) - timing_s/agent_loop/generate_sequences/mean:np.float64(10.08288344241737) - timing_s/agent_loop/tool_calls/min:np.float64(0.0) - timing_s/agent_loop/tool_calls/max:np.float64(0.0) - timing_s/agent_loop/tool_calls/mean:np.float64(0.0) - timing_s/agent_loop/compute_score/min:np.float64(0.005714769009500742) - timing_s/agent_loop/compute_score/max:np.float64(0.05105349002406001) - timing_s/agent_loop/compute_score/mean:np.float64(0.010441669751344307) - timing_s/agent_loop/slowest/generate_sequences:np.float64(40.042300475994125) - timing_s/agent_loop/slowest/tool_calls:np.float64(0.0) - timing_s/agent_loop/slowest/compute_score:np.float64(0.05105349002406001) - timing_s/agent_loop/slowest/num_preempted:np.int64(-1) - timing_s/agent_loop/slowest/prompt_length:125 - timing_s/agent_loop/slowest/response_length:2048 - timing_s/gen:47.06139423593413 - timing_s/reward:3.426999319344759e-05 - timing_s/old_log_prob:10.032385226921178 - timing_s/adv:0.004923842963762581 - timing_s/update_actor:19.479369545006193 - timing_s/update_weights:9.92711995402351 - timing_s/step:86.53721853008028 - timing_s/testing:124.82939752296079 - timing_s/stop_profile:0.00022347806952893734 - timing_per_token_ms/update_actor:0.2642883053389348 - timing_per_token_ms/gen:0.780234332541972 - timing_per_token_ms/adv:6.680473460094405e-05 - perf/total_num_tokens:73705 - perf/time_per_step:86.53721853008028 - perf/throughput:106.46430699407705
[36m(vLLMHttpServer pid=945396)[0m (EngineCore pid=946285) WARNING 07-30 12:42:21 [scheduler.py:2541] reset_connector called but no KV connector is configured.
[36m(vLLMHttpServer pid=945396)[0m (EngineCore pid=946285) WARNING 07-30 12:42:29 [scheduler.py:2541] reset_connector called but no KV connector is configured.[32m [repeated 2x across cluster][0m
[36m(TaskRunner pid=899085)[0m Training Progress:   2%|▏         | 21/1110 [39:38<35:19:57, 116.80s/it]
[36m(TaskRunner pid=899085)[0m step:21 - global_seqlen/min:15417 - global_seqlen/max:22069 - global_seqlen/minmax_diff:6652 - global_seqlen/balanced_min:17452 - global_seqlen/balanced_max:17462 - global_seqlen/mean:17457.0 - actor/entropy:0.2946358323097229 - perf/mfu/actor_infer:0.2151197064274585 - actor/pg_clipfrac:np.float64(1.842027631937526e-05) - actor/ppo_kl:np.float64(2.2924863515072502e-05) - actor/pg_clipfrac_lower:np.float64(0.0) - actor/pg_loss:np.float64(-0.478312524035573) - actor/distillation/abs_loss:np.float64(0.3433055579662323) - actor/distillation/loss_min:np.float64(-4.559244155883789) - actor/distillation/loss_max:np.float64(36.355106353759766) - actor/distillation/pg_clipfrac:np.float64(3.684055263875052e-05) - actor/distillation/ppo_kl:np.float64(2.2924863515072502e-05) - actor/distillation/pg_clipfrac_lower:np.float64(0.0) - actor/distillation/loss:np.float64(0.20245231688022614) - actor/loss:np.float64(0.20245231688022614) - actor/grad_norm:np.float64(2.0197598934173584) - actor/lr:np.float64(9.991171141961368e-07) - actor/perf/max_memory_allocated_gb:np.float64(44.1689772605896) - actor/perf/max_memory_reserved_gb:np.float64(55.65234375) - actor/perf/cpu_memory_used_gb:np.float64(322.75787353515625) - perf/mfu/actor:np.float64(0.2350890249519742) - training/global_step:21 - training/epoch:0 - critic/score/mean:0.65234375 - critic/score/max:1.0 - critic/score/min:0.0 - critic/rewards/mean:0.65234375 - critic/rewards/max:1.0 - critic/rewards/min:0.0 - critic/advantages/mean:0.47833019495010376 - critic/advantages/max:0.9999990463256836 - critic/advantages/min:0.0 - critic/returns/mean:0.47833019495010376 - critic/returns/max:0.9999990463256836 - critic/returns/min:0.0 - response_length/mean:433.71875 - response_length/max:2048.0 - response_length/min:86.0 - response_length/clip_ratio:0.0546875 - response_length_non_aborted/mean:433.71875 - response_length_non_aborted/max:2048.0 - response_length_non_aborted/min:86.0 - response_length_non_aborted/clip_ratio:0.0546875 - response/aborted_ratio:0.0 - prompt_length/mean:111.8125 - prompt_length/max:372.0 - prompt_length/min:50.0 - prompt_length/clip_ratio:0.0 - num_turns/min:np.int32(2) - num_turns/max:np.int32(2) - num_turns/mean:np.float64(2.0) - timing_s/start_profile:8.160993456840515e-05 - timing_s/agent_loop/num_preempted/min:np.int64(-1) - timing_s/agent_loop/num_preempted/max:np.int64(-1) - timing_s/agent_loop/num_preempted/mean:np.float64(-1.0) - timing_s/agent_loop/generate_sequences/min:np.float64(2.438864008989185) - timing_s/agent_loop/generate_sequences/max:np.float64(39.135334542021155) - timing_s/agent_loop/generate_sequences/mean:np.float64(9.348942555921894) - timing_s/agent_loop/tool_calls/min:np.float64(0.0) - timing_s/agent_loop/tool_calls/max:np.float64(0.0) - timing_s/agent_loop/tool_calls/mean:np.float64(0.0) - timing_s/agent_loop/compute_score/min:np.float64(0.0056623490527272224) - timing_s/agent_loop/compute_score/max:np.float64(0.04373229097109288) - timing_s/agent_loop/compute_score/mean:np.float64(0.010850864687199646) - timing_s/agent_loop/slowest/generate_sequences:np.float64(39.135334542021155) - timing_s/agent_loop/slowest/tool_calls:np.float64(0.0) - timing_s/agent_loop/slowest/compute_score:np.float64(0.025238101952709258) - timing_s/agent_loop/slowest/num_preempted:np.int64(-1) - timing_s/agent_loop/slowest/prompt_length:235 - timing_s/agent_loop/slowest/response_length:2048 - timing_s/gen:46.238641478004865 - timing_s/reward:3.084004856646061e-05 - timing_s/old_log_prob:9.486161373089999 - timing_s/adv:0.005253780982457101 - timing_s/update_actor:18.826717197080143 - timing_s/update_weights:9.526228553964756 - timing_s/step:84.11806002899539 - timing_s/stop_profile:8.776900358498096e-05 - timing_per_token_ms/update_actor:0.26961558682878134 - timing_per_token_ms/gen:0.8328885632611295 - timing_per_token_ms/adv:7.523888672820504e-05 - perf/total_num_tokens:69828 - perf/time_per_step:84.11806002899539 - perf/throughput:103.76487518841135
[36m(vLLMHttpServer pid=945396)[0m (EngineCore pid=946285) WARNING 07-30 12:43:49 [scheduler.py:2541] reset_connector called but no KV connector is configured.[32m [repeated 4x across cluster][0m
[36m(vLLMHttpServer pid=945396)[0m (EngineCore pid=946285) WARNING 07-30 12:43:58 [scheduler.py:2541] reset_connector called but no KV connector is configured.[32m [repeated 2x across cluster][0m
[36m(TaskRunner pid=899085)[0m Training Progress:   2%|▏         | 22/1110 [41:07<32:46:53, 108.47s/it]
[36m(TaskRunner pid=899085)[0m step:22 - global_seqlen/min:16971 - global_seqlen/max:21157 - global_seqlen/minmax_diff:4186 - global_seqlen/balanced_min:19009 - global_seqlen/balanced_max:19051 - global_seqlen/mean:19031.75 - actor/entropy:0.29710686206817627 - perf/mfu/actor_infer:0.24212596246853513 - actor/pg_clipfrac:np.float64(6.658990969299339e-05) - actor/ppo_kl:np.float64(1.754625532157661e-05) - actor/pg_clipfrac_lower:np.float64(0.0) - actor/pg_loss:np.float64(-0.41084328666329384) - actor/distillation/abs_loss:np.float64(0.33133113384246826) - actor/distillation/loss_min:np.float64(-6.868368148803711) - actor/distillation/loss_max:np.float64(36.6873779296875) - actor/distillation/pg_clipfrac:np.float64(6.717947871948127e-05) - actor/distillation/ppo_kl:np.float64(1.754625532157661e-05) - actor/distillation/pg_clipfrac_lower:np.float64(0.0) - actor/distillation/loss:np.float64(0.20755938813090324) - actor/loss:np.float64(0.20755937695503235) - actor/grad_norm:np.float64(1.9422979354858398) - actor/lr:np.float64(9.99031055639843e-07) - actor/perf/max_memory_allocated_gb:np.float64(44.1689772605896) - actor/perf/max_memory_reserved_gb:np.float64(55.65234375) - actor/perf/cpu_memory_used_gb:np.float64(322.9473419189453) - perf/mfu/actor:np.float64(0.25572522425455774) - training/global_step:22 - training/epoch:0 - critic/score/mean:0.660937488079071 - critic/score/max:1.0 - critic/score/min:0.0 - critic/rewards/mean:0.660937488079071 - critic/rewards/max:1.0 - critic/rewards/min:0.0 - critic/advantages/mean:0.41084668040275574 - critic/advantages/max:0.9999990463256836 - critic/advantages/min:0.0 - critic/returns/mean:0.41084668040275574 - critic/returns/max:0.9999990463256836 - critic/returns/min:0.0 - response_length/mean:478.3125 - response_length/max:2048.0 - response_length/min:111.0 - response_length/clip_ratio:0.1015625 - response_length_non_aborted/mean:478.3125 - response_length_non_aborted/max:2048.0 - response_length_non_aborted/min:111.0 - response_length_non_aborted/clip_ratio:0.1015625 - response/aborted_ratio:0.0 - prompt_length/mean:116.4296875 - prompt_length/max:458.0 - prompt_length/min:53.0 - prompt_length/clip_ratio:0.0 - num_turns/min:np.int32(2) - num_turns/max:np.int32(2) - num_turns/mean:np.float64(2.0) - timing_s/start_profile:9.076995775103569e-05 - timing_s/agent_loop/num_preempted/min:np.int64(-1) - timing_s/agent_loop/num_preempted/max:np.int64(-1) - timing_s/agent_loop/num_preempted/mean:np.float64(-1.0) - timing_s/agent_loop/generate_sequences/min:np.float64(2.9258110970258713) - timing_s/agent_loop/generate_sequences/max:np.float64(41.45370740105864) - timing_s/agent_loop/generate_sequences/mean:np.float64(10.417700448417236) - timing_s/agent_loop/tool_calls/min:np.float64(0.0) - timing_s/agent_loop/tool_calls/max:np.float64(0.0) - timing_s/agent_loop/tool_calls/mean:np.float64(0.0) - timing_s/agent_loop/compute_score/min:np.float64(0.005864917999133468) - timing_s/agent_loop/compute_score/max:np.float64(0.07137089793104678) - timing_s/agent_loop/compute_score/mean:np.float64(0.012344049761850329) - timing_s/agent_loop/slowest/generate_sequences:np.float64(41.42819935106672) - timing_s/agent_loop/slowest/tool_calls:np.float64(0.0) - timing_s/agent_loop/slowest/compute_score:np.float64(0.07137089793104678) - timing_s/agent_loop/slowest/num_preempted:np.int64(-1) - timing_s/agent_loop/slowest/prompt_length:270 - timing_s/agent_loop/slowest/response_length:2048 - timing_s/gen:49.54957471205853 - timing_s/reward:3.454007674008608e-05 - timing_s/old_log_prob:10.123034260002896 - timing_s/adv:0.00533004105091095 - timing_s/update_actor:19.0216856560437 - timing_s/update_weights:10.296379297971725 - timing_s/step:89.02746345498599 - timing_s/stop_profile:8.69890209287405e-05 - timing_per_token_ms/update_actor:0.24986779534256834 - timing_per_token_ms/gen:0.8093161948265146 - timing_per_token_ms/adv:7.0015120140173e-05 - perf/total_num_tokens:76127 - perf/time_per_step:89.02746345498599 - perf/throughput:106.88696084002675
[36m(vLLMHttpServer pid=945396)[0m (EngineCore pid=946285) WARNING 07-30 12:45:18 [scheduler.py:2541] reset_connector called but no KV connector is configured.[32m [repeated 4x across cluster][0m
[36m(vLLMHttpServer pid=945396)[0m (EngineCore pid=946285) WARNING 07-30 12:45:26 [scheduler.py:2541] reset_connector called but no KV connector is configured.[32m [repeated 2x across cluster][0m
[36m(TaskRunner pid=899085)[0m Training Progress:   2%|▏         | 23/1110 [42:36<30:57:52, 102.55s/it]
[36m(TaskRunner pid=899085)[0m step:23 - global_seqlen/min:16784 - global_seqlen/max:20558 - global_seqlen/minmax_diff:3774 - global_seqlen/balanced_min:18567 - global_seqlen/balanced_max:18881 - global_seqlen/mean:18725.0 - actor/entropy:0.2872597575187683 - perf/mfu/actor_infer:0.23736362351496873 - actor/pg_clipfrac:np.float64(0.0) - actor/ppo_kl:np.float64(0.0) - actor/pg_clipfrac_lower:np.float64(0.0) - actor/pg_loss:np.float64(-0.4186667278409004) - actor/distillation/abs_loss:np.float64(0.33260777220129967) - actor/distillation/loss_min:np.float64(-5.400744438171387) - actor/distillation/loss_max:np.float64(36.18313980102539) - actor/distillation/pg_clipfrac:np.float64(0.0) - actor/distillation/ppo_kl:np.float64(0.0) - actor/distillation/pg_clipfrac_lower:np.float64(0.0) - actor/distillation/loss:np.float64(0.1998331882059574) - actor/loss:np.float64(0.19983318448066711) - actor/grad_norm:np.float64(1.8585494756698608) - actor/lr:np.float64(9.989409996516725e-07) - actor/perf/max_memory_allocated_gb:np.float64(44.1689772605896) - actor/perf/max_memory_reserved_gb:np.float64(55.65234375) - actor/perf/cpu_memory_used_gb:np.float64(322.7671890258789) - perf/mfu/actor:np.float64(0.254997123154964) - training/global_step:23 - training/epoch:0 - critic/score/mean:0.66015625 - critic/score/max:1.0 - critic/score/min:0.0 - critic/rewards/mean:0.66015625 - critic/rewards/max:1.0 - critic/rewards/min:0.0 - critic/advantages/mean:0.4186667799949646 - critic/advantages/max:0.9999990463256836 - critic/advantages/min:0.0 - critic/returns/mean:0.4186667799949646 - critic/returns/max:0.9999990463256836 - critic/returns/min:0.0 - response_length/mean:474.890625 - response_length/max:2048.0 - response_length/min:101.0 - response_length/clip_ratio:0.0859375 - response_length_non_aborted/mean:474.890625 - response_length_non_aborted/max:2048.0 - response_length_non_aborted/min:101.0 - response_length_non_aborted/clip_ratio:0.0859375 - response/aborted_ratio:0.0 - prompt_length/mean:110.265625 - prompt_length/max:442.0 - prompt_length/min:47.0 - prompt_length/clip_ratio:0.0 - num_turns/min:np.int32(2) - num_turns/max:np.int32(2) - num_turns/mean:np.float64(2.0) - timing_s/start_profile:0.00018676905892789364 - timing_s/agent_loop/num_preempted/min:np.int64(-1) - timing_s/agent_loop/num_preempted/max:np.int64(-1) - timing_s/agent_loop/num_preempted/mean:np.float64(-1.0) - timing_s/agent_loop/generate_sequences/min:np.float64(2.7912676359992474) - timing_s/agent_loop/generate_sequences/max:np.float64(39.5176455329638) - timing_s/agent_loop/generate_sequences/mean:np.float64(10.319892114404865) - timing_s/agent_loop/tool_calls/min:np.float64(0.0) - timing_s/agent_loop/tool_calls/max:np.float64(0.0) - timing_s/agent_loop/tool_calls/mean:np.float64(0.0) - timing_s/agent_loop/compute_score/min:np.float64(0.005697128013707697) - timing_s/agent_loop/compute_score/max:np.float64(0.06405271904077381) - timing_s/agent_loop/compute_score/mean:np.float64(0.011813391524810868) - timing_s/agent_loop/slowest/generate_sequences:np.float64(39.48554249899462) - timing_s/agent_loop/slowest/tool_calls:np.float64(0.0) - timing_s/agent_loop/slowest/compute_score:np.float64(0.06405271904077381) - timing_s/agent_loop/slowest/num_preempted:np.int64(-1) - timing_s/agent_loop/slowest/prompt_length:133 - timing_s/agent_loop/slowest/response_length:2048 - timing_s/gen:48.826576758990996 - timing_s/reward:3.1800009310245514e-05 - timing_s/old_log_prob:10.216585276066326 - timing_s/adv:0.005178341059945524 - timing_s/update_actor:19.23321630200371 - timing_s/update_weights:10.388510552002117 - timing_s/step:88.70149474905338 - timing_s/stop_profile:8.722906932234764e-05 - timing_per_token_ms/update_actor:0.2567852643792218 - timing_per_token_ms/gen:0.8032536564174481 - timing_per_token_ms/adv:6.913672977230339e-05 - perf/total_num_tokens:74900 - perf/time_per_step:88.70149474905338 - perf/throughput:105.5506451890983
[36m(vLLMHttpServer pid=945400)[0m (EngineCore pid=946276) WARNING 07-30 12:46:42 [scheduler.py:2541] reset_connector called but no KV connector is configured.[32m [repeated 4x across cluster][0m
[36m(vLLMHttpServer pid=945396)[0m (EngineCore pid=946285) WARNING 07-30 12:46:50 [scheduler.py:2541] reset_connector called but no KV connector is configured.[32m [repeated 2x across cluster][0m
[36m(TaskRunner pid=899085)[0m Training Progress:   2%|▏         | 24/1110 [43:59<29:13:36, 96.88s/it] 
[36m(TaskRunner pid=899085)[0m step:24 - global_seqlen/min:15568 - global_seqlen/max:19519 - global_seqlen/minmax_diff:3951 - global_seqlen/balanced_min:17088 - global_seqlen/balanced_max:17116 - global_seqlen/mean:17099.25 - actor/entropy:0.2905820310115814 - perf/mfu/actor_infer:0.25361360412636863 - actor/pg_clipfrac:np.float64(0.00013018895697314292) - actor/ppo_kl:np.float64(-3.05556422972586e-05) - actor/pg_clipfrac_lower:np.float64(0.0) - actor/pg_loss:np.float64(-0.46339325979352) - actor/distillation/abs_loss:np.float64(0.33722247183322906) - actor/distillation/loss_min:np.float64(-8.426180839538574) - actor/distillation/loss_max:np.float64(35.62040710449219) - actor/distillation/pg_clipfrac:np.float64(0.0001115905397455208) - actor/distillation/ppo_kl:np.float64(-3.05556422972586e-05) - actor/distillation/pg_clipfrac_lower:np.float64(0.0) - actor/distillation/loss:np.float64(0.1878815945237875) - actor/loss:np.float64(0.18788158893585205) - actor/grad_norm:np.float64(2.205120086669922) - actor/lr:np.float64(9.988469469530085e-07) - actor/perf/max_memory_allocated_gb:np.float64(44.1689772605896) - actor/perf/max_memory_reserved_gb:np.float64(55.65234375) - actor/perf/cpu_memory_used_gb:np.float64(322.72680282592773) - perf/mfu/actor:np.float64(0.24375690149084) - training/global_step:24 - training/epoch:0 - critic/score/mean:0.6382812261581421 - critic/score/max:1.0 - critic/score/min:0.0 - critic/rewards/mean:0.6382812261581421 - critic/rewards/max:1.0 - critic/rewards/min:0.0 - critic/advantages/mean:0.4633547365665436 - critic/advantages/max:0.9999990463256836 - critic/advantages/min:0.0 - critic/returns/mean:0.4633547365665436 - critic/returns/max:0.9999990463256836 - critic/returns/min:0.0 - response_length/mean:425.28125 - response_length/max:2048.0 - response_length/min:87.0 - response_length/clip_ratio:0.0703125 - response_length_non_aborted/mean:425.28125 - response_length_non_aborted/max:2048.0 - response_length_non_aborted/min:87.0 - response_length_non_aborted/clip_ratio:0.0703125 - response/aborted_ratio:0.0 - prompt_length/mean:109.0703125 - prompt_length/max:456.0 - prompt_length/min:49.0 - prompt_length/clip_ratio:0.0 - num_turns/min:np.int32(2) - num_turns/max:np.int32(2) - num_turns/mean:np.float64(2.0) - timing_s/start_profile:8.640997111797333e-05 - timing_s/agent_loop/num_preempted/min:np.int64(-1) - timing_s/agent_loop/num_preempted/max:np.int64(-1) - timing_s/agent_loop/num_preempted/mean:np.float64(-1.0) - timing_s/agent_loop/generate_sequences/min:np.float64(2.4007410360500216) - timing_s/agent_loop/generate_sequences/max:np.float64(39.24004021601286) - timing_s/agent_loop/generate_sequences/mean:np.float64(9.15125405294657) - timing_s/agent_loop/tool_calls/min:np.float64(0.0) - timing_s/agent_loop/tool_calls/max:np.float64(0.0) - timing_s/agent_loop/tool_calls/mean:np.float64(0.0) - timing_s/agent_loop/compute_score/min:np.float64(0.005536579992622137) - timing_s/agent_loop/compute_score/max:np.float64(0.06793081702198833) - timing_s/agent_loop/compute_score/mean:np.float64(0.010928833040452446) - timing_s/agent_loop/slowest/generate_sequences:np.float64(39.214435686939396) - timing_s/agent_loop/slowest/tool_calls:np.float64(0.0) - timing_s/agent_loop/slowest/compute_score:np.float64(0.06793081702198833) - timing_s/agent_loop/slowest/num_preempted:np.int64(-1) - timing_s/agent_loop/slowest/prompt_length:320 - timing_s/agent_loop/slowest/response_length:2048 - timing_s/gen:45.01758276100736 - timing_s/reward:3.0010007321834564e-05 - timing_s/old_log_prob:10.502642535953782 - timing_s/adv:0.005371189909055829 - timing_s/update_actor:18.415504693984985 - timing_s/update_weights:9.686479604104534 - timing_s/step:83.65776984998956 - timing_s/stop_profile:8.290901314467192e-05 - timing_per_token_ms/update_actor:0.269244333727868 - timing_per_token_ms/gen:0.8269818274856228 - timing_per_token_ms/adv:7.852961254230199e-05 - perf/total_num_tokens:68397 - perf/time_per_step:83.65776984998956 - perf/throughput:102.19762032063142
[36m(vLLMHttpServer pid=945396)[0m (EngineCore pid=946285) WARNING 07-30 12:48:06 [scheduler.py:2541] reset_connector called but no KV connector is configured.[32m [repeated 4x across cluster][0m
[36m(vLLMHttpServer pid=945396)[0m (EngineCore pid=946285) WARNING 07-30 12:48:15 [scheduler.py:2541] reset_connector called but no KV connector is configured.[32m [repeated 2x across cluster][0m
[36m(TaskRunner pid=899085)[0m test_gen_batch meta info: {'eos_token_id': 151645, 'pad_token_id': 151643, 'recompute_log_prob': False, 'do_sample': False, 'validate': True, 'global_steps': 25}
[36m(vLLMHttpServer pid=945400)[0m (EngineCore pid=946276) WARNING 07-30 12:48:16 [scheduler.py:2541] reset_connector called but no KV connector is configured.[32m [repeated 3x across cluster][0m
[36m(TaskRunner pid=899085)[0m validation generation end
[36m(TaskRunner pid=899085)[0m Training Progress:   2%|▏         | 25/1110 [47:27<39:13:43, 130.16s/it]
[36m(TaskRunner pid=899085)[0m step:25 - global_seqlen/min:12117 - global_seqlen/max:24524 - global_seqlen/minmax_diff:12407 - global_seqlen/balanced_min:17106 - global_seqlen/balanced_max:17137 - global_seqlen/mean:17120.25 - actor/entropy:0.28023049235343933 - perf/mfu/actor_infer:0.24746378851122927 - actor/pg_clipfrac:np.float64(0.0) - actor/ppo_kl:np.float64(0.0) - actor/pg_clipfrac_lower:np.float64(0.0) - actor/pg_loss:np.float64(-0.4843520559370518) - actor/distillation/abs_loss:np.float64(0.33520568534731865) - actor/distillation/loss_min:np.float64(-5.017630100250244) - actor/distillation/loss_max:np.float64(35.311893463134766) - actor/distillation/pg_clipfrac:np.float64(0.0) - actor/distillation/ppo_kl:np.float64(0.0) - actor/distillation/pg_clipfrac_lower:np.float64(0.0) - actor/distillation/loss:np.float64(0.1999014262109995) - actor/loss:np.float64(0.19990141689777374) - actor/grad_norm:np.float64(1.8917810916900635) - actor/lr:np.float64(9.9874889829725e-07) - actor/perf/max_memory_allocated_gb:np.float64(44.1689772605896) - actor/perf/max_memory_reserved_gb:np.float64(55.65234375) - actor/perf/cpu_memory_used_gb:np.float64(322.697811126709) - perf/mfu/actor:np.float64(0.22969968779700103) - val-aux/openai/gsm8k/reward/mean@1:np.float64(0.7210007581501138) - val-core/openai/gsm8k/acc/mean@1:np.float64(0.7210007581501138) - val-aux/hiyouga/geometry3k/reward/mean@1:np.float64(0.4792013184203086) - val-core/hiyouga/geometry3k/acc/mean@1:np.float64(0.47920133111480867) - val-aux/num_turns/min:np.int32(2) - val-aux/num_turns/max:np.int32(2) - val-aux/num_turns/mean:np.float64(2.0) - training/global_step:25 - training/epoch:0 - critic/score/mean:0.7179688215255737 - critic/score/max:1.0 - critic/score/min:0.0 - critic/rewards/mean:0.7179688215255737 - critic/rewards/max:1.0 - critic/rewards/min:0.0 - critic/advantages/mean:0.4843520522117615 - critic/advantages/max:0.9999990463256836 - critic/advantages/min:0.0 - critic/returns/mean:0.4843520522117615 - critic/returns/max:0.9999990463256836 - critic/returns/min:0.0 - response_length/mean:429.1328125 - response_length/max:2048.0 - response_length/min:106.0 - response_length/clip_ratio:0.0625 - response_length_non_aborted/mean:429.1328125 - response_length_non_aborted/max:2048.0 - response_length_non_aborted/min:106.0 - response_length_non_aborted/clip_ratio:0.0625 - response/aborted_ratio:0.0 - prompt_length/mean:105.875 - prompt_length/max:771.0 - prompt_length/min:47.0 - prompt_length/clip_ratio:0.0 - num_turns/min:np.int32(2) - num_turns/max:np.int32(2) - num_turns/mean:np.float64(2.0) - timing_s/start_profile:0.00020714907441288233 - timing_s/agent_loop/num_preempted/min:np.int64(-1) - timing_s/agent_loop/num_preempted/max:np.int64(-1) - timing_s/agent_loop/num_preempted/mean:np.float64(-1.0) - timing_s/agent_loop/generate_sequences/min:np.float64(2.7546590040437877) - timing_s/agent_loop/generate_sequences/max:np.float64(38.90775365999434) - timing_s/agent_loop/generate_sequences/mean:np.float64(9.481337056913617) - timing_s/agent_loop/tool_calls/min:np.float64(0.0) - timing_s/agent_loop/tool_calls/max:np.float64(0.0) - timing_s/agent_loop/tool_calls/mean:np.float64(0.0) - timing_s/agent_loop/compute_score/min:np.float64(0.005665228934958577) - timing_s/agent_loop/compute_score/max:np.float64(0.05643308104481548) - timing_s/agent_loop/compute_score/mean:np.float64(0.010382253366515215) - timing_s/agent_loop/slowest/generate_sequences:np.float64(38.87282312195748) - timing_s/agent_loop/slowest/tool_calls:np.float64(0.0) - timing_s/agent_loop/slowest/compute_score:np.float64(0.05643308104481548) - timing_s/agent_loop/slowest/num_preempted:np.int64(-1) - timing_s/agent_loop/slowest/prompt_length:253 - timing_s/agent_loop/slowest/response_length:2048 - timing_s/gen:46.14685233507771 - timing_s/reward:2.90899770334363e-05 - timing_s/old_log_prob:9.642035337979905 - timing_s/adv:0.005366300931200385 - timing_s/update_actor:18.870774245937355 - timing_s/update_weights:9.6873138200026 - timing_s/step:84.38327713008039 - timing_s/testing:123.30656054196879 - timing_s/stop_profile:0.000269928015768528 - timing_per_token_ms/update_actor:0.27556218872296484 - timing_per_token_ms/gen:0.8401181950350035 - timing_per_token_ms/adv:7.836189499569786e-05 - perf/total_num_tokens:68481 - perf/time_per_step:84.38327713008039 - perf/throughput:101.44338180661325
[36m(vLLMHttpServer pid=945396)[0m (EngineCore pid=946285) WARNING 07-30 12:51:43 [scheduler.py:2541] reset_connector called but no KV connector is configured.
[36m(vLLMHttpServer pid=945396)[0m (EngineCore pid=946285) WARNING 07-30 12:51:52 [scheduler.py:2541] reset_connector called but no KV connector is configured.[32m [repeated 2x across cluster][0m
[36m(TaskRunner pid=899085)[0m Training Progress:   2%|▏         | 26/1110 [49:01<35:55:24, 119.30s/it]
[36m(TaskRunner pid=899085)[0m step:26 - global_seqlen/min:19273 - global_seqlen/max:24617 - global_seqlen/minmax_diff:5344 - global_seqlen/balanced_min:21425 - global_seqlen/balanced_max:21452 - global_seqlen/mean:21438.0 - actor/entropy:0.30290529131889343 - perf/mfu/actor_infer:0.24989944618716506 - actor/pg_clipfrac:np.float64(0.0) - actor/ppo_kl:np.float64(0.0) - actor/pg_clipfrac_lower:np.float64(0.0) - actor/pg_loss:np.float64(-0.35177247412502766) - actor/distillation/abs_loss:np.float64(0.30250100418925285) - actor/distillation/loss_min:np.float64(-6.600658416748047) - actor/distillation/loss_max:np.float64(37.458168029785156) - actor/distillation/pg_clipfrac:np.float64(0.0) - actor/distillation/ppo_kl:np.float64(0.0) - actor/distillation/pg_clipfrac_lower:np.float64(0.0) - actor/distillation/loss:np.float64(0.2000463306903839) - actor/loss:np.float64(0.2000463306903839) - actor/grad_norm:np.float64(3.7931764125823975) - actor/lr:np.float64(9.986468544698038e-07) - actor/perf/max_memory_allocated_gb:np.float64(44.1689772605896) - actor/perf/max_memory_reserved_gb:np.float64(55.65234375) - actor/perf/cpu_memory_used_gb:np.float64(323.20958709716797) - perf/mfu/actor:np.float64(0.2626819944058938) - training/global_step:26 - training/epoch:0 - critic/score/mean:0.6078125238418579 - critic/score/max:1.0 - critic/score/min:0.0 - critic/rewards/mean:0.6078125238418579 - critic/rewards/max:1.0 - critic/rewards/min:0.0 - critic/advantages/mean:0.3517725169658661 - critic/advantages/max:0.9999990463256836 - critic/advantages/min:0.0 - critic/returns/mean:0.3517725169658661 - critic/returns/max:0.9999990463256836 - critic/returns/min:0.0 - response_length/mean:555.703125 - response_length/max:2048.0 - response_length/min:91.0 - response_length/clip_ratio:0.1328125 - response_length_non_aborted/mean:555.703125 - response_length_non_aborted/max:2048.0 - response_length_non_aborted/min:91.0 - response_length_non_aborted/clip_ratio:0.1328125 - response/aborted_ratio:0.0 - prompt_length/mean:114.234375 - prompt_length/max:435.0 - prompt_length/min:46.0 - prompt_length/clip_ratio:0.0 - num_turns/min:np.int32(2) - num_turns/max:np.int32(2) - num_turns/mean:np.float64(2.0) - timing_s/start_profile:0.00021004793234169483 - timing_s/agent_loop/num_preempted/min:np.int64(-1) - timing_s/agent_loop/num_preempted/max:np.int64(-1) - timing_s/agent_loop/num_preempted/mean:np.float64(-1.0) - timing_s/agent_loop/generate_sequences/min:np.float64(2.59210863604676) - timing_s/agent_loop/generate_sequences/max:np.float64(42.42230450396892) - timing_s/agent_loop/generate_sequences/mean:np.float64(12.06614013413946) - timing_s/agent_loop/tool_calls/min:np.float64(0.0) - timing_s/agent_loop/tool_calls/max:np.float64(0.0) - timing_s/agent_loop/tool_calls/mean:np.float64(0.0) - timing_s/agent_loop/compute_score/min:np.float64(0.006353266071528196) - timing_s/agent_loop/compute_score/max:np.float64(0.06823817500844598) - timing_s/agent_loop/compute_score/mean:np.float64(0.012889628007542342) - timing_s/agent_loop/slowest/generate_sequences:np.float64(42.42230450396892) - timing_s/agent_loop/slowest/tool_calls:np.float64(0.0) - timing_s/agent_loop/slowest/compute_score:np.float64(0.02160459104925394) - timing_s/agent_loop/slowest/num_preempted:np.int64(-1) - timing_s/agent_loop/slowest/prompt_length:136 - timing_s/agent_loop/slowest/response_length:2048 - timing_s/gen:52.226519552990794 - timing_s/reward:3.171002026647329e-05 - timing_s/old_log_prob:10.35370989900548 - timing_s/adv:0.005415590014308691 - timing_s/update_actor:20.742302984930575 - timing_s/update_weights:10.45715547609143 - timing_s/step:93.81966969405767 - timing_s/stop_profile:8.953898213803768e-05 - timing_per_token_ms/update_actor:0.24188710449821083 - timing_per_token_ms/gen:0.7342403986080528 - timing_per_token_ms/adv:6.315409569816087e-05 - perf/total_num_tokens:85752 - perf/time_per_step:93.81966969405767 - perf/throughput:114.25109505239409
[36m(vLLMHttpServer pid=945396)[0m (EngineCore pid=946285) WARNING 07-30 12:53:11 [scheduler.py:2541] reset_connector called but no KV connector is configured.[32m [repeated 4x across cluster][0m
[36m(vLLMHttpServer pid=945396)[0m (EngineCore pid=946285) WARNING 07-30 12:53:19 [scheduler.py:2541] reset_connector called but no KV connector is configured.[32m [repeated 2x across cluster][0m
[36m(TaskRunner pid=899085)[0m Training Progress:   2%|▏         | 27/1110 [50:28<32:58:44, 109.63s/it]
[36m(TaskRunner pid=899085)[0m step:27 - global_seqlen/min:18108 - global_seqlen/max:21620 - global_seqlen/minmax_diff:3512 - global_seqlen/balanced_min:19435 - global_seqlen/balanced_max:19471 - global_seqlen/mean:19453.75 - actor/entropy:0.29373279213905334 - perf/mfu/actor_infer:0.28490634823330263 - actor/pg_clipfrac:np.float64(7.805669883964583e-05) - actor/ppo_kl:np.float64(-8.614691068942193e-06) - actor/pg_clipfrac_lower:np.float64(0.0) - actor/pg_loss:np.float64(-0.5228230468928814) - actor/distillation/abs_loss:np.float64(0.3180249072611332) - actor/distillation/loss_min:np.float64(-6.103155136108398) - actor/distillation/loss_max:np.float64(35.950279235839844) - actor/distillation/pg_clipfrac:np.float64(6.244536052690819e-05) - actor/distillation/ppo_kl:np.float64(-8.614691068942193e-06) - actor/distillation/pg_clipfrac_lower:np.float64(0.0) - actor/distillation/loss:np.float64(0.17737119644880295) - actor/loss:np.float64(0.17737120389938354) - actor/grad_norm:np.float64(2.2083680629730225) - actor/lr:np.float64(9.985408162880813e-07) - actor/perf/max_memory_allocated_gb:np.float64(44.1689772605896) - actor/perf/max_memory_reserved_gb:np.float64(55.65234375) - actor/perf/cpu_memory_used_gb:np.float64(323.2283706665039) - perf/mfu/actor:np.float64(0.24939117719176057) - training/global_step:27 - training/epoch:0 - critic/score/mean:0.7523437142372131 - critic/score/max:1.0 - critic/score/min:0.0 - critic/rewards/mean:0.7523437142372131 - critic/rewards/max:1.0 - critic/rewards/min:0.0 - critic/advantages/mean:0.522808313369751 - critic/advantages/max:0.9999990463256836 - critic/advantages/min:0.0 - critic/returns/mean:0.522808313369751 - critic/returns/max:0.9999990463256836 - critic/returns/min:0.0 - response_length/mean:495.8359375 - response_length/max:2048.0 - response_length/min:101.0 - response_length/clip_ratio:0.078125 - response_length_non_aborted/mean:495.8359375 - response_length_non_aborted/max:2048.0 - response_length_non_aborted/min:101.0 - response_length_non_aborted/clip_ratio:0.078125 - response/aborted_ratio:0.0 - prompt_length/mean:112.09375 - prompt_length/max:488.0 - prompt_length/min:49.0 - prompt_length/clip_ratio:0.0 - num_turns/min:np.int32(2) - num_turns/max:np.int32(2) - num_turns/mean:np.float64(2.0) - timing_s/start_profile:8.409901056438684e-05 - timing_s/agent_loop/num_preempted/min:np.int64(-1) - timing_s/agent_loop/num_preempted/max:np.int64(-1) - timing_s/agent_loop/num_preempted/mean:np.float64(-1.0) - timing_s/agent_loop/generate_sequences/min:np.float64(2.7384509820258245) - timing_s/agent_loop/generate_sequences/max:np.float64(40.25122243806254) - timing_s/agent_loop/generate_sequences/mean:np.float64(10.764101227342508) - timing_s/agent_loop/tool_calls/min:np.float64(0.0) - timing_s/agent_loop/tool_calls/max:np.float64(0.0) - timing_s/agent_loop/tool_calls/mean:np.float64(0.0) - timing_s/agent_loop/compute_score/min:np.float64(0.00570287904702127) - timing_s/agent_loop/compute_score/max:np.float64(0.06396875903010368) - timing_s/agent_loop/compute_score/mean:np.float64(0.01223675077653752) - timing_s/agent_loop/slowest/generate_sequences:np.float64(40.25088778999634) - timing_s/agent_loop/slowest/tool_calls:np.float64(0.0) - timing_s/agent_loop/slowest/compute_score:np.float64(0.023470001062378287) - timing_s/agent_loop/slowest/num_preempted:np.int64(-1) - timing_s/agent_loop/slowest/prompt_length:210 - timing_s/agent_loop/slowest/response_length:2048 - timing_s/gen:48.25735138100572 - timing_s/reward:3.114994615316391e-05 - timing_s/old_log_prob:9.792737909010611 - timing_s/adv:0.005264981067739427 - timing_s/update_actor:19.412762740976177 - timing_s/update_weights:9.538594186888076 - timing_s/step:87.03842690505553 - timing_s/stop_profile:8.457002695649862e-05 - timing_per_token_ms/update_actor:0.2494732730318856 - timing_per_token_ms/gen:0.7603534337688204 - timing_per_token_ms/adv:6.766023347348746e-05 - perf/total_num_tokens:77815 - perf/time_per_step:87.03842690505553 - perf/throughput:111.75380054387249
[36m(vLLMHttpServer pid=945396)[0m (EngineCore pid=946285) WARNING 07-30 12:54:42 [scheduler.py:2541] reset_connector called but no KV connector is configured.[32m [repeated 4x across cluster][0m
[36m(vLLMHttpServer pid=945396)[0m (EngineCore pid=946285) WARNING 07-30 12:54:50 [scheduler.py:2541] reset_connector called but no KV connector is configured.[32m [repeated 2x across cluster][0m
[36m(TaskRunner pid=899085)[0m Training Progress:   3%|▎         | 28/1110 [51:59<31:16:50, 104.08s/it]
[36m(TaskRunner pid=899085)[0m step:28 - global_seqlen/min:19137 - global_seqlen/max:22004 - global_seqlen/minmax_diff:2867 - global_seqlen/balanced_min:20522 - global_seqlen/balanced_max:20543 - global_seqlen/mean:20529.0 - actor/entropy:0.29950472712516785 - perf/mfu/actor_infer:0.2871919094181404 - actor/pg_clipfrac:np.float64(0.0) - actor/ppo_kl:np.float64(0.0) - actor/pg_clipfrac_lower:np.float64(0.0) - actor/pg_loss:np.float64(-0.4197175204753876) - actor/distillation/abs_loss:np.float64(0.29922238551080227) - actor/distillation/loss_min:np.float64(-5.894915580749512) - actor/distillation/loss_max:np.float64(36.43820571899414) - actor/distillation/pg_clipfrac:np.float64(0.0) - actor/distillation/ppo_kl:np.float64(0.0) - actor/distillation/pg_clipfrac_lower:np.float64(0.0) - actor/distillation/loss:np.float64(0.17769450694322586) - actor/loss:np.float64(0.17769449949264526) - actor/grad_norm:np.float64(1.9220197200775146) - actor/lr:np.float64(9.98430784601489e-07) - actor/perf/max_memory_allocated_gb:np.float64(44.1689772605896) - actor/perf/max_memory_reserved_gb:np.float64(55.65234375) - actor/perf/cpu_memory_used_gb:np.float64(323.31462478637695) - perf/mfu/actor:np.float64(0.25812048969588414) - training/global_step:28 - training/epoch:0 - critic/score/mean:0.7054687738418579 - critic/score/max:1.0 - critic/score/min:0.0 - critic/rewards/mean:0.7054687738418579 - critic/rewards/max:1.0 - critic/rewards/min:0.0 - critic/advantages/mean:0.41971755027770996 - critic/advantages/max:0.9999990463256836 - critic/advantages/min:0.0 - critic/returns/mean:0.41971755027770996 - critic/returns/max:0.9999990463256836 - critic/returns/min:0.0 - response_length/mean:519.5546875 - response_length/max:2048.0 - response_length/min:111.0 - response_length/clip_ratio:0.109375 - response_length_non_aborted/mean:519.5546875 - response_length_non_aborted/max:2048.0 - response_length_non_aborted/min:111.0 - response_length_non_aborted/clip_ratio:0.109375 - response/aborted_ratio:0.0 - prompt_length/mean:121.9765625 - prompt_length/max:441.0 - prompt_length/min:51.0 - prompt_length/clip_ratio:0.0 - num_turns/min:np.int32(2) - num_turns/max:np.int32(2) - num_turns/mean:np.float64(2.0) - timing_s/start_profile:8.051900658756495e-05 - timing_s/agent_loop/num_preempted/min:np.int64(-1) - timing_s/agent_loop/num_preempted/max:np.int64(-1) - timing_s/agent_loop/num_preempted/mean:np.float64(-1.0) - timing_s/agent_loop/generate_sequences/min:np.float64(2.9424536830047145) - timing_s/agent_loop/generate_sequences/max:np.float64(42.422604103107005) - timing_s/agent_loop/generate_sequences/mean:np.float64(11.415258707228531) - timing_s/agent_loop/tool_calls/min:np.float64(0.0) - timing_s/agent_loop/tool_calls/max:np.float64(0.0) - timing_s/agent_loop/tool_calls/mean:np.float64(0.0) - timing_s/agent_loop/compute_score/min:np.float64(0.005691937985830009) - timing_s/agent_loop/compute_score/max:np.float64(0.11816146189812571) - timing_s/agent_loop/compute_score/mean:np.float64(0.013251114432932809) - timing_s/agent_loop/slowest/generate_sequences:np.float64(42.37857070402242) - timing_s/agent_loop/slowest/tool_calls:np.float64(0.0) - timing_s/agent_loop/slowest/compute_score:np.float64(0.11816146189812571) - timing_s/agent_loop/slowest/num_preempted:np.int64(-1) - timing_s/agent_loop/slowest/prompt_length:230 - timing_s/agent_loop/slowest/response_length:2048 - timing_s/gen:51.01466189301573 - timing_s/reward:3.5479897633194923e-05 - timing_s/old_log_prob:10.364276594948024 - timing_s/adv:0.005272851092740893 - timing_s/update_actor:19.98873259103857 - timing_s/update_weights:9.715619234018959 - timing_s/step:91.12074904795736 - timing_s/stop_profile:8.873897604644299e-05 - timing_per_token_ms/update_actor:0.24342068039162368 - timing_per_token_ms/gen:0.7671031666694094 - timing_per_token_ms/adv:6.42122253000742e-05 - perf/total_num_tokens:82116 - perf/time_per_step:91.12074904795736 - perf/throughput:112.64723026582821
[36m(vLLMHttpServer pid=945396)[0m (EngineCore pid=946285) WARNING 07-30 12:56:06 [scheduler.py:2541] reset_connector called but no KV connector is configured.[32m [repeated 4x across cluster][0m
[36m(vLLMHttpServer pid=945400)[0m (EngineCore pid=946276) WARNING 07-30 12:56:15 [scheduler.py:2541] reset_connector called but no KV connector is configured.[32m [repeated 2x across cluster][0m
[36m(TaskRunner pid=899085)[0m Training Progress:   3%|▎         | 29/1110 [53:24<29:29:49, 98.23s/it] 
[36m(TaskRunner pid=899085)[0m step:29 - global_seqlen/min:15071 - global_seqlen/max:18707 - global_seqlen/minmax_diff:3636 - global_seqlen/balanced_min:17128 - global_seqlen/balanced_max:17138 - global_seqlen/mean:17131.5 - actor/entropy:0.2787308394908905 - perf/mfu/actor_infer:0.2534514725863826 - actor/pg_clipfrac:np.float64(0.0) - actor/ppo_kl:np.float64(0.0) - actor/pg_clipfrac_lower:np.float64(0.0) - actor/pg_loss:np.float64(-0.5115708447992802) - actor/distillation/abs_loss:np.float64(0.3109375946223736) - actor/distillation/loss_min:np.float64(-5.926198482513428) - actor/distillation/loss_max:np.float64(35.514408111572266) - actor/distillation/pg_clipfrac:np.float64(0.0) - actor/distillation/ppo_kl:np.float64(0.0) - actor/distillation/pg_clipfrac_lower:np.float64(0.0) - actor/distillation/loss:np.float64(0.1638027187436819) - actor/loss:np.float64(0.16380272805690765) - actor/grad_norm:np.float64(1.7201546430587769) - actor/lr:np.float64(9.983167602914234e-07) - actor/perf/max_memory_allocated_gb:np.float64(44.1689772605896) - actor/perf/max_memory_reserved_gb:np.float64(55.65234375) - actor/perf/cpu_memory_used_gb:np.float64(323.46646881103516) - perf/mfu/actor:np.float64(0.2384694774529361) - training/global_step:29 - training/epoch:0 - critic/score/mean:0.70703125 - critic/score/max:1.0 - critic/score/min:0.0 - critic/rewards/mean:0.70703125 - critic/rewards/max:1.0 - critic/rewards/min:0.0 - critic/advantages/mean:0.5115708708763123 - critic/advantages/max:0.9999990463256836 - critic/advantages/min:0.0 - critic/returns/mean:0.5115708708763123 - critic/returns/max:0.9999990463256836 - critic/returns/min:0.0 - response_length/mean:433.7890625 - response_length/max:2048.0 - response_length/min:110.0 - response_length/clip_ratio:0.0625 - response_length_non_aborted/mean:433.7890625 - response_length_non_aborted/max:2048.0 - response_length_non_aborted/min:110.0 - response_length_non_aborted/clip_ratio:0.0625 - response/aborted_ratio:0.0 - prompt_length/mean:101.5703125 - prompt_length/max:394.0 - prompt_length/min:47.0 - prompt_length/clip_ratio:0.0 - num_turns/min:np.int32(2) - num_turns/max:np.int32(2) - num_turns/mean:np.float64(2.0) - timing_s/start_profile:8.42600129544735e-05 - timing_s/agent_loop/num_preempted/min:np.int64(-1) - timing_s/agent_loop/num_preempted/max:np.int64(-1) - timing_s/agent_loop/num_preempted/mean:np.float64(-1.0) - timing_s/agent_loop/generate_sequences/min:np.float64(2.89219163893722) - timing_s/agent_loop/generate_sequences/max:np.float64(38.80697236396372) - timing_s/agent_loop/generate_sequences/mean:np.float64(9.414157283446912) - timing_s/agent_loop/tool_calls/min:np.float64(0.0) - timing_s/agent_loop/tool_calls/max:np.float64(0.0) - timing_s/agent_loop/tool_calls/mean:np.float64(0.0) - timing_s/agent_loop/compute_score/min:np.float64(0.005920357070863247) - timing_s/agent_loop/compute_score/max:np.float64(0.055358435958623886) - timing_s/agent_loop/compute_score/mean:np.float64(0.011220360995139345) - timing_s/agent_loop/slowest/generate_sequences:np.float64(38.780223000911064) - timing_s/agent_loop/slowest/tool_calls:np.float64(0.0) - timing_s/agent_loop/slowest/compute_score:np.float64(0.055358435958623886) - timing_s/agent_loop/slowest/num_preempted:np.int64(-1) - timing_s/agent_loop/slowest/prompt_length:124 - timing_s/agent_loop/slowest/response_length:2048 - timing_s/gen:46.305781807983294 - timing_s/reward:2.838997170329094e-05 - timing_s/old_log_prob:9.797955272020772 - timing_s/adv:0.005243590916506946 - timing_s/update_actor:18.666413118015043 - timing_s/update_weights:9.781761541962624 - timing_s/step:84.58863724896219 - timing_s/stop_profile:8.723896462470293e-05 - timing_per_token_ms/update_actor:0.27239898896791065 - timing_per_token_ms/gen:0.8339627520573308 - timing_per_token_ms/adv:7.65197285192036e-05 - perf/total_num_tokens:68526 - perf/time_per_step:84.58863724896219 - perf/throughput:101.26360086389845
[36m(vLLMHttpServer pid=945396)[0m (EngineCore pid=946285) WARNING 07-30 12:57:33 [scheduler.py:2541] reset_connector called but no KV connector is configured.[32m [repeated 4x across cluster][0m
[36m(vLLMHttpServer pid=945400)[0m (EngineCore pid=946276) WARNING 07-30 12:57:41 [scheduler.py:2541] reset_connector called but no KV connector is configured.[32m [repeated 2x across cluster][0m
[36m(TaskRunner pid=899085)[0m test_gen_batch meta info: {'eos_token_id': 151645, 'pad_token_id': 151643, 'recompute_log_prob': False, 'do_sample': False, 'validate': True, 'global_steps': 30}
[36m(vLLMHttpServer pid=945396)[0m (EngineCore pid=946285) WARNING 07-30 12:57:42 [scheduler.py:2541] reset_connector called but no KV connector is configured.[32m [repeated 3x across cluster][0m
[36m(TaskRunner pid=899085)[0m validation generation end
[36m(TaskRunner pid=899085)[0m Training Progress:   3%|▎         | 30/1110 [56:50<39:09:04, 130.50s/it]
[36m(TaskRunner pid=899085)[0m step:30 - global_seqlen/min:11458 - global_seqlen/max:26769 - global_seqlen/minmax_diff:15311 - global_seqlen/balanced_min:19073 - global_seqlen/balanced_max:19110 - global_seqlen/mean:19094.5 - actor/entropy:0.30671361088752747 - perf/mfu/actor_infer:0.23445595599560712 - actor/pg_clipfrac:np.float64(0.0) - actor/ppo_kl:np.float64(0.0) - actor/pg_clipfrac_lower:np.float64(0.0) - actor/pg_loss:np.float64(-0.4408167488873005) - actor/distillation/abs_loss:np.float64(0.32571397721767426) - actor/distillation/loss_min:np.float64(-5.447696685791016) - actor/distillation/loss_max:np.float64(35.865116119384766) - actor/distillation/pg_clipfrac:np.float64(0.0) - actor/distillation/ppo_kl:np.float64(0.0) - actor/distillation/pg_clipfrac_lower:np.float64(0.0) - actor/distillation/loss:np.float64(0.204433873295784) - actor/loss:np.float64(0.2044338881969452) - actor/grad_norm:np.float64(107.31645965576172) - actor/lr:np.float64(9.98198744271263e-07) - actor/perf/max_memory_allocated_gb:np.float64(44.1689772605896) - actor/perf/max_memory_reserved_gb:np.float64(55.65234375) - actor/perf/cpu_memory_used_gb:np.float64(322.9077682495117) - perf/mfu/actor:np.float64(0.2592717710986714) - val-aux/openai/gsm8k/reward/mean@1:np.float64(0.7384382107657316) - val-core/openai/gsm8k/acc/mean@1:np.float64(0.7384382107657316) - val-aux/hiyouga/geometry3k/reward/mean@1:np.float64(0.4777038143002451) - val-core/hiyouga/geometry3k/acc/mean@1:np.float64(0.4777038269550749) - val-aux/num_turns/min:np.int32(2) - val-aux/num_turns/max:np.int32(2) - val-aux/num_turns/mean:np.float64(2.0) - training/global_step:30 - training/epoch:0 - critic/score/mean:0.6929687261581421 - critic/score/max:1.0 - critic/score/min:0.0 - critic/rewards/mean:0.6929687261581421 - critic/rewards/max:1.0 - critic/rewards/min:0.0 - critic/advantages/mean:0.44081681966781616 - critic/advantages/max:0.9999990463256836 - critic/advantages/min:0.0 - critic/returns/mean:0.44081681966781616 - critic/returns/max:0.9999990463256836 - critic/returns/min:0.0 - response_length/mean:492.9375 - response_length/max:2048.0 - response_length/min:102.0 - response_length/clip_ratio:0.0859375 - response_length_non_aborted/mean:492.9375 - response_length_non_aborted/max:2048.0 - response_length_non_aborted/min:102.0 - response_length_non_aborted/clip_ratio:0.0859375 - response/aborted_ratio:0.0 - prompt_length/mean:103.765625 - prompt_length/max:326.0 - prompt_length/min:47.0 - prompt_length/clip_ratio:0.0 - num_turns/min:np.int32(2) - num_turns/max:np.int32(2) - num_turns/mean:np.float64(2.0) - timing_s/start_profile:7.036898750811815e-05 - timing_s/agent_loop/num_preempted/min:np.int64(-1) - timing_s/agent_loop/num_preempted/max:np.int64(-1) - timing_s/agent_loop/num_preempted/mean:np.float64(-1.0) - timing_s/agent_loop/generate_sequences/min:np.float64(2.700687504024245) - timing_s/agent_loop/generate_sequences/max:np.float64(40.03008532593958) - timing_s/agent_loop/generate_sequences/mean:np.float64(10.568672340287776) - timing_s/agent_loop/tool_calls/min:np.float64(0.0) - timing_s/agent_loop/tool_calls/max:np.float64(0.0) - timing_s/agent_loop/tool_calls/mean:np.float64(0.0) - timing_s/agent_loop/compute_score/min:np.float64(0.0060037270886823535) - timing_s/agent_loop/compute_score/max:np.float64(0.05481436906848103) - timing_s/agent_loop/compute_score/mean:np.float64(0.010949866881674097) - timing_s/agent_loop/slowest/generate_sequences:np.float64(40.003964348929) - timing_s/agent_loop/slowest/tool_calls:np.float64(0.0) - timing_s/agent_loop/slowest/compute_score:np.float64(0.04760814900510013) - timing_s/agent_loop/slowest/num_preempted:np.int64(-1) - timing_s/agent_loop/slowest/prompt_length:135 - timing_s/agent_loop/slowest/response_length:2048 - timing_s/gen:48.80656432593241 - timing_s/reward:3.342994023114443e-05 - timing_s/old_log_prob:9.178496234002523 - timing_s/adv:0.005381900002248585 - timing_s/update_actor:19.048200041987002 - timing_s/update_weights:8.937536136014387 - timing_s/step:86.00975450407714 - timing_s/testing:119.78242362407036 - timing_s/stop_profile:0.0002610989613458514 - timing_per_token_ms/update_actor:0.24939380504840403 - timing_per_token_ms/gen:0.7735286599139789 - timing_per_token_ms/adv:7.046400798984767e-05 - perf/total_num_tokens:76378 - perf/time_per_step:86.00975450407714 - perf/throughput:111.0019445474342
[36m(vLLMHttpServer pid=945396)[0m (EngineCore pid=946285) WARNING 07-30 13:01:00 [scheduler.py:2541] reset_connector called but no KV connector is configured.
[36m(vLLMHttpServer pid=945396)[0m (EngineCore pid=946285) WARNING 07-30 13:01:09 [scheduler.py:2541] reset_connector called but no KV connector is configured.[32m [repeated 2x across cluster][0m
[36m(TaskRunner pid=899085)[0m Training Progress:   3%|▎         | 31/1110 [58:18<35:16:58, 117.72s/it]
[36m(TaskRunner pid=899085)[0m step:31 - global_seqlen/min:13513 - global_seqlen/max:23852 - global_seqlen/minmax_diff:10339 - global_seqlen/balanced_min:19350 - global_seqlen/balanced_max:19368 - global_seqlen/mean:19357.25 - actor/entropy:0.2701389193534851 - perf/mfu/actor_infer:0.21253205456396276 - actor/pg_clipfrac:np.float64(0.0) - actor/ppo_kl:np.float64(0.0) - actor/pg_clipfrac_lower:np.float64(0.0) - actor/pg_loss:np.float64(-0.4855477772653103) - actor/distillation/abs_loss:np.float64(0.28911782056093216) - actor/distillation/loss_min:np.float64(-6.8154215812683105) - actor/distillation/loss_max:np.float64(36.386962890625) - actor/distillation/pg_clipfrac:np.float64(0.0) - actor/distillation/ppo_kl:np.float64(0.0) - actor/distillation/pg_clipfrac_lower:np.float64(0.0) - actor/distillation/loss:np.float64(0.16386809013783932) - actor/loss:np.float64(0.16386808454990387) - actor/grad_norm:np.float64(1.6882163286209106) - actor/lr:np.float64(9.980767374863625e-07) - actor/perf/max_memory_allocated_gb:np.float64(44.1689772605896) - actor/perf/max_memory_reserved_gb:np.float64(55.65234375) - actor/perf/cpu_memory_used_gb:np.float64(323.38404083251953) - perf/mfu/actor:np.float64(0.2610578986733932) - training/global_step:31 - training/epoch:0 - critic/score/mean:0.7304686903953552 - critic/score/max:1.0 - critic/score/min:0.0 - critic/rewards/mean:0.7304686903953552 - critic/rewards/max:1.0 - critic/rewards/min:0.0 - critic/advantages/mean:0.48554784059524536 - critic/advantages/max:0.9999990463256836 - critic/advantages/min:0.0 - critic/returns/mean:0.48554784059524536 - critic/returns/max:0.9999990463256836 - critic/returns/min:0.0 - response_length/mean:488.6953125 - response_length/max:2048.0 - response_length/min:114.0 - response_length/clip_ratio:0.0859375 - response_length_non_aborted/mean:488.6953125 - response_length_non_aborted/max:2048.0 - response_length_non_aborted/min:114.0 - response_length_non_aborted/clip_ratio:0.0859375 - response/aborted_ratio:0.0 - prompt_length/mean:116.21875 - prompt_length/max:420.0 - prompt_length/min:51.0 - prompt_length/clip_ratio:0.0 - num_turns/min:np.int32(2) - num_turns/max:np.int32(2) - num_turns/mean:np.float64(2.0) - timing_s/start_profile:0.0002011490287259221 - timing_s/agent_loop/num_preempted/min:np.int64(-1) - timing_s/agent_loop/num_preempted/max:np.int64(-1) - timing_s/agent_loop/num_preempted/mean:np.float64(-1.0) - timing_s/agent_loop/generate_sequences/min:np.float64(3.051990024978295) - timing_s/agent_loop/generate_sequences/max:np.float64(39.64219804899767) - timing_s/agent_loop/generate_sequences/mean:np.float64(10.515583578443511) - timing_s/agent_loop/tool_calls/min:np.float64(0.0) - timing_s/agent_loop/tool_calls/max:np.float64(0.0) - timing_s/agent_loop/tool_calls/mean:np.float64(0.0) - timing_s/agent_loop/compute_score/min:np.float64(0.0058287379797548056) - timing_s/agent_loop/compute_score/max:np.float64(0.08734034094959497) - timing_s/agent_loop/compute_score/mean:np.float64(0.011868802076605789) - timing_s/agent_loop/slowest/generate_sequences:np.float64(39.64219804899767) - timing_s/agent_loop/slowest/tool_calls:np.float64(0.0) - timing_s/agent_loop/slowest/compute_score:np.float64(0.023352730902843177) - timing_s/agent_loop/slowest/num_preempted:np.int64(-1) - timing_s/agent_loop/slowest/prompt_length:132 - timing_s/agent_loop/slowest/response_length:2048 - timing_s/gen:48.2880583970109 - timing_s/reward:3.54499788954854e-05 - timing_s/old_log_prob:10.563470994937234 - timing_s/adv:0.00540089001879096 - timing_s/update_actor:19.187052223016508 - timing_s/update_weights:9.767779655987397 - timing_s/step:87.84450191294309 - timing_s/stop_profile:9.058904834091663e-05 - timing_per_token_ms/update_actor:0.24780188589567873 - timing_per_token_ms/gen:0.771954317091281 - timing_per_token_ms/adv:6.975280603896422e-05 - perf/total_num_tokens:77429 - perf/time_per_step:87.84450191294309 - perf/throughput:110.17906401918984
[36m(vLLMHttpServer pid=945396)[0m (EngineCore pid=946285) WARNING 07-30 13:02:33 [scheduler.py:2541] reset_connector called but no KV connector is configured.[32m [repeated 4x across cluster][0m
[36m(vLLMHttpServer pid=945400)[0m (EngineCore pid=946276) WARNING 07-30 13:02:41 [scheduler.py:2541] reset_connector called but no KV connector is configured.[32m [repeated 2x across cluster][0m
[36m(TaskRunner pid=899085)[0m Training Progress:   3%|▎         | 32/1110 [59:50<33:00:05, 110.21s/it]
[36m(TaskRunner pid=899085)[0m step:32 - global_seqlen/min:19241 - global_seqlen/max:28595 - global_seqlen/minmax_diff:9354 - global_seqlen/balanced_min:21923 - global_seqlen/balanced_max:21954 - global_seqlen/mean:21936.5 - actor/entropy:0.30526411533355713 - perf/mfu/actor_infer:0.29456391723750425 - actor/pg_clipfrac:np.float64(0.0) - actor/ppo_kl:np.float64(0.0) - actor/pg_clipfrac_lower:np.float64(0.0) - actor/pg_loss:np.float64(-0.42818062379956245) - actor/distillation/abs_loss:np.float64(0.29204512760043144) - actor/distillation/loss_min:np.float64(-4.5434489250183105) - actor/distillation/loss_max:np.float64(35.94403839111328) - actor/distillation/pg_clipfrac:np.float64(0.0) - actor/distillation/ppo_kl:np.float64(0.0) - actor/distillation/pg_clipfrac_lower:np.float64(0.0) - actor/distillation/loss:np.float64(0.1818441990762949) - actor/loss:np.float64(0.18184420466423035) - actor/grad_norm:np.float64(8.025002479553223) - actor/lr:np.float64(9.979507409140428e-07) - actor/perf/max_memory_allocated_gb:np.float64(44.32985305786133) - actor/perf/max_memory_reserved_gb:np.float64(55.65234375) - actor/perf/cpu_memory_used_gb:np.float64(323.43877029418945) - perf/mfu/actor:np.float64(0.2680415214641843) - training/global_step:32 - training/epoch:0 - critic/score/mean:0.6937499642372131 - critic/score/max:1.0 - critic/score/min:0.0 - critic/rewards/mean:0.6937499642372131 - critic/rewards/max:1.0 - critic/rewards/min:0.0 - critic/advantages/mean:0.42818063497543335 - critic/advantages/max:0.9999990463256836 - critic/advantages/min:0.0 - critic/returns/mean:0.42818063497543335 - critic/returns/max:0.9999990463256836 - critic/returns/min:0.0 - response_length/mean:569.4765625 - response_length/max:2048.0 - response_length/min:111.0 - response_length/clip_ratio:0.125 - response_length_non_aborted/mean:569.4765625 - response_length_non_aborted/max:2048.0 - response_length_non_aborted/min:111.0 - response_length_non_aborted/clip_ratio:0.125 - response/aborted_ratio:0.0 - prompt_length/mean:116.0390625 - prompt_length/max:527.0 - prompt_length/min:46.0 - prompt_length/clip_ratio:0.0 - num_turns/min:np.int32(2) - num_turns/max:np.int32(2) - num_turns/mean:np.float64(2.0) - timing_s/start_profile:8.72600357979536e-05 - timing_s/agent_loop/num_preempted/min:np.int64(-1) - timing_s/agent_loop/num_preempted/max:np.int64(-1) - timing_s/agent_loop/num_preempted/mean:np.float64(-1.0) - timing_s/agent_loop/generate_sequences/min:np.float64(2.9966795590007678) - timing_s/agent_loop/generate_sequences/max:np.float64(41.52513161604293) - timing_s/agent_loop/generate_sequences/mean:np.float64(12.442888357280026) - timing_s/agent_loop/tool_calls/min:np.float64(0.0) - timing_s/agent_loop/tool_calls/max:np.float64(0.0) - timing_s/agent_loop/tool_calls/mean:np.float64(0.0) - timing_s/agent_loop/compute_score/min:np.float64(0.006521614035591483) - timing_s/agent_loop/compute_score/max:np.float64(0.09639597102068365) - timing_s/agent_loop/compute_score/mean:np.float64(0.013684373177966336) - timing_s/agent_loop/slowest/generate_sequences:np.float64(41.52513161604293) - timing_s/agent_loop/slowest/tool_calls:np.float64(0.0) - timing_s/agent_loop/slowest/compute_score:np.float64(0.0533992670243606) - timing_s/agent_loop/slowest/num_preempted:np.int64(-1) - timing_s/agent_loop/slowest/prompt_length:307 - timing_s/agent_loop/slowest/response_length:2048 - timing_s/gen:52.62701275409199 - timing_s/reward:3.118906170129776e-05 - timing_s/old_log_prob:10.713352751918137 - timing_s/adv:0.005450729979202151 - timing_s/update_actor:19.883426771033555 - timing_s/update_weights:9.417267231969163 - timing_s/step:92.6784317229176 - timing_s/stop_profile:0.00010159891098737717 - timing_per_token_ms/update_actor:0.22660208751434316 - timing_per_token_ms/gen:0.7219762220527621 - timing_per_token_ms/adv:6.211941261370491e-05 - perf/total_num_tokens:87746 - perf/time_per_step:92.6784317229176 - perf/throughput:118.34738456507311
[36m(vLLMHttpServer pid=945396)[0m (EngineCore pid=946285) WARNING 07-30 13:03:54 [scheduler.py:2541] reset_connector called but no KV connector is configured.[32m [repeated 4x across cluster][0m
[36m(vLLMHttpServer pid=945396)[0m (EngineCore pid=946285) WARNING 07-30 13:04:03 [scheduler.py:2541] reset_connector called but no KV connector is configured.[32m [repeated 2x across cluster][0m
[36m(TaskRunner pid=899085)[0m Training Progress:   3%|▎         | 33/1110 [1:01:12<30:22:04, 101.51s/it]
[36m(TaskRunner pid=899085)[0m step:33 - global_seqlen/min:13632 - global_seqlen/max:17974 - global_seqlen/minmax_diff:4342 - global_seqlen/balanced_min:16223 - global_seqlen/balanced_max:16248 - global_seqlen/mean:16240.0 - actor/entropy:0.25034141540527344 - perf/mfu/actor_infer:0.2220488628677059 - actor/pg_clipfrac:np.float64(0.0) - actor/ppo_kl:np.float64(0.0) - actor/pg_clipfrac_lower:np.float64(0.0) - actor/pg_loss:np.float64(-0.5243741758167744) - actor/distillation/abs_loss:np.float64(0.29605579748749733) - actor/distillation/loss_min:np.float64(-6.268610000610352) - actor/distillation/loss_max:np.float64(35.610748291015625) - actor/distillation/pg_clipfrac:np.float64(0.0) - actor/distillation/ppo_kl:np.float64(0.0) - actor/distillation/pg_clipfrac_lower:np.float64(0.0) - actor/distillation/loss:np.float64(0.14447507355362177) - actor/loss:np.float64(0.1444750726222992) - actor/grad_norm:np.float64(3.2714555263519287) - actor/lr:np.float64(9.978207555635855e-07) - actor/perf/max_memory_allocated_gb:np.float64(44.32985305786133) - actor/perf/max_memory_reserved_gb:np.float64(55.65234375) - actor/perf/cpu_memory_used_gb:np.float64(323.22478103637695) - perf/mfu/actor:np.float64(0.24099843354272374) - training/global_step:33 - training/epoch:0 - critic/score/mean:0.6851562261581421 - critic/score/max:1.0 - critic/score/min:0.0 - critic/rewards/mean:0.6851562261581421 - critic/rewards/max:1.0 - critic/rewards/min:0.0 - critic/advantages/mean:0.5243741869926453 - critic/advantages/max:0.9999990463256836 - critic/advantages/min:0.0 - critic/returns/mean:0.5243741869926453 - critic/returns/max:0.9999990463256836 - critic/returns/min:0.0 - response_length/mean:405.421875 - response_length/max:2048.0 - response_length/min:119.0 - response_length/clip_ratio:0.0390625 - response_length_non_aborted/mean:405.421875 - response_length_non_aborted/max:2048.0 - response_length_non_aborted/min:119.0 - response_length_non_aborted/clip_ratio:0.0390625 - response/aborted_ratio:0.0 - prompt_length/mean:102.078125 - prompt_length/max:292.0 - prompt_length/min:44.0 - prompt_length/clip_ratio:0.0 - num_turns/min:np.int32(2) - num_turns/max:np.int32(2) - num_turns/mean:np.float64(2.0) - timing_s/start_profile:0.00016968895215541124 - timing_s/agent_loop/num_preempted/min:np.int64(-1) - timing_s/agent_loop/num_preempted/max:np.int64(-1) - timing_s/agent_loop/num_preempted/mean:np.float64(-1.0) - timing_s/agent_loop/generate_sequences/min:np.float64(3.019964930950664) - timing_s/agent_loop/generate_sequences/max:np.float64(37.87050093000289) - timing_s/agent_loop/generate_sequences/mean:np.float64(8.779460023608408) - timing_s/agent_loop/tool_calls/min:np.float64(0.0) - timing_s/agent_loop/tool_calls/max:np.float64(0.0) - timing_s/agent_loop/tool_calls/mean:np.float64(0.0) - timing_s/agent_loop/compute_score/min:np.float64(0.005817638011649251) - timing_s/agent_loop/compute_score/max:np.float64(0.027295099920593202) - timing_s/agent_loop/compute_score/mean:np.float64(0.009978634422623145) - timing_s/agent_loop/slowest/generate_sequences:np.float64(37.87050093000289) - timing_s/agent_loop/slowest/tool_calls:np.float64(0.0) - timing_s/agent_loop/slowest/compute_score:np.float64(0.027295099920593202) - timing_s/agent_loop/slowest/num_preempted:np.int64(-1) - timing_s/agent_loop/slowest/prompt_length:166 - timing_s/agent_loop/slowest/response_length:2048 - timing_s/gen:43.08493890799582 - timing_s/reward:3.370898775756359e-05 - timing_s/old_log_prob:9.955241644987836 - timing_s/adv:0.0054718200117349625 - timing_s/update_actor:18.113870182074606 - timing_s/update_weights:9.95164261595346 - timing_s/step:81.14371634204872 - timing_s/stop_profile:8.960999548435211e-05 - timing_per_token_ms/update_actor:0.27884652373883323 - timing_per_token_ms/gen:0.8302489480093233 - timing_per_token_ms/adv:8.423368244665891e-05 - perf/total_num_tokens:64960 - perf/time_per_step:81.14371634204872 - perf/throughput:100.06936292850332
[36m(vLLMHttpServer pid=945396)[0m (EngineCore pid=946285) WARNING 07-30 13:05:19 [scheduler.py:2541] reset_connector called but no KV connector is configured.[32m [repeated 4x across cluster][0m
[36m(vLLMHttpServer pid=945396)[0m (EngineCore pid=946285) WARNING 07-30 13:05:28 [scheduler.py:2541] reset_connector called but no KV connector is configured.[32m [repeated 2x across cluster][0m
[36m(TaskRunner pid=899085)[0m Training Progress:   3%|▎         | 34/1110 [1:02:37<28:54:58, 96.75s/it] 
[36m(TaskRunner pid=899085)[0m step:34 - global_seqlen/min:14858 - global_seqlen/max:19956 - global_seqlen/minmax_diff:5098 - global_seqlen/balanced_min:17867 - global_seqlen/balanced_max:17885 - global_seqlen/mean:17878.75 - actor/entropy:0.28106603026390076 - perf/mfu/actor_infer:0.2164597540274785 - actor/pg_clipfrac:np.float64(3.624764212872833e-05) - actor/ppo_kl:np.float64(8.056280421442352e-06) - actor/pg_clipfrac_lower:np.float64(0.0) - actor/pg_loss:np.float64(-0.5151103027164936) - actor/distillation/abs_loss:np.float64(0.29393692687153816) - actor/distillation/loss_min:np.float64(-5.022611618041992) - actor/distillation/loss_max:np.float64(35.368919372558594) - actor/distillation/pg_clipfrac:np.float64(1.8123821064364165e-05) - actor/distillation/ppo_kl:np.float64(8.056280421442352e-06) - actor/distillation/pg_clipfrac_lower:np.float64(0.0) - actor/distillation/loss:np.float64(0.17609426006674767) - actor/loss:np.float64(0.17609426379203796) - actor/grad_norm:np.float64(1.8482872247695923) - actor/lr:np.float64(9.976867824762234e-07) - actor/perf/max_memory_allocated_gb:np.float64(44.32985305786133) - actor/perf/max_memory_reserved_gb:np.float64(55.65234375) - actor/perf/cpu_memory_used_gb:np.float64(323.53198623657227) - perf/mfu/actor:np.float64(0.2399099587424072) - training/global_step:34 - training/epoch:0 - critic/score/mean:0.6984375715255737 - critic/score/max:1.0 - critic/score/min:0.0 - critic/rewards/mean:0.6984375715255737 - critic/rewards/max:1.0 - critic/rewards/min:0.0 - critic/advantages/mean:0.5151142477989197 - critic/advantages/max:0.9999990463256836 - critic/advantages/min:0.0 - critic/returns/mean:0.5151142477989197 - critic/returns/max:0.9999990463256836 - critic/returns/min:0.0 - response_length/mean:449.9453125 - response_length/max:2048.0 - response_length/min:113.0 - response_length/clip_ratio:0.0546875 - response_length_non_aborted/mean:449.9453125 - response_length_non_aborted/max:2048.0 - response_length_non_aborted/min:113.0 - response_length_non_aborted/clip_ratio:0.0546875 - response/aborted_ratio:0.0 - prompt_length/mean:108.765625 - prompt_length/max:384.0 - prompt_length/min:47.0 - prompt_length/clip_ratio:0.0 - num_turns/min:np.int32(2) - num_turns/max:np.int32(2) - num_turns/mean:np.float64(2.0) - timing_s/start_profile:0.00020772800780832767 - timing_s/agent_loop/num_preempted/min:np.int64(-1) - timing_s/agent_loop/num_preempted/max:np.int64(-1) - timing_s/agent_loop/num_preempted/mean:np.float64(-1.0) - timing_s/agent_loop/generate_sequences/min:np.float64(2.9584655390353873) - timing_s/agent_loop/generate_sequences/max:np.float64(39.30916265794076) - timing_s/agent_loop/generate_sequences/mean:np.float64(9.801119461611961) - timing_s/agent_loop/tool_calls/min:np.float64(0.0) - timing_s/agent_loop/tool_calls/max:np.float64(0.0) - timing_s/agent_loop/tool_calls/mean:np.float64(0.0) - timing_s/agent_loop/compute_score/min:np.float64(0.005804778076708317) - timing_s/agent_loop/compute_score/max:np.float64(0.0641636869404465) - timing_s/agent_loop/compute_score/mean:np.float64(0.01129123893497308) - timing_s/agent_loop/slowest/generate_sequences:np.float64(39.30916265794076) - timing_s/agent_loop/slowest/tool_calls:np.float64(0.0) - timing_s/agent_loop/slowest/compute_score:np.float64(0.025263412040658295) - timing_s/agent_loop/slowest/num_preempted:np.int64(-1) - timing_s/agent_loop/slowest/prompt_length:231 - timing_s/agent_loop/slowest/response_length:2048 - timing_s/gen:45.44489600404631 - timing_s/reward:3.0589988455176353e-05 - timing_s/old_log_prob:10.71076993609313 - timing_s/adv:0.005400230991654098 - timing_s/update_actor:19.253035784931853 - timing_s/update_weights:10.034757409943268 - timing_s/step:85.48096427798737 - timing_s/stop_profile:8.788902778178453e-05 - timing_per_token_ms/update_actor:0.269216748723091 - timing_per_token_ms/gen:0.7890697828563595 - timing_per_token_ms/adv:7.551186452707961e-05 - perf/total_num_tokens:71515 - perf/time_per_step:85.48096427798737 - perf/throughput:104.5773766768565
[36m(vLLMHttpServer pid=945396)[0m (EngineCore pid=946285) WARNING 07-30 13:06:45 [scheduler.py:2541] reset_connector called but no KV connector is configured.[32m [repeated 4x across cluster][0m
[36m(vLLMHttpServer pid=945396)[0m (EngineCore pid=946285) WARNING 07-30 13:06:53 [scheduler.py:2541] reset_connector called but no KV connector is configured.[32m [repeated 2x across cluster][0m
[36m(TaskRunner pid=899085)[0m test_gen_batch meta info: {'eos_token_id': 151645, 'pad_token_id': 151643, 'recompute_log_prob': False, 'do_sample': False, 'validate': True, 'global_steps': 35}
[36m(vLLMHttpServer pid=945400)[0m (EngineCore pid=946276) WARNING 07-30 13:06:54 [scheduler.py:2541] reset_connector called but no KV connector is configured.[32m [repeated 3x across cluster][0m
[36m(TaskRunner pid=899085)[0m validation generation end
[36m(TaskRunner pid=899085)[0m Training Progress:   3%|▎         | 35/1110 [1:06:05<38:52:52, 130.21s/it]
[36m(TaskRunner pid=899085)[0m step:35 - global_seqlen/min:17567 - global_seqlen/max:18883 - global_seqlen/minmax_diff:1316 - global_seqlen/balanced_min:18278 - global_seqlen/balanced_max:18331 - global_seqlen/mean:18308.5 - actor/entropy:0.2808453142642975 - perf/mfu/actor_infer:0.22293946251396005 - actor/pg_clipfrac:np.float64(0.0) - actor/ppo_kl:np.float64(4.011324926977977e-05) - actor/pg_clipfrac_lower:np.float64(0.0) - actor/pg_loss:np.float64(-0.5136998407542706) - actor/distillation/abs_loss:np.float64(0.29329197481274605) - actor/distillation/loss_min:np.float64(-6.286520004272461) - actor/distillation/loss_max:np.float64(36.57676315307617) - actor/distillation/pg_clipfrac:np.float64(8.066598093137145e-05) - actor/distillation/ppo_kl:np.float64(4.011324926977977e-05) - actor/distillation/pg_clipfrac_lower:np.float64(0.0) - actor/distillation/loss:np.float64(0.1682241391390562) - actor/loss:np.float64(0.16822412610054016) - actor/grad_norm:np.float64(1.5010104179382324) - actor/lr:np.float64(9.975488227251329e-07) - actor/perf/max_memory_allocated_gb:np.float64(44.32985305786133) - actor/perf/max_memory_reserved_gb:np.float64(55.65234375) - actor/perf/cpu_memory_used_gb:np.float64(323.8038673400879) - perf/mfu/actor:np.float64(0.24556870534336508) - val-aux/openai/gsm8k/reward/mean@1:np.float64(0.7293404094010614) - val-core/openai/gsm8k/acc/mean@1:np.float64(0.7293404094010614) - val-aux/hiyouga/geometry3k/reward/mean@1:np.float64(0.4672212854598009) - val-core/hiyouga/geometry3k/acc/mean@1:np.float64(0.46722129783693844) - val-aux/num_turns/min:np.int32(2) - val-aux/num_turns/max:np.int32(2) - val-aux/num_turns/mean:np.float64(2.0) - training/global_step:35 - training/epoch:0 - critic/score/mean:0.715624988079071 - critic/score/max:1.0 - critic/score/min:0.0 - critic/rewards/mean:0.715624988079071 - critic/rewards/max:1.0 - critic/rewards/min:0.0 - critic/advantages/mean:0.5136999487876892 - critic/advantages/max:0.9999990463256836 - critic/advantages/min:0.0 - critic/returns/mean:0.5136999487876892 - critic/returns/max:0.9999990463256836 - critic/returns/min:0.0 - response_length/mean:463.890625 - response_length/max:2048.0 - response_length/min:110.0 - response_length/clip_ratio:0.0625 - response_length_non_aborted/mean:463.890625 - response_length_non_aborted/max:2048.0 - response_length_non_aborted/min:110.0 - response_length_non_aborted/clip_ratio:0.0625 - response/aborted_ratio:0.0 - prompt_length/mean:108.25 - prompt_length/max:515.0 - prompt_length/min:50.0 - prompt_length/clip_ratio:0.0 - num_turns/min:np.int32(2) - num_turns/max:np.int32(2) - num_turns/mean:np.float64(2.0) - timing_s/start_profile:6.960902828723192e-05 - timing_s/agent_loop/num_preempted/min:np.int64(-1) - timing_s/agent_loop/num_preempted/max:np.int64(-1) - timing_s/agent_loop/num_preempted/mean:np.float64(-1.0) - timing_s/agent_loop/generate_sequences/min:np.float64(2.906460504978895) - timing_s/agent_loop/generate_sequences/max:np.float64(39.225975224981084) - timing_s/agent_loop/generate_sequences/mean:np.float64(10.030107905450677) - timing_s/agent_loop/tool_calls/min:np.float64(0.0) - timing_s/agent_loop/tool_calls/max:np.float64(0.0) - timing_s/agent_loop/tool_calls/mean:np.float64(0.0) - timing_s/agent_loop/compute_score/min:np.float64(0.005819397978484631) - timing_s/agent_loop/compute_score/max:np.float64(0.056241700891405344) - timing_s/agent_loop/compute_score/mean:np.float64(0.011615060437179636) - timing_s/agent_loop/slowest/generate_sequences:np.float64(39.20461250201333) - timing_s/agent_loop/slowest/tool_calls:np.float64(0.0) - timing_s/agent_loop/slowest/compute_score:np.float64(0.05464887898415327) - timing_s/agent_loop/slowest/num_preempted:np.int64(-1) - timing_s/agent_loop/slowest/prompt_length:230 - timing_s/agent_loop/slowest/response_length:2048 - timing_s/gen:45.47117769205943 - timing_s/reward:3.0730036087334156e-05 - timing_s/old_log_prob:11.27264415891841 - timing_s/adv:0.0054844089318066835 - timing_s/update_actor:18.757819905062206 - timing_s/update_weights:9.278742672060616 - timing_s/step:84.81812203093432 - timing_s/testing:123.45700419996865 - timing_s/stop_profile:0.0002350179711356759 - timing_per_token_ms/update_actor:0.2561354002930634 - timing_per_token_ms/gen:0.7657916684977505 - timing_per_token_ms/adv:7.48888348554863e-05 - perf/total_num_tokens:73234 - perf/time_per_step:84.81812203093432 - perf/throughput:107.92799676301865
[36m(vLLMHttpServer pid=945400)[0m (EngineCore pid=946276) WARNING 07-30 13:10:13 [scheduler.py:2541] reset_connector called but no KV connector is configured.
[36m(vLLMHttpServer pid=945400)[0m (EngineCore pid=946276) WARNING 07-30 13:10:21 [scheduler.py:2541] reset_connector called but no KV connector is configured.[32m [repeated 2x across cluster][0m
[36m(TaskRunner pid=899085)[0m Training Progress:   3%|▎         | 36/1110 [1:07:30<34:46:26, 116.56s/it]
[36m(TaskRunner pid=899085)[0m step:36 - global_seqlen/min:15377 - global_seqlen/max:20549 - global_seqlen/minmax_diff:5172 - global_seqlen/balanced_min:18267 - global_seqlen/balanced_max:18303 - global_seqlen/mean:18288.5 - actor/entropy:0.305995374917984 - perf/mfu/actor_infer:0.24419782088242048 - actor/pg_clipfrac:np.float64(0.0) - actor/ppo_kl:np.float64(0.0) - actor/pg_clipfrac_lower:np.float64(0.0) - actor/pg_loss:np.float64(-0.4676208831369877) - actor/distillation/abs_loss:np.float64(0.2979443408548832) - actor/distillation/loss_min:np.float64(-5.447015285491943) - actor/distillation/loss_max:np.float64(35.53609848022461) - actor/distillation/pg_clipfrac:np.float64(0.0) - actor/distillation/ppo_kl:np.float64(0.0) - actor/distillation/pg_clipfrac_lower:np.float64(0.0) - actor/distillation/loss:np.float64(0.16502942517399788) - actor/loss:np.float64(0.16502943634986877) - actor/grad_norm:np.float64(1.4176121950149536) - actor/lr:np.float64(9.97406877415425e-07) - actor/perf/max_memory_allocated_gb:np.float64(44.32985305786133) - actor/perf/max_memory_reserved_gb:np.float64(55.65234375) - actor/perf/cpu_memory_used_gb:np.float64(324.0909118652344) - perf/mfu/actor:np.float64(0.24795438420070337) - training/global_step:36 - training/epoch:0 - critic/score/mean:0.6539062261581421 - critic/score/max:1.0 - critic/score/min:0.0 - critic/rewards/mean:0.6539062261581421 - critic/rewards/max:1.0 - critic/rewards/min:0.0 - critic/advantages/mean:0.4676209092140198 - critic/advantages/max:0.9999990463256836 - critic/advantages/min:0.0 - critic/returns/mean:0.4676209092140198 - critic/returns/max:0.9999990463256836 - critic/returns/min:0.0 - response_length/mean:465.1015625 - response_length/max:2048.0 - response_length/min:128.0 - response_length/clip_ratio:0.0703125 - response_length_non_aborted/mean:465.1015625 - response_length_non_aborted/max:2048.0 - response_length_non_aborted/min:128.0 - response_length_non_aborted/clip_ratio:0.0703125 - response/aborted_ratio:0.0 - prompt_length/mean:106.4140625 - prompt_length/max:367.0 - prompt_length/min:44.0 - prompt_length/clip_ratio:0.0 - num_turns/min:np.int32(2) - num_turns/max:np.int32(2) - num_turns/mean:np.float64(2.0) - timing_s/start_profile:7.445900700986385e-05 - timing_s/agent_loop/num_preempted/min:np.int64(-1) - timing_s/agent_loop/num_preempted/max:np.int64(-1) - timing_s/agent_loop/num_preempted/mean:np.float64(-1.0) - timing_s/agent_loop/generate_sequences/min:np.float64(3.308098917012103) - timing_s/agent_loop/generate_sequences/max:np.float64(39.63517928507645) - timing_s/agent_loop/generate_sequences/mean:np.float64(10.09535269499247) - timing_s/agent_loop/tool_calls/min:np.float64(0.0) - timing_s/agent_loop/tool_calls/max:np.float64(0.0) - timing_s/agent_loop/tool_calls/mean:np.float64(0.0) - timing_s/agent_loop/compute_score/min:np.float64(0.005772438948042691) - timing_s/agent_loop/compute_score/max:np.float64(0.046134005999192595) - timing_s/agent_loop/compute_score/mean:np.float64(0.010961764478452096) - timing_s/agent_loop/slowest/generate_sequences:np.float64(39.627516396925785) - timing_s/agent_loop/slowest/tool_calls:np.float64(0.0) - timing_s/agent_loop/slowest/compute_score:np.float64(0.046134005999192595) - timing_s/agent_loop/slowest/num_preempted:np.int64(-1) - timing_s/agent_loop/slowest/prompt_length:148 - timing_s/agent_loop/slowest/response_length:2048 - timing_s/gen:46.42890705296304 - timing_s/reward:3.504997584968805e-05 - timing_s/old_log_prob:9.825796372955665 - timing_s/adv:0.005726548028178513 - timing_s/update_actor:18.596889788052067 - timing_s/update_weights:9.818547534989193 - timing_s/step:84.71083803393412 - timing_s/stop_profile:8.512998465448618e-05 - timing_per_token_ms/update_actor:0.25421562440949325 - timing_per_token_ms/gen:0.7798852242111609 - timing_per_token_ms/adv:7.828072324382143e-05 - perf/total_num_tokens:73154 - perf/time_per_step:84.71083803393412 - perf/throughput:107.94663601765957
[36m(vLLMHttpServer pid=945396)[0m (EngineCore pid=946285) WARNING 07-30 13:11:39 [scheduler.py:2541] reset_connector called but no KV connector is configured.[32m [repeated 4x across cluster][0m
[36m(vLLMHttpServer pid=945396)[0m (EngineCore pid=946285) WARNING 07-30 13:11:47 [scheduler.py:2541] reset_connector called but no KV connector is configured.[32m [repeated 2x across cluster][0m
[36m(TaskRunner pid=899085)[0m Training Progress:   3%|▎         | 37/1110 [1:08:56<31:58:40, 107.29s/it]
[36m(TaskRunner pid=899085)[0m step:37 - global_seqlen/min:17895 - global_seqlen/max:22151 - global_seqlen/minmax_diff:4256 - global_seqlen/balanced_min:19764 - global_seqlen/balanced_max:19793 - global_seqlen/mean:19776.25 - actor/entropy:0.3043955862522125 - perf/mfu/actor_infer:0.2379181622723799 - actor/pg_clipfrac:np.float64(0.0) - actor/ppo_kl:np.float64(0.0) - actor/pg_clipfrac_lower:np.float64(0.0) - actor/pg_loss:np.float64(-0.5178811140358448) - actor/distillation/abs_loss:np.float64(0.2906615436077118) - actor/distillation/loss_min:np.float64(-4.958927154541016) - actor/distillation/loss_max:np.float64(36.20248794555664) - actor/distillation/pg_clipfrac:np.float64(0.0) - actor/distillation/ppo_kl:np.float64(0.0) - actor/distillation/pg_clipfrac_lower:np.float64(0.0) - actor/distillation/loss:np.float64(0.16716794297099113) - actor/loss:np.float64(0.16716794669628143) - actor/grad_norm:np.float64(1.8523393869400024) - actor/lr:np.float64(9.972609476841365e-07) - actor/perf/max_memory_allocated_gb:np.float64(44.32985305786133) - actor/perf/max_memory_reserved_gb:np.float64(55.65234375) - actor/perf/cpu_memory_used_gb:np.float64(323.931095123291) - perf/mfu/actor:np.float64(0.24604798871155525) - training/global_step:37 - training/epoch:0 - critic/score/mean:0.6875 - critic/score/max:1.0 - critic/score/min:0.0 - critic/rewards/mean:0.6875 - critic/rewards/max:1.0 - critic/rewards/min:0.0 - critic/advantages/mean:0.5178811550140381 - critic/advantages/max:0.9999990463256836 - critic/advantages/min:0.0 - critic/returns/mean:0.5178811550140381 - critic/returns/max:0.9999990463256836 - critic/returns/min:0.0 - response_length/mean:497.8046875 - response_length/max:2048.0 - response_length/min:142.0 - response_length/clip_ratio:0.0703125 - response_length_non_aborted/mean:497.8046875 - response_length_non_aborted/max:2048.0 - response_length_non_aborted/min:142.0 - response_length_non_aborted/clip_ratio:0.0703125 - response/aborted_ratio:0.0 - prompt_length/mean:120.203125 - prompt_length/max:526.0 - prompt_length/min:44.0 - prompt_length/clip_ratio:0.0 - num_turns/min:np.int32(2) - num_turns/max:np.int32(2) - num_turns/mean:np.float64(2.0) - timing_s/start_profile:8.931895717978477e-05 - timing_s/agent_loop/num_preempted/min:np.int64(-1) - timing_s/agent_loop/num_preempted/max:np.int64(-1) - timing_s/agent_loop/num_preempted/mean:np.float64(-1.0) - timing_s/agent_loop/generate_sequences/min:np.float64(3.7170215570367873) - timing_s/agent_loop/generate_sequences/max:np.float64(40.63449549593497) - timing_s/agent_loop/generate_sequences/mean:np.float64(10.96896872054458) - timing_s/agent_loop/tool_calls/min:np.float64(0.0) - timing_s/agent_loop/tool_calls/max:np.float64(0.0) - timing_s/agent_loop/tool_calls/mean:np.float64(0.0) - timing_s/agent_loop/compute_score/min:np.float64(0.005901077063754201) - timing_s/agent_loop/compute_score/max:np.float64(0.061840179027058184) - timing_s/agent_loop/compute_score/mean:np.float64(0.01163850828561408) - timing_s/agent_loop/slowest/generate_sequences:np.float64(40.63449549593497) - timing_s/agent_loop/slowest/tool_calls:np.float64(0.0) - timing_s/agent_loop/slowest/compute_score:np.float64(0.061840179027058184) - timing_s/agent_loop/slowest/num_preempted:np.int64(-1) - timing_s/agent_loop/slowest/prompt_length:307 - timing_s/agent_loop/slowest/response_length:2048 - timing_s/gen:47.338781497091986 - timing_s/reward:3.359990660101175e-05 - timing_s/old_log_prob:9.53192227508407 - timing_s/adv:0.005206051981076598 - timing_s/update_actor:19.329063046956435 - timing_s/update_weights:9.40268582093995 - timing_s/step:85.64025040192064 - timing_s/stop_profile:8.641998283565044e-05 - timing_per_token_ms/update_actor:0.24434691924602028 - timing_per_token_ms/gen:0.7429303896340493 - timing_per_token_ms/adv:6.581192062545475e-05 - perf/total_num_tokens:79105 - perf/time_per_step:85.64025040192064 - perf/throughput:115.46118739253757
[36m(vLLMHttpServer pid=945396)[0m (EngineCore pid=946285) WARNING 07-30 13:13:07 [scheduler.py:2541] reset_connector called but no KV connector is configured.[32m [repeated 4x across cluster][0m
[36m(vLLMHttpServer pid=945396)[0m (EngineCore pid=946285) WARNING 07-30 13:13:16 [scheduler.py:2541] reset_connector called but no KV connector is configured.[32m [repeated 2x across cluster][0m
[36m(TaskRunner pid=899085)[0m Training Progress:   3%|▎         | 38/1110 [1:10:25<30:20:56, 101.92s/it]
[36m(TaskRunner pid=899085)[0m step:38 - global_seqlen/min:14767 - global_seqlen/max:21238 - global_seqlen/minmax_diff:6471 - global_seqlen/balanced_min:19129 - global_seqlen/balanced_max:19149 - global_seqlen/mean:19140.0 - actor/entropy:0.2687734365463257 - perf/mfu/actor_infer:0.20752689259549698 - actor/pg_clipfrac:np.float64(0.0) - actor/ppo_kl:np.float64(4.2184310586890206e-05) - actor/pg_clipfrac_lower:np.float64(0.0) - actor/pg_loss:np.float64(-0.5209929309785366) - actor/distillation/abs_loss:np.float64(0.2690882906317711) - actor/distillation/loss_min:np.float64(-6.721794128417969) - actor/distillation/loss_max:np.float64(35.60709762573242) - actor/distillation/pg_clipfrac:np.float64(4.7175744839478284e-05) - actor/distillation/ppo_kl:np.float64(4.2184310586890206e-05) - actor/distillation/pg_clipfrac_lower:np.float64(0.0) - actor/distillation/loss:np.float64(0.14855359494686127) - actor/loss:np.float64(0.14855358004570007) - actor/grad_norm:np.float64(2.2312047481536865) - actor/lr:np.float64(9.971110347002211e-07) - actor/perf/max_memory_allocated_gb:np.float64(44.32985305786133) - actor/perf/max_memory_reserved_gb:np.float64(55.65234375) - actor/perf/cpu_memory_used_gb:np.float64(323.7483024597168) - perf/mfu/actor:np.float64(0.24738821309297926) - training/global_step:38 - training/epoch:0 - critic/score/mean:0.6757813096046448 - critic/score/max:1.0 - critic/score/min:0.0 - critic/rewards/mean:0.6757813096046448 - critic/rewards/max:1.0 - critic/rewards/min:0.0 - critic/advantages/mean:0.5209929943084717 - critic/advantages/max:0.9999990463256836 - critic/advantages/min:0.0 - critic/returns/mean:0.5209929943084717 - critic/returns/max:0.9999990463256836 - critic/returns/min:0.0 - response_length/mean:486.9453125 - response_length/max:2048.0 - response_length/min:118.0 - response_length/clip_ratio:0.0703125 - response_length_non_aborted/mean:486.9453125 - response_length_non_aborted/max:2048.0 - response_length_non_aborted/min:118.0 - response_length_non_aborted/clip_ratio:0.0703125 - response/aborted_ratio:0.0 - prompt_length/mean:111.1796875 - prompt_length/max:529.0 - prompt_length/min:49.0 - prompt_length/clip_ratio:0.0 - num_turns/min:np.int32(2) - num_turns/max:np.int32(2) - num_turns/mean:np.float64(2.0) - timing_s/start_profile:6.422004662454128e-05 - timing_s/agent_loop/num_preempted/min:np.int64(-1) - timing_s/agent_loop/num_preempted/max:np.int64(-1) - timing_s/agent_loop/num_preempted/mean:np.float64(-1.0) - timing_s/agent_loop/generate_sequences/min:np.float64(3.218989104963839) - timing_s/agent_loop/generate_sequences/max:np.float64(41.61428939795587) - timing_s/agent_loop/generate_sequences/mean:np.float64(10.790606059032143) - timing_s/agent_loop/tool_calls/min:np.float64(0.0) - timing_s/agent_loop/tool_calls/max:np.float64(0.0) - timing_s/agent_loop/tool_calls/mean:np.float64(0.0) - timing_s/agent_loop/compute_score/min:np.float64(0.005676749045960605) - timing_s/agent_loop/compute_score/max:np.float64(0.05630388902500272) - timing_s/agent_loop/compute_score/mean:np.float64(0.011464611424344184) - timing_s/agent_loop/slowest/generate_sequences:np.float64(41.59409962000791) - timing_s/agent_loop/slowest/tool_calls:np.float64(0.0) - timing_s/agent_loop/slowest/compute_score:np.float64(0.05273501900956035) - timing_s/agent_loop/slowest/num_preempted:np.int64(-1) - timing_s/agent_loop/slowest/prompt_length:136 - timing_s/agent_loop/slowest/response_length:2048 - timing_s/gen:48.898021202068776 - timing_s/reward:2.6940018869936466e-05 - timing_s/old_log_prob:10.474401533952914 - timing_s/adv:0.005361079936847091 - timing_s/update_actor:19.29685641801916 - timing_s/update_weights:10.676521008019336 - timing_s/step:89.3802350810729 - timing_s/stop_profile:9.332899935543537e-05 - timing_per_token_ms/update_actor:0.25204880378812905 - timing_per_token_ms/gen:0.7845147716483303 - timing_per_token_ms/adv:7.002455507898499e-05 - perf/total_num_tokens:76560 - perf/time_per_step:89.3802350810729 - perf/throughput:107.07065148485538
[36m(vLLMHttpServer pid=945396)[0m (EngineCore pid=946285) WARNING 07-30 13:14:33 [scheduler.py:2541] reset_connector called but no KV connector is configured.[32m [repeated 4x across cluster][0m
[36m(vLLMHttpServer pid=945396)[0m (EngineCore pid=946285) WARNING 07-30 13:14:42 [scheduler.py:2541] reset_connector called but no KV connector is configured.[32m [repeated 2x across cluster][0m
[36m(TaskRunner pid=899085)[0m Training Progress:   4%|▎         | 39/1110 [1:11:51<28:50:24, 96.94s/it] 
[36m(TaskRunner pid=899085)[0m step:39 - global_seqlen/min:15357 - global_seqlen/max:23092 - global_seqlen/minmax_diff:7735 - global_seqlen/balanced_min:18048 - global_seqlen/balanced_max:18077 - global_seqlen/mean:18064.25 - actor/entropy:0.27380725741386414 - perf/mfu/actor_infer:0.209840702879273 - actor/pg_clipfrac:np.float64(0.0) - actor/ppo_kl:np.float64(0.0) - actor/pg_clipfrac_lower:np.float64(0.0) - actor/pg_loss:np.float64(-0.38571736589074135) - actor/distillation/abs_loss:np.float64(0.2779550850391388) - actor/distillation/loss_min:np.float64(-4.943784236907959) - actor/distillation/loss_max:np.float64(36.23705291748047) - actor/distillation/pg_clipfrac:np.float64(0.0) - actor/distillation/ppo_kl:np.float64(0.0) - actor/distillation/pg_clipfrac_lower:np.float64(0.0) - actor/distillation/loss:np.float64(0.14871295727789402) - actor/loss:np.float64(0.14871296286582947) - actor/grad_norm:np.float64(1.4526923894882202) - actor/lr:np.float64(9.9695713966454e-07) - actor/perf/max_memory_allocated_gb:np.float64(44.32985305786133) - actor/perf/max_memory_reserved_gb:np.float64(55.65234375) - actor/perf/cpu_memory_used_gb:np.float64(323.57706451416016) - perf/mfu/actor:np.float64(0.2399981108918189) - training/global_step:39 - training/epoch:0 - critic/score/mean:0.5046875476837158 - critic/score/max:1.0 - critic/score/min:0.0 - critic/rewards/mean:0.5046875476837158 - critic/rewards/max:1.0 - critic/rewards/min:0.0 - critic/advantages/mean:0.38571736216545105 - critic/advantages/max:0.9999990463256836 - critic/advantages/min:0.0 - critic/returns/mean:0.38571736216545105 - critic/returns/max:0.9999990463256836 - critic/returns/min:0.0 - response_length/mean:456.53125 - response_length/max:2048.0 - response_length/min:136.0 - response_length/clip_ratio:0.0625 - response_length_non_aborted/mean:456.53125 - response_length_non_aborted/max:2048.0 - response_length_non_aborted/min:136.0 - response_length_non_aborted/clip_ratio:0.0625 - response/aborted_ratio:0.0 - prompt_length/mean:107.9765625 - prompt_length/max:526.0 - prompt_length/min:47.0 - prompt_length/clip_ratio:0.0 - num_turns/min:np.int32(2) - num_turns/max:np.int32(2) - num_turns/mean:np.float64(2.0) - timing_s/start_profile:0.00021718908101320267 - timing_s/agent_loop/num_preempted/min:np.int64(-1) - timing_s/agent_loop/num_preempted/max:np.int64(-1) - timing_s/agent_loop/num_preempted/mean:np.float64(-1.0) - timing_s/agent_loop/generate_sequences/min:np.float64(3.5537679770495743) - timing_s/agent_loop/generate_sequences/max:np.float64(39.73077694303356) - timing_s/agent_loop/generate_sequences/mean:np.float64(10.01249092317721) - timing_s/agent_loop/tool_calls/min:np.float64(0.0) - timing_s/agent_loop/tool_calls/max:np.float64(0.0) - timing_s/agent_loop/tool_calls/mean:np.float64(0.0) - timing_s/agent_loop/compute_score/min:np.float64(0.005817948025651276) - timing_s/agent_loop/compute_score/max:np.float64(0.05921874300111085) - timing_s/agent_loop/compute_score/mean:np.float64(0.011273429863649653) - timing_s/agent_loop/slowest/generate_sequences:np.float64(39.724595678038895) - timing_s/agent_loop/slowest/tool_calls:np.float64(0.0) - timing_s/agent_loop/slowest/compute_score:np.float64(0.05886094504967332) - timing_s/agent_loop/slowest/num_preempted:np.int64(-1) - timing_s/agent_loop/slowest/prompt_length:134 - timing_s/agent_loop/slowest/response_length:2048 - timing_s/gen:46.01756241789553 - timing_s/reward:2.674991264939308e-05 - timing_s/old_log_prob:10.025427191052586 - timing_s/adv:0.005278541008010507 - timing_s/update_actor:19.35083445708733 - timing_s/update_weights:9.866073560900986 - timing_s/step:85.29517318296712 - timing_s/stop_profile:8.386897388845682e-05 - timing_per_token_ms/update_actor:0.2678056722128974 - timing_per_token_ms/gen:0.7874865223132236 - timing_per_token_ms/adv:7.30523133815479e-05 - perf/total_num_tokens:72257 - perf/time_per_step:85.29517318296712 - perf/throughput:105.89256886348237
[36m(vLLMHttpServer pid=945396)[0m (EngineCore pid=946285) WARNING 07-30 13:16:07 [scheduler.py:2541] reset_connector called but no KV connector is configured.[32m [repeated 4x across cluster][0m
[36m(vLLMHttpServer pid=945396)[0m (EngineCore pid=946285) WARNING 07-30 13:16:16 [scheduler.py:2541] reset_connector called but no KV connector is configured.[32m [repeated 2x across cluster][0m
[36m(TaskRunner pid=899085)[0m test_gen_batch meta info: {'eos_token_id': 151645, 'pad_token_id': 151643, 'recompute_log_prob': False, 'do_sample': False, 'validate': True, 'global_steps': 40}
[36m(vLLMHttpServer pid=945400)[0m (EngineCore pid=946276) WARNING 07-30 13:16:17 [scheduler.py:2541] reset_connector called but no KV connector is configured.[32m [repeated 3x across cluster][0m
[36m(TaskRunner pid=899085)[0m validation generation end
[36m(TaskRunner pid=899085)[0m Training Progress:   4%|▎         | 40/1110 [1:15:33<40:02:51, 134.74s/it]
[36m(TaskRunner pid=899085)[0m step:40 - global_seqlen/min:21380 - global_seqlen/max:23642 - global_seqlen/minmax_diff:2262 - global_seqlen/balanced_min:22403 - global_seqlen/balanced_max:22428 - global_seqlen/mean:22418.0 - actor/entropy:0.33971214294433594 - perf/mfu/actor_infer:0.2771815151368356 - actor/pg_clipfrac:np.float64(0.0) - actor/ppo_kl:np.float64(0.0) - actor/pg_clipfrac_lower:np.float64(0.0) - actor/pg_loss:np.float64(-0.35182193480432034) - actor/distillation/abs_loss:np.float64(0.2867487892508507) - actor/distillation/loss_min:np.float64(-4.929652690887451) - actor/distillation/loss_max:np.float64(35.478797912597656) - actor/distillation/pg_clipfrac:np.float64(0.0) - actor/distillation/ppo_kl:np.float64(0.0) - actor/distillation/pg_clipfrac_lower:np.float64(0.0) - actor/distillation/loss:np.float64(0.1795379351824522) - actor/loss:np.float64(0.17953795194625854) - actor/grad_norm:np.float64(1.5982915163040161) - actor/lr:np.float64(9.967992638098515e-07) - actor/perf/max_memory_allocated_gb:np.float64(44.32985305786133) - actor/perf/max_memory_reserved_gb:np.float64(56.025390625) - actor/perf/cpu_memory_used_gb:np.float64(323.8216209411621) - perf/mfu/actor:np.float64(0.2576102855609724) - val-aux/openai/gsm8k/reward/mean@1:np.float64(0.3214556482183472) - val-core/openai/gsm8k/acc/mean@1:np.float64(0.3214556482183472) - val-aux/hiyouga/geometry3k/reward/mean@1:np.float64(0.45524125249929315) - val-core/hiyouga/geometry3k/acc/mean@1:np.float64(0.45524126455906827) - val-aux/num_turns/min:np.int32(2) - val-aux/num_turns/max:np.int32(2) - val-aux/num_turns/mean:np.float64(2.0) - training/global_step:40 - training/epoch:0 - critic/score/mean:0.5171875357627869 - critic/score/max:1.0 - critic/score/min:0.0 - critic/rewards/mean:0.5171875357627869 - critic/rewards/max:1.0 - critic/rewards/min:0.0 - critic/advantages/mean:0.3518219590187073 - critic/advantages/max:0.9999990463256836 - critic/advantages/min:0.0 - critic/returns/mean:0.3518219590187073 - critic/returns/max:0.9999990463256836 - critic/returns/min:0.0 - response_length/mean:577.2734375 - response_length/max:2048.0 - response_length/min:133.0 - response_length/clip_ratio:0.1171875 - response_length_non_aborted/mean:577.2734375 - response_length_non_aborted/max:2048.0 - response_length_non_aborted/min:133.0 - response_length_non_aborted/clip_ratio:0.1171875 - response/aborted_ratio:0.0 - prompt_length/mean:123.2890625 - prompt_length/max:533.0 - prompt_length/min:52.0 - prompt_length/clip_ratio:0.0 - num_turns/min:np.int32(2) - num_turns/max:np.int32(2) - num_turns/mean:np.float64(2.0) - timing_s/start_profile:6.860902067273855e-05 - timing_s/agent_loop/num_preempted/min:np.int64(-1) - timing_s/agent_loop/num_preempted/max:np.int64(-1) - timing_s/agent_loop/num_preempted/mean:np.float64(-1.0) - timing_s/agent_loop/generate_sequences/min:np.float64(3.578612499986775) - timing_s/agent_loop/generate_sequences/max:np.float64(41.96189289004542) - timing_s/agent_loop/generate_sequences/mean:np.float64(12.79242132100535) - timing_s/agent_loop/tool_calls/min:np.float64(0.0) - timing_s/agent_loop/tool_calls/max:np.float64(0.0) - timing_s/agent_loop/tool_calls/mean:np.float64(0.0) - timing_s/agent_loop/compute_score/min:np.float64(0.006263304967433214) - timing_s/agent_loop/compute_score/max:np.float64(0.060305437073111534) - timing_s/agent_loop/compute_score/mean:np.float64(0.012393816348776454) - timing_s/agent_loop/slowest/generate_sequences:np.float64(41.9429455450736) - timing_s/agent_loop/slowest/tool_calls:np.float64(0.0) - timing_s/agent_loop/slowest/compute_score:np.float64(0.04993368498980999) - timing_s/agent_loop/slowest/num_preempted:np.int64(-1) - timing_s/agent_loop/slowest/prompt_length:177 - timing_s/agent_loop/slowest/response_length:2048 - timing_s/gen:52.04745008004829 - timing_s/reward:2.7309986762702465e-05 - timing_s/old_log_prob:10.663741559023038 - timing_s/adv:0.0051171820377931 - timing_s/update_actor:21.14325162395835 - timing_s/update_weights:10.333104233024642 - timing_s/step:94.22212018596474 - timing_s/testing:128.70436743693426 - timing_s/stop_profile:0.000255958060733974 - timing_per_token_ms/update_actor:0.23578432090238144 - timing_per_token_ms/gen:0.7043814548463045 - timing_per_token_ms/adv:5.7065550425920015e-05 - perf/total_num_tokens:89672 - perf/time_per_step:94.22212018596474 - perf/throughput:118.963572225683
[36m(vLLMHttpServer pid=945396)[0m (EngineCore pid=946285) WARNING 07-30 13:19:48 [scheduler.py:2541] reset_connector called but no KV connector is configured.
[36m(vLLMHttpServer pid=945396)[0m (EngineCore pid=946285) WARNING 07-30 13:19:57 [scheduler.py:2541] reset_connector called but no KV connector is configured.[32m [repeated 2x across cluster][0m
[36m(TaskRunner pid=899085)[0m Training Progress:   4%|▎         | 41/1110 [1:17:06<36:14:44, 122.06s/it]
[36m(TaskRunner pid=899085)[0m step:41 - global_seqlen/min:19523 - global_seqlen/max:23964 - global_seqlen/minmax_diff:4441 - global_seqlen/balanced_min:21839 - global_seqlen/balanced_max:21853 - global_seqlen/mean:21846.0 - actor/entropy:0.33529260754585266 - perf/mfu/actor_infer:0.26907565667448397 - actor/pg_clipfrac:np.float64(9.853603842202574e-05) - actor/ppo_kl:np.float64(1.5706440535723232e-05) - actor/pg_clipfrac_lower:np.float64(0.0) - actor/pg_loss:np.float64(-0.34148283302783966) - actor/distillation/abs_loss:np.float64(0.28976286575198174) - actor/distillation/loss_min:np.float64(-5.561698913574219) - actor/distillation/loss_max:np.float64(36.24506378173828) - actor/distillation/pg_clipfrac:np.float64(4.2229730752296746e-05) - actor/distillation/ppo_kl:np.float64(1.5706440535723232e-05) - actor/distillation/pg_clipfrac_lower:np.float64(0.0) - actor/distillation/loss:np.float64(0.15777423046529293) - actor/loss:np.float64(0.15777422487735748) - actor/grad_norm:np.float64(1.452437400817871) - actor/lr:np.float64(9.966374084008025e-07) - actor/perf/max_memory_allocated_gb:np.float64(44.32985305786133) - actor/perf/max_memory_reserved_gb:np.float64(56.025390625) - actor/perf/cpu_memory_used_gb:np.float64(323.9847755432129) - perf/mfu/actor:np.float64(0.26224945305529257) - training/global_step:41 - training/epoch:0 - critic/score/mean:0.45781251788139343 - critic/score/max:1.0 - critic/score/min:0.0 - critic/rewards/mean:0.45781251788139343 - critic/rewards/max:1.0 - critic/rewards/min:0.0 - critic/advantages/mean:0.3414853513240814 - critic/advantages/max:0.9999990463256836 - critic/advantages/min:0.0 - critic/returns/mean:0.3414853513240814 - critic/returns/max:0.9999990463256836 - critic/returns/min:0.0 - response_length/mean:567.7421875 - response_length/max:2048.0 - response_length/min:133.0 - response_length/clip_ratio:0.109375 - response_length_non_aborted/mean:567.7421875 - response_length_non_aborted/max:2048.0 - response_length_non_aborted/min:133.0 - response_length_non_aborted/clip_ratio:0.109375 - response/aborted_ratio:0.0 - prompt_length/mean:114.9453125 - prompt_length/max:598.0 - prompt_length/min:48.0 - prompt_length/clip_ratio:0.0 - num_turns/min:np.int32(2) - num_turns/max:np.int32(2) - num_turns/mean:np.float64(2.0) - timing_s/start_profile:0.00016886903904378414 - timing_s/agent_loop/num_preempted/min:np.int64(-1) - timing_s/agent_loop/num_preempted/max:np.int64(-1) - timing_s/agent_loop/num_preempted/mean:np.float64(-1.0) - timing_s/agent_loop/generate_sequences/min:np.float64(3.453058665036224) - timing_s/agent_loop/generate_sequences/max:np.float64(43.23690522101242) - timing_s/agent_loop/generate_sequences/mean:np.float64(12.567477599668564) - timing_s/agent_loop/tool_calls/min:np.float64(0.0) - timing_s/agent_loop/tool_calls/max:np.float64(0.0) - timing_s/agent_loop/tool_calls/mean:np.float64(0.0) - timing_s/agent_loop/compute_score/min:np.float64(0.005415259976871312) - timing_s/agent_loop/compute_score/max:np.float64(0.06268288206774741) - timing_s/agent_loop/compute_score/mean:np.float64(0.012294380166167684) - timing_s/agent_loop/slowest/generate_sequences:np.float64(43.20836764003616) - timing_s/agent_loop/slowest/tool_calls:np.float64(0.0) - timing_s/agent_loop/slowest/compute_score:np.float64(0.05766141100320965) - timing_s/agent_loop/slowest/num_preempted:np.int64(-1) - timing_s/agent_loop/slowest/prompt_length:416 - timing_s/agent_loop/slowest/response_length:2048 - timing_s/gen:51.39039004303049 - timing_s/reward:3.0379043892025948e-05 - timing_s/old_log_prob:10.814775756094605 - timing_s/adv:0.004999401047825813 - timing_s/update_actor:20.363476295024157 - timing_s/update_weights:9.81434442102909 - timing_s/step:92.41859848797321 - timing_s/stop_profile:8.309993427246809e-05 - timing_per_token_ms/update_actor:0.23303438037883545 - timing_per_token_ms/gen:0.7071650320352065 - timing_per_token_ms/adv:5.721185855334859e-05 - perf/total_num_tokens:87384 - perf/time_per_step:92.41859848797321 - perf/throughput:118.19049605498456
[36m(vLLMHttpServer pid=945396)[0m (EngineCore pid=946285) WARNING 07-30 13:21:18 [scheduler.py:2541] reset_connector called but no KV connector is configured.[32m [repeated 4x across cluster][0m
[36m(vLLMHttpServer pid=945400)[0m (EngineCore pid=946276) WARNING 07-30 13:21:27 [scheduler.py:2541] reset_connector called but no KV connector is configured.[32m [repeated 2x across cluster][0m
[36m(TaskRunner pid=899085)[0m Training Progress:   4%|▍         | 42/1110 [1:18:36<33:21:24, 112.44s/it]
[36m(TaskRunner pid=899085)[0m step:42 - global_seqlen/min:18691 - global_seqlen/max:21031 - global_seqlen/minmax_diff:2340 - global_seqlen/balanced_min:20072 - global_seqlen/balanced_max:20079 - global_seqlen/mean:20074.75 - actor/entropy:0.3170816898345947 - perf/mfu/actor_infer:0.2616213114371103 - actor/pg_clipfrac:np.float64(0.0) - actor/ppo_kl:np.float64(0.0) - actor/pg_clipfrac_lower:np.float64(0.0) - actor/pg_loss:np.float64(-0.28658152953721583) - actor/distillation/abs_loss:np.float64(0.2817518301308155) - actor/distillation/loss_min:np.float64(-5.747687339782715) - actor/distillation/loss_max:np.float64(35.645503997802734) - actor/distillation/pg_clipfrac:np.float64(0.0) - actor/distillation/ppo_kl:np.float64(0.0) - actor/distillation/pg_clipfrac_lower:np.float64(0.0) - actor/distillation/loss:np.float64(0.14625988900661469) - actor/loss:np.float64(0.14625988900661469) - actor/grad_norm:np.float64(1.6456626653671265) - actor/lr:np.float64(9.964715747339175e-07) - actor/perf/max_memory_allocated_gb:np.float64(44.32985305786133) - actor/perf/max_memory_reserved_gb:np.float64(56.025390625) - actor/perf/cpu_memory_used_gb:np.float64(323.9941825866699) - perf/mfu/actor:np.float64(0.2529668048635313) - training/global_step:42 - training/epoch:0 - critic/score/mean:0.3828125 - critic/score/max:1.0 - critic/score/min:0.0 - critic/rewards/mean:0.3828125 - critic/rewards/max:1.0 - critic/rewards/min:0.0 - critic/advantages/mean:0.2865815758705139 - critic/advantages/max:0.9999990463256836 - critic/advantages/min:0.0 - critic/returns/mean:0.2865815758705139 - critic/returns/max:0.9999990463256836 - critic/returns/min:0.0 - response_length/mean:516.7890625 - response_length/max:2048.0 - response_length/min:155.0 - response_length/clip_ratio:0.0859375 - response_length_non_aborted/mean:516.7890625 - response_length_non_aborted/max:2048.0 - response_length_non_aborted/min:155.0 - response_length_non_aborted/clip_ratio:0.0859375 - response/aborted_ratio:0.0 - prompt_length/mean:110.546875 - prompt_length/max:411.0 - prompt_length/min:45.0 - prompt_length/clip_ratio:0.0 - num_turns/min:np.int32(2) - num_turns/max:np.int32(2) - num_turns/mean:np.float64(2.0) - timing_s/start_profile:0.0002121280413120985 - timing_s/agent_loop/num_preempted/min:np.int64(-1) - timing_s/agent_loop/num_preempted/max:np.int64(-1) - timing_s/agent_loop/num_preempted/mean:np.float64(-1.0) - timing_s/agent_loop/generate_sequences/min:np.float64(3.915907624992542) - timing_s/agent_loop/generate_sequences/max:np.float64(41.25789126206655) - timing_s/agent_loop/generate_sequences/mean:np.float64(11.326845228246384) - timing_s/agent_loop/tool_calls/min:np.float64(0.0) - timing_s/agent_loop/tool_calls/max:np.float64(0.0) - timing_s/agent_loop/tool_calls/mean:np.float64(0.0) - timing_s/agent_loop/compute_score/min:np.float64(0.005489027011208236) - timing_s/agent_loop/compute_score/max:np.float64(0.07258353498764336) - timing_s/agent_loop/compute_score/mean:np.float64(0.011800346289419394) - timing_s/agent_loop/slowest/generate_sequences:np.float64(41.228783147991635) - timing_s/agent_loop/slowest/tool_calls:np.float64(0.0) - timing_s/agent_loop/slowest/compute_score:np.float64(0.06715466699097306) - timing_s/agent_loop/slowest/num_preempted:np.int64(-1) - timing_s/agent_loop/slowest/prompt_length:377 - timing_s/agent_loop/slowest/response_length:2048 - timing_s/gen:48.41458581597544 - timing_s/reward:2.2619962692260742e-05 - timing_s/old_log_prob:10.756942985928617 - timing_s/adv:0.005003032041713595 - timing_s/update_actor:20.666599721997045 - timing_s/update_weights:9.951444820966572 - timing_s/step:89.82163739902899 - timing_s/stop_profile:8.16399697214365e-05 - timing_per_token_ms/update_actor:0.25737057400462077 - timing_per_token_ms/gen:0.7319020063186963 - timing_per_token_ms/adv:6.230503545142026e-05 - perf/total_num_tokens:80299 - perf/time_per_step:89.82163739902899 - perf/throughput:111.74785152723689
[36m(vLLMHttpServer pid=945396)[0m (EngineCore pid=946285) WARNING 07-30 13:22:49 [scheduler.py:2541] reset_connector called but no KV connector is configured.[32m [repeated 4x across cluster][0m
[36m(vLLMHttpServer pid=945400)[0m (EngineCore pid=946276) WARNING 07-30 13:22:57 [scheduler.py:2541] reset_connector called but no KV connector is configured.[32m [repeated 2x across cluster][0m
[36m(TaskRunner pid=899085)[0m Training Progress:   4%|▍         | 43/1110 [1:20:06<31:22:04, 105.83s/it]
[36m(TaskRunner pid=899085)[0m step:43 - global_seqlen/min:16386 - global_seqlen/max:22107 - global_seqlen/minmax_diff:5721 - global_seqlen/balanced_min:20270 - global_seqlen/balanced_max:20277 - global_seqlen/mean:20273.5 - actor/entropy:0.3036496639251709 - perf/mfu/actor_infer:0.2915882579451188 - actor/pg_clipfrac:np.float64(0.0) - actor/ppo_kl:np.float64(0.0) - actor/pg_clipfrac_lower:np.float64(0.0) - actor/pg_loss:np.float64(-0.2569798417389393) - actor/distillation/abs_loss:np.float64(0.2738812230527401) - actor/distillation/loss_min:np.float64(-5.231407165527344) - actor/distillation/loss_max:np.float64(35.78776550292969) - actor/distillation/pg_clipfrac:np.float64(0.0) - actor/distillation/ppo_kl:np.float64(0.0) - actor/distillation/pg_clipfrac_lower:np.float64(0.0) - actor/distillation/loss:np.float64(0.15002832375466824) - actor/loss:np.float64(0.1500283181667328) - actor/grad_norm:np.float64(1.5525285005569458) - actor/lr:np.float64(9.963017641375886e-07) - actor/perf/max_memory_allocated_gb:np.float64(44.32985305786133) - actor/perf/max_memory_reserved_gb:np.float64(56.025390625) - actor/perf/cpu_memory_used_gb:np.float64(324.0396537780762) - perf/mfu/actor:np.float64(0.26123003992001737) - training/global_step:43 - training/epoch:0 - critic/score/mean:0.3335937559604645 - critic/score/max:1.0 - critic/score/min:0.0 - critic/rewards/mean:0.3335937559604645 - critic/rewards/max:1.0 - critic/rewards/min:0.0 - critic/advantages/mean:0.25697988271713257 - critic/advantages/max:0.9999990463256836 - critic/advantages/min:0.0 - critic/returns/mean:0.25697988271713257 - critic/returns/max:0.9999990463256836 - critic/returns/min:0.0 - response_length/mean:521.796875 - response_length/max:2048.0 - response_length/min:143.0 - response_length/clip_ratio:0.09375 - response_length_non_aborted/mean:521.796875 - response_length_non_aborted/max:2048.0 - response_length_non_aborted/min:143.0 - response_length_non_aborted/clip_ratio:0.09375 - response/aborted_ratio:0.0 - prompt_length/mean:111.75 - prompt_length/max:394.0 - prompt_length/min:51.0 - prompt_length/clip_ratio:0.0 - num_turns/min:np.int32(2) - num_turns/max:np.int32(2) - num_turns/mean:np.float64(2.0) - timing_s/start_profile:7.372896652668715e-05 - timing_s/agent_loop/num_preempted/min:np.int64(-1) - timing_s/agent_loop/num_preempted/max:np.int64(-1) - timing_s/agent_loop/num_preempted/mean:np.float64(-1.0) - timing_s/agent_loop/generate_sequences/min:np.float64(3.7239985559135675) - timing_s/agent_loop/generate_sequences/max:np.float64(40.7494917990407) - timing_s/agent_loop/generate_sequences/mean:np.float64(11.352411530292557) - timing_s/agent_loop/tool_calls/min:np.float64(0.0) - timing_s/agent_loop/tool_calls/max:np.float64(0.0) - timing_s/agent_loop/tool_calls/mean:np.float64(0.0) - timing_s/agent_loop/compute_score/min:np.float64(0.005714528961107135) - timing_s/agent_loop/compute_score/max:np.float64(0.08792795601766557) - timing_s/agent_loop/compute_score/mean:np.float64(0.012562539310238208) - timing_s/agent_loop/slowest/generate_sequences:np.float64(40.694945037947036) - timing_s/agent_loop/slowest/tool_calls:np.float64(0.0) - timing_s/agent_loop/slowest/compute_score:np.float64(0.08792795601766557) - timing_s/agent_loop/slowest/num_preempted:np.int64(-1) - timing_s/agent_loop/slowest/prompt_length:155 - timing_s/agent_loop/slowest/response_length:2048 - timing_s/gen:49.02280115301255 - timing_s/reward:3.126997034996748e-05 - timing_s/old_log_prob:10.62322833109647 - timing_s/adv:0.005146092036738992 - timing_s/update_actor:20.782679987023585 - timing_s/update_weights:9.946464248001575 - timing_s/step:90.41242457390763 - timing_s/stop_profile:8.898891974240541e-05 - timing_per_token_ms/update_actor:0.2562788860707769 - timing_per_token_ms/gen:0.733984146623934 - timing_per_token_ms/adv:6.34583574214984e-05 - perf/total_num_tokens:81094 - perf/time_per_step:90.41242457390763 - perf/throughput:112.11678093770966
[36m(vLLMHttpServer pid=945396)[0m (EngineCore pid=946285) WARNING 07-30 13:24:19 [scheduler.py:2541] reset_connector called but no KV connector is configured.[32m [repeated 4x across cluster][0m
[36m(vLLMHttpServer pid=945396)[0m (EngineCore pid=946285) WARNING 07-30 13:24:27 [scheduler.py:2541] reset_connector called but no KV connector is configured.[32m [repeated 2x across cluster][0m
[36m(TaskRunner pid=899085)[0m Training Progress:   4%|▍         | 44/1110 [1:21:36<29:53:50, 100.97s/it]
[36m(TaskRunner pid=899085)[0m step:44 - global_seqlen/min:18323 - global_seqlen/max:22338 - global_seqlen/minmax_diff:4015 - global_seqlen/balanced_min:20670 - global_seqlen/balanced_max:20700 - global_seqlen/mean:20683.75 - actor/entropy:0.31955206394195557 - perf/mfu/actor_infer:0.24382502279733378 - actor/pg_clipfrac:np.float64(0.0) - actor/ppo_kl:np.float64(0.0) - actor/pg_clipfrac_lower:np.float64(0.0) - actor/pg_loss:np.float64(-0.19052995508536696) - actor/distillation/abs_loss:np.float64(0.2819606699049473) - actor/distillation/loss_min:np.float64(-5.127495765686035) - actor/distillation/loss_max:np.float64(36.867740631103516) - actor/distillation/pg_clipfrac:np.float64(0.0) - actor/distillation/ppo_kl:np.float64(0.0) - actor/distillation/pg_clipfrac_lower:np.float64(0.0) - actor/distillation/loss:np.float64(0.1522816512733698) - actor/loss:np.float64(0.15228165686130524) - actor/grad_norm:np.float64(1.3029783964157104) - actor/lr:np.float64(9.961279779720641e-07) - actor/perf/max_memory_allocated_gb:np.float64(44.32985305786133) - actor/perf/max_memory_reserved_gb:np.float64(56.025390625) - actor/perf/cpu_memory_used_gb:np.float64(324.28465270996094) - perf/mfu/actor:np.float64(0.2514837668013131) - training/global_step:44 - training/epoch:0 - critic/score/mean:0.22890624403953552 - critic/score/max:1.0 - critic/score/min:0.0 - critic/rewards/mean:0.22890624403953552 - critic/rewards/max:1.0 - critic/rewards/min:0.0 - critic/advantages/mean:0.1905299872159958 - critic/advantages/max:0.9999990463256836 - critic/advantages/min:0.0 - critic/returns/mean:0.1905299872159958 - critic/returns/max:0.9999990463256836 - critic/returns/min:0.0 - response_length/mean:542.015625 - response_length/max:2048.0 - response_length/min:137.0 - response_length/clip_ratio:0.0859375 - response_length_non_aborted/mean:542.015625 - response_length_non_aborted/max:2048.0 - response_length_non_aborted/min:137.0 - response_length_non_aborted/clip_ratio:0.0859375 - response/aborted_ratio:0.0 - prompt_length/mean:104.3515625 - prompt_length/max:483.0 - prompt_length/min:48.0 - prompt_length/clip_ratio:0.0 - num_turns/min:np.int32(2) - num_turns/max:np.int32(2) - num_turns/mean:np.float64(2.0) - timing_s/start_profile:7.891992572695017e-05 - timing_s/agent_loop/num_preempted/min:np.int64(-1) - timing_s/agent_loop/num_preempted/max:np.int64(-1) - timing_s/agent_loop/num_preempted/mean:np.float64(-1.0) - timing_s/agent_loop/generate_sequences/min:np.float64(3.5726014809915796) - timing_s/agent_loop/generate_sequences/max:np.float64(41.22856858000159) - timing_s/agent_loop/generate_sequences/mean:np.float64(11.754660093504754) - timing_s/agent_loop/tool_calls/min:np.float64(0.0) - timing_s/agent_loop/tool_calls/max:np.float64(0.0) - timing_s/agent_loop/tool_calls/mean:np.float64(0.0) - timing_s/agent_loop/compute_score/min:np.float64(0.00586497806943953) - timing_s/agent_loop/compute_score/max:np.float64(0.054786907974630594) - timing_s/agent_loop/compute_score/mean:np.float64(0.011594190901632828) - timing_s/agent_loop/slowest/generate_sequences:np.float64(41.19884450302925) - timing_s/agent_loop/slowest/tool_calls:np.float64(0.0) - timing_s/agent_loop/slowest/compute_score:np.float64(0.05108449899125844) - timing_s/agent_loop/slowest/num_preempted:np.int64(-1) - timing_s/agent_loop/slowest/prompt_length:130 - timing_s/agent_loop/slowest/response_length:2048 - timing_s/gen:49.59392496908549 - timing_s/reward:3.305997233837843e-05 - timing_s/old_log_prob:10.506108105997555 - timing_s/adv:0.005534708965569735 - timing_s/update_actor:20.04685819905717 - timing_s/update_weights:9.417477242997847 - timing_s/step:89.60311768297106 - timing_s/stop_profile:8.726899977773428e-05 - timing_per_token_ms/update_actor:0.24230202694213052 - timing_per_token_ms/gen:0.7148364750942012 - timing_per_token_ms/adv:6.68968268032844e-05 - perf/total_num_tokens:82735 - perf/time_per_step:89.60311768297106 - perf/throughput:115.41869599438567
[36m(vLLMHttpServer pid=945396)[0m (EngineCore pid=946285) WARNING 07-30 13:25:49 [scheduler.py:2541] reset_connector called but no KV connector is configured.[32m [repeated 4x across cluster][0m
[36m(vLLMHttpServer pid=945400)[0m (EngineCore pid=946276) WARNING 07-30 13:25:57 [scheduler.py:2541] reset_connector called but no KV connector is configured.[32m [repeated 2x across cluster][0m
[36m(TaskRunner pid=899085)[0m test_gen_batch meta info: {'eos_token_id': 151645, 'pad_token_id': 151643, 'recompute_log_prob': False, 'do_sample': False, 'validate': True, 'global_steps': 45}
[36m(vLLMHttpServer pid=945400)[0m (EngineCore pid=946276) WARNING 07-30 13:25:58 [scheduler.py:2541] reset_connector called but no KV connector is configured.[32m [repeated 3x across cluster][0m
[36m(TaskRunner pid=899085)[0m validation generation end
[36m(TaskRunner pid=899085)[0m Training Progress:   4%|▍         | 45/1110 [1:25:16<40:24:52, 136.61s/it]
[36m(TaskRunner pid=899085)[0m step:45 - global_seqlen/min:13894 - global_seqlen/max:29093 - global_seqlen/minmax_diff:15199 - global_seqlen/balanced_min:21778 - global_seqlen/balanced_max:21796 - global_seqlen/mean:21784.25 - actor/entropy:0.33130571246147156 - perf/mfu/actor_infer:0.28675815291614687 - actor/pg_clipfrac:np.float64(0.0) - actor/ppo_kl:np.float64(0.0) - actor/pg_clipfrac_lower:np.float64(0.0) - actor/pg_loss:np.float64(-0.28126879036426544) - actor/distillation/abs_loss:np.float64(0.2838116567581892) - actor/distillation/loss_min:np.float64(-5.0702972412109375) - actor/distillation/loss_max:np.float64(36.23042297363281) - actor/distillation/pg_clipfrac:np.float64(0.0) - actor/distillation/ppo_kl:np.float64(0.0) - actor/distillation/pg_clipfrac_lower:np.float64(0.0) - actor/distillation/loss:np.float64(0.15746194496750832) - actor/loss:np.float64(0.15746194124221802) - actor/grad_norm:np.float64(2.3787591457366943) - actor/lr:np.float64(9.959502176294382e-07) - actor/perf/max_memory_allocated_gb:np.float64(44.32985305786133) - actor/perf/max_memory_reserved_gb:np.float64(56.025390625) - actor/perf/cpu_memory_used_gb:np.float64(324.3810386657715) - perf/mfu/actor:np.float64(0.2644246544762479) - val-aux/openai/gsm8k/reward/mean@1:np.float64(0.33358605003790753) - val-core/openai/gsm8k/acc/mean@1:np.float64(0.33358605003790753) - val-aux/hiyouga/geometry3k/reward/mean@1:np.float64(0.46422627721967397) - val-core/hiyouga/geometry3k/acc/mean@1:np.float64(0.46422628951747086) - val-aux/num_turns/min:np.int32(2) - val-aux/num_turns/max:np.int32(2) - val-aux/num_turns/mean:np.float64(2.0) - training/global_step:45 - training/epoch:0 - critic/score/mean:0.38671875 - critic/score/max:1.0 - critic/score/min:0.0 - critic/rewards/mean:0.38671875 - critic/rewards/max:1.0 - critic/rewards/min:0.0 - critic/advantages/mean:0.281268835067749 - critic/advantages/max:0.9999990463256836 - critic/advantages/min:0.0 - critic/returns/mean:0.281268835067749 - critic/returns/max:0.9999990463256836 - critic/returns/min:0.0 - response_length/mean:566.2421875 - response_length/max:2048.0 - response_length/min:146.0 - response_length/clip_ratio:0.109375 - response_length_non_aborted/mean:566.2421875 - response_length_non_aborted/max:2048.0 - response_length_non_aborted/min:146.0 - response_length_non_aborted/clip_ratio:0.109375 - response/aborted_ratio:0.0 - prompt_length/mean:114.515625 - prompt_length/max:378.0 - prompt_length/min:51.0 - prompt_length/clip_ratio:0.0 - num_turns/min:np.int32(2) - num_turns/max:np.int32(2) - num_turns/mean:np.float64(2.0) - timing_s/start_profile:8.584896568208933e-05 - timing_s/agent_loop/num_preempted/min:np.int64(-1) - timing_s/agent_loop/num_preempted/max:np.int64(-1) - timing_s/agent_loop/num_preempted/mean:np.float64(-1.0) - timing_s/agent_loop/generate_sequences/min:np.float64(3.7734592930646613) - timing_s/agent_loop/generate_sequences/max:np.float64(41.943137461086735) - timing_s/agent_loop/generate_sequences/mean:np.float64(12.41243738815956) - timing_s/agent_loop/tool_calls/min:np.float64(0.0) - timing_s/agent_loop/tool_calls/max:np.float64(0.0) - timing_s/agent_loop/tool_calls/mean:np.float64(0.0) - timing_s/agent_loop/compute_score/min:np.float64(0.00544285005889833) - timing_s/agent_loop/compute_score/max:np.float64(0.1580850789323449) - timing_s/agent_loop/compute_score/mean:np.float64(0.014628477301812381) - timing_s/agent_loop/slowest/generate_sequences:np.float64(41.84406264696736) - timing_s/agent_loop/slowest/tool_calls:np.float64(0.0) - timing_s/agent_loop/slowest/compute_score:np.float64(0.1580850789323449) - timing_s/agent_loop/slowest/num_preempted:np.int64(-1) - timing_s/agent_loop/slowest/prompt_length:149 - timing_s/agent_loop/slowest/response_length:2048 - timing_s/gen:50.3280937820673 - timing_s/reward:3.089895471930504e-05 - timing_s/old_log_prob:10.228683703928255 - timing_s/adv:0.00521939096506685 - timing_s/update_actor:19.88621964608319 - timing_s/update_weights:9.821327249053866 - timing_s/step:90.30131135589909 - timing_s/testing:129.4759461429203 - timing_s/stop_profile:0.0002669389359652996 - timing_per_token_ms/update_actor:0.22821785976202064 - timing_per_token_ms/gen:0.6943817351517998 - timing_per_token_ms/adv:5.98986763954101e-05 - perf/total_num_tokens:87137 - perf/time_per_step:90.30131135589909 - perf/throughput:120.61978764706447
[36m(vLLMHttpServer pid=945396)[0m (EngineCore pid=946285) WARNING 07-30 13:29:28 [scheduler.py:2541] reset_connector called but no KV connector is configured.
[36m(vLLMHttpServer pid=945396)[0m (EngineCore pid=946285) WARNING 07-30 13:29:36 [scheduler.py:2541] reset_connector called but no KV connector is configured.[32m [repeated 2x across cluster][0m
[36m(TaskRunner pid=899085)[0m Training Progress:   4%|▍         | 46/1110 [1:26:45<36:10:12, 122.38s/it]
[36m(TaskRunner pid=899085)[0m step:46 - global_seqlen/min:19154 - global_seqlen/max:21111 - global_seqlen/minmax_diff:1957 - global_seqlen/balanced_min:20362 - global_seqlen/balanced_max:20400 - global_seqlen/mean:20380.75 - actor/entropy:0.31841570138931274 - perf/mfu/actor_infer:0.29273568466056743 - actor/pg_clipfrac:np.float64(0.0) - actor/ppo_kl:np.float64(0.0) - actor/pg_clipfrac_lower:np.float64(0.0) - actor/pg_loss:np.float64(-0.3417174480855465) - actor/distillation/abs_loss:np.float64(0.27731935679912567) - actor/distillation/loss_min:np.float64(-5.872344017028809) - actor/distillation/loss_max:np.float64(35.555763244628906) - actor/distillation/pg_clipfrac:np.float64(0.0) - actor/distillation/ppo_kl:np.float64(0.0) - actor/distillation/pg_clipfrac_lower:np.float64(0.0) - actor/distillation/loss:np.float64(0.1403113380074501) - actor/loss:np.float64(0.1403113305568695) - actor/grad_norm:np.float64(2.467951774597168) - actor/lr:np.float64(9.957684845336408e-07) - actor/perf/max_memory_allocated_gb:np.float64(44.32985305786133) - actor/perf/max_memory_reserved_gb:np.float64(56.025390625) - actor/perf/cpu_memory_used_gb:np.float64(324.50609588623047) - perf/mfu/actor:np.float64(0.26512949770281957) - training/global_step:46 - training/epoch:0 - critic/score/mean:0.4046874940395355 - critic/score/max:1.0 - critic/score/min:0.0 - critic/rewards/mean:0.4046874940395355 - critic/rewards/max:1.0 - critic/rewards/min:0.0 - critic/advantages/mean:0.34171751141548157 - critic/advantages/max:0.9999990463256836 - critic/advantages/min:0.0 - critic/returns/mean:0.34171751141548157 - critic/returns/max:0.9999990463256836 - critic/returns/min:0.0 - response_length/mean:525.9296875 - response_length/max:2048.0 - response_length/min:149.0 - response_length/clip_ratio:0.1015625 - response_length_non_aborted/mean:525.9296875 - response_length_non_aborted/max:2048.0 - response_length_non_aborted/min:149.0 - response_length_non_aborted/clip_ratio:0.1015625 - response/aborted_ratio:0.0 - prompt_length/mean:110.96875 - prompt_length/max:471.0 - prompt_length/min:50.0 - prompt_length/clip_ratio:0.0 - num_turns/min:np.int32(2) - num_turns/max:np.int32(2) - num_turns/mean:np.float64(2.0) - timing_s/start_profile:8.5130101069808e-05 - timing_s/agent_loop/num_preempted/min:np.int64(-1) - timing_s/agent_loop/num_preempted/max:np.int64(-1) - timing_s/agent_loop/num_preempted/mean:np.float64(-1.0) - timing_s/agent_loop/generate_sequences/min:np.float64(3.7981145459925756) - timing_s/agent_loop/generate_sequences/max:np.float64(41.06903643999249) - timing_s/agent_loop/generate_sequences/mean:np.float64(11.494005583163926) - timing_s/agent_loop/tool_calls/min:np.float64(0.0) - timing_s/agent_loop/tool_calls/max:np.float64(0.0) - timing_s/agent_loop/tool_calls/mean:np.float64(0.0) - timing_s/agent_loop/compute_score/min:np.float64(0.005921117961406708) - timing_s/agent_loop/compute_score/max:np.float64(0.08422250603325665) - timing_s/agent_loop/compute_score/mean:np.float64(0.012370876659588248) - timing_s/agent_loop/slowest/generate_sequences:np.float64(41.02507898199838) - timing_s/agent_loop/slowest/tool_calls:np.float64(0.0) - timing_s/agent_loop/slowest/compute_score:np.float64(0.08422250603325665) - timing_s/agent_loop/slowest/num_preempted:np.int64(-1) - timing_s/agent_loop/slowest/prompt_length:386 - timing_s/agent_loop/slowest/response_length:2048 - timing_s/gen:49.9227535930695 - timing_s/reward:2.8030015528202057e-05 - timing_s/old_log_prob:10.211762292077765 - timing_s/adv:0.005089932004921138 - timing_s/update_actor:19.275910847936757 - timing_s/update_weights:9.709728574031033 - timing_s/step:89.15981567103881 - timing_s/stop_profile:8.41100700199604e-05 - timing_per_token_ms/update_actor:0.23644751601310987 - timing_per_token_ms/gen:0.7415848956916993 - timing_per_token_ms/adv:6.243553359077976e-05 - perf/total_num_tokens:81523 - perf/time_per_step:89.15981567103881 - perf/throughput:114.29336100915775
[36m(vLLMHttpServer pid=945396)[0m (EngineCore pid=946285) WARNING 07-30 13:30:57 [scheduler.py:2541] reset_connector called but no KV connector is configured.[32m [repeated 4x across cluster][0m
[36m(vLLMHttpServer pid=945396)[0m (EngineCore pid=946285) WARNING 07-30 13:31:05 [scheduler.py:2541] reset_connector called but no KV connector is configured.[32m [repeated 2x across cluster][0m
[36m(TaskRunner pid=899085)[0m Training Progress:   4%|▍         | 47/1110 [1:28:15<33:15:07, 112.61s/it]
[36m(TaskRunner pid=899085)[0m step:47 - global_seqlen/min:17878 - global_seqlen/max:24736 - global_seqlen/minmax_diff:6858 - global_seqlen/balanced_min:20925 - global_seqlen/balanced_max:20947 - global_seqlen/mean:20937.0 - actor/entropy:0.31279170513153076 - perf/mfu/actor_infer:0.24558179243046666 - actor/pg_clipfrac:np.float64(0.0) - actor/ppo_kl:np.float64(6.46260878056637e-06) - actor/pg_clipfrac_lower:np.float64(0.0) - actor/pg_loss:np.float64(-0.32967189885675907) - actor/distillation/abs_loss:np.float64(0.26897805370390415) - actor/distillation/loss_min:np.float64(-4.707763195037842) - actor/distillation/loss_max:np.float64(36.10478973388672) - actor/distillation/pg_clipfrac:np.float64(8.550906204618514e-05) - actor/distillation/ppo_kl:np.float64(6.46260878056637e-06) - actor/distillation/pg_clipfrac_lower:np.float64(0.0) - actor/distillation/loss:np.float64(0.1474277749657631) - actor/loss:np.float64(0.1474277675151825) - actor/grad_norm:np.float64(2.5686020851135254) - actor/lr:np.float64(9.955827801404237e-07) - actor/perf/max_memory_allocated_gb:np.float64(44.32985305786133) - actor/perf/max_memory_reserved_gb:np.float64(56.025390625) - actor/perf/cpu_memory_used_gb:np.float64(324.34004974365234) - perf/mfu/actor:np.float64(0.266626273124411) - training/global_step:47 - training/epoch:0 - critic/score/mean:0.43359375 - critic/score/max:1.0 - critic/score/min:0.0 - critic/rewards/mean:0.43359375 - critic/rewards/max:1.0 - critic/rewards/min:0.0 - critic/advantages/mean:0.3296719491481781 - critic/advantages/max:0.9999990463256836 - critic/advantages/min:0.0 - critic/returns/mean:0.3296719491481781 - critic/returns/max:0.9999990463256836 - critic/returns/min:0.0 - response_length/mean:546.9921875 - response_length/max:2048.0 - response_length/min:130.0 - response_length/clip_ratio:0.09375 - response_length_non_aborted/mean:546.9921875 - response_length_non_aborted/max:2048.0 - response_length_non_aborted/min:130.0 - response_length_non_aborted/clip_ratio:0.09375 - response/aborted_ratio:0.0 - prompt_length/mean:107.2890625 - prompt_length/max:456.0 - prompt_length/min:52.0 - prompt_length/clip_ratio:0.0 - num_turns/min:np.int32(2) - num_turns/max:np.int32(2) - num_turns/mean:np.float64(2.0) - timing_s/start_profile:0.00015776907093822956 - timing_s/agent_loop/num_preempted/min:np.int64(-1) - timing_s/agent_loop/num_preempted/max:np.int64(-1) - timing_s/agent_loop/num_preempted/mean:np.float64(-1.0) - timing_s/agent_loop/generate_sequences/min:np.float64(3.4669716469943523) - timing_s/agent_loop/generate_sequences/max:np.float64(41.61545103404205) - timing_s/agent_loop/generate_sequences/mean:np.float64(12.012405164700795) - timing_s/agent_loop/tool_calls/min:np.float64(0.0) - timing_s/agent_loop/tool_calls/max:np.float64(0.0) - timing_s/agent_loop/tool_calls/mean:np.float64(0.0) - timing_s/agent_loop/compute_score/min:np.float64(0.005870277993381023) - timing_s/agent_loop/compute_score/max:np.float64(0.10179477999918163) - timing_s/agent_loop/compute_score/mean:np.float64(0.012757713572682405) - timing_s/agent_loop/slowest/generate_sequences:np.float64(41.556115950108506) - timing_s/agent_loop/slowest/tool_calls:np.float64(0.0) - timing_s/agent_loop/slowest/compute_score:np.float64(0.10179477999918163) - timing_s/agent_loop/slowest/num_preempted:np.int64(-1) - timing_s/agent_loop/slowest/prompt_length:262 - timing_s/agent_loop/slowest/response_length:2048 - timing_s/gen:48.709228839026764 - timing_s/reward:2.9279966838657856e-05 - timing_s/old_log_prob:10.599747388041578 - timing_s/adv:0.00523260107729584 - timing_s/update_actor:20.413324138033204 - timing_s/update_weights:10.032139111077413 - timing_s/step:89.79060078796465 - timing_s/stop_profile:8.424895349889994e-05 - timing_per_token_ms/update_actor:0.24374700456169943 - timing_per_token_ms/gen:0.6956970483328825 - timing_per_token_ms/adv:6.248031090050914e-05 - perf/total_num_tokens:83748 - perf/time_per_step:89.79060078796465 - perf/throughput:116.58792688914914
[36m(vLLMHttpServer pid=945396)[0m (EngineCore pid=946285) WARNING 07-30 13:32:24 [scheduler.py:2541] reset_connector called but no KV connector is configured.[32m [repeated 4x across cluster][0m
[36m(vLLMHttpServer pid=945396)[0m (EngineCore pid=946285) WARNING 07-30 13:32:33 [scheduler.py:2541] reset_connector called but no KV connector is configured.[32m [repeated 2x across cluster][0m
[36m(TaskRunner pid=899085)[0m Training Progress:   4%|▍         | 48/1110 [1:29:42<30:58:22, 104.99s/it]
[36m(TaskRunner pid=899085)[0m step:48 - global_seqlen/min:16939 - global_seqlen/max:20337 - global_seqlen/minmax_diff:3398 - global_seqlen/balanced_min:18724 - global_seqlen/balanced_max:18751 - global_seqlen/mean:18732.0 - actor/entropy:0.300258606672287 - perf/mfu/actor_infer:0.2067650548360844 - actor/pg_clipfrac:np.float64(0.0) - actor/ppo_kl:np.float64(1.1969572369707748e-05) - actor/pg_clipfrac_lower:np.float64(0.0) - actor/pg_loss:np.float64(-0.3687129020690918) - actor/distillation/abs_loss:np.float64(0.2748596426099539) - actor/distillation/loss_min:np.float64(-4.861556053161621) - actor/distillation/loss_max:np.float64(36.18004608154297) - actor/distillation/pg_clipfrac:np.float64(8.009740122361109e-05) - actor/distillation/ppo_kl:np.float64(1.1969572369707748e-05) - actor/distillation/pg_clipfrac_lower:np.float64(0.0) - actor/distillation/loss:np.float64(0.1394715467467904) - actor/loss:np.float64(0.13947154581546783) - actor/grad_norm:np.float64(1.6143988370895386) - actor/lr:np.float64(9.953931059373511e-07) - actor/perf/max_memory_allocated_gb:np.float64(44.32985305786133) - actor/perf/max_memory_reserved_gb:np.float64(56.025390625) - actor/perf/cpu_memory_used_gb:np.float64(324.3768501281738) - perf/mfu/actor:np.float64(0.2579027865241258) - training/global_step:48 - training/epoch:0 - critic/score/mean:0.4921875 - critic/score/max:1.0 - critic/score/min:0.0 - critic/rewards/mean:0.4921875 - critic/rewards/max:1.0 - critic/rewards/min:0.0 - critic/advantages/mean:0.36871299147605896 - critic/advantages/max:0.9999990463256836 - critic/advantages/min:0.0 - critic/returns/mean:0.36871299147605896 - critic/returns/max:0.9999990463256836 - critic/returns/min:0.0 - response_length/mean:478.6875 - response_length/max:2048.0 - response_length/min:165.0 - response_length/clip_ratio:0.078125 - response_length_non_aborted/mean:478.6875 - response_length_non_aborted/max:2048.0 - response_length_non_aborted/min:165.0 - response_length_non_aborted/clip_ratio:0.078125 - response/aborted_ratio:0.0 - prompt_length/mean:106.6875 - prompt_length/max:503.0 - prompt_length/min:48.0 - prompt_length/clip_ratio:0.0 - num_turns/min:np.int32(2) - num_turns/max:np.int32(2) - num_turns/mean:np.float64(2.0) - timing_s/start_profile:8.186907507479191e-05 - timing_s/agent_loop/num_preempted/min:np.int64(-1) - timing_s/agent_loop/num_preempted/max:np.int64(-1) - timing_s/agent_loop/num_preempted/mean:np.float64(-1.0) - timing_s/agent_loop/generate_sequences/min:np.float64(4.16942095302511) - timing_s/agent_loop/generate_sequences/max:np.float64(39.32065253891051) - timing_s/agent_loop/generate_sequences/mean:np.float64(10.416127271470032) - timing_s/agent_loop/tool_calls/min:np.float64(0.0) - timing_s/agent_loop/tool_calls/max:np.float64(0.0) - timing_s/agent_loop/tool_calls/mean:np.float64(0.0) - timing_s/agent_loop/compute_score/min:np.float64(0.005999946966767311) - timing_s/agent_loop/compute_score/max:np.float64(0.08494534308556467) - timing_s/agent_loop/compute_score/mean:np.float64(0.01171067804989434) - timing_s/agent_loop/slowest/generate_sequences:np.float64(39.267156452988274) - timing_s/agent_loop/slowest/tool_calls:np.float64(0.0) - timing_s/agent_loop/slowest/compute_score:np.float64(0.08494534308556467) - timing_s/agent_loop/slowest/num_preempted:np.int64(-1) - timing_s/agent_loop/slowest/prompt_length:225 - timing_s/agent_loop/slowest/response_length:2048 - timing_s/gen:47.52350540307816 - timing_s/reward:2.920988481491804e-05 - timing_s/old_log_prob:10.271961760008708 - timing_s/adv:0.005305991042405367 - timing_s/update_actor:19.39778259897139 - timing_s/update_weights:9.975369633059017 - timing_s/step:87.20310203591362 - timing_s/stop_profile:8.990999776870012e-05 - timing_per_token_ms/update_actor:0.2588856315258834 - timing_per_token_ms/gen:0.7756153773840933 - timing_per_token_ms/adv:7.081452918008444e-05 - perf/total_num_tokens:74928 - perf/time_per_step:87.20310203591362 - perf/throughput:107.40443609612326
[36m(vLLMHttpServer pid=945396)[0m (EngineCore pid=946285) WARNING 07-30 13:33:56 [scheduler.py:2541] reset_connector called but no KV connector is configured.[32m [repeated 4x across cluster][0m
[36m(vLLMHttpServer pid=945396)[0m (EngineCore pid=946285) WARNING 07-30 13:34:05 [scheduler.py:2541] reset_connector called but no KV connector is configured.[32m [repeated 2x across cluster][0m
[36m(TaskRunner pid=899085)[0m Training Progress:   4%|▍         | 49/1110 [1:31:14<29:49:14, 101.18s/it]
[36m(TaskRunner pid=899085)[0m step:49 - global_seqlen/min:20160 - global_seqlen/max:24593 - global_seqlen/minmax_diff:4433 - global_seqlen/balanced_min:22055 - global_seqlen/balanced_max:22078 - global_seqlen/mean:22065.25 - actor/entropy:0.3299920856952667 - perf/mfu/actor_infer:0.27895885682667293 - actor/pg_clipfrac:np.float64(0.00010900071902142372) - actor/ppo_kl:np.float64(1.7152768123196438e-05) - actor/pg_clipfrac_lower:np.float64(0.0) - actor/pg_loss:np.float64(-0.3389770146459341) - actor/distillation/abs_loss:np.float64(0.28001106157898903) - actor/distillation/loss_min:np.float64(-4.914625644683838) - actor/distillation/loss_max:np.float64(36.83724594116211) - actor/distillation/pg_clipfrac:np.float64(5.466470793180633e-05) - actor/distillation/ppo_kl:np.float64(1.7152768123196438e-05) - actor/distillation/pg_clipfrac_lower:np.float64(0.0) - actor/distillation/loss:np.float64(0.1686384305357933) - actor/loss:np.float64(0.1686384379863739) - actor/grad_norm:np.float64(1.7075695991516113) - actor/lr:np.float64(9.951994634437865e-07) - actor/perf/max_memory_allocated_gb:np.float64(44.32985305786133) - actor/perf/max_memory_reserved_gb:np.float64(56.025390625) - actor/perf/cpu_memory_used_gb:np.float64(324.35880279541016) - perf/mfu/actor:np.float64(0.2648276858599139) - training/global_step:49 - training/epoch:0 - critic/score/mean:0.5289062261581421 - critic/score/max:1.0 - critic/score/min:0.0 - critic/rewards/mean:0.5289062261581421 - critic/rewards/max:1.0 - critic/rewards/min:0.0 - critic/advantages/mean:0.33898282051086426 - critic/advantages/max:0.9999990463256836 - critic/advantages/min:0.0 - critic/returns/mean:0.33898282051086426 - critic/returns/max:0.9999990463256836 - critic/returns/min:0.0 - response_length/mean:575.75 - response_length/max:2048.0 - response_length/min:154.0 - response_length/clip_ratio:0.1171875 - response_length_non_aborted/mean:575.75 - response_length_non_aborted/max:2048.0 - response_length_non_aborted/min:154.0 - response_length_non_aborted/clip_ratio:0.1171875 - response/aborted_ratio:0.0 - prompt_length/mean:113.7890625 - prompt_length/max:447.0 - prompt_length/min:51.0 - prompt_length/clip_ratio:0.0 - num_turns/min:np.int32(2) - num_turns/max:np.int32(2) - num_turns/mean:np.float64(2.0) - timing_s/start_profile:0.0002077480312436819 - timing_s/agent_loop/num_preempted/min:np.int64(-1) - timing_s/agent_loop/num_preempted/max:np.int64(-1) - timing_s/agent_loop/num_preempted/mean:np.float64(-1.0) - timing_s/agent_loop/generate_sequences/min:np.float64(4.016330615966581) - timing_s/agent_loop/generate_sequences/max:np.float64(42.50362730096094) - timing_s/agent_loop/generate_sequences/mean:np.float64(12.648783580226336) - timing_s/agent_loop/tool_calls/min:np.float64(0.0) - timing_s/agent_loop/tool_calls/max:np.float64(0.0) - timing_s/agent_loop/tool_calls/mean:np.float64(0.0) - timing_s/agent_loop/compute_score/min:np.float64(0.006138887023553252) - timing_s/agent_loop/compute_score/max:np.float64(0.08809029601980001) - timing_s/agent_loop/compute_score/mean:np.float64(0.01293657165933837) - timing_s/agent_loop/slowest/generate_sequences:np.float64(42.45406476291828) - timing_s/agent_loop/slowest/tool_calls:np.float64(0.0) - timing_s/agent_loop/slowest/compute_score:np.float64(0.08809029601980001) - timing_s/agent_loop/slowest/num_preempted:np.int64(-1) - timing_s/agent_loop/slowest/prompt_length:374 - timing_s/agent_loop/slowest/response_length:2048 - timing_s/gen:51.189624098013155 - timing_s/reward:2.8330017812550068e-05 - timing_s/old_log_prob:10.2693946310319 - timing_s/adv:0.005288901040330529 - timing_s/update_actor:20.620696422061883 - timing_s/update_weights:10.10685466194991 - timing_s/step:92.22231605800334 - timing_s/stop_profile:8.771894499659538e-05 - timing_per_token_ms/update_actor:0.23363316098913317 - timing_per_token_ms/gen:0.69460519021403 - timing_per_token_ms/adv:5.9923420767162495e-05 - perf/total_num_tokens:88261 - perf/time_per_step:92.22231605800334 - perf/throughput:119.63075177011405
[36m(vLLMHttpServer pid=945396)[0m (EngineCore pid=946285) WARNING 07-30 13:35:21 [scheduler.py:2541] reset_connector called but no KV connector is configured.[32m [repeated 4x across cluster][0m
[36m(vLLMHttpServer pid=945396)[0m (EngineCore pid=946285) WARNING 07-30 13:35:29 [scheduler.py:2541] reset_connector called but no KV connector is configured.[32m [repeated 2x across cluster][0m
[36m(TaskRunner pid=899085)[0m test_gen_batch meta info: {'eos_token_id': 151645, 'pad_token_id': 151643, 'recompute_log_prob': False, 'do_sample': False, 'validate': True, 'global_steps': 50}
[36m(vLLMHttpServer pid=945400)[0m (EngineCore pid=946276) WARNING 07-30 13:35:30 [scheduler.py:2541] reset_connector called but no KV connector is configured.[32m [repeated 3x across cluster][0m
[36m(TaskRunner pid=899085)[0m validation generation end
[36m(TaskRunner pid=899085)[0m Training Progress:   5%|▍         | 50/1110 [1:34:44<39:25:32, 133.90s/it]
[36m(TaskRunner pid=899085)[0m step:50 - global_seqlen/min:12338 - global_seqlen/max:21892 - global_seqlen/minmax_diff:9554 - global_seqlen/balanced_min:17366 - global_seqlen/balanced_max:17399 - global_seqlen/mean:17384.25 - actor/entropy:0.26656630635261536 - perf/mfu/actor_infer:0.22657678644928456 - actor/pg_clipfrac:np.float64(0.0) - actor/ppo_kl:np.float64(-6.582046808034647e-06) - actor/pg_clipfrac_lower:np.float64(0.0) - actor/pg_loss:np.float64(-0.436956524848938) - actor/distillation/abs_loss:np.float64(0.26683693937957287) - actor/distillation/loss_min:np.float64(-4.5276713371276855) - actor/distillation/loss_max:np.float64(36.14722442626953) - actor/distillation/pg_clipfrac:np.float64(5.0268095947103575e-05) - actor/distillation/ppo_kl:np.float64(-6.582046808034647e-06) - actor/distillation/pg_clipfrac_lower:np.float64(0.0) - actor/distillation/loss:np.float64(0.12665022909641266) - actor/loss:np.float64(0.12665022909641266) - actor/grad_norm:np.float64(1.1837034225463867) - actor/lr:np.float64(9.950018542108817e-07) - actor/perf/max_memory_allocated_gb:np.float64(44.32985305786133) - actor/perf/max_memory_reserved_gb:np.float64(56.025390625) - actor/perf/cpu_memory_used_gb:np.float64(324.1520309448242) - perf/mfu/actor:np.float64(0.2365118598209757) - val-aux/openai/gsm8k/reward/mean@1:np.float64(0.7748294162244125) - val-core/openai/gsm8k/acc/mean@1:np.float64(0.7748294162244125) - val-aux/hiyouga/geometry3k/reward/mean@1:np.float64(0.46422627721967397) - val-core/hiyouga/geometry3k/acc/mean@1:np.float64(0.46422628951747086) - val-aux/num_turns/min:np.int32(2) - val-aux/num_turns/max:np.int32(2) - val-aux/num_turns/mean:np.float64(2.0) - training/global_step:50 - training/epoch:0 - critic/score/mean:0.6328125 - critic/score/max:1.0 - critic/score/min:0.0 - critic/rewards/mean:0.6328125 - critic/rewards/max:1.0 - critic/rewards/min:0.0 - critic/advantages/mean:0.4369564950466156 - critic/advantages/max:0.9999990463256836 - critic/advantages/min:0.0 - critic/returns/mean:0.4369564950466156 - critic/returns/max:0.9999990463256836 - critic/returns/min:0.0 - response_length/mean:444.3515625 - response_length/max:2048.0 - response_length/min:126.0 - response_length/clip_ratio:0.0625 - response_length_non_aborted/mean:444.3515625 - response_length_non_aborted/max:2048.0 - response_length_non_aborted/min:126.0 - response_length_non_aborted/clip_ratio:0.0625 - response/aborted_ratio:0.0 - prompt_length/mean:98.90625 - prompt_length/max:442.0 - prompt_length/min:50.0 - prompt_length/clip_ratio:0.0 - num_turns/min:np.int32(2) - num_turns/max:np.int32(2) - num_turns/mean:np.float64(2.0) - timing_s/start_profile:0.00017785897944122553 - timing_s/agent_loop/num_preempted/min:np.int64(-1) - timing_s/agent_loop/num_preempted/max:np.int64(-1) - timing_s/agent_loop/num_preempted/mean:np.float64(-1.0) - timing_s/agent_loop/generate_sequences/min:np.float64(3.254268359974958) - timing_s/agent_loop/generate_sequences/max:np.float64(39.01910019898787) - timing_s/agent_loop/generate_sequences/mean:np.float64(9.671486002608617) - timing_s/agent_loop/tool_calls/min:np.float64(0.0) - timing_s/agent_loop/tool_calls/max:np.float64(0.0) - timing_s/agent_loop/tool_calls/mean:np.float64(0.0) - timing_s/agent_loop/compute_score/min:np.float64(0.006167665938846767) - timing_s/agent_loop/compute_score/max:np.float64(0.06284319597762078) - timing_s/agent_loop/compute_score/mean:np.float64(0.01130616462251055) - timing_s/agent_loop/slowest/generate_sequences:np.float64(38.998500032001175) - timing_s/agent_loop/slowest/tool_calls:np.float64(0.0) - timing_s/agent_loop/slowest/compute_score:np.float64(0.06284319597762078) - timing_s/agent_loop/slowest/num_preempted:np.int64(-1) - timing_s/agent_loop/slowest/prompt_length:155 - timing_s/agent_loop/slowest/response_length:2048 - timing_s/gen:45.204755370970815 - timing_s/reward:2.5280052796006203e-05 - timing_s/old_log_prob:10.131870284909382 - timing_s/adv:0.005235610995441675 - timing_s/update_actor:18.50141697190702 - timing_s/update_weights:9.55822762392927 - timing_s/step:83.4319150360534 - timing_s/testing:126.63468231493607 - timing_s/stop_profile:0.00022493908181786537 - timing_per_token_ms/update_actor:0.2660657919080061 - timing_per_token_ms/gen:0.7947809373027905 - timing_per_token_ms/adv:7.52924485589208e-05 - perf/total_num_tokens:69537 - perf/time_per_step:83.4319150360534 - perf/throughput:104.18225443157904
[36m(vLLMHttpServer pid=945396)[0m (EngineCore pid=946285) WARNING 07-30 13:38:50 [scheduler.py:2541] reset_connector called but no KV connector is configured.
[36m(vLLMHttpServer pid=945396)[0m (EngineCore pid=946285) WARNING 07-30 13:38:58 [scheduler.py:2541] reset_connector called but no KV connector is configured.[32m [repeated 2x across cluster][0m
[36m(TaskRunner pid=899085)[0m Training Progress:   5%|▍         | 51/1110 [1:36:07<34:52:03, 118.53s/it]
[36m(TaskRunner pid=899085)[0m step:51 - global_seqlen/min:15327 - global_seqlen/max:19939 - global_seqlen/minmax_diff:4612 - global_seqlen/balanced_min:17954 - global_seqlen/balanced_max:18001 - global_seqlen/mean:17976.25 - actor/entropy:0.28453487157821655 - perf/mfu/actor_infer:0.23888546505317287 - actor/pg_clipfrac:np.float64(0.0) - actor/ppo_kl:np.float64(0.0) - actor/pg_clipfrac_lower:np.float64(0.0) - actor/pg_loss:np.float64(-0.5560645237565041) - actor/distillation/abs_loss:np.float64(0.2687178999185562) - actor/distillation/loss_min:np.float64(-4.814522743225098) - actor/distillation/loss_max:np.float64(36.749107360839844) - actor/distillation/pg_clipfrac:np.float64(0.0) - actor/distillation/ppo_kl:np.float64(0.0) - actor/distillation/pg_clipfrac_lower:np.float64(0.0) - actor/distillation/loss:np.float64(0.14274246152490377) - actor/loss:np.float64(0.14274245500564575) - actor/grad_norm:np.float64(1.3852503299713135) - actor/lr:np.float64(9.948002798215631e-07) - actor/perf/max_memory_allocated_gb:np.float64(44.32985305786133) - actor/perf/max_memory_reserved_gb:np.float64(56.025390625) - actor/perf/cpu_memory_used_gb:np.float64(324.8404121398926) - perf/mfu/actor:np.float64(0.25110862837599596) - training/global_step:51 - training/epoch:0 - critic/score/mean:0.657031238079071 - critic/score/max:1.0 - critic/score/min:0.0 - critic/rewards/mean:0.657031238079071 - critic/rewards/max:1.0 - critic/rewards/min:0.0 - critic/advantages/mean:0.5560645461082458 - critic/advantages/max:0.9999990463256836 - critic/advantages/min:0.0 - critic/returns/mean:0.5560645461082458 - critic/returns/max:0.9999990463256836 - critic/returns/min:0.0 - response_length/mean:448.265625 - response_length/max:2048.0 - response_length/min:153.0 - response_length/clip_ratio:0.046875 - response_length_non_aborted/mean:448.265625 - response_length_non_aborted/max:2048.0 - response_length_non_aborted/min:153.0 - response_length_non_aborted/clip_ratio:0.046875 - response/aborted_ratio:0.0 - prompt_length/mean:113.4921875 - prompt_length/max:421.0 - prompt_length/min:52.0 - prompt_length/clip_ratio:0.0 - num_turns/min:np.int32(2) - num_turns/max:np.int32(2) - num_turns/mean:np.float64(2.0) - timing_s/start_profile:7.058994378894567e-05 - timing_s/agent_loop/num_preempted/min:np.int64(-1) - timing_s/agent_loop/num_preempted/max:np.int64(-1) - timing_s/agent_loop/num_preempted/mean:np.float64(-1.0) - timing_s/agent_loop/generate_sequences/min:np.float64(3.831398156005889) - timing_s/agent_loop/generate_sequences/max:np.float64(38.51804261410143) - timing_s/agent_loop/generate_sequences/mean:np.float64(9.86000067803252) - timing_s/agent_loop/tool_calls/min:np.float64(0.0) - timing_s/agent_loop/tool_calls/max:np.float64(0.0) - timing_s/agent_loop/tool_calls/mean:np.float64(0.0) - timing_s/agent_loop/compute_score/min:np.float64(0.0060759870102629066) - timing_s/agent_loop/compute_score/max:np.float64(0.046885592979379) - timing_s/agent_loop/compute_score/mean:np.float64(0.011040348208553041) - timing_s/agent_loop/slowest/generate_sequences:np.float64(38.51804261410143) - timing_s/agent_loop/slowest/tool_calls:np.float64(0.0) - timing_s/agent_loop/slowest/compute_score:np.float64(0.026801733998581767) - timing_s/agent_loop/slowest/num_preempted:np.int64(-1) - timing_s/agent_loop/slowest/prompt_length:268 - timing_s/agent_loop/slowest/response_length:2048 - timing_s/gen:43.876402490073815 - timing_s/reward:2.8820009902119637e-05 - timing_s/old_log_prob:9.639902045018971 - timing_s/adv:0.005290291039273143 - timing_s/update_actor:19.3661946390057 - timing_s/update_weights:9.744527932954952 - timing_s/step:82.6638426479185 - timing_s/stop_profile:8.501997217535973e-05 - timing_per_token_ms/update_actor:0.2693302918991127 - timing_per_token_ms/gen:0.7646903428156056 - timing_per_token_ms/adv:7.357334036955904e-05 - perf/total_num_tokens:71905 - perf/time_per_step:82.6638426479185 - perf/throughput:108.73103296543067
[36m(vLLMHttpServer pid=945396)[0m (EngineCore pid=946285) WARNING 07-30 13:40:19 [scheduler.py:2541] reset_connector called but no KV connector is configured.[32m [repeated 4x across cluster][0m
[36m(vLLMHttpServer pid=945396)[0m (EngineCore pid=946285) WARNING 07-30 13:40:27 [scheduler.py:2541] reset_connector called but no KV connector is configured.[32m [repeated 2x across cluster][0m
[36m(TaskRunner pid=899085)[0m Training Progress:   5%|▍         | 52/1110 [1:37:37<32:17:12, 109.86s/it]
[36m(TaskRunner pid=899085)[0m step:52 - global_seqlen/min:19112 - global_seqlen/max:22102 - global_seqlen/minmax_diff:2990 - global_seqlen/balanced_min:20563 - global_seqlen/balanced_max:20581 - global_seqlen/mean:20575.0 - actor/entropy:0.33315157890319824 - perf/mfu/actor_infer:0.24638731612709816 - actor/pg_clipfrac:np.float64(0.0) - actor/ppo_kl:np.float64(-8.174234540092584e-05) - actor/pg_clipfrac_lower:np.float64(0.0) - actor/pg_loss:np.float64(-0.3416007086634636) - actor/distillation/abs_loss:np.float64(0.2909724973142147) - actor/distillation/loss_min:np.float64(-4.818721771240234) - actor/distillation/loss_max:np.float64(36.199363708496094) - actor/distillation/pg_clipfrac:np.float64(0.00019157759015797637) - actor/distillation/ppo_kl:np.float64(-8.174234540092584e-05) - actor/distillation/pg_clipfrac_lower:np.float64(0.0) - actor/distillation/loss:np.float64(0.17512228339910507) - actor/loss:np.float64(0.17512229084968567) - actor/grad_norm:np.float64(152.32203674316406) - actor/lr:np.float64(9.945947418905193e-07) - actor/perf/max_memory_allocated_gb:np.float64(44.32985305786133) - actor/perf/max_memory_reserved_gb:np.float64(56.025390625) - actor/perf/cpu_memory_used_gb:np.float64(324.42823028564453) - perf/mfu/actor:np.float64(0.2550417412171795) - training/global_step:52 - training/epoch:0 - critic/score/mean:0.582812488079071 - critic/score/max:1.0 - critic/score/min:0.0 - critic/rewards/mean:0.582812488079071 - critic/rewards/max:1.0 - critic/rewards/min:0.0 - critic/advantages/mean:0.3416007459163666 - critic/advantages/max:0.9999990463256836 - critic/advantages/min:0.0 - critic/returns/mean:0.3416007459163666 - critic/returns/max:0.9999990463256836 - critic/returns/min:0.0 - response_length/mean:531.6875 - response_length/max:2048.0 - response_length/min:122.0 - response_length/clip_ratio:0.09375 - response_length_non_aborted/mean:531.6875 - response_length_non_aborted/max:2048.0 - response_length_non_aborted/min:122.0 - response_length_non_aborted/clip_ratio:0.09375 - response/aborted_ratio:0.0 - prompt_length/mean:111.28125 - prompt_length/max:307.0 - prompt_length/min:48.0 - prompt_length/clip_ratio:0.0 - num_turns/min:np.int32(2) - num_turns/max:np.int32(2) - num_turns/mean:np.float64(2.0) - timing_s/start_profile:7.411011029034853e-05 - timing_s/agent_loop/num_preempted/min:np.int64(-1) - timing_s/agent_loop/num_preempted/max:np.int64(-1) - timing_s/agent_loop/num_preempted/mean:np.float64(-1.0) - timing_s/agent_loop/generate_sequences/min:np.float64(3.4377770149149) - timing_s/agent_loop/generate_sequences/max:np.float64(41.152019436936826) - timing_s/agent_loop/generate_sequences/mean:np.float64(11.679764726906797) - timing_s/agent_loop/tool_calls/min:np.float64(0.0) - timing_s/agent_loop/tool_calls/max:np.float64(0.0) - timing_s/agent_loop/tool_calls/mean:np.float64(0.0) - timing_s/agent_loop/compute_score/min:np.float64(0.006247806013561785) - timing_s/agent_loop/compute_score/max:np.float64(0.06448745797388256) - timing_s/agent_loop/compute_score/mean:np.float64(0.012219960808579344) - timing_s/agent_loop/slowest/generate_sequences:np.float64(41.11578210501466) - timing_s/agent_loop/slowest/tool_calls:np.float64(0.0) - timing_s/agent_loop/slowest/compute_score:np.float64(0.06448745797388256) - timing_s/agent_loop/slowest/num_preempted:np.int64(-1) - timing_s/agent_loop/slowest/prompt_length:297 - timing_s/agent_loop/slowest/response_length:2048 - timing_s/gen:48.345866681076586 - timing_s/reward:3.166007809340954e-05 - timing_s/old_log_prob:10.782851623021998 - timing_s/adv:0.0052742010448127985 - timing_s/update_actor:20.417282308917493 - timing_s/update_weights:10.039260507910512 - timing_s/step:89.62248912791256 - timing_s/stop_profile:8.693907875567675e-05 - timing_per_token_ms/update_actor:0.24808362465270342 - timing_per_token_ms/gen:0.7103836058698217 - timing_per_token_ms/adv:6.408506737318103e-05 - perf/total_num_tokens:82300 - perf/time_per_step:89.62248912791256 - perf/throughput:114.78703727272399
[36m(vLLMHttpServer pid=945396)[0m (EngineCore pid=946285) WARNING 07-30 13:41:50 [scheduler.py:2541] reset_connector called but no KV connector is configured.[32m [repeated 4x across cluster][0m
[36m(vLLMHttpServer pid=945400)[0m (EngineCore pid=946276) WARNING 07-30 13:41:59 [scheduler.py:2541] reset_connector called but no KV connector is configured.[32m [repeated 2x across cluster][0m
[36m(TaskRunner pid=899085)[0m Training Progress:   5%|▍         | 53/1110 [1:39:08<30:36:06, 104.23s/it]
[36m(TaskRunner pid=899085)[0m step:53 - global_seqlen/min:14299 - global_seqlen/max:28093 - global_seqlen/minmax_diff:13794 - global_seqlen/balanced_min:21107 - global_seqlen/balanced_max:21131 - global_seqlen/mean:21124.5 - actor/entropy:0.32404688000679016 - perf/mfu/actor_infer:0.2940060746651949 - actor/pg_clipfrac:np.float64(0.0) - actor/ppo_kl:np.float64(0.0) - actor/pg_clipfrac_lower:np.float64(0.0) - actor/pg_loss:np.float64(-0.43221675232052803) - actor/distillation/abs_loss:np.float64(0.27835324965417385) - actor/distillation/loss_min:np.float64(-4.688786029815674) - actor/distillation/loss_max:np.float64(35.846473693847656) - actor/distillation/pg_clipfrac:np.float64(0.0) - actor/distillation/ppo_kl:np.float64(0.0) - actor/distillation/pg_clipfrac_lower:np.float64(0.0) - actor/distillation/loss:np.float64(0.1554209552705288) - actor/loss:np.float64(0.1554209589958191) - actor/grad_norm:np.float64(1.3271844387054443) - actor/lr:np.float64(9.943852420641888e-07) - actor/perf/max_memory_allocated_gb:np.float64(44.32985305786133) - actor/perf/max_memory_reserved_gb:np.float64(56.025390625) - actor/perf/cpu_memory_used_gb:np.float64(324.55933380126953) - perf/mfu/actor:np.float64(0.2672375318986054) - training/global_step:53 - training/epoch:0 - critic/score/mean:0.6851562857627869 - critic/score/max:1.0 - critic/score/min:0.0 - critic/rewards/mean:0.6851562857627869 - critic/rewards/max:1.0 - critic/rewards/min:0.0 - critic/advantages/mean:0.4322167932987213 - critic/advantages/max:0.9999990463256836 - critic/advantages/min:0.0 - critic/returns/mean:0.4322167932987213 - critic/returns/max:0.9999990463256836 - critic/returns/min:0.0 - response_length/mean:547.1171875 - response_length/max:2048.0 - response_length/min:133.0 - response_length/clip_ratio:0.1171875 - response_length_non_aborted/mean:547.1171875 - response_length_non_aborted/max:2048.0 - response_length_non_aborted/min:133.0 - response_length_non_aborted/clip_ratio:0.1171875 - response/aborted_ratio:0.0 - prompt_length/mean:113.0234375 - prompt_length/max:474.0 - prompt_length/min:46.0 - prompt_length/clip_ratio:0.0 - num_turns/min:np.int32(2) - num_turns/max:np.int32(2) - num_turns/mean:np.float64(2.0) - timing_s/start_profile:7.377995643764734e-05 - timing_s/agent_loop/num_preempted/min:np.int64(-1) - timing_s/agent_loop/num_preempted/max:np.int64(-1) - timing_s/agent_loop/num_preempted/mean:np.float64(-1.0) - timing_s/agent_loop/generate_sequences/min:np.float64(3.4817321950104088) - timing_s/agent_loop/generate_sequences/max:np.float64(41.66219036502298) - timing_s/agent_loop/generate_sequences/mean:np.float64(11.968273406602748) - timing_s/agent_loop/tool_calls/min:np.float64(0.0) - timing_s/agent_loop/tool_calls/max:np.float64(0.0) - timing_s/agent_loop/tool_calls/mean:np.float64(0.0) - timing_s/agent_loop/compute_score/min:np.float64(0.005713218008168042) - timing_s/agent_loop/compute_score/max:np.float64(0.13092912593856454) - timing_s/agent_loop/compute_score/mean:np.float64(0.013958061851553794) - timing_s/agent_loop/slowest/generate_sequences:np.float64(41.60535249498207) - timing_s/agent_loop/slowest/tool_calls:np.float64(0.0) - timing_s/agent_loop/slowest/compute_score:np.float64(0.09607525600586087) - timing_s/agent_loop/slowest/num_preempted:np.int64(-1) - timing_s/agent_loop/slowest/prompt_length:135 - timing_s/agent_loop/slowest/response_length:2048 - timing_s/gen:49.99337021703832 - timing_s/reward:2.092996146529913e-05 - timing_s/old_log_prob:10.790458511910401 - timing_s/adv:0.00528176105581224 - timing_s/update_actor:19.69379706401378 - timing_s/update_weights:10.55701892497018 - timing_s/step:91.0685304729268 - timing_s/stop_profile:8.72189411893487e-05 - timing_per_token_ms/update_actor:0.2330682035552768 - timing_per_token_ms/gen:0.7138748585203455 - timing_per_token_ms/adv:6.250752746588369e-05 - perf/total_num_tokens:84498 - perf/time_per_step:91.0685304729268 - perf/throughput:115.98133784688649
[36m(vLLMHttpServer pid=945396)[0m (EngineCore pid=946285) WARNING 07-30 13:43:24 [scheduler.py:2541] reset_connector called but no KV connector is configured.[32m [repeated 4x across cluster][0m
[36m(vLLMHttpServer pid=945396)[0m (EngineCore pid=946285) WARNING 07-30 13:43:33 [scheduler.py:2541] reset_connector called but no KV connector is configured.[32m [repeated 2x across cluster][0m
[36m(TaskRunner pid=899085)[0m Training Progress:   5%|▍         | 54/1110 [1:40:42<29:39:31, 101.11s/it]
[36m(TaskRunner pid=899085)[0m step:54 - global_seqlen/min:19896 - global_seqlen/max:26951 - global_seqlen/minmax_diff:7055 - global_seqlen/balanced_min:23191 - global_seqlen/balanced_max:23236 - global_seqlen/mean:23223.75 - actor/entropy:0.34667977690696716 - perf/mfu/actor_infer:0.2808816463702937 - actor/pg_clipfrac:np.float64(0.0) - actor/ppo_kl:np.float64(0.0) - actor/pg_clipfrac_lower:np.float64(0.0) - actor/pg_loss:np.float64(-0.4034570809453726) - actor/distillation/abs_loss:np.float64(0.285626957193017) - actor/distillation/loss_min:np.float64(-6.666066646575928) - actor/distillation/loss_max:np.float64(35.6661376953125) - actor/distillation/pg_clipfrac:np.float64(0.0) - actor/distillation/ppo_kl:np.float64(0.0) - actor/distillation/pg_clipfrac_lower:np.float64(0.0) - actor/distillation/loss:np.float64(0.16213389672338963) - actor/loss:np.float64(0.16213390231132507) - actor/grad_norm:np.float64(1.4792330265045166) - actor/lr:np.float64(9.94171782020746e-07) - actor/perf/max_memory_allocated_gb:np.float64(44.55277442932129) - actor/perf/max_memory_reserved_gb:np.float64(56.025390625) - actor/perf/cpu_memory_used_gb:np.float64(324.53328704833984) - perf/mfu/actor:np.float64(0.27162369982531487) - training/global_step:54 - training/epoch:0 - critic/score/mean:0.651562511920929 - critic/score/max:1.0 - critic/score/min:0.0 - critic/rewards/mean:0.651562511920929 - critic/rewards/max:1.0 - critic/rewards/min:0.0 - critic/advantages/mean:0.40345707535743713 - critic/advantages/max:0.9999990463256836 - critic/advantages/min:0.0 - critic/returns/mean:0.40345707535743713 - critic/returns/max:0.9999990463256836 - critic/returns/min:0.0 - response_length/mean:603.765625 - response_length/max:2048.0 - response_length/min:135.0 - response_length/clip_ratio:0.1171875 - response_length_non_aborted/mean:603.765625 - response_length_non_aborted/max:2048.0 - response_length_non_aborted/min:135.0 - response_length_non_aborted/clip_ratio:0.1171875 - response/aborted_ratio:0.0 - prompt_length/mean:121.9765625 - prompt_length/max:771.0 - prompt_length/min:50.0 - prompt_length/clip_ratio:0.0 - num_turns/min:np.int32(2) - num_turns/max:np.int32(2) - num_turns/mean:np.float64(2.0) - timing_s/start_profile:8.721998892724514e-05 - timing_s/agent_loop/num_preempted/min:np.int64(-1) - timing_s/agent_loop/num_preempted/max:np.int64(-1) - timing_s/agent_loop/num_preempted/mean:np.float64(-1.0) - timing_s/agent_loop/generate_sequences/min:np.float64(3.5721374499844387) - timing_s/agent_loop/generate_sequences/max:np.float64(43.66297184408177) - timing_s/agent_loop/generate_sequences/mean:np.float64(13.576696651116436) - timing_s/agent_loop/tool_calls/min:np.float64(0.0) - timing_s/agent_loop/tool_calls/max:np.float64(0.0) - timing_s/agent_loop/tool_calls/mean:np.float64(0.0) - timing_s/agent_loop/compute_score/min:np.float64(0.00605057692155242) - timing_s/agent_loop/compute_score/max:np.float64(0.11520892393309623) - timing_s/agent_loop/compute_score/mean:np.float64(0.013891957767555141) - timing_s/agent_loop/slowest/generate_sequences:np.float64(43.605561511009) - timing_s/agent_loop/slowest/tool_calls:np.float64(0.0) - timing_s/agent_loop/slowest/compute_score:np.float64(0.11520892393309623) - timing_s/agent_loop/slowest/num_preempted:np.int64(-1) - timing_s/agent_loop/slowest/prompt_length:771 - timing_s/agent_loop/slowest/response_length:2048 - timing_s/gen:52.1696422980167 - timing_s/reward:2.7089961804449558e-05 - timing_s/old_log_prob:10.69547763792798 - timing_s/adv:0.004973971983417869 - timing_s/update_actor:20.975837692967616 - timing_s/update_weights:9.954561135964468 - timing_s/step:93.83092876896262 - timing_s/stop_profile:7.968000136315823e-05 - timing_per_token_ms/update_actor:0.22580157912662271 - timing_per_token_ms/gen:0.6750555407212119 - timing_per_token_ms/adv:5.354402264296107e-05 - perf/total_num_tokens:92895 - perf/time_per_step:93.83092876896262 - perf/throughput:123.75317128738658
[36m(vLLMHttpServer pid=945396)[0m (EngineCore pid=946285) WARNING 07-30 13:45:08 [scheduler.py:2541] reset_connector called but no KV connector is configured.[32m [repeated 4x across cluster][0m
[36m(vLLMHttpServer pid=945396)[0m (EngineCore pid=946285) WARNING 07-30 13:45:17 [scheduler.py:2541] reset_connector called but no KV connector is configured.[32m [repeated 2x across cluster][0m
[36m(TaskRunner pid=899085)[0m test_gen_batch meta info: {'eos_token_id': 151645, 'pad_token_id': 151643, 'recompute_log_prob': False, 'do_sample': False, 'validate': True, 'global_steps': 55}
[36m(vLLMHttpServer pid=945400)[0m (EngineCore pid=946276) WARNING 07-30 13:45:18 [scheduler.py:2541] reset_connector called but no KV connector is configured.[32m [repeated 3x across cluster][0m
[36m(TaskRunner pid=899085)[0m validation generation end
[36m(TaskRunner pid=899085)[0m Training Progress:   5%|▍         | 55/1110 [1:44:36<41:18:24, 140.95s/it]
[36m(TaskRunner pid=899085)[0m step:55 - global_seqlen/min:22499 - global_seqlen/max:29515 - global_seqlen/minmax_diff:7016 - global_seqlen/balanced_min:26302 - global_seqlen/balanced_max:26343 - global_seqlen/mean:26329.0 - actor/entropy:0.3377367854118347 - perf/mfu/actor_infer:0.2555002853468652 - actor/pg_clipfrac:np.float64(6.593696404403697e-05) - actor/ppo_kl:np.float64(-3.1505336058520092e-06) - actor/pg_clipfrac_lower:np.float64(0.0) - actor/pg_loss:np.float64(-0.4218245781958103) - actor/distillation/abs_loss:np.float64(0.266997837771972) - actor/distillation/loss_min:np.float64(-6.146300792694092) - actor/distillation/loss_max:np.float64(35.35506820678711) - actor/distillation/pg_clipfrac:np.float64(1.0989493603119627e-05) - actor/distillation/ppo_kl:np.float64(-3.1505336058520092e-06) - actor/distillation/pg_clipfrac_lower:np.float64(0.0) - actor/distillation/loss:np.float64(0.15575795248150826) - actor/loss:np.float64(0.15575794875621796) - actor/grad_norm:np.float64(1.3111377954483032) - actor/lr:np.float64(9.93954363470089e-07) - actor/perf/max_memory_allocated_gb:np.float64(44.55277442932129) - actor/perf/max_memory_reserved_gb:np.float64(56.025390625) - actor/perf/cpu_memory_used_gb:np.float64(324.6504707336426) - perf/mfu/actor:np.float64(0.24234924639878838) - val-aux/openai/gsm8k/reward/mean@1:np.float64(0.8612585291887794) - val-core/openai/gsm8k/acc/mean@1:np.float64(0.8612585291887794) - val-aux/hiyouga/geometry3k/reward/mean@1:np.float64(0.4582362607394201) - val-core/hiyouga/geometry3k/acc/mean@1:np.float64(0.45823627287853574) - val-aux/num_turns/min:np.int32(2) - val-aux/num_turns/max:np.int32(2) - val-aux/num_turns/mean:np.float64(2.0) - training/global_step:55 - training/epoch:0 - critic/score/mean:0.6875 - critic/score/max:1.0 - critic/score/min:0.0 - critic/rewards/mean:0.6875 - critic/rewards/max:1.0 - critic/rewards/min:0.0 - critic/advantages/mean:0.42182067036628723 - critic/advantages/max:0.9999990463256836 - critic/advantages/min:0.0 - critic/returns/mean:0.42182067036628723 - critic/returns/max:0.9999990463256836 - critic/returns/min:0.0 - response_length/mean:695.0 - response_length/max:2048.0 - response_length/min:140.0 - response_length/clip_ratio:0.1640625 - response_length_non_aborted/mean:695.0 - response_length_non_aborted/max:2048.0 - response_length_non_aborted/min:140.0 - response_length_non_aborted/clip_ratio:0.1640625 - response/aborted_ratio:0.0 - prompt_length/mean:127.78125 - prompt_length/max:771.0 - prompt_length/min:42.0 - prompt_length/clip_ratio:0.0 - num_turns/min:np.int32(2) - num_turns/max:np.int32(2) - num_turns/mean:np.float64(2.0) - timing_s/start_profile:0.00021945906337350607 - timing_s/agent_loop/num_preempted/min:np.int64(-1) - timing_s/agent_loop/num_preempted/max:np.int64(-1) - timing_s/agent_loop/num_preempted/mean:np.float64(-1.0) - timing_s/agent_loop/generate_sequences/min:np.float64(3.743069126037881) - timing_s/agent_loop/generate_sequences/max:np.float64(44.86864509398583) - timing_s/agent_loop/generate_sequences/mean:np.float64(15.829307122491628) - timing_s/agent_loop/tool_calls/min:np.float64(0.0) - timing_s/agent_loop/tool_calls/max:np.float64(0.0) - timing_s/agent_loop/tool_calls/mean:np.float64(0.0) - timing_s/agent_loop/compute_score/min:np.float64(0.006098536076024175) - timing_s/agent_loop/compute_score/max:np.float64(0.10273604304529727) - timing_s/agent_loop/compute_score/mean:np.float64(0.01597400432183349) - timing_s/agent_loop/slowest/generate_sequences:np.float64(44.834203043952584) - timing_s/agent_loop/slowest/tool_calls:np.float64(0.0) - timing_s/agent_loop/slowest/compute_score:np.float64(0.10273604304529727) - timing_s/agent_loop/slowest/num_preempted:np.int64(-1) - timing_s/agent_loop/slowest/prompt_length:316 - timing_s/agent_loop/slowest/response_length:2048 - timing_s/gen:57.97347392991651 - timing_s/reward:3.279000520706177e-05 - timing_s/old_log_prob:11.672287993947975 - timing_s/adv:0.00519933202303946 - timing_s/update_actor:24.347040022956207 - timing_s/update_weights:10.382353504071943 - timing_s/step:104.41264655301347 - timing_s/testing:129.45701187406667 - timing_s/stop_profile:0.0002467079320922494 - timing_per_token_ms/update_actor:0.23118082744270774 - timing_per_token_ms/gen:0.6516802375215435 - timing_per_token_ms/adv:4.9368871045609975e-05 - perf/total_num_tokens:105316 - perf/time_per_step:104.41264655301347 - perf/throughput:126.08147034483973
[36m(vLLMHttpServer pid=945396)[0m (EngineCore pid=946285) WARNING 07-30 13:48:43 [scheduler.py:2541] reset_connector called but no KV connector is configured.
[36m(vLLMHttpServer pid=945396)[0m (EngineCore pid=946285) WARNING 07-30 13:48:52 [scheduler.py:2541] reset_connector called but no KV connector is configured.[32m [repeated 2x across cluster][0m
[36m(TaskRunner pid=899085)[0m Training Progress:   5%|▌         | 56/1110 [1:46:01<36:23:17, 124.29s/it]
[36m(TaskRunner pid=899085)[0m step:56 - global_seqlen/min:15790 - global_seqlen/max:21798 - global_seqlen/minmax_diff:6008 - global_seqlen/balanced_min:17996 - global_seqlen/balanced_max:18040 - global_seqlen/mean:18022.25 - actor/entropy:0.3223574459552765 - perf/mfu/actor_infer:0.26560279313043816 - actor/pg_clipfrac:np.float64(0.0) - actor/ppo_kl:np.float64(0.0) - actor/pg_clipfrac_lower:np.float64(0.0) - actor/pg_loss:np.float64(-0.5738032199442387) - actor/distillation/abs_loss:np.float64(0.28626617789268494) - actor/distillation/loss_min:np.float64(-6.824424743652344) - actor/distillation/loss_max:np.float64(36.420440673828125) - actor/distillation/pg_clipfrac:np.float64(0.0) - actor/distillation/ppo_kl:np.float64(0.0) - actor/distillation/pg_clipfrac_lower:np.float64(0.0) - actor/distillation/loss:np.float64(0.12947412114590406) - actor/loss:np.float64(0.12947411835193634) - actor/grad_norm:np.float64(1.2256258726119995) - actor/lr:np.float64(9.93732988153824e-07) - actor/perf/max_memory_allocated_gb:np.float64(44.55277442932129) - actor/perf/max_memory_reserved_gb:np.float64(56.025390625) - actor/perf/cpu_memory_used_gb:np.float64(324.93184661865234) - perf/mfu/actor:np.float64(0.24264426841595435) - training/global_step:56 - training/epoch:0 - critic/score/mean:0.784375011920929 - critic/score/max:1.0 - critic/score/min:0.0 - critic/rewards/mean:0.784375011920929 - critic/rewards/max:1.0 - critic/rewards/min:0.0 - critic/advantages/mean:0.5738033056259155 - critic/advantages/max:0.9999990463256836 - critic/advantages/min:0.0 - critic/returns/mean:0.5738033056259155 - critic/returns/max:0.9999990463256836 - critic/returns/min:0.0 - response_length/mean:459.6015625 - response_length/max:2048.0 - response_length/min:156.0 - response_length/clip_ratio:0.0625 - response_length_non_aborted/mean:459.6015625 - response_length_non_aborted/max:2048.0 - response_length_non_aborted/min:156.0 - response_length_non_aborted/clip_ratio:0.0625 - response/aborted_ratio:0.0 - prompt_length/mean:103.59375 - prompt_length/max:593.0 - prompt_length/min:43.0 - prompt_length/clip_ratio:0.0 - num_turns/min:np.int32(2) - num_turns/max:np.int32(2) - num_turns/mean:np.float64(2.0) - timing_s/start_profile:7.941992953419685e-05 - timing_s/agent_loop/num_preempted/min:np.int64(-1) - timing_s/agent_loop/num_preempted/max:np.int64(-1) - timing_s/agent_loop/num_preempted/mean:np.float64(-1.0) - timing_s/agent_loop/generate_sequences/min:np.float64(3.917743731988594) - timing_s/agent_loop/generate_sequences/max:np.float64(39.01220863603521) - timing_s/agent_loop/generate_sequences/mean:np.float64(10.026981498813257) - timing_s/agent_loop/tool_calls/min:np.float64(0.0) - timing_s/agent_loop/tool_calls/max:np.float64(0.0) - timing_s/agent_loop/tool_calls/mean:np.float64(0.0) - timing_s/agent_loop/compute_score/min:np.float64(0.006180985947139561) - timing_s/agent_loop/compute_score/max:np.float64(0.06354970100801438) - timing_s/agent_loop/compute_score/mean:np.float64(0.010679000573873054) - timing_s/agent_loop/slowest/generate_sequences:np.float64(39.00565030204598) - timing_s/agent_loop/slowest/tool_calls:np.float64(0.0) - timing_s/agent_loop/slowest/compute_score:np.float64(0.06354970100801438) - timing_s/agent_loop/slowest/num_preempted:np.int64(-1) - timing_s/agent_loop/slowest/prompt_length:198 - timing_s/agent_loop/slowest/response_length:2048 - timing_s/gen:45.68702548998408 - timing_s/reward:3.3310032449662685e-05 - timing_s/old_log_prob:10.579366487916559 - timing_s/adv:0.005523368949070573 - timing_s/update_actor:19.204805921996012 - timing_s/update_weights:9.876046169083565 - timing_s/step:85.38970358495135 - timing_s/stop_profile:8.333998266607523e-05 - timing_per_token_ms/update_actor:0.26640411050224044 - timing_per_token_ms/gen:0.7766072088593055 - timing_per_token_ms/adv:7.661874833983788e-05 - perf/total_num_tokens:72089 - perf/time_per_step:85.38970358495135 - perf/throughput:105.52940953864695
[36m(vLLMHttpServer pid=945396)[0m (EngineCore pid=946285) WARNING 07-30 13:50:10 [scheduler.py:2541] reset_connector called but no KV connector is configured.[32m [repeated 4x across cluster][0m
[36m(vLLMHttpServer pid=945400)[0m (EngineCore pid=946276) WARNING 07-30 13:50:18 [scheduler.py:2541] reset_connector called but no KV connector is configured.[32m [repeated 2x across cluster][0m
[36m(TaskRunner pid=899085)[0m Training Progress:   5%|▌         | 57/1110 [1:47:27<33:00:59, 112.88s/it]
[36m(TaskRunner pid=899085)[0m step:57 - global_seqlen/min:17651 - global_seqlen/max:19833 - global_seqlen/minmax_diff:2182 - global_seqlen/balanced_min:18631 - global_seqlen/balanced_max:18650 - global_seqlen/mean:18641.0 - actor/entropy:0.3763587772846222 - perf/mfu/actor_infer:0.27733577307556656 - actor/pg_clipfrac:np.float64(0.00020607354963431135) - actor/ppo_kl:np.float64(2.5640705644036643e-05) - actor/pg_clipfrac_lower:np.float64(0.0) - actor/pg_loss:np.float64(-0.6494696289300919) - actor/distillation/abs_loss:np.float64(0.30428625270724297) - actor/distillation/loss_min:np.float64(-5.624223232269287) - actor/distillation/loss_max:np.float64(35.12711715698242) - actor/distillation/pg_clipfrac:np.float64(0.00022185637499205768) - actor/distillation/ppo_kl:np.float64(2.5640705644036643e-05) - actor/distillation/pg_clipfrac_lower:np.float64(0.0) - actor/distillation/loss:np.float64(0.16585255786776543) - actor/loss:np.float64(0.16585254669189453) - actor/grad_norm:np.float64(1.5006053447723389) - actor/lr:np.float64(9.935076578452534e-07) - actor/perf/max_memory_allocated_gb:np.float64(44.55277442932129) - actor/perf/max_memory_reserved_gb:np.float64(56.025390625) - actor/perf/cpu_memory_used_gb:np.float64(324.94089126586914) - perf/mfu/actor:np.float64(0.23764995646440037) - training/global_step:57 - training/epoch:0 - critic/score/mean:0.7953125238418579 - critic/score/max:1.0 - critic/score/min:0.0 - critic/rewards/mean:0.7953125238418579 - critic/rewards/max:1.0 - critic/rewards/min:0.0 - critic/advantages/mean:0.6494765877723694 - critic/advantages/max:0.9999990463256836 - critic/advantages/min:0.0 - critic/returns/mean:0.6494765877723694 - critic/returns/max:0.9999990463256836 - critic/returns/min:0.0 - response_length/mean:479.625 - response_length/max:2048.0 - response_length/min:141.0 - response_length/clip_ratio:0.0546875 - response_length_non_aborted/mean:479.625 - response_length_non_aborted/max:2048.0 - response_length_non_aborted/min:141.0 - response_length_non_aborted/clip_ratio:0.0546875 - response/aborted_ratio:0.0 - prompt_length/mean:102.90625 - prompt_length/max:445.0 - prompt_length/min:48.0 - prompt_length/clip_ratio:0.0 - num_turns/min:np.int32(2) - num_turns/max:np.int32(2) - num_turns/mean:np.float64(2.0) - timing_s/start_profile:0.00016487902030348778 - timing_s/agent_loop/num_preempted/min:np.int64(-1) - timing_s/agent_loop/num_preempted/max:np.int64(-1) - timing_s/agent_loop/num_preempted/mean:np.float64(-1.0) - timing_s/agent_loop/generate_sequences/min:np.float64(3.657662476063706) - timing_s/agent_loop/generate_sequences/max:np.float64(39.46871620800812) - timing_s/agent_loop/generate_sequences/mean:np.float64(10.429602159736532) - timing_s/agent_loop/tool_calls/min:np.float64(0.0) - timing_s/agent_loop/tool_calls/max:np.float64(0.0) - timing_s/agent_loop/tool_calls/mean:np.float64(0.0) - timing_s/agent_loop/compute_score/min:np.float64(0.005634918925352395) - timing_s/agent_loop/compute_score/max:np.float64(0.04667681304272264) - timing_s/agent_loop/compute_score/mean:np.float64(0.011058690899517387) - timing_s/agent_loop/slowest/generate_sequences:np.float64(39.46871620800812) - timing_s/agent_loop/slowest/tool_calls:np.float64(0.0) - timing_s/agent_loop/slowest/compute_score:np.float64(0.020883074961602688) - timing_s/agent_loop/slowest/num_preempted:np.int64(-1) - timing_s/agent_loop/slowest/prompt_length:136 - timing_s/agent_loop/slowest/response_length:2048 - timing_s/gen:45.60372625000309 - timing_s/reward:2.6839086785912514e-05 - timing_s/old_log_prob:10.763716308982112 - timing_s/adv:0.005447780014947057 - timing_s/update_actor:20.058696976979263 - timing_s/update_weights:9.736342307995073 - timing_s/step:86.19805434800219 - timing_s/stop_profile:9.103899355977774e-05 - timing_per_token_ms/update_actor:0.26901315617428334 - timing_per_token_ms/gen:0.7428284833529302 - timing_per_token_ms/adv:7.30617994601558e-05 - perf/total_num_tokens:74564 - perf/time_per_step:86.19805434800219 - perf/throughput:108.12889073308905
[36m(vLLMHttpServer pid=945400)[0m (EngineCore pid=946276) WARNING 07-30 13:51:37 [scheduler.py:2541] reset_connector called but no KV connector is configured.[32m [repeated 4x across cluster][0m
[36m(vLLMHttpServer pid=945396)[0m (EngineCore pid=946285) WARNING 07-30 13:51:46 [scheduler.py:2541] reset_connector called but no KV connector is configured.[32m [repeated 2x across cluster][0m
[36m(TaskRunner pid=899085)[0m Training Progress:   5%|▌         | 58/1110 [1:48:55<30:46:04, 105.29s/it]
[36m(TaskRunner pid=899085)[0m step:58 - global_seqlen/min:13222 - global_seqlen/max:23436 - global_seqlen/minmax_diff:10214 - global_seqlen/balanced_min:17982 - global_seqlen/balanced_max:17994 - global_seqlen/mean:17990.0 - actor/entropy:0.3520612418651581 - perf/mfu/actor_infer:0.2436702270025248 - actor/pg_clipfrac:np.float64(7.342144090216607e-05) - actor/ppo_kl:np.float64(9.285020610150241e-07) - actor/pg_clipfrac_lower:np.float64(0.0) - actor/pg_loss:np.float64(-0.4916969761252403) - actor/distillation/abs_loss:np.float64(0.30190538614988327) - actor/distillation/loss_min:np.float64(-4.736814498901367) - actor/distillation/loss_max:np.float64(35.702880859375) - actor/distillation/pg_clipfrac:np.float64(7.342144090216607e-05) - actor/distillation/ppo_kl:np.float64(9.285020610150241e-07) - actor/distillation/pg_clipfrac_lower:np.float64(0.0) - actor/distillation/loss:np.float64(0.15812884271144867) - actor/loss:np.float64(0.15812884271144867) - actor/grad_norm:np.float64(1.4257410764694214) - actor/lr:np.float64(9.932783743493598e-07) - actor/perf/max_memory_allocated_gb:np.float64(44.55277442932129) - actor/perf/max_memory_reserved_gb:np.float64(56.025390625) - actor/perf/cpu_memory_used_gb:np.float64(324.7888870239258) - perf/mfu/actor:np.float64(0.24118795284864747) - training/global_step:58 - training/epoch:0 - critic/score/mean:0.7718750238418579 - critic/score/max:1.0 - critic/score/min:0.0 - critic/rewards/mean:0.7718750238418579 - critic/rewards/max:1.0 - critic/rewards/min:0.0 - critic/advantages/mean:0.4916923940181732 - critic/advantages/max:0.9999990463256836 - critic/advantages/min:0.0 - critic/returns/mean:0.4916923940181732 - critic/returns/max:0.9999990463256836 - critic/returns/min:0.0 - response_length/mean:450.5703125 - response_length/max:2048.0 - response_length/min:122.0 - response_length/clip_ratio:0.0859375 - response_length_non_aborted/mean:450.5703125 - response_length_non_aborted/max:2048.0 - response_length_non_aborted/min:122.0 - response_length_non_aborted/clip_ratio:0.0859375 - response/aborted_ratio:0.0 - prompt_length/mean:111.6171875 - prompt_length/max:771.0 - prompt_length/min:46.0 - prompt_length/clip_ratio:0.0 - num_turns/min:np.int32(2) - num_turns/max:np.int32(2) - num_turns/mean:np.float64(2.0) - timing_s/start_profile:0.00017698900774121284 - timing_s/agent_loop/num_preempted/min:np.int64(-1) - timing_s/agent_loop/num_preempted/max:np.int64(-1) - timing_s/agent_loop/num_preempted/mean:np.float64(-1.0) - timing_s/agent_loop/generate_sequences/min:np.float64(3.301884535001591) - timing_s/agent_loop/generate_sequences/max:np.float64(40.64047276508063) - timing_s/agent_loop/generate_sequences/mean:np.float64(10.114662621185744) - timing_s/agent_loop/tool_calls/min:np.float64(0.0) - timing_s/agent_loop/tool_calls/max:np.float64(0.0) - timing_s/agent_loop/tool_calls/mean:np.float64(0.0) - timing_s/agent_loop/compute_score/min:np.float64(0.005700069013983011) - timing_s/agent_loop/compute_score/max:np.float64(0.09185480407904834) - timing_s/agent_loop/compute_score/mean:np.float64(0.013349313982871536) - timing_s/agent_loop/slowest/generate_sequences:np.float64(40.60723136807792) - timing_s/agent_loop/slowest/tool_calls:np.float64(0.0) - timing_s/agent_loop/slowest/compute_score:np.float64(0.09185480407904834) - timing_s/agent_loop/slowest/num_preempted:np.int64(-1) - timing_s/agent_loop/slowest/prompt_length:186 - timing_s/agent_loop/slowest/response_length:2048 - timing_s/gen:47.540974783943966 - timing_s/reward:2.744991797953844e-05 - timing_s/old_log_prob:10.582806744962 - timing_s/adv:0.0051181119633838534 - timing_s/update_actor:19.366432280978188 - timing_s/update_weights:9.898059256956913 - timing_s/step:87.42271682608407 - timing_s/stop_profile:8.9038978330791e-05 - timing_per_token_ms/update_actor:0.26912774153666186 - timing_per_token_ms/gen:0.8243194351593287 - timing_per_token_ms/adv:7.112440193696294e-05 - perf/total_num_tokens:71960 - perf/time_per_step:87.42271682608407 - perf/throughput:102.89087695472062
[36m(vLLMHttpServer pid=945396)[0m (EngineCore pid=946285) WARNING 07-30 13:53:05 [scheduler.py:2541] reset_connector called but no KV connector is configured.[32m [repeated 4x across cluster][0m
[36m(vLLMHttpServer pid=945396)[0m (EngineCore pid=946285) WARNING 07-30 13:53:13 [scheduler.py:2541] reset_connector called but no KV connector is configured.[32m [repeated 2x across cluster][0m
[36m(TaskRunner pid=899085)[0m Training Progress:   5%|▌         | 59/1110 [1:50:22<29:09:00, 99.85s/it] 
[36m(TaskRunner pid=899085)[0m step:59 - global_seqlen/min:17903 - global_seqlen/max:20614 - global_seqlen/minmax_diff:2711 - global_seqlen/balanced_min:19252 - global_seqlen/balanced_max:19274 - global_seqlen/mean:19264.75 - actor/entropy:0.3505503833293915 - perf/mfu/actor_infer:0.23196070874241836 - actor/pg_clipfrac:np.float64(0.0) - actor/ppo_kl:np.float64(0.0) - actor/pg_clipfrac_lower:np.float64(0.0) - actor/pg_loss:np.float64(-0.509878858923912) - actor/distillation/abs_loss:np.float64(0.291809543967247) - actor/distillation/loss_min:np.float64(-6.2261528968811035) - actor/distillation/loss_max:np.float64(35.46733856201172) - actor/distillation/pg_clipfrac:np.float64(0.0) - actor/distillation/ppo_kl:np.float64(0.0) - actor/distillation/pg_clipfrac_lower:np.float64(0.0) - actor/distillation/loss:np.float64(0.16619804687798023) - actor/loss:np.float64(0.16619804501533508) - actor/grad_norm:np.float64(1.3236294984817505) - actor/lr:np.float64(9.93045139502793e-07) - actor/perf/max_memory_allocated_gb:np.float64(44.55277442932129) - actor/perf/max_memory_reserved_gb:np.float64(56.025390625) - actor/perf/cpu_memory_used_gb:np.float64(324.1718521118164) - perf/mfu/actor:np.float64(0.24875783065074586) - training/global_step:59 - training/epoch:0 - critic/score/mean:0.7562500238418579 - critic/score/max:1.0 - critic/score/min:0.0 - critic/rewards/mean:0.7562500238418579 - critic/rewards/max:1.0 - critic/rewards/min:0.0 - critic/advantages/mean:0.5098788738250732 - critic/advantages/max:0.9999990463256836 - critic/advantages/min:0.0 - critic/returns/mean:0.5098788738250732 - critic/returns/max:0.9999990463256836 - critic/returns/min:0.0 - response_length/mean:496.6953125 - response_length/max:2048.0 - response_length/min:127.0 - response_length/clip_ratio:0.078125 - response_length_non_aborted/mean:496.6953125 - response_length_non_aborted/max:2048.0 - response_length_non_aborted/min:127.0 - response_length_non_aborted/clip_ratio:0.078125 - response/aborted_ratio:0.0 - prompt_length/mean:105.328125 - prompt_length/max:396.0 - prompt_length/min:45.0 - prompt_length/clip_ratio:0.0 - num_turns/min:np.int32(2) - num_turns/max:np.int32(2) - num_turns/mean:np.float64(2.0) - timing_s/start_profile:6.836000829935074e-05 - timing_s/agent_loop/num_preempted/min:np.int64(-1) - timing_s/agent_loop/num_preempted/max:np.int64(-1) - timing_s/agent_loop/num_preempted/mean:np.float64(-1.0) - timing_s/agent_loop/generate_sequences/min:np.float64(3.3310650549829006) - timing_s/agent_loop/generate_sequences/max:np.float64(40.06385161099024) - timing_s/agent_loop/generate_sequences/mean:np.float64(10.764544072280842) - timing_s/agent_loop/tool_calls/min:np.float64(0.0) - timing_s/agent_loop/tool_calls/max:np.float64(0.0) - timing_s/agent_loop/tool_calls/mean:np.float64(0.0) - timing_s/agent_loop/compute_score/min:np.float64(0.00555905990768224) - timing_s/agent_loop/compute_score/max:np.float64(0.06628323497716337) - timing_s/agent_loop/compute_score/mean:np.float64(0.01224761018420395) - timing_s/agent_loop/slowest/generate_sequences:np.float64(40.04957688006107) - timing_s/agent_loop/slowest/tool_calls:np.float64(0.0) - timing_s/agent_loop/slowest/compute_score:np.float64(0.06151501089334488) - timing_s/agent_loop/slowest/num_preempted:np.int64(-1) - timing_s/agent_loop/slowest/prompt_length:199 - timing_s/agent_loop/slowest/response_length:2048 - timing_s/gen:47.20091450505424 - timing_s/reward:4.087004344910383e-05 - timing_s/old_log_prob:10.553184928954579 - timing_s/adv:0.005441150045953691 - timing_s/update_actor:19.65308159100823 - timing_s/update_weights:9.699165083933622 - timing_s/step:87.14415483106859 - timing_s/stop_profile:8.8669010438025e-05 - timing_per_token_ms/update_actor:0.25503940605261205 - timing_per_token_ms/gen:0.7424212294549011 - timing_per_token_ms/adv:7.061018240508819e-05 - perf/total_num_tokens:77059 - perf/time_per_step:87.14415483106859 - perf/throughput:110.53380480506847
[36m(vLLMHttpServer pid=945396)[0m (EngineCore pid=946285) WARNING 07-30 13:54:33 [scheduler.py:2541] reset_connector called but no KV connector is configured.[32m [repeated 4x across cluster][0m
[36m(vLLMHttpServer pid=945396)[0m (EngineCore pid=946285) WARNING 07-30 13:54:42 [scheduler.py:2541] reset_connector called but no KV connector is configured.[32m [repeated 2x across cluster][0m
[36m(TaskRunner pid=899085)[0m test_gen_batch meta info: {'eos_token_id': 151645, 'pad_token_id': 151643, 'recompute_log_prob': False, 'do_sample': False, 'validate': True, 'global_steps': 60}
[36m(vLLMHttpServer pid=945396)[0m (EngineCore pid=946285) WARNING 07-30 13:54:43 [scheduler.py:2541] reset_connector called but no KV connector is configured.[32m [repeated 3x across cluster][0m
[36m(TaskRunner pid=899085)[0m validation generation end
[36m(TaskRunner pid=899085)[0m Training Progress:   5%|▌         | 60/1110 [1:54:01<39:31:56, 135.54s/it]
[36m(TaskRunner pid=899085)[0m step:60 - global_seqlen/min:17957 - global_seqlen/max:22015 - global_seqlen/minmax_diff:4058 - global_seqlen/balanced_min:20094 - global_seqlen/balanced_max:20125 - global_seqlen/mean:20111.0 - actor/entropy:0.33801689743995667 - perf/mfu/actor_infer:0.2784538723318008 - actor/pg_clipfrac:np.float64(0.0) - actor/ppo_kl:np.float64(0.0) - actor/pg_clipfrac_lower:np.float64(0.0) - actor/pg_loss:np.float64(-0.5821568183600903) - actor/distillation/abs_loss:np.float64(0.27896829321980476) - actor/distillation/loss_min:np.float64(-5.7842817306518555) - actor/distillation/loss_max:np.float64(35.65592956542969) - actor/distillation/pg_clipfrac:np.float64(0.0) - actor/distillation/ppo_kl:np.float64(0.0) - actor/distillation/pg_clipfrac_lower:np.float64(0.0) - actor/distillation/loss:np.float64(0.1521147731691599) - actor/loss:np.float64(0.15211477875709534) - actor/grad_norm:np.float64(1.4625563621520996) - actor/lr:np.float64(9.928079551738541e-07) - actor/perf/max_memory_allocated_gb:np.float64(44.55277442932129) - actor/perf/max_memory_reserved_gb:np.float64(56.025390625) - actor/perf/cpu_memory_used_gb:np.float64(324.6194496154785) - perf/mfu/actor:np.float64(0.2646773397785518) - val-aux/openai/gsm8k/reward/mean@1:np.float64(0.9075056861258529) - val-core/openai/gsm8k/acc/mean@1:np.float64(0.9075056861258529) - val-aux/hiyouga/geometry3k/reward/mean@1:np.float64(0.4597337648594836) - val-core/hiyouga/geometry3k/acc/mean@1:np.float64(0.45973377703826956) - val-aux/num_turns/min:np.int32(2) - val-aux/num_turns/max:np.int32(2) - val-aux/num_turns/mean:np.float64(2.0) - training/global_step:60 - training/epoch:0 - critic/score/mean:0.7953125238418579 - critic/score/max:1.0 - critic/score/min:0.0 - critic/rewards/mean:0.7953125238418579 - critic/rewards/max:1.0 - critic/rewards/min:0.0 - critic/advantages/mean:0.5821568965911865 - critic/advantages/max:0.9999990463256836 - critic/advantages/min:0.0 - critic/returns/mean:0.5821568965911865 - critic/returns/max:0.9999990463256836 - critic/returns/min:0.0 - response_length/mean:524.7265625 - response_length/max:2048.0 - response_length/min:125.0 - response_length/clip_ratio:0.078125 - response_length_non_aborted/mean:524.7265625 - response_length_non_aborted/max:2048.0 - response_length_non_aborted/min:125.0 - response_length_non_aborted/clip_ratio:0.078125 - response/aborted_ratio:0.0 - prompt_length/mean:103.7421875 - prompt_length/max:504.0 - prompt_length/min:47.0 - prompt_length/clip_ratio:0.0 - num_turns/min:np.int32(2) - num_turns/max:np.int32(2) - num_turns/mean:np.float64(2.0) - timing_s/start_profile:7.248902693390846e-05 - timing_s/agent_loop/num_preempted/min:np.int64(-1) - timing_s/agent_loop/num_preempted/max:np.int64(-1) - timing_s/agent_loop/num_preempted/mean:np.float64(-1.0) - timing_s/agent_loop/generate_sequences/min:np.float64(3.3066665900405496) - timing_s/agent_loop/generate_sequences/max:np.float64(41.40812628495041) - timing_s/agent_loop/generate_sequences/mean:np.float64(11.401447038868355) - timing_s/agent_loop/tool_calls/min:np.float64(0.0) - timing_s/agent_loop/tool_calls/max:np.float64(0.0) - timing_s/agent_loop/tool_calls/mean:np.float64(0.0) - timing_s/agent_loop/compute_score/min:np.float64(0.005800457904115319) - timing_s/agent_loop/compute_score/max:np.float64(0.04458553402218968) - timing_s/agent_loop/compute_score/mean:np.float64(0.01097279525401973) - timing_s/agent_loop/slowest/generate_sequences:np.float64(41.40812628495041) - timing_s/agent_loop/slowest/tool_calls:np.float64(0.0) - timing_s/agent_loop/slowest/compute_score:np.float64(0.019212023937143385) - timing_s/agent_loop/slowest/num_preempted:np.int64(-1) - timing_s/agent_loop/slowest/prompt_length:139 - timing_s/agent_loop/slowest/response_length:2048 - timing_s/gen:49.10993002296891 - timing_s/reward:3.258907236158848e-05 - timing_s/old_log_prob:10.836703913053498 - timing_s/adv:0.005022192024625838 - timing_s/update_actor:19.214629109948874 - timing_s/update_weights:9.393561227014288 - timing_s/step:88.59196356800385 - timing_s/testing:130.21815133001655 - timing_s/stop_profile:0.00029658805578947067 - timing_per_token_ms/update_actor:0.23885720637895771 - timing_per_token_ms/gen:0.7311833547676455 - timing_per_token_ms/adv:6.243090876418177e-05 - perf/total_num_tokens:80444 - perf/time_per_step:88.59196356800385 - perf/throughput:113.50352328833218
[36m(vLLMHttpServer pid=945396)[0m (EngineCore pid=946285) WARNING 07-30 13:58:14 [scheduler.py:2541] reset_connector called but no KV connector is configured.
[36m(vLLMHttpServer pid=945396)[0m (EngineCore pid=946285) WARNING 07-30 13:58:23 [scheduler.py:2541] reset_connector called but no KV connector is configured.[32m [repeated 2x across cluster][0m
[36m(TaskRunner pid=899085)[0m Training Progress:   5%|▌         | 61/1110 [1:55:32<35:39:14, 122.36s/it]
[36m(TaskRunner pid=899085)[0m step:61 - global_seqlen/min:17523 - global_seqlen/max:26022 - global_seqlen/minmax_diff:8499 - global_seqlen/balanced_min:21131 - global_seqlen/balanced_max:21144 - global_seqlen/mean:21136.0 - actor/entropy:0.3450964093208313 - perf/mfu/actor_infer:0.22370825738921582 - actor/pg_clipfrac:np.float64(0.0) - actor/ppo_kl:np.float64(0.0) - actor/pg_clipfrac_lower:np.float64(0.0) - actor/pg_loss:np.float64(-0.5057122856378555) - actor/distillation/abs_loss:np.float64(0.27862130105495453) - actor/distillation/loss_min:np.float64(-6.620723247528076) - actor/distillation/loss_max:np.float64(35.94432067871094) - actor/distillation/pg_clipfrac:np.float64(0.0) - actor/distillation/ppo_kl:np.float64(0.0) - actor/distillation/pg_clipfrac_lower:np.float64(0.0) - actor/distillation/loss:np.float64(0.14998731575906277) - actor/loss:np.float64(0.14998731017112732) - actor/grad_norm:np.float64(1.2479276657104492) - actor/lr:np.float64(9.925668232624818e-07) - actor/perf/max_memory_allocated_gb:np.float64(44.55277442932129) - actor/perf/max_memory_reserved_gb:np.float64(56.025390625) - actor/perf/cpu_memory_used_gb:np.float64(324.62244415283203) - perf/mfu/actor:np.float64(0.2675781530090566) - training/global_step:61 - training/epoch:0 - critic/score/mean:0.7562500238418579 - critic/score/max:1.0 - critic/score/min:0.0 - critic/rewards/mean:0.7562500238418579 - critic/rewards/max:1.0 - critic/rewards/min:0.0 - critic/advantages/mean:0.5057123303413391 - critic/advantages/max:0.9999990463256836 - critic/advantages/min:0.0 - critic/returns/mean:0.5057123303413391 - critic/returns/max:0.9999990463256836 - critic/returns/min:0.0 - response_length/mean:549.34375 - response_length/max:2048.0 - response_length/min:132.0 - response_length/clip_ratio:0.1015625 - response_length_non_aborted/mean:549.34375 - response_length_non_aborted/max:2048.0 - response_length_non_aborted/min:132.0 - response_length_non_aborted/clip_ratio:0.1015625 - response/aborted_ratio:0.0 - prompt_length/mean:111.15625 - prompt_length/max:527.0 - prompt_length/min:35.0 - prompt_length/clip_ratio:0.0 - num_turns/min:np.int32(2) - num_turns/max:np.int32(2) - num_turns/mean:np.float64(2.0) - timing_s/start_profile:7.619999814778566e-05 - timing_s/agent_loop/num_preempted/min:np.int64(-1) - timing_s/agent_loop/num_preempted/max:np.int64(-1) - timing_s/agent_loop/num_preempted/mean:np.float64(-1.0) - timing_s/agent_loop/generate_sequences/min:np.float64(3.395565076963976) - timing_s/agent_loop/generate_sequences/max:np.float64(41.631767492042854) - timing_s/agent_loop/generate_sequences/mean:np.float64(12.01765234409504) - timing_s/agent_loop/tool_calls/min:np.float64(0.0) - timing_s/agent_loop/tool_calls/max:np.float64(0.0) - timing_s/agent_loop/tool_calls/mean:np.float64(0.0) - timing_s/agent_loop/compute_score/min:np.float64(0.006655814009718597) - timing_s/agent_loop/compute_score/max:np.float64(0.09454418101813644) - timing_s/agent_loop/compute_score/mean:np.float64(0.01273571584624733) - timing_s/agent_loop/slowest/generate_sequences:np.float64(41.573521911981516) - timing_s/agent_loop/slowest/tool_calls:np.float64(0.0) - timing_s/agent_loop/slowest/compute_score:np.float64(0.09454418101813644) - timing_s/agent_loop/slowest/num_preempted:np.int64(-1) - timing_s/agent_loop/slowest/prompt_length:318 - timing_s/agent_loop/slowest/response_length:2048 - timing_s/gen:50.162827096064575 - timing_s/reward:3.0090101063251495e-05 - timing_s/old_log_prob:10.46507209900301 - timing_s/adv:0.005100972019135952 - timing_s/update_actor:20.14212807698641 - timing_s/update_weights:10.788612741976976 - timing_s/step:91.59758869907819 - timing_s/stop_profile:8.577993139624596e-05 - timing_per_token_ms/update_actor:0.23824432339357507 - timing_per_token_ms/gen:0.7133913632183938 - timing_per_token_ms/adv:6.033511566918944e-05 - perf/total_num_tokens:84544 - perf/time_per_step:91.59758869907819 - perf/throughput:115.3742161785352
[36m(vLLMHttpServer pid=945396)[0m (EngineCore pid=946285) WARNING 07-30 13:59:45 [scheduler.py:2541] reset_connector called but no KV connector is configured.[32m [repeated 4x across cluster][0m
[36m(vLLMHttpServer pid=945396)[0m (EngineCore pid=946285) WARNING 07-30 13:59:54 [scheduler.py:2541] reset_connector called but no KV connector is configured.[32m [repeated 2x across cluster][0m
[36m(TaskRunner pid=899085)[0m Training Progress:   6%|▌         | 62/1110 [1:57:03<32:52:08, 112.91s/it]
[36m(TaskRunner pid=899085)[0m step:62 - global_seqlen/min:15137 - global_seqlen/max:28537 - global_seqlen/minmax_diff:13400 - global_seqlen/balanced_min:21071 - global_seqlen/balanced_max:21082 - global_seqlen/mean:21075.0 - actor/entropy:0.3716161251068115 - perf/mfu/actor_infer:0.2418488862528504 - actor/pg_clipfrac:np.float64(0.0) - actor/ppo_kl:np.float64(0.0) - actor/pg_clipfrac_lower:np.float64(0.0) - actor/pg_loss:np.float64(-0.4247116595506668) - actor/distillation/abs_loss:np.float64(0.2884763404726982) - actor/distillation/loss_min:np.float64(-7.270863056182861) - actor/distillation/loss_max:np.float64(36.056419372558594) - actor/distillation/pg_clipfrac:np.float64(0.0) - actor/distillation/ppo_kl:np.float64(0.0) - actor/distillation/pg_clipfrac_lower:np.float64(0.0) - actor/distillation/loss:np.float64(0.15539518557488918) - actor/loss:np.float64(0.15539517998695374) - actor/grad_norm:np.float64(1.3221803903579712) - actor/lr:np.float64(9.923217457002356e-07) - actor/perf/max_memory_allocated_gb:np.float64(44.55277442932129) - actor/perf/max_memory_reserved_gb:np.float64(56.025390625) - actor/perf/cpu_memory_used_gb:np.float64(324.67386627197266) - perf/mfu/actor:np.float64(0.2535075889175226) - training/global_step:62 - training/epoch:0 - critic/score/mean:0.739062488079071 - critic/score/max:1.0 - critic/score/min:0.0 - critic/rewards/mean:0.739062488079071 - critic/rewards/max:1.0 - critic/rewards/min:0.0 - critic/advantages/mean:0.4247117042541504 - critic/advantages/max:0.9999990463256836 - critic/advantages/min:0.0 - critic/returns/mean:0.4247117042541504 - critic/returns/max:0.9999990463256836 - critic/returns/min:0.0 - response_length/mean:548.125 - response_length/max:2048.0 - response_length/min:141.0 - response_length/clip_ratio:0.1171875 - response_length_non_aborted/mean:548.125 - response_length_non_aborted/max:2048.0 - response_length_non_aborted/min:141.0 - response_length_non_aborted/clip_ratio:0.1171875 - response/aborted_ratio:0.0 - prompt_length/mean:110.46875 - prompt_length/max:474.0 - prompt_length/min:47.0 - prompt_length/clip_ratio:0.0 - num_turns/min:np.int32(2) - num_turns/max:np.int32(2) - num_turns/mean:np.float64(2.0) - timing_s/start_profile:6.756908260285854e-05 - timing_s/agent_loop/num_preempted/min:np.int64(-1) - timing_s/agent_loop/num_preempted/max:np.int64(-1) - timing_s/agent_loop/num_preempted/mean:np.float64(-1.0) - timing_s/agent_loop/generate_sequences/min:np.float64(3.5955887079471722) - timing_s/agent_loop/generate_sequences/max:np.float64(41.38847290701233) - timing_s/agent_loop/generate_sequences/mean:np.float64(11.872937864444793) - timing_s/agent_loop/tool_calls/min:np.float64(0.0) - timing_s/agent_loop/tool_calls/max:np.float64(0.0) - timing_s/agent_loop/tool_calls/mean:np.float64(0.0) - timing_s/agent_loop/compute_score/min:np.float64(0.0056761279702186584) - timing_s/agent_loop/compute_score/max:np.float64(0.06511284201405942) - timing_s/agent_loop/compute_score/mean:np.float64(0.012309189837651502) - timing_s/agent_loop/slowest/generate_sequences:np.float64(41.38847290701233) - timing_s/agent_loop/slowest/tool_calls:np.float64(0.0) - timing_s/agent_loop/slowest/compute_score:np.float64(0.02051186701282859) - timing_s/agent_loop/slowest/num_preempted:np.int64(-1) - timing_s/agent_loop/slowest/prompt_length:89 - timing_s/agent_loop/slowest/response_length:2048 - timing_s/gen:49.99771288095508 - timing_s/reward:2.844003029167652e-05 - timing_s/old_log_prob:10.305871925898828 - timing_s/adv:0.005429760902188718 - timing_s/update_actor:20.303914471063763 - timing_s/update_weights:10.203964489977807 - timing_s/step:90.850297922967 - timing_s/stop_profile:8.532893843948841e-05 - timing_per_token_ms/update_actor:0.24085307794856184 - timing_per_token_ms/gen:0.7126241858745023 - timing_per_token_ms/adv:6.440997511493141e-05 - perf/total_num_tokens:84300 - perf/time_per_step:90.850297922967 - perf/throughput:115.98751177387295
[36m(vLLMHttpServer pid=945396)[0m (EngineCore pid=946285) WARNING 07-30 14:01:19 [scheduler.py:2541] reset_connector called but no KV connector is configured.[32m [repeated 4x across cluster][0m
[36m(vLLMHttpServer pid=945400)[0m (EngineCore pid=946276) WARNING 07-30 14:01:28 [scheduler.py:2541] reset_connector called but no KV connector is configured.[32m [repeated 2x across cluster][0m
[36m(TaskRunner pid=899085)[0m Training Progress:   6%|▌         | 63/1110 [1:58:37<31:09:20, 107.13s/it]
[36m(TaskRunner pid=899085)[0m step:63 - global_seqlen/min:18217 - global_seqlen/max:26762 - global_seqlen/minmax_diff:8545 - global_seqlen/balanced_min:22361 - global_seqlen/balanced_max:22380 - global_seqlen/mean:22371.0 - actor/entropy:0.36118730902671814 - perf/mfu/actor_infer:0.301336391688184 - actor/pg_clipfrac:np.float64(0.00027126737404614687) - actor/ppo_kl:np.float64(-3.3270464427914703e-06) - actor/pg_clipfrac_lower:np.float64(0.0) - actor/pg_loss:np.float64(-0.4386330544948578) - actor/distillation/abs_loss:np.float64(0.2834128104150295) - actor/distillation/loss_min:np.float64(-4.749390125274658) - actor/distillation/loss_max:np.float64(34.95041275024414) - actor/distillation/pg_clipfrac:np.float64(0.00010850694525288418) - actor/distillation/ppo_kl:np.float64(-3.3270464427914703e-06) - actor/distillation/pg_clipfrac_lower:np.float64(0.0) - actor/distillation/loss:np.float64(0.15977216139435768) - actor/loss:np.float64(0.15977215766906738) - actor/grad_norm:np.float64(30.562898635864258) - actor/lr:np.float64(9.920727244502818e-07) - actor/perf/max_memory_allocated_gb:np.float64(44.55277442932129) - actor/perf/max_memory_reserved_gb:np.float64(56.025390625) - actor/perf/cpu_memory_used_gb:np.float64(324.7206687927246) - perf/mfu/actor:np.float64(0.26272058757489686) - training/global_step:63 - training/epoch:0 - critic/score/mean:0.7085937261581421 - critic/score/max:1.0 - critic/score/min:0.0 - critic/rewards/mean:0.7085937261581421 - critic/rewards/max:1.0 - critic/rewards/min:0.0 - critic/advantages/mean:0.4386090934276581 - critic/advantages/max:0.9999990463256836 - critic/advantages/min:0.0 - critic/returns/mean:0.4386090934276581 - critic/returns/max:0.9999990463256836 - critic/returns/min:0.0 - response_length/mean:585.4296875 - response_length/max:2048.0 - response_length/min:131.0 - response_length/clip_ratio:0.1171875 - response_length_non_aborted/mean:585.4296875 - response_length_non_aborted/max:2048.0 - response_length_non_aborted/min:131.0 - response_length_non_aborted/clip_ratio:0.1171875 - response/aborted_ratio:0.0 - prompt_length/mean:113.6640625 - prompt_length/max:445.0 - prompt_length/min:51.0 - prompt_length/clip_ratio:0.0 - num_turns/min:np.int32(2) - num_turns/max:np.int32(2) - num_turns/mean:np.float64(2.0) - timing_s/start_profile:0.00015872891526669264 - timing_s/agent_loop/num_preempted/min:np.int64(-1) - timing_s/agent_loop/num_preempted/max:np.int64(-1) - timing_s/agent_loop/num_preempted/mean:np.float64(-1.0) - timing_s/agent_loop/generate_sequences/min:np.float64(3.5264104270609096) - timing_s/agent_loop/generate_sequences/max:np.float64(41.090858079027385) - timing_s/agent_loop/generate_sequences/mean:np.float64(12.796285991770674) - timing_s/agent_loop/tool_calls/min:np.float64(0.0) - timing_s/agent_loop/tool_calls/max:np.float64(0.0) - timing_s/agent_loop/tool_calls/mean:np.float64(0.0) - timing_s/agent_loop/compute_score/min:np.float64(0.005832238006405532) - timing_s/agent_loop/compute_score/max:np.float64(0.09944509400520474) - timing_s/agent_loop/compute_score/mean:np.float64(0.014049075038201408) - timing_s/agent_loop/slowest/generate_sequences:np.float64(41.03808188997209) - timing_s/agent_loop/slowest/tool_calls:np.float64(0.0) - timing_s/agent_loop/slowest/compute_score:np.float64(0.09914172498974949) - timing_s/agent_loop/slowest/num_preempted:np.int64(-1) - timing_s/agent_loop/slowest/prompt_length:138 - timing_s/agent_loop/slowest/response_length:2048 - timing_s/gen:51.969097582041286 - timing_s/reward:2.859998494386673e-05 - timing_s/old_log_prob:10.380970253958367 - timing_s/adv:0.005040439078584313 - timing_s/update_actor:20.917635637917556 - timing_s/update_weights:10.287732457974926 - timing_s/step:93.59131933096796 - timing_s/stop_profile:8.820905350148678e-05 - timing_per_token_ms/update_actor:0.2337583885154615 - timing_per_token_ms/gen:0.693522353800511 - timing_per_token_ms/adv:5.63278248467247e-05 - perf/total_num_tokens:89484 - perf/time_per_step:93.59131933096796 - perf/throughput:119.51428914517808
[36m(vLLMHttpServer pid=945400)[0m (EngineCore pid=946276) WARNING 07-30 14:02:52 [scheduler.py:2541] reset_connector called but no KV connector is configured.[32m [repeated 4x across cluster][0m
[36m(vLLMHttpServer pid=945396)[0m (EngineCore pid=946285) WARNING 07-30 14:03:01 [scheduler.py:2541] reset_connector called but no KV connector is configured.[32m [repeated 2x across cluster][0m
[36m(TaskRunner pid=899085)[0m Training Progress:   6%|▌         | 64/1110 [2:00:10<29:56:17, 103.04s/it]
[36m(TaskRunner pid=899085)[0m step:64 - global_seqlen/min:21748 - global_seqlen/max:23727 - global_seqlen/minmax_diff:1979 - global_seqlen/balanced_min:22355 - global_seqlen/balanced_max:22363 - global_seqlen/mean:22358.75 - actor/entropy:0.39490070939064026 - perf/mfu/actor_infer:0.29255761984986073 - actor/pg_clipfrac:np.float64(0.0) - actor/ppo_kl:np.float64(0.0) - actor/pg_clipfrac_lower:np.float64(0.0) - actor/pg_loss:np.float64(-0.3919087126851082) - actor/distillation/abs_loss:np.float64(0.2956438772380352) - actor/distillation/loss_min:np.float64(-5.310367107391357) - actor/distillation/loss_max:np.float64(35.17942810058594) - actor/distillation/pg_clipfrac:np.float64(0.0) - actor/distillation/ppo_kl:np.float64(0.0) - actor/distillation/pg_clipfrac_lower:np.float64(0.0) - actor/distillation/loss:np.float64(0.16061580553650856) - actor/loss:np.float64(0.16061580181121826) - actor/grad_norm:np.float64(1.3705934286117554) - actor/lr:np.float64(9.91819761507377e-07) - actor/perf/max_memory_allocated_gb:np.float64(44.55277442932129) - actor/perf/max_memory_reserved_gb:np.float64(56.025390625) - actor/perf/cpu_memory_used_gb:np.float64(324.77880859375) - perf/mfu/actor:np.float64(0.2692051622146377) - training/global_step:64 - training/epoch:0 - critic/score/mean:0.696093738079071 - critic/score/max:1.0 - critic/score/min:0.0 - critic/rewards/mean:0.696093738079071 - critic/rewards/max:1.0 - critic/rewards/min:0.0 - critic/advantages/mean:0.3919087052345276 - critic/advantages/max:0.9999990463256836 - critic/advantages/min:0.0 - critic/returns/mean:0.3919087052345276 - critic/returns/max:0.9999990463256836 - critic/returns/min:0.0 - response_length/mean:594.3203125 - response_length/max:2048.0 - response_length/min:137.0 - response_length/clip_ratio:0.1328125 - response_length_non_aborted/mean:594.3203125 - response_length_non_aborted/max:2048.0 - response_length_non_aborted/min:137.0 - response_length_non_aborted/clip_ratio:0.1328125 - response/aborted_ratio:0.0 - prompt_length/mean:104.390625 - prompt_length/max:373.0 - prompt_length/min:41.0 - prompt_length/clip_ratio:0.0 - num_turns/min:np.int32(2) - num_turns/max:np.int32(2) - num_turns/mean:np.float64(2.0) - timing_s/start_profile:7.906893733888865e-05 - timing_s/agent_loop/num_preempted/min:np.int64(-1) - timing_s/agent_loop/num_preempted/max:np.int64(-1) - timing_s/agent_loop/num_preempted/mean:np.float64(-1.0) - timing_s/agent_loop/generate_sequences/min:np.float64(3.5577805479988456) - timing_s/agent_loop/generate_sequences/max:np.float64(43.3236162699759) - timing_s/agent_loop/generate_sequences/mean:np.float64(13.00054902816828) - timing_s/agent_loop/tool_calls/min:np.float64(0.0) - timing_s/agent_loop/tool_calls/max:np.float64(0.0) - timing_s/agent_loop/tool_calls/mean:np.float64(0.0) - timing_s/agent_loop/compute_score/min:np.float64(0.005954772932454944) - timing_s/agent_loop/compute_score/max:np.float64(0.0924064100254327) - timing_s/agent_loop/compute_score/mean:np.float64(0.013365174906539323) - timing_s/agent_loop/slowest/generate_sequences:np.float64(43.306891457992606) - timing_s/agent_loop/slowest/tool_calls:np.float64(0.0) - timing_s/agent_loop/slowest/compute_score:np.float64(0.05760970211122185) - timing_s/agent_loop/slowest/num_preempted:np.int64(-1) - timing_s/agent_loop/slowest/prompt_length:178 - timing_s/agent_loop/slowest/response_length:2048 - timing_s/gen:52.8371076680487 - timing_s/reward:2.9959017410874367e-05 - timing_s/old_log_prob:10.056099949055351 - timing_s/adv:0.005255682044662535 - timing_s/update_actor:20.254884255002253 - timing_s/update_weights:10.306431730045006 - timing_s/step:93.49086075706873 - timing_s/stop_profile:8.866004645824432e-05 - timing_per_token_ms/update_actor:0.2264760357242942 - timing_per_token_ms/gen:0.6945579596972474 - timing_per_token_ms/adv:5.8765383179544197e-05 - perf/total_num_tokens:89435 - perf/time_per_step:93.49086075706873 - perf/throughput:119.5771962036914
[36m(vLLMHttpServer pid=945396)[0m (EngineCore pid=946285) WARNING 07-30 14:04:23 [scheduler.py:2541] reset_connector called but no KV connector is configured.[32m [repeated 4x across cluster][0m
[36m(vLLMHttpServer pid=945396)[0m (EngineCore pid=946285) WARNING 07-30 14:04:32 [scheduler.py:2541] reset_connector called but no KV connector is configured.[32m [repeated 2x across cluster][0m
[36m(TaskRunner pid=899085)[0m test_gen_batch meta info: {'eos_token_id': 151645, 'pad_token_id': 151643, 'recompute_log_prob': False, 'do_sample': False, 'validate': True, 'global_steps': 65}
[36m(vLLMHttpServer pid=945400)[0m (EngineCore pid=946276) WARNING 07-30 14:04:34 [scheduler.py:2541] reset_connector called but no KV connector is configured.[32m [repeated 3x across cluster][0m
[36m(TaskRunner pid=899085)[0m validation generation end
[36m(TaskRunner pid=899085)[0m Training Progress:   6%|▌         | 65/1110 [2:03:51<40:06:07, 138.15s/it]
[36m(TaskRunner pid=899085)[0m step:65 - global_seqlen/min:19131 - global_seqlen/max:24480 - global_seqlen/minmax_diff:5349 - global_seqlen/balanced_min:21502 - global_seqlen/balanced_max:21514 - global_seqlen/mean:21506.25 - actor/entropy:0.3816773295402527 - perf/mfu/actor_infer:0.27609501043689355 - actor/pg_clipfrac:np.float64(0.0) - actor/ppo_kl:np.float64(0.0) - actor/pg_clipfrac_lower:np.float64(0.0) - actor/pg_loss:np.float64(-0.4743726924061775) - actor/distillation/abs_loss:np.float64(0.3036814518272877) - actor/distillation/loss_min:np.float64(-5.39150333404541) - actor/distillation/loss_max:np.float64(35.22321319580078) - actor/distillation/pg_clipfrac:np.float64(0.0) - actor/distillation/ppo_kl:np.float64(0.0) - actor/distillation/pg_clipfrac_lower:np.float64(0.0) - actor/distillation/loss:np.float64(0.1603185497224331) - actor/loss:np.float64(0.1603185534477234) - actor/grad_norm:np.float64(1.3788771629333496) - actor/lr:np.float64(9.91562858897852e-07) - actor/perf/max_memory_allocated_gb:np.float64(44.55277442932129) - actor/perf/max_memory_reserved_gb:np.float64(56.025390625) - actor/perf/cpu_memory_used_gb:np.float64(324.70340728759766) - perf/mfu/actor:np.float64(0.2611381067852826) - val-aux/openai/gsm8k/reward/mean@1:np.float64(0.9128127369219106) - val-core/openai/gsm8k/acc/mean@1:np.float64(0.9128127369219106) - val-aux/hiyouga/geometry3k/reward/mean@1:np.float64(0.4971713678610702) - val-core/hiyouga/geometry3k/acc/mean@1:np.float64(0.497171381031614) - val-aux/num_turns/min:np.int32(2) - val-aux/num_turns/max:np.int32(2) - val-aux/num_turns/mean:np.float64(2.0) - training/global_step:65 - training/epoch:0 - critic/score/mean:0.6664062738418579 - critic/score/max:1.0 - critic/score/min:0.0 - critic/rewards/mean:0.6664062738418579 - critic/rewards/max:1.0 - critic/rewards/min:0.0 - critic/advantages/mean:0.4743727147579193 - critic/advantages/max:0.9999990463256836 - critic/advantages/min:0.0 - critic/returns/mean:0.4743727147579193 - critic/returns/max:0.9999990463256836 - critic/returns/min:0.0 - response_length/mean:555.234375 - response_length/max:2048.0 - response_length/min:119.0 - response_length/clip_ratio:0.09375 - response_length_non_aborted/mean:555.234375 - response_length_non_aborted/max:2048.0 - response_length_non_aborted/min:119.0 - response_length_non_aborted/clip_ratio:0.09375 - response/aborted_ratio:0.0 - prompt_length/mean:116.8359375 - prompt_length/max:526.0 - prompt_length/min:46.0 - prompt_length/clip_ratio:0.0 - num_turns/min:np.int32(2) - num_turns/max:np.int32(2) - num_turns/mean:np.float64(2.0) - timing_s/start_profile:0.00021030893549323082 - timing_s/agent_loop/num_preempted/min:np.int64(-1) - timing_s/agent_loop/num_preempted/max:np.int64(-1) - timing_s/agent_loop/num_preempted/mean:np.float64(-1.0) - timing_s/agent_loop/generate_sequences/min:np.float64(3.57490719598718) - timing_s/agent_loop/generate_sequences/max:np.float64(40.899393743951805) - timing_s/agent_loop/generate_sequences/mean:np.float64(12.251499743152635) - timing_s/agent_loop/tool_calls/min:np.float64(0.0) - timing_s/agent_loop/tool_calls/max:np.float64(0.0) - timing_s/agent_loop/tool_calls/mean:np.float64(0.0) - timing_s/agent_loop/compute_score/min:np.float64(0.005863548023626208) - timing_s/agent_loop/compute_score/max:np.float64(0.10322821198496968) - timing_s/agent_loop/compute_score/mean:np.float64(0.01373726385008922) - timing_s/agent_loop/slowest/generate_sequences:np.float64(40.85344011592679) - timing_s/agent_loop/slowest/tool_calls:np.float64(0.0) - timing_s/agent_loop/slowest/compute_score:np.float64(0.10322821198496968) - timing_s/agent_loop/slowest/num_preempted:np.int64(-1) - timing_s/agent_loop/slowest/prompt_length:138 - timing_s/agent_loop/slowest/response_length:2048 - timing_s/gen:49.20798267808277 - timing_s/reward:3.9909034967422485e-05 - timing_s/old_log_prob:10.74789456394501 - timing_s/adv:0.005414269049651921 - timing_s/update_actor:20.562699947040528 - timing_s/update_weights:10.457454351009801 - timing_s/step:91.01289383904077 - timing_s/testing:129.00516948197037 - timing_s/stop_profile:0.0002490190090611577 - timing_per_token_ms/update_actor:0.2390316762224996 - timing_per_token_ms/gen:0.692387542958812 - timing_per_token_ms/adv:6.293832083291975e-05 - perf/total_num_tokens:86025 - perf/time_per_step:91.01289383904077 - perf/throughput:118.14946812939766
[36m(vLLMHttpServer pid=945396)[0m (EngineCore pid=946285) WARNING 07-30 14:08:03 [scheduler.py:2541] reset_connector called but no KV connector is configured.
[36m(vLLMHttpServer pid=945396)[0m (EngineCore pid=946285) WARNING 07-30 14:08:12 [scheduler.py:2541] reset_connector called but no KV connector is configured.[32m [repeated 2x across cluster][0m
[36m(TaskRunner pid=899085)[0m Training Progress:   6%|▌         | 66/1110 [2:05:22<35:58:20, 124.04s/it]
[36m(TaskRunner pid=899085)[0m step:66 - global_seqlen/min:18726 - global_seqlen/max:23806 - global_seqlen/minmax_diff:5080 - global_seqlen/balanced_min:20818 - global_seqlen/balanced_max:20834 - global_seqlen/mean:20826.25 - actor/entropy:0.3708826005458832 - perf/mfu/actor_infer:0.27415317859775573 - actor/pg_clipfrac:np.float64(0.0) - actor/ppo_kl:np.float64(0.0) - actor/pg_clipfrac_lower:np.float64(0.0) - actor/pg_loss:np.float64(-0.4982343651354313) - actor/distillation/abs_loss:np.float64(0.28472625836730003) - actor/distillation/loss_min:np.float64(-4.151214599609375) - actor/distillation/loss_max:np.float64(35.833030700683594) - actor/distillation/pg_clipfrac:np.float64(0.0) - actor/distillation/ppo_kl:np.float64(0.0) - actor/distillation/pg_clipfrac_lower:np.float64(0.0) - actor/distillation/loss:np.float64(0.14845279976725578) - actor/loss:np.float64(0.14845280349254608) - actor/grad_norm:np.float64(3.187286853790283) - actor/lr:np.float64(9.913020186795966e-07) - actor/perf/max_memory_allocated_gb:np.float64(44.55277442932129) - actor/perf/max_memory_reserved_gb:np.float64(56.025390625) - actor/perf/cpu_memory_used_gb:np.float64(324.6670150756836) - perf/mfu/actor:np.float64(0.26507174688623003) - training/global_step:66 - training/epoch:0 - critic/score/mean:0.7125000357627869 - critic/score/max:1.0 - critic/score/min:0.0 - critic/rewards/mean:0.7125000357627869 - critic/rewards/max:1.0 - critic/rewards/min:0.0 - critic/advantages/mean:0.49823442101478577 - critic/advantages/max:0.9999990463256836 - critic/advantages/min:0.0 - critic/returns/mean:0.49823442101478577 - critic/returns/max:0.9999990463256836 - critic/returns/min:0.0 - response_length/mean:535.53125 - response_length/max:2048.0 - response_length/min:93.0 - response_length/clip_ratio:0.0859375 - response_length_non_aborted/mean:535.53125 - response_length_non_aborted/max:2048.0 - response_length_non_aborted/min:93.0 - response_length_non_aborted/clip_ratio:0.0859375 - response/aborted_ratio:0.0 - prompt_length/mean:115.2890625 - prompt_length/max:446.0 - prompt_length/min:48.0 - prompt_length/clip_ratio:0.0 - num_turns/min:np.int32(2) - num_turns/max:np.int32(2) - num_turns/mean:np.float64(2.0) - timing_s/start_profile:0.0001853490248322487 - timing_s/agent_loop/num_preempted/min:np.int64(-1) - timing_s/agent_loop/num_preempted/max:np.int64(-1) - timing_s/agent_loop/num_preempted/mean:np.float64(-1.0) - timing_s/agent_loop/generate_sequences/min:np.float64(2.6244616330368444) - timing_s/agent_loop/generate_sequences/max:np.float64(40.30569339799695) - timing_s/agent_loop/generate_sequences/mean:np.float64(11.727400446015963) - timing_s/agent_loop/tool_calls/min:np.float64(0.0) - timing_s/agent_loop/tool_calls/max:np.float64(0.0) - timing_s/agent_loop/tool_calls/mean:np.float64(0.0) - timing_s/agent_loop/compute_score/min:np.float64(0.006180396070703864) - timing_s/agent_loop/compute_score/max:np.float64(0.06676993693690747) - timing_s/agent_loop/compute_score/mean:np.float64(0.012673370176344179) - timing_s/agent_loop/slowest/generate_sequences:np.float64(40.30569339799695) - timing_s/agent_loop/slowest/tool_calls:np.float64(0.0) - timing_s/agent_loop/slowest/compute_score:np.float64(0.0631068570073694) - timing_s/agent_loop/slowest/num_preempted:np.int64(-1) - timing_s/agent_loop/slowest/prompt_length:75 - timing_s/agent_loop/slowest/response_length:2048 - timing_s/gen:49.17663134098984 - timing_s/reward:3.0520022846758366e-05 - timing_s/old_log_prob:11.015221824985929 - timing_s/adv:0.005453411024063826 - timing_s/update_actor:20.3319399029715 - timing_s/update_weights:10.448877754039131 - timing_s/step:91.00860533304513 - timing_s/stop_profile:9.72700072452426e-05 - timing_per_token_ms/update_actor:0.24406626136452192 - timing_per_token_ms/gen:0.7174043201988365 - timing_per_token_ms/adv:6.546318977328882e-05 - perf/total_num_tokens:83305 - perf/time_per_step:91.00860533304513 - perf/throughput:114.41912511342491
[36m(vLLMHttpServer pid=945396)[0m (EngineCore pid=946285) WARNING 07-30 14:09:44 [scheduler.py:2541] reset_connector called but no KV connector is configured.[32m [repeated 4x across cluster][0m
[36m(vLLMHttpServer pid=945400)[0m (EngineCore pid=946276) WARNING 07-30 14:09:53 [scheduler.py:2541] reset_connector called but no KV connector is configured.[32m [repeated 2x across cluster][0m
[36m(TaskRunner pid=899085)[0m Training Progress:   6%|▌         | 67/1110 [2:07:02<33:52:13, 116.91s/it]
[36m(TaskRunner pid=899085)[0m step:67 - global_seqlen/min:19367 - global_seqlen/max:30062 - global_seqlen/minmax_diff:10695 - global_seqlen/balanced_min:24926 - global_seqlen/balanced_max:24946 - global_seqlen/mean:24937.25 - actor/entropy:0.41878554224967957 - perf/mfu/actor_infer:0.21730478636961578 - actor/pg_clipfrac:np.float64(0.0) - actor/ppo_kl:np.float64(0.0) - actor/pg_clipfrac_lower:np.float64(0.0) - actor/pg_loss:np.float64(-0.3942087749019265) - actor/distillation/abs_loss:np.float64(0.29754916081825894) - actor/distillation/loss_min:np.float64(-5.9365668296813965) - actor/distillation/loss_max:np.float64(35.16888427734375) - actor/distillation/pg_clipfrac:np.float64(0.0) - actor/distillation/ppo_kl:np.float64(0.0) - actor/distillation/pg_clipfrac_lower:np.float64(0.0) - actor/distillation/loss:np.float64(0.17383821960538626) - actor/loss:np.float64(0.17383821308612823) - actor/grad_norm:np.float64(1.4916249513626099) - actor/lr:np.float64(9.910372429420416e-07) - actor/perf/max_memory_allocated_gb:np.float64(44.55277442932129) - actor/perf/max_memory_reserved_gb:np.float64(56.025390625) - actor/perf/cpu_memory_used_gb:np.float64(324.6653861999512) - perf/mfu/actor:np.float64(0.23780780138708216) - training/global_step:67 - training/epoch:0 - critic/score/mean:0.69140625 - critic/score/max:1.0 - critic/score/min:0.0 - critic/rewards/mean:0.69140625 - critic/rewards/max:1.0 - critic/rewards/min:0.0 - critic/advantages/mean:0.39420878887176514 - critic/advantages/max:0.9999990463256836 - critic/advantages/min:0.0 - critic/returns/mean:0.39420878887176514 - critic/returns/max:0.9999990463256836 - critic/returns/min:0.0 - response_length/mean:664.5703125 - response_length/max:2048.0 - response_length/min:135.0 - response_length/clip_ratio:0.1640625 - response_length_non_aborted/mean:664.5703125 - response_length_non_aborted/max:2048.0 - response_length_non_aborted/min:135.0 - response_length_non_aborted/clip_ratio:0.1640625 - response/aborted_ratio:0.0 - prompt_length/mean:114.71875 - prompt_length/max:409.0 - prompt_length/min:48.0 - prompt_length/clip_ratio:0.0 - num_turns/min:np.int32(2) - num_turns/max:np.int32(2) - num_turns/mean:np.float64(2.0) - timing_s/start_profile:7.654004730284214e-05 - timing_s/agent_loop/num_preempted/min:np.int64(-1) - timing_s/agent_loop/num_preempted/max:np.int64(-1) - timing_s/agent_loop/num_preempted/mean:np.float64(-1.0) - timing_s/agent_loop/generate_sequences/min:np.float64(3.5739298379048705) - timing_s/agent_loop/generate_sequences/max:np.float64(43.52049978997093) - timing_s/agent_loop/generate_sequences/mean:np.float64(14.724864786368016) - timing_s/agent_loop/tool_calls/min:np.float64(0.0) - timing_s/agent_loop/tool_calls/max:np.float64(0.0) - timing_s/agent_loop/tool_calls/mean:np.float64(0.0) - timing_s/agent_loop/compute_score/min:np.float64(0.006075617973692715) - timing_s/agent_loop/compute_score/max:np.float64(0.12509929994121194) - timing_s/agent_loop/compute_score/mean:np.float64(0.01539602423326869) - timing_s/agent_loop/slowest/generate_sequences:np.float64(43.46169117093086) - timing_s/agent_loop/slowest/tool_calls:np.float64(0.0) - timing_s/agent_loop/slowest/compute_score:np.float64(0.08962105703540146) - timing_s/agent_loop/slowest/num_preempted:np.int64(-1) - timing_s/agent_loop/slowest/prompt_length:168 - timing_s/agent_loop/slowest/response_length:2048 - timing_s/gen:55.28572042705491 - timing_s/reward:2.7439906261861324e-05 - timing_s/old_log_prob:11.66495613695588 - timing_s/adv:0.005221846979111433 - timing_s/update_actor:23.561715208925307 - timing_s/update_weights:9.700518136029132 - timing_s/step:100.24947046802845 - timing_s/stop_profile:8.883897680789232e-05 - timing_per_token_ms/update_actor:0.2362100392878656 - timing_per_token_ms/gen:0.6499232401934393 - timing_per_token_ms/adv:5.234986795969316e-05 - perf/total_num_tokens:99749 - perf/time_per_step:100.24947046802845 - perf/throughput:124.37596868879714
[36m(vLLMHttpServer pid=945396)[0m (EngineCore pid=946285) WARNING 07-30 14:11:18 [scheduler.py:2541] reset_connector called but no KV connector is configured.[32m [repeated 4x across cluster][0m
[36m(vLLMHttpServer pid=945396)[0m (EngineCore pid=946285) WARNING 07-30 14:11:27 [scheduler.py:2541] reset_connector called but no KV connector is configured.[32m [repeated 2x across cluster][0m
[36m(TaskRunner pid=899085)[0m Training Progress:   6%|▌         | 68/1110 [2:08:36<31:53:05, 110.16s/it]
[36m(TaskRunner pid=899085)[0m step:68 - global_seqlen/min:17133 - global_seqlen/max:32744 - global_seqlen/minmax_diff:15611 - global_seqlen/balanced_min:22829 - global_seqlen/balanced_max:22840 - global_seqlen/mean:22833.25 - actor/entropy:0.3699522316455841 - perf/mfu/actor_infer:0.2563437030614859 - actor/pg_clipfrac:np.float64(0.0) - actor/ppo_kl:np.float64(0.0) - actor/pg_clipfrac_lower:np.float64(0.0) - actor/pg_loss:np.float64(-0.5005931034684181) - actor/distillation/abs_loss:np.float64(0.2925770804286003) - actor/distillation/loss_min:np.float64(-5.866659641265869) - actor/distillation/loss_max:np.float64(35.41633987426758) - actor/distillation/pg_clipfrac:np.float64(0.0) - actor/distillation/ppo_kl:np.float64(0.0) - actor/distillation/pg_clipfrac_lower:np.float64(0.0) - actor/distillation/loss:np.float64(0.15306451171636581) - actor/loss:np.float64(0.1530645191669464) - actor/grad_norm:np.float64(1.6653549671173096) - actor/lr:np.float64(9.90768533806143e-07) - actor/perf/max_memory_allocated_gb:np.float64(44.55277442932129) - actor/perf/max_memory_reserved_gb:np.float64(56.09375) - actor/perf/cpu_memory_used_gb:np.float64(324.8013496398926) - perf/mfu/actor:np.float64(0.2587373063339674) - training/global_step:68 - training/epoch:0 - critic/score/mean:0.7656250596046448 - critic/score/max:1.0 - critic/score/min:0.0 - critic/rewards/mean:0.7656250596046448 - critic/rewards/max:1.0 - critic/rewards/min:0.0 - critic/advantages/mean:0.5005931854248047 - critic/advantages/max:0.9999990463256836 - critic/advantages/min:0.0 - critic/returns/mean:0.5005931854248047 - critic/returns/max:0.9999990463256836 - critic/returns/min:0.0 - response_length/mean:605.4375 - response_length/max:2048.0 - response_length/min:133.0 - response_length/clip_ratio:0.1328125 - response_length_non_aborted/mean:605.4375 - response_length_non_aborted/max:2048.0 - response_length_non_aborted/min:133.0 - response_length_non_aborted/clip_ratio:0.1328125 - response/aborted_ratio:0.0 - prompt_length/mean:108.1015625 - prompt_length/max:456.0 - prompt_length/min:44.0 - prompt_length/clip_ratio:0.0 - num_turns/min:np.int32(2) - num_turns/max:np.int32(2) - num_turns/mean:np.float64(2.0) - timing_s/start_profile:8.844898547977209e-05 - timing_s/agent_loop/num_preempted/min:np.int64(-1) - timing_s/agent_loop/num_preempted/max:np.int64(-1) - timing_s/agent_loop/num_preempted/mean:np.float64(-1.0) - timing_s/agent_loop/generate_sequences/min:np.float64(3.452340609044768) - timing_s/agent_loop/generate_sequences/max:np.float64(42.0609548779903) - timing_s/agent_loop/generate_sequences/mean:np.float64(13.222923440240265) - timing_s/agent_loop/tool_calls/min:np.float64(0.0) - timing_s/agent_loop/tool_calls/max:np.float64(0.0) - timing_s/agent_loop/tool_calls/mean:np.float64(0.0) - timing_s/agent_loop/compute_score/min:np.float64(0.0059892169665545225) - timing_s/agent_loop/compute_score/max:np.float64(0.09420016605872661) - timing_s/agent_loop/compute_score/mean:np.float64(0.014037250366527587) - timing_s/agent_loop/slowest/generate_sequences:np.float64(42.02122436906211) - timing_s/agent_loop/slowest/tool_calls:np.float64(0.0) - timing_s/agent_loop/slowest/compute_score:np.float64(0.09420016605872661) - timing_s/agent_loop/slowest/num_preempted:np.int64(-1) - timing_s/agent_loop/slowest/prompt_length:175 - timing_s/agent_loop/slowest/response_length:2048 - timing_s/gen:51.5384358339943 - timing_s/reward:3.063003532588482e-05 - timing_s/old_log_prob:10.329160522087477 - timing_s/adv:0.005128290969878435 - timing_s/update_actor:22.40981105703395 - timing_s/update_weights:10.094350416911766 - timing_s/step:94.4068732750602 - timing_s/stop_profile:9.000895079225302e-05 - timing_per_token_ms/update_actor:0.2453637902733289 - timing_per_token_ms/gen:0.6650464002528427 - timing_per_token_ms/adv:5.6149376127778954e-05 - perf/total_num_tokens:91333 - perf/time_per_step:94.4068732750602 - perf/throughput:120.93001922367415
[36m(vLLMHttpServer pid=945396)[0m (EngineCore pid=946285) WARNING 07-30 14:12:48 [scheduler.py:2541] reset_connector called but no KV connector is configured.[32m [repeated 4x across cluster][0m
[36m(vLLMHttpServer pid=945396)[0m (EngineCore pid=946285) WARNING 07-30 14:12:56 [scheduler.py:2541] reset_connector called but no KV connector is configured.[32m [repeated 2x across cluster][0m
[36m(TaskRunner pid=899085)[0m Training Progress:   6%|▌         | 69/1110 [2:10:05<30:01:48, 103.85s/it]
